<Document doc_name="ARMENIA_PREPARED_FOR_A_HARD_FIGHT.txt">
<token t_id="1" sentence="0" number="0">July</token>
<token t_id="2" sentence="0" number="1">21</token>
<token t_id="3" sentence="0" number="2">,</token>
<token t_id="4" sentence="0" number="3">1920</token>
<token t_id="5" sentence="0" number="4">.</token>
<token t_id="6" sentence="1" number="5">ARMENIA</token>
<token t_id="7" sentence="1" number="6">PREPARED</token>
<token t_id="8" sentence="1" number="7">FOR</token>
<token t_id="9" sentence="1" number="8">A</token>
<token t_id="10" sentence="1" number="9">HARD</token>
<token t_id="11" sentence="1" number="10">FIGHT</token>
<token t_id="12" sentence="2" number="11">TIFLIS</token>
<token t_id="13" sentence="2" number="12">,</token>
<token t_id="14" sentence="2" number="13">Transcaucasia</token>
<token t_id="15" sentence="2" number="14">,</token>
<token t_id="16" sentence="2" number="15">July</token>
<token t_id="17" sentence="2" number="16">17</token>
<token t_id="18" sentence="2" number="17">(</token>
<token t_id="19" sentence="2" number="18">Associated</token>
<token t_id="20" sentence="2" number="19">Press</token>
<token t_id="21" sentence="2" number="20">)</token>
<token t_id="22" sentence="2" number="21">.</token>
<token t_id="23" sentence="3" number="22">-</token>
<token t_id="24" sentence="3" number="23">Armenia</token>
<token t_id="25" sentence="3" number="24">temporarily</token>
<token t_id="26" sentence="3" number="25">is</token>
<token t_id="27" sentence="3" number="26">in</token>
<token t_id="28" sentence="3" number="27">no</token>
<token t_id="29" sentence="3" number="28">danger</token>
<token t_id="30" sentence="3" number="29">of</token>
<token t_id="31" sentence="3" number="30">going</token>
<token t_id="32" sentence="3" number="31">Bolshevist</token>
<token t_id="33" sentence="3" number="32">unless</token>
<token t_id="34" sentence="3" number="33">the</token>
<token t_id="35" sentence="3" number="34">Moscow</token>
<token t_id="36" sentence="3" number="35">Government</token>
<token t_id="37" sentence="3" number="36">sends</token>
<token t_id="38" sentence="3" number="37">a</token>
<token t_id="39" sentence="3" number="38">great</token>
<token t_id="40" sentence="3" number="39">Russian</token>
<token t_id="41" sentence="3" number="40">force</token>
<token t_id="42" sentence="3" number="41">against</token>
<token t_id="43" sentence="3" number="42">it</token>
<token t_id="44" sentence="3" number="43">,</token>
<token t_id="45" sentence="3" number="44">in</token>
<token t_id="46" sentence="3" number="45">the</token>
<token t_id="47" sentence="3" number="46">opinion</token>
<token t_id="48" sentence="3" number="47">of</token>
<token t_id="49" sentence="3" number="48">observers</token>
<token t_id="50" sentence="3" number="49">who</token>
<token t_id="51" sentence="3" number="50">have</token>
<token t_id="52" sentence="3" number="51">just</token>
<token t_id="53" sentence="3" number="52">returned</token>
<token t_id="54" sentence="3" number="53">from</token>
<token t_id="55" sentence="3" number="54">Shusha</token>
<token t_id="56" sentence="3" number="55">,</token>
<token t_id="57" sentence="3" number="56">Erivan</token>
<token t_id="58" sentence="3" number="57">and</token>
<token t_id="59" sentence="3" number="58">Nakhitchevan</token>
<token t_id="60" sentence="3" number="59">,</token>
<token t_id="61" sentence="3" number="60">after</token>
<token t_id="62" sentence="3" number="61">a</token>
<token t_id="63" sentence="3" number="62">careful</token>
<token t_id="64" sentence="3" number="63">study</token>
<token t_id="65" sentence="3" number="64">in</token>
<token t_id="66" sentence="3" number="65">the</token>
<token t_id="67" sentence="3" number="66">field</token>
<token t_id="68" sentence="3" number="67">of</token>
<token t_id="69" sentence="3" number="68">the</token>
<token t_id="70" sentence="3" number="69">military</token>
<token t_id="71" sentence="3" number="70">situation</token>
<token t_id="72" sentence="3" number="71">.</token>
<token t_id="73" sentence="4" number="72">Both</token>
<token t_id="74" sentence="4" number="73">the</token>
<token t_id="75" sentence="4" number="74">Georgians</token>
<token t_id="76" sentence="4" number="75">and</token>
<token t_id="77" sentence="4" number="76">Armenians</token>
<token t_id="78" sentence="4" number="77">,</token>
<token t_id="79" sentence="4" number="78">say</token>
<token t_id="80" sentence="4" number="79">these</token>
<token t_id="81" sentence="4" number="80">observers</token>
<token t_id="82" sentence="4" number="81">,</token>
<token t_id="83" sentence="4" number="82">had</token>
<token t_id="84" sentence="4" number="83">a</token>
<token t_id="85" sentence="4" number="84">terrible</token>
<token t_id="86" sentence="4" number="85">object</token>
<token t_id="87" sentence="4" number="86">lesson</token>
<token t_id="88" sentence="4" number="87">of</token>
<token t_id="89" sentence="4" number="88">what</token>
<token t_id="90" sentence="4" number="89">espousal</token>
<token t_id="91" sentence="4" number="90">of</token>
<token t_id="92" sentence="4" number="91">Bolshevism</token>
<token t_id="93" sentence="4" number="92">may</token>
<token t_id="94" sentence="4" number="93">mean</token>
<token t_id="95" sentence="4" number="94">in</token>
<token t_id="96" sentence="4" number="95">the</token>
<token t_id="97" sentence="4" number="96">frightful</token>
<token t_id="98" sentence="4" number="97">way</token>
<token t_id="99" sentence="4" number="98">the</token>
<token t_id="100" sentence="4" number="99">Tartars</token>
<token t_id="101" sentence="4" number="100">of</token>
<token t_id="102" sentence="4" number="101">Azerbaijan</token>
<token t_id="103" sentence="4" number="102">were</token>
<token t_id="104" sentence="4" number="103">slaughtered</token>
<token t_id="105" sentence="4" number="104">by</token>
<token t_id="106" sentence="4" number="105">the</token>
<token t_id="107" sentence="4" number="106">Russians</token>
<token t_id="108" sentence="4" number="107">when</token>
<token t_id="109" sentence="4" number="108">they</token>
<token t_id="110" sentence="4" number="109">resented</token>
<token t_id="111" sentence="4" number="110">Bolshevist</token>
<token t_id="112" sentence="4" number="111">domination</token>
<token t_id="113" sentence="4" number="112">.</token>
<token t_id="114" sentence="5" number="113">The</token>
<token t_id="115" sentence="5" number="114">observers</token>
<token t_id="116" sentence="5" number="115">point</token>
<token t_id="117" sentence="5" number="116">out</token>
<token t_id="118" sentence="5" number="117">that</token>
<token t_id="119" sentence="5" number="118">the</token>
<token t_id="120" sentence="5" number="119">Bolsheviki</token>
<token t_id="121" sentence="5" number="120">must</token>
<token t_id="122" sentence="5" number="121">actually</token>
<token t_id="123" sentence="5" number="122">fight</token>
<token t_id="124" sentence="5" number="123">their</token>
<token t_id="125" sentence="5" number="124">way</token>
<token t_id="126" sentence="5" number="125">into</token>
<token t_id="127" sentence="5" number="126">Armenia</token>
<token t_id="128" sentence="5" number="127">through</token>
<token t_id="129" sentence="5" number="128">the</token>
<token t_id="130" sentence="5" number="129">mountain</token>
<token t_id="131" sentence="5" number="130">forces</token>
<token t_id="132" sentence="5" number="131">of</token>
<token t_id="133" sentence="5" number="132">General</token>
<token t_id="134" sentence="5" number="133">Dro</token>
<token t_id="135" sentence="5" number="134">,</token>
<token t_id="136" sentence="5" number="135">an</token>
<token t_id="137" sentence="5" number="136">experienced</token>
<token t_id="138" sentence="5" number="137">Russian</token>
<token t_id="139" sentence="5" number="138">Armenian</token>
<token t_id="140" sentence="5" number="139">leader</token>
<token t_id="141" sentence="5" number="140">,</token>
<token t_id="142" sentence="5" number="141">who</token>
<token t_id="143" sentence="5" number="142">has</token>
<token t_id="144" sentence="5" number="143">barely</token>
<token t_id="145" sentence="5" number="144">10,00</token>
<token t_id="146" sentence="5" number="145">mountain</token>
<token t_id="147" sentence="5" number="146">tribesmen</token>
<token t_id="148" sentence="5" number="147">in</token>
<token t_id="149" sentence="5" number="148">Nakhitchevan</token>
<token t_id="150" sentence="5" number="149">,</token>
<token t_id="151" sentence="5" number="150">waging</token>
<token t_id="152" sentence="5" number="151">a</token>
<token t_id="153" sentence="5" number="152">ruthless</token>
<token t_id="154" sentence="5" number="153">war</token>
<token t_id="155" sentence="5" number="154">on</token>
<token t_id="156" sentence="5" number="155">Tartars</token>
<token t_id="157" sentence="5" number="156">who</token>
<token t_id="158" sentence="5" number="157">cross</token>
<token t_id="159" sentence="5" number="158">the</token>
<token t_id="160" sentence="5" number="159">Armenian</token>
<token t_id="161" sentence="5" number="160">boundaries</token>
<token t_id="162" sentence="5" number="161">.</token>
<token t_id="163" sentence="6" number="162">General</token>
<token t_id="164" sentence="6" number="163">Dro</token>
<token t_id="165" sentence="6" number="164">threw</token>
<token t_id="166" sentence="6" number="165">a</token>
<token t_id="167" sentence="6" number="166">bomb</token>
<token t_id="168" sentence="6" number="167">at</token>
<token t_id="169" sentence="6" number="168">the</token>
<token t_id="170" sentence="6" number="169">tyrannical</token>
<token t_id="171" sentence="6" number="170">Governor</token>
<token t_id="172" sentence="6" number="171">of</token>
<token t_id="173" sentence="6" number="172">Baku</token>
<token t_id="174" sentence="6" number="173">in</token>
<token t_id="175" sentence="6" number="174">1904</token>
<token t_id="176" sentence="6" number="175">.</token>
<token t_id="177" sentence="7" number="176">He</token>
<token t_id="178" sentence="7" number="177">fought</token>
<token t_id="179" sentence="7" number="178">with</token>
<token t_id="180" sentence="7" number="179">the</token>
<token t_id="181" sentence="7" number="180">Russians</token>
<token t_id="182" sentence="7" number="181">in</token>
<token t_id="183" sentence="7" number="182">the</token>
<token t_id="184" sentence="7" number="183">early</token>
<token t_id="185" sentence="7" number="184">part</token>
<token t_id="186" sentence="7" number="185">of</token>
<token t_id="187" sentence="7" number="186">the</token>
<token t_id="188" sentence="7" number="187">European</token>
<token t_id="189" sentence="7" number="188">war</token>
<token t_id="190" sentence="7" number="189">,</token>
<token t_id="191" sentence="7" number="190">and</token>
<token t_id="192" sentence="7" number="191">when</token>
<token t_id="193" sentence="7" number="192">he</token>
<token t_id="194" sentence="7" number="193">visited</token>
<token t_id="195" sentence="7" number="194">the</token>
<token t_id="196" sentence="7" number="195">hospital</token>
<token t_id="197" sentence="7" number="196">at</token>
<token t_id="198" sentence="7" number="197">Tiflis</token>
<token t_id="199" sentence="7" number="198">,</token>
<token t_id="200" sentence="7" number="199">where</token>
<token t_id="201" sentence="7" number="200">Dro</token>
<token t_id="202" sentence="7" number="201">was</token>
<token t_id="203" sentence="7" number="202">recovering</token>
<token t_id="204" sentence="7" number="203">from</token>
<token t_id="205" sentence="7" number="204">wounds</token>
<token t_id="206" sentence="7" number="205">.</token>
<token t_id="207" sentence="8" number="206">He</token>
<token t_id="208" sentence="8" number="207">is</token>
<token t_id="209" sentence="8" number="208">a</token>
<token t_id="210" sentence="8" number="209">magnetic</token>
<token t_id="211" sentence="8" number="210">,</token>
<token t_id="212" sentence="8" number="211">small</token>
<token t_id="213" sentence="8" number="212">man</token>
<token t_id="214" sentence="8" number="213">of</token>
<token t_id="215" sentence="8" number="214">about</token>
<token t_id="216" sentence="8" number="215">40</token>
<token t_id="217" sentence="8" number="216">,</token>
<token t_id="218" sentence="8" number="217">wears</token>
<token t_id="219" sentence="8" number="218">no</token>
<token t_id="220" sentence="8" number="219">uniform</token>
<token t_id="221" sentence="8" number="220">,</token>
<token t_id="222" sentence="8" number="221">and</token>
<token t_id="223" sentence="8" number="222">his</token>
<token t_id="224" sentence="8" number="223">soldiers</token>
<token t_id="225" sentence="8" number="224">call</token>
<token t_id="226" sentence="8" number="225">him</token>
<token t_id="227" sentence="8" number="226">merely</token>
<token t_id="228" sentence="8" number="227">Dro</token>
<token t_id="229" sentence="8" number="228">.</token>
<token t_id="230" sentence="9" number="229">The</token>
<token t_id="231" sentence="9" number="230">General</token>
<token t_id="232" sentence="9" number="231">does</token>
<token t_id="233" sentence="9" number="232">not</token>
<token t_id="234" sentence="9" number="233">disguise</token>
<token t_id="235" sentence="9" number="234">his</token>
<token t_id="236" sentence="9" number="235">hatred</token>
<token t_id="237" sentence="9" number="236">for</token>
<token t_id="238" sentence="9" number="237">the</token>
<token t_id="239" sentence="9" number="238">Bolsheviki</token>
<token t_id="240" sentence="9" number="239">.</token>
<token t_id="241" sentence="10" number="240">He</token>
<token t_id="242" sentence="10" number="241">operates</token>
<token t_id="243" sentence="10" number="242">independently</token>
<token t_id="244" sentence="10" number="243">of</token>
<token t_id="245" sentence="10" number="244">the</token>
<token t_id="246" sentence="10" number="245">main</token>
<token t_id="247" sentence="10" number="246">Armenian</token>
<token t_id="248" sentence="10" number="247">Army</token>
<token t_id="249" sentence="10" number="248">,</token>
<token t_id="250" sentence="10" number="249">and</token>
<token t_id="251" sentence="10" number="250">is</token>
<token t_id="252" sentence="10" number="251">generally</token>
<token t_id="253" sentence="10" number="252">respected</token>
<token t_id="254" sentence="10" number="253">and</token>
<token t_id="255" sentence="10" number="254">feared</token>
<token t_id="256" sentence="10" number="255">by</token>
<token t_id="257" sentence="10" number="256">the</token>
<token t_id="258" sentence="10" number="257">rough</token>
<token t_id="259" sentence="10" number="258">bands</token>
<token t_id="260" sentence="10" number="259">which</token>
<token t_id="261" sentence="10" number="260">blindly</token>
<token t_id="262" sentence="10" number="261">follow</token>
<token t_id="263" sentence="10" number="262">him</token>
<token t_id="264" sentence="10" number="263">.</token>
<token t_id="265" sentence="11" number="264">These</token>
<token t_id="266" sentence="11" number="265">bands</token>
<token t_id="267" sentence="11" number="266">wage</token>
<token t_id="268" sentence="11" number="267">guerrilla</token>
<token t_id="269" sentence="11" number="268">warfare</token>
<token t_id="270" sentence="11" number="269">mercilessly</token>
<token t_id="271" sentence="11" number="270">.</token>
<token t_id="272" sentence="12" number="271">They</token>
<token t_id="273" sentence="12" number="272">lack</token>
<token t_id="274" sentence="12" number="273">ammunitition</token>
<token t_id="275" sentence="12" number="274">,</token>
<token t_id="276" sentence="12" number="275">and</token>
<token t_id="277" sentence="12" number="276">consequently</token>
<token t_id="278" sentence="12" number="277">use</token>
<token t_id="279" sentence="12" number="278">the</token>
<token t_id="280" sentence="12" number="279">bayonet</token>
<token t_id="281" sentence="12" number="280">freely</token>
<token t_id="282" sentence="12" number="281">.</token>


<Markables>
<EVENT_MENTION m_id="33" factuality="" modality="" pred="" pos="" aspect="" certainty="" comment="" class="SPACE-MOVEMENT" tense="" polarity=""  >
<token_anchor t_id="262"/>
</EVENT_MENTION>
<EVENT_MENTION m_id="1" factuality="" modality="" pred="" pos="" aspect="" certainty="" comment="" class="GENERAL" tense="" polarity=""  >
<token_anchor t_id="7"/>
</EVENT_MENTION>
<EVENT_MENTION m_id="34" factuality="" modality="" pred="" pos="" aspect="" certainty="" comment="" class="EMOTIONS-EVALUATIONS" tense="" polarity=""  >
<token_anchor t_id="253"/>
</EVENT_MENTION>
<EVENT_MENTION m_id="2" factuality="" modality="" pred="" pos="" aspect="" certainty="" comment="" class="HOSTILITY" tense="" polarity=""  >
<token_anchor t_id="11"/>
</EVENT_MENTION>
<EVENT_MENTION m_id="35" factuality="" modality="" pred="" pos="" aspect="" certainty="" comment="" class="EMOTIONS-EVALUATIONS" tense="" polarity=""  >
<token_anchor t_id="255"/>
</EVENT_MENTION>
<EVENT_MENTION m_id="3" factuality="" modality="" pred="" pos="" aspect="" certainty="" comment="" class="GENERAL" tense="" polarity=""  >
<token_anchor t_id="26"/>
<token_anchor t_id="27"/>
<token_anchor t_id="28"/>
<token_anchor t_id="29"/>
</EVENT_MENTION>
<EVENT_MENTION m_id="36" factuality="" modality="" pred="" pos="" aspect="" certainty="" comment="" class="GENERAL" tense="" polarity=""  >
<token_anchor t_id="267"/>
</EVENT_MENTION>
<EVENT_MENTION m_id="4" factuality="" modality="" pred="" pos="" aspect="" certainty="" comment="" class="AUTHORITY-LAW" tense="" polarity=""  >
<token_anchor t_id="31"/>
<token_anchor t_id="32"/>
</EVENT_MENTION>
<EVENT_MENTION m_id="37" factuality="" modality="" pred="" pos="" aspect="" certainty="" comment="" class="HOSTILITY" tense="" polarity=""  >
<token_anchor t_id="268"/>
</EVENT_MENTION>
<EVENT_MENTION m_id="5" factuality="" modality="" pred="" pos="" aspect="" certainty="" comment="" class="SPACE-MOVEMENT" tense="" polarity=""  >
<token_anchor t_id="37"/>
</EVENT_MENTION>
<EVENT_MENTION m_id="38" factuality="" modality="" pred="" pos="" aspect="" certainty="" comment="" class="HOSTILITY" tense="" polarity=""  >
<token_anchor t_id="274"/>
</EVENT_MENTION>
<EVENT_MENTION m_id="6" factuality="" modality="" pred="" pos="" aspect="" certainty="" comment="" class="SPACE-MOVEMENT" tense="" polarity=""  >
<token_anchor t_id="53"/>
</EVENT_MENTION>
<EVENT_MENTION m_id="39" factuality="" modality="" pred="" pos="" aspect="" certainty="" comment="" class="GENERAL" tense="" polarity=""  >
<token_anchor t_id="278"/>
</EVENT_MENTION>
<EVENT_MENTION m_id="7" factuality="" modality="" pred="" pos="" aspect="" certainty="" comment="" class="EDUCATION" tense="" polarity=""  >
<token_anchor t_id="64"/>
</EVENT_MENTION>
<EVENT_MENTION m_id="40" factuality="" modality="" pred="" pos="" aspect="" certainty="" comment="" class="POSSESSION" tense="" polarity=""  >
<token_anchor t_id="273"/>
</EVENT_MENTION>
<EVENT_MENTION m_id="8" factuality="" modality="" pred="" pos="" aspect="" certainty="" comment="" class="GENERAL" tense="" polarity=""  >
<token_anchor t_id="71"/>
</EVENT_MENTION>
<EVENT_MENTION m_id="9" factuality="" modality="" pred="" pos="" aspect="" certainty="" comment="" class="COMMUNICATION" tense="" polarity=""  >
<token_anchor t_id="79"/>
</EVENT_MENTION>
<EVENT_MENTION m_id="10" factuality="" modality="" pred="" pos="" aspect="" certainty="" comment="" class="EDUCATION" tense="" polarity=""  >
<token_anchor t_id="83"/>
<token_anchor t_id="84"/>
<token_anchor t_id="85"/>
<token_anchor t_id="86"/>
<token_anchor t_id="87"/>
</EVENT_MENTION>
<EVENT_MENTION m_id="11" factuality="" modality="" pred="" pos="" aspect="" certainty="" comment="" class="MENTAL" tense="" polarity=""  >
<token_anchor t_id="94"/>
</EVENT_MENTION>
<EVENT_MENTION m_id="12" factuality="" modality="" pred="" pos="" aspect="" certainty="" comment="" class="LIFE-HEALTH" tense="" polarity=""  >
<token_anchor t_id="104"/>
</EVENT_MENTION>
<EVENT_MENTION m_id="13" factuality="" modality="" pred="" pos="" aspect="" certainty="" comment="" class="EMOTIONS-EVALUATIONS" tense="" polarity=""  >
<token_anchor t_id="110"/>
</EVENT_MENTION>
<EVENT_MENTION m_id="14" factuality="" modality="" pred="" pos="" aspect="" certainty="" comment="" class="AUTHORITY-LAW" tense="" polarity=""  >
<token_anchor t_id="112"/>
</EVENT_MENTION>
<EVENT_MENTION m_id="15" factuality="" modality="" pred="" pos="" aspect="" certainty="" comment="" class="MENTAL" tense="" polarity=""  >
<token_anchor t_id="90"/>
</EVENT_MENTION>
<EVENT_MENTION m_id="16" factuality="" modality="" pred="" pos="" aspect="" certainty="" comment="" class="COMMUNICATION" tense="" polarity=""  >
<token_anchor t_id="116"/>
<token_anchor t_id="117"/>
</EVENT_MENTION>
<EVENT_MENTION m_id="17" factuality="" modality="" pred="" pos="" aspect="" certainty="" comment="" class="HOSTILITY" tense="" polarity=""  >
<token_anchor t_id="123"/>
</EVENT_MENTION>
<EVENT_MENTION m_id="18" factuality="" modality="" pred="" pos="" aspect="" certainty="" comment="" class="POSSESSION" tense="" polarity=""  >
<token_anchor t_id="143"/>
</EVENT_MENTION>
<EVENT_MENTION m_id="19" factuality="" modality="" pred="" pos="" aspect="" certainty="" comment="" class="HOSTILITY" tense="" polarity=""  >
<token_anchor t_id="154"/>
</EVENT_MENTION>
<EVENT_MENTION m_id="20" factuality="" modality="" pred="" pos="" aspect="" certainty="" comment="" class="SPACE-MOVEMENT" tense="" polarity=""  >
<token_anchor t_id="158"/>
</EVENT_MENTION>
<EVENT_MENTION m_id="21" factuality="" modality="" pred="" pos="" aspect="" certainty="" comment="" class="GENERAL" tense="" polarity=""  >
<token_anchor t_id="151"/>
</EVENT_MENTION>
<EVENT_MENTION m_id="22" factuality="" modality="" pred="" pos="" aspect="" certainty="" comment="" class="HOSTILITY" tense="" polarity=""  >
<token_anchor t_id="178"/>
</EVENT_MENTION>
<EVENT_MENTION m_id="23" factuality="" modality="" pred="" pos="" aspect="" certainty="" comment="" class="HOSTILITY" tense="" polarity=""  >
<token_anchor t_id="189"/>
</EVENT_MENTION>
<EVENT_MENTION m_id="24" factuality="" modality="" pred="" pos="" aspect="" certainty="" comment="" class="SPACE-MOVEMENT" tense="" polarity=""  >
<token_anchor t_id="194"/>
</EVENT_MENTION>
<EVENT_MENTION m_id="25" factuality="" modality="" pred="" pos="" aspect="" certainty="" comment="" class="LIFE-HEALTH" tense="" polarity=""  >
<token_anchor t_id="203"/>
</EVENT_MENTION>
<EVENT_MENTION m_id="26" factuality="" modality="" pred="" pos="" aspect="" certainty="" comment="" class="HOSTILITY" tense="" polarity=""  >
<token_anchor t_id="165"/>
<token_anchor t_id="166"/>
<token_anchor t_id="167"/>
</EVENT_MENTION>
<EVENT_MENTION m_id="27" factuality="" modality="" pred="" pos="" aspect="" certainty="" comment="" class="LIFE-HEALTH" tense="" polarity=""  >
<token_anchor t_id="208"/>
<token_anchor t_id="209"/>
<token_anchor t_id="210"/>
<token_anchor t_id="211"/>
<token_anchor t_id="212"/>
<token_anchor t_id="213"/>
</EVENT_MENTION>
<EVENT_MENTION m_id="28" factuality="" modality="" pred="" pos="" aspect="" certainty="" comment="" class="CLOTHES" tense="" polarity=""  >
<token_anchor t_id="218"/>
</EVENT_MENTION>
<EVENT_MENTION m_id="29" factuality="" modality="" pred="" pos="" aspect="" certainty="" comment="" class="COMMUNICATION" tense="" polarity=""  >
<token_anchor t_id="225"/>
</EVENT_MENTION>
<EVENT_MENTION m_id="30" factuality="" modality="" pred="" pos="" aspect="" certainty="" comment="" class="GENERAL" tense="" polarity=""  >
<token_anchor t_id="234"/>
</EVENT_MENTION>
<EVENT_MENTION m_id="31" factuality="" modality="" pred="" pos="" aspect="" certainty="" comment="" class="EMOTIONS-EVALUATIONS" tense="" polarity=""  >
<token_anchor t_id="236"/>
</EVENT_MENTION>
<EVENT_MENTION m_id="32" factuality="" modality="" pred="" pos="" aspect="" certainty="" comment="" class="GENERAL" tense="" polarity=""  >
<token_anchor t_id="242"/>
</EVENT_MENTION>


</Markables>

<Relations>
</Relations>
</Document>
