<Document doc_name="Automobile_Race_Ended.txt">
<token t_id="1" sentence="0" number="0">1902</token>
<token t_id="2" sentence="1" number="1">AUTOMOBILE</token>
<token t_id="3" sentence="1" number="2">RACE</token>
<token t_id="4" sentence="1" number="3">ENDED</token>
<token t_id="5" sentence="1" number="4">.</token>
<token t_id="6" sentence="2" number="5">Renault</token>
<token t_id="7" sentence="2" number="6">Finished</token>
<token t_id="8" sentence="2" number="7">First</token>
<token t_id="9" sentence="2" number="8">and</token>
<token t_id="10" sentence="2" number="9">Three</token>
<token t_id="11" sentence="2" number="10">Contestants</token>
<token t_id="12" sentence="2" number="11">Claim</token>
<token t_id="13" sentence="2" number="12">the</token>
<token t_id="14" sentence="2" number="13">Honors</token>
<token t_id="15" sentence="2" number="14">in</token>
<token t_id="16" sentence="2" number="15">Paris-Vienna</token>
<token t_id="17" sentence="2" number="16">Contest</token>
<token t_id="18" sentence="2" number="17">.</token>
<token t_id="19" sentence="3" number="18">VIENNA</token>
<token t_id="20" sentence="3" number="19">,</token>
<token t_id="21" sentence="3" number="20">June</token>
<token t_id="22" sentence="3" number="21">29</token>
<token t_id="23" sentence="3" number="22">,</token>
<token t_id="24" sentence="3" number="23">-</token>
<token t_id="25" sentence="4" number="24">The</token>
<token t_id="26" sentence="4" number="25">Paris-Vienna</token>
<token t_id="27" sentence="4" number="26">automobile</token>
<token t_id="28" sentence="4" number="27">race</token>
<token t_id="29" sentence="4" number="28">was</token>
<token t_id="30" sentence="4" number="29">finished</token>
<token t_id="31" sentence="4" number="30">here</token>
<token t_id="32" sentence="4" number="31">to-day</token>
<token t_id="33" sentence="4" number="32">.</token>
<token t_id="34" sentence="5" number="33">Marcel</token>
<token t_id="35" sentence="5" number="34">Renault</token>
<token t_id="36" sentence="5" number="35">arrived</token>
<token t_id="37" sentence="5" number="36">first</token>
<token t_id="38" sentence="5" number="37">,</token>
<token t_id="39" sentence="5" number="38">but</token>
<token t_id="40" sentence="5" number="39">was</token>
<token t_id="41" sentence="5" number="40">disqualified</token>
<token t_id="42" sentence="5" number="41">.</token>
<token t_id="43" sentence="6" number="42">He</token>
<token t_id="44" sentence="6" number="43">covered</token>
<token t_id="45" sentence="6" number="44">the</token>
<token t_id="46" sentence="6" number="45">distance</token>
<token t_id="47" sentence="6" number="46">from</token>
<token t_id="48" sentence="6" number="47">Paris</token>
<token t_id="49" sentence="6" number="48">to</token>
<token t_id="50" sentence="6" number="49">Vienna</token>
<token t_id="51" sentence="6" number="50">in</token>
<token t_id="52" sentence="6" number="51">15</token>
<token t_id="53" sentence="6" number="52">hours</token>
<token t_id="54" sentence="6" number="53">and</token>
<token t_id="55" sentence="6" number="54">22</token>
<token t_id="56" sentence="6" number="55">minutes</token>
<token t_id="57" sentence="6" number="56">,</token>
<token t_id="58" sentence="6" number="57">at</token>
<token t_id="59" sentence="6" number="58">an</token>
<token t_id="60" sentence="6" number="59">average</token>
<token t_id="61" sentence="6" number="60">speed</token>
<token t_id="62" sentence="6" number="61">of</token>
<token t_id="63" sentence="6" number="62">82</token>
<token t_id="64" sentence="6" number="63">kilometres</token>
<token t_id="65" sentence="6" number="64">(</token>
<token t_id="66" sentence="6" number="65">about</token>
<token t_id="67" sentence="6" number="66">51</token>
<token t_id="68" sentence="6" number="67">miles</token>
<token t_id="69" sentence="6" number="68">)</token>
<token t_id="70" sentence="6" number="69">an</token>
<token t_id="71" sentence="6" number="70">hour</token>
<token t_id="72" sentence="6" number="71">.</token>
<token t_id="73" sentence="7" number="72">Zborowski</token>
<token t_id="74" sentence="7" number="73">was</token>
<token t_id="75" sentence="7" number="74">second</token>
<token t_id="76" sentence="7" number="75">,</token>
<token t_id="77" sentence="7" number="76">Maurice</token>
<token t_id="78" sentence="7" number="77">Farman</token>
<token t_id="79" sentence="7" number="78">third</token>
<token t_id="80" sentence="7" number="79">,</token>
<token t_id="81" sentence="7" number="80">Baras</token>
<token t_id="82" sentence="7" number="81">fourth</token>
<token t_id="83" sentence="7" number="82">,</token>
<token t_id="84" sentence="7" number="83">Edmond</token>
<token t_id="85" sentence="7" number="84">fifth</token>
<token t_id="86" sentence="7" number="85">,</token>
<token t_id="87" sentence="7" number="86">and</token>
<token t_id="88" sentence="7" number="87">Hemery</token>
<token t_id="89" sentence="7" number="88">sixth</token>
<token t_id="90" sentence="7" number="89">.</token>
<token t_id="91" sentence="8" number="90">Baron</token>
<token t_id="92" sentence="8" number="91">de</token>
<token t_id="93" sentence="8" number="92">Forest</token>
<token t_id="94" sentence="8" number="93">,</token>
<token t_id="95" sentence="8" number="94">who</token>
<token t_id="96" sentence="8" number="95">was</token>
<token t_id="97" sentence="8" number="96">seventh</token>
<token t_id="98" sentence="8" number="97">,</token>
<token t_id="99" sentence="8" number="98">was</token>
<token t_id="100" sentence="8" number="99">disqualified</token>
<token t_id="101" sentence="8" number="100">.</token>
<token t_id="102" sentence="9" number="101">On</token>
<token t_id="103" sentence="9" number="102">account</token>
<token t_id="104" sentence="9" number="103">of</token>
<token t_id="105" sentence="9" number="104">an</token>
<token t_id="106" sentence="9" number="105">accident</token>
<token t_id="107" sentence="9" number="106">to</token>
<token t_id="108" sentence="9" number="107">his</token>
<token t_id="109" sentence="9" number="108">motor</token>
<token t_id="110" sentence="9" number="109">car</token>
<token t_id="111" sentence="9" number="110">,</token>
<token t_id="112" sentence="9" number="111">S.</token>
<token t_id="113" sentence="9" number="112">F.</token>
<token t_id="114" sentence="9" number="113">Edge</token>
<token t_id="115" sentence="9" number="114">,</token>
<token t_id="116" sentence="9" number="115">an</token>
<token t_id="117" sentence="9" number="116">Englishman</token>
<token t_id="118" sentence="9" number="117">,</token>
<token t_id="119" sentence="9" number="118">was</token>
<token t_id="120" sentence="9" number="119">the</token>
<token t_id="121" sentence="9" number="120">twentieth</token>
<token t_id="122" sentence="9" number="121">to</token>
<token t_id="123" sentence="9" number="122">arrive</token>
<token t_id="124" sentence="9" number="123">.</token>
<token t_id="125" sentence="10" number="124">He</token>
<token t_id="126" sentence="10" number="125">denies</token>
<token t_id="127" sentence="10" number="126">reports</token>
<token t_id="128" sentence="10" number="127">circulated</token>
<token t_id="129" sentence="10" number="128">to</token>
<token t_id="130" sentence="10" number="129">the</token>
<token t_id="131" sentence="10" number="130">effect</token>
<token t_id="132" sentence="10" number="131">that</token>
<token t_id="133" sentence="10" number="132">he</token>
<token t_id="134" sentence="10" number="133">was</token>
<token t_id="135" sentence="10" number="134">disqualified</token>
<token t_id="136" sentence="10" number="135">,</token>
<token t_id="137" sentence="10" number="136">and</token>
<token t_id="138" sentence="10" number="137">cites</token>
<token t_id="139" sentence="10" number="138">as</token>
<token t_id="140" sentence="10" number="139">proof</token>
<token t_id="141" sentence="10" number="140">that</token>
<token t_id="142" sentence="10" number="141">he</token>
<token t_id="143" sentence="10" number="142">was</token>
<token t_id="144" sentence="10" number="143">declared</token>
<token t_id="145" sentence="10" number="144">winner</token>
<token t_id="146" sentence="10" number="145">of</token>
<token t_id="147" sentence="10" number="146">the</token>
<token t_id="148" sentence="10" number="147">James</token>
<token t_id="149" sentence="10" number="148">Gordon</token>
<token t_id="150" sentence="10" number="149">Bennett</token>
<token t_id="151" sentence="10" number="150">Cup</token>
<token t_id="152" sentence="10" number="151">.</token>
<token t_id="153" sentence="11" number="152">Three</token>
<token t_id="154" sentence="11" number="153">of</token>
<token t_id="155" sentence="11" number="154">the</token>
<token t_id="156" sentence="11" number="155">contestants</token>
<token t_id="157" sentence="11" number="156">in</token>
<token t_id="158" sentence="11" number="157">the</token>
<token t_id="159" sentence="11" number="158">race</token>
<token t_id="160" sentence="11" number="159">claim</token>
<token t_id="161" sentence="11" number="160">to</token>
<token t_id="162" sentence="11" number="161">have</token>
<token t_id="163" sentence="11" number="162">won</token>
<token t_id="164" sentence="11" number="163">.</token>
<token t_id="165" sentence="12" number="164">Renault</token>
<token t_id="166" sentence="12" number="165">passed</token>
<token t_id="167" sentence="12" number="166">the</token>
<token t_id="168" sentence="12" number="167">winning</token>
<token t_id="169" sentence="12" number="168">point</token>
<token t_id="170" sentence="12" number="169">precisely</token>
<token t_id="171" sentence="12" number="170">at</token>
<token t_id="172" sentence="12" number="171">2</token>
<token t_id="173" sentence="12" number="172">o’clock</token>
<token t_id="174" sentence="12" number="173">.</token>
<token t_id="175" sentence="13" number="174">He</token>
<token t_id="176" sentence="13" number="175">was</token>
<token t_id="177" sentence="13" number="176">disqualified</token>
<token t_id="178" sentence="13" number="177">,</token>
<token t_id="179" sentence="13" number="178">however</token>
<token t_id="180" sentence="13" number="179">,</token>
<token t_id="181" sentence="13" number="180">for</token>
<token t_id="182" sentence="13" number="181">having</token>
<token t_id="183" sentence="13" number="182">failed</token>
<token t_id="184" sentence="13" number="183">to</token>
<token t_id="185" sentence="13" number="184">stop</token>
<token t_id="186" sentence="13" number="185">at</token>
<token t_id="187" sentence="13" number="186">the</token>
<token t_id="188" sentence="13" number="187">control</token>
<token t_id="189" sentence="13" number="188">station</token>
<token t_id="190" sentence="13" number="189">at</token>
<token t_id="191" sentence="13" number="190">Florisdorf</token>
<token t_id="192" sentence="13" number="191">,</token>
<token t_id="193" sentence="13" number="192">a</token>
<token t_id="194" sentence="13" number="193">suburb</token>
<token t_id="195" sentence="13" number="194">of</token>
<token t_id="196" sentence="13" number="195">Vienna</token>
<token t_id="197" sentence="13" number="196">,</token>
<token t_id="198" sentence="13" number="197">across</token>
<token t_id="199" sentence="13" number="198">the</token>
<token t_id="200" sentence="13" number="199">Danube</token>
<token t_id="201" sentence="13" number="200">,</token>
<token t_id="202" sentence="13" number="201">where</token>
<token t_id="203" sentence="13" number="202">the</token>
<token t_id="204" sentence="13" number="203">final</token>
<token t_id="205" sentence="13" number="204">racing</token>
<token t_id="206" sentence="13" number="205">time</token>
<token t_id="207" sentence="13" number="206">was</token>
<token t_id="208" sentence="13" number="207">to</token>
<token t_id="209" sentence="13" number="208">be</token>
<token t_id="210" sentence="13" number="209">taken</token>
<token t_id="211" sentence="13" number="210">.</token>
<token t_id="212" sentence="14" number="211">Instead</token>
<token t_id="213" sentence="14" number="212">,</token>
<token t_id="214" sentence="14" number="213">he</token>
<token t_id="215" sentence="14" number="214">dashed</token>
<token t_id="216" sentence="14" number="215">madly</token>
<token t_id="217" sentence="14" number="216">through</token>
<token t_id="218" sentence="14" number="217">the</token>
<token t_id="219" sentence="14" number="218">crowd</token>
<token t_id="220" sentence="14" number="219">of</token>
<token t_id="221" sentence="14" number="220">officials</token>
<token t_id="222" sentence="14" number="221">and</token>
<token t_id="223" sentence="14" number="222">timekeepers</token>
<token t_id="224" sentence="14" number="223">,</token>
<token t_id="225" sentence="14" number="224">and</token>
<token t_id="226" sentence="14" number="225">entered</token>
<token t_id="227" sentence="14" number="226">Vienna</token>
<token t_id="228" sentence="14" number="227">at</token>
<token t_id="229" sentence="14" number="228">full</token>
<token t_id="230" sentence="14" number="229">speed</token>
<token t_id="231" sentence="14" number="230">,</token>
<token t_id="232" sentence="14" number="231">scattering</token>
<token t_id="233" sentence="14" number="232">vehicles</token>
<token t_id="234" sentence="14" number="233">and</token>
<token t_id="235" sentence="14" number="234">pedestrians</token>
<token t_id="236" sentence="14" number="235">in</token>
<token t_id="237" sentence="14" number="236">all</token>
<token t_id="238" sentence="14" number="237">directions</token>
<token t_id="239" sentence="14" number="238">,</token>
<token t_id="240" sentence="14" number="239">and</token>
<token t_id="241" sentence="14" number="240">arriving</token>
<token t_id="242" sentence="14" number="241">at</token>
<token t_id="243" sentence="14" number="242">the</token>
<token t_id="244" sentence="14" number="243">Prater</token>
<token t_id="245" sentence="14" number="244">in</token>
<token t_id="246" sentence="14" number="245">eighteen</token>
<token t_id="247" sentence="14" number="246">minutes</token>
<token t_id="248" sentence="14" number="247">instead</token>
<token t_id="249" sentence="14" number="248">of</token>
<token t_id="250" sentence="14" number="249">the</token>
<token t_id="251" sentence="14" number="250">prescribed</token>
<token t_id="252" sentence="14" number="251">minimum</token>
<token t_id="253" sentence="14" number="252">of</token>
<token t_id="254" sentence="14" number="253">forty-five</token>
<token t_id="255" sentence="14" number="254">minutes</token>
<token t_id="256" sentence="14" number="255">from</token>
<token t_id="257" sentence="14" number="256">Florisdorf</token>
<token t_id="258" sentence="14" number="257">.</token>
<token t_id="259" sentence="15" number="258">Zborowsky</token>
<token t_id="260" sentence="15" number="259">,</token>
<token t_id="261" sentence="15" number="260">although</token>
<token t_id="262" sentence="15" number="261">he</token>
<token t_id="263" sentence="15" number="262">arrived</token>
<token t_id="264" sentence="15" number="263">second</token>
<token t_id="265" sentence="15" number="264">,</token>
<token t_id="266" sentence="15" number="265">is</token>
<token t_id="267" sentence="15" number="266">believed</token>
<token t_id="268" sentence="15" number="267">to</token>
<token t_id="269" sentence="15" number="268">be</token>
<token t_id="270" sentence="15" number="269">too</token>
<token t_id="271" sentence="15" number="270">heavily</token>
<token t_id="272" sentence="15" number="271">handicapped</token>
<token t_id="273" sentence="15" number="272">by</token>
<token t_id="274" sentence="15" number="273">his</token>
<token t_id="275" sentence="15" number="274">previous</token>
<token t_id="276" sentence="15" number="275">day</token>
<token t_id="277" sentence="15" number="276">’s</token>
<token t_id="278" sentence="15" number="277">performance</token>
<token t_id="279" sentence="15" number="278">to</token>
<token t_id="280" sentence="15" number="279">win</token>
<token t_id="281" sentence="15" number="280">first</token>
<token t_id="282" sentence="15" number="281">place</token>
<token t_id="283" sentence="15" number="282">.</token>
<token t_id="284" sentence="16" number="283">It</token>
<token t_id="285" sentence="16" number="284">is</token>
<token t_id="286" sentence="16" number="285">expected</token>
<token t_id="287" sentence="16" number="286">that</token>
<token t_id="288" sentence="16" number="287">Maurice</token>
<token t_id="289" sentence="16" number="288">Farman</token>
<token t_id="290" sentence="16" number="289">will</token>
<token t_id="291" sentence="16" number="290">attain</token>
<token t_id="292" sentence="16" number="291">the</token>
<token t_id="293" sentence="16" number="292">coveted</token>
<token t_id="294" sentence="16" number="293">honor</token>
<token t_id="295" sentence="16" number="294">,</token>
<token t_id="296" sentence="16" number="295">his</token>
<token t_id="297" sentence="16" number="296">brother</token>
<token t_id="298" sentence="16" number="297">Henry</token>
<token t_id="299" sentence="16" number="298">coming</token>
<token t_id="300" sentence="16" number="299">second</token>
<token t_id="301" sentence="16" number="300">.</token>
<token t_id="302" sentence="17" number="301">The</token>
<token t_id="303" sentence="17" number="302">decision</token>
<token t_id="304" sentence="17" number="303">will</token>
<token t_id="305" sentence="17" number="304">probably</token>
<token t_id="306" sentence="17" number="305">be</token>
<token t_id="307" sentence="17" number="306">delayed</token>
<token t_id="308" sentence="17" number="307">three</token>
<token t_id="309" sentence="17" number="308">days</token>
<token t_id="310" sentence="17" number="309">,</token>
<token t_id="311" sentence="17" number="310">owing</token>
<token t_id="312" sentence="17" number="311">to</token>
<token t_id="313" sentence="17" number="312">the</token>
<token t_id="314" sentence="17" number="313">complicated</token>
<token t_id="315" sentence="17" number="314">calculations</token>
<token t_id="316" sentence="17" number="315">arising</token>
<token t_id="317" sentence="17" number="316">from</token>
<token t_id="318" sentence="17" number="317">the</token>
<token t_id="319" sentence="17" number="318">speed</token>
<token t_id="320" sentence="17" number="319">restrictions</token>
<token t_id="321" sentence="17" number="320">imposed</token>
<token t_id="322" sentence="17" number="321">upon</token>
<token t_id="323" sentence="17" number="322">the</token>
<token t_id="324" sentence="17" number="323">contestants</token>
<token t_id="325" sentence="17" number="324">in</token>
<token t_id="326" sentence="17" number="325">Switzerland</token>
<token t_id="327" sentence="17" number="326">and</token>
<token t_id="328" sentence="17" number="327">elsewhere</token>
<token t_id="329" sentence="17" number="328">along</token>
<token t_id="330" sentence="17" number="329">the</token>
<token t_id="331" sentence="17" number="330">route</token>
<token t_id="332" sentence="17" number="331">.</token>
<token t_id="333" sentence="18" number="332">The</token>
<token t_id="334" sentence="18" number="333">final</token>
<token t_id="335" sentence="18" number="334">stage</token>
<token t_id="336" sentence="18" number="335">of</token>
<token t_id="337" sentence="18" number="336">the</token>
<token t_id="338" sentence="18" number="337">race</token>
<token t_id="339" sentence="18" number="338">was</token>
<token t_id="340" sentence="18" number="339">favored</token>
<token t_id="341" sentence="18" number="340">with</token>
<token t_id="342" sentence="18" number="341">glorious</token>
<token t_id="343" sentence="18" number="342">weather</token>
<token t_id="344" sentence="18" number="343">.</token>
<token t_id="345" sentence="19" number="344">Spectators</token>
<token t_id="346" sentence="19" number="345">lined</token>
<token t_id="347" sentence="19" number="346">the</token>
<token t_id="348" sentence="19" number="347">route</token>
<token t_id="349" sentence="19" number="348">for</token>
<token t_id="350" sentence="19" number="349">many</token>
<token t_id="351" sentence="19" number="350">miles</token>
<token t_id="352" sentence="19" number="351">into</token>
<token t_id="353" sentence="19" number="352">the</token>
<token t_id="354" sentence="19" number="353">country</token>
<token t_id="355" sentence="19" number="354">.</token>
<token t_id="356" sentence="20" number="355">The</token>
<token t_id="357" sentence="20" number="356">Austrian</token>
<token t_id="358" sentence="20" number="357">Automobile</token>
<token t_id="359" sentence="20" number="358">Club</token>
<token t_id="360" sentence="20" number="359">received</token>
<token t_id="361" sentence="20" number="360">the</token>
<token t_id="362" sentence="20" number="361">racers</token>
<token t_id="363" sentence="20" number="362">at</token>
<token t_id="364" sentence="20" number="363">Prater</token>
<token t_id="365" sentence="20" number="364">,</token>
<token t_id="366" sentence="20" number="365">where</token>
<token t_id="367" sentence="20" number="366">thousands</token>
<token t_id="368" sentence="20" number="367">of</token>
<token t_id="369" sentence="20" number="368">persons</token>
<token t_id="370" sentence="20" number="369">had</token>
<token t_id="371" sentence="20" number="370">gathered</token>
<token t_id="372" sentence="20" number="371">and</token>
<token t_id="373" sentence="20" number="372">cheered</token>
<token t_id="374" sentence="20" number="373">the</token>
<token t_id="375" sentence="20" number="374">arrivals</token>
<token t_id="376" sentence="20" number="375">.</token>
<token t_id="377" sentence="21" number="376">Much</token>
<token t_id="378" sentence="21" number="377">sympathy</token>
<token t_id="379" sentence="21" number="378">was</token>
<token t_id="380" sentence="21" number="379">expressed</token>
<token t_id="381" sentence="21" number="380">over</token>
<token t_id="382" sentence="21" number="381">the</token>
<token t_id="383" sentence="21" number="382">ill-luck</token>
<token t_id="384" sentence="21" number="383">which</token>
<token t_id="385" sentence="21" number="384">befell</token>
<token t_id="386" sentence="21" number="385">the</token>
<token t_id="387" sentence="21" number="386">American</token>
<token t_id="388" sentence="21" number="387">representatives</token>
<token t_id="389" sentence="21" number="388">.</token>
<token t_id="390" sentence="22" number="389">The</token>
<token t_id="391" sentence="22" number="390">Englishmen</token>
<token t_id="392" sentence="22" number="391">who</token>
<token t_id="393" sentence="22" number="392">took</token>
<token t_id="394" sentence="22" number="393">part</token>
<token t_id="395" sentence="22" number="394">in</token>
<token t_id="396" sentence="22" number="395">the</token>
<token t_id="397" sentence="22" number="396">contest</token>
<token t_id="398" sentence="22" number="397">were</token>
<token t_id="399" sentence="22" number="398">also</token>
<token t_id="400" sentence="22" number="399">unfortunate</token>
<token t_id="401" sentence="22" number="400">.</token>
<token t_id="402" sentence="23" number="401">It</token>
<token t_id="403" sentence="23" number="402">is</token>
<token t_id="404" sentence="23" number="403">asserted</token>
<token t_id="405" sentence="23" number="404">that</token>
<token t_id="406" sentence="23" number="405">Edge</token>
<token t_id="407" sentence="23" number="406">,</token>
<token t_id="408" sentence="23" number="407">who</token>
<token t_id="409" sentence="23" number="408">was</token>
<token t_id="410" sentence="23" number="409">believed</token>
<token t_id="411" sentence="23" number="410">to</token>
<token t_id="412" sentence="23" number="411">have</token>
<token t_id="413" sentence="23" number="412">won</token>
<token t_id="414" sentence="23" number="413">the</token>
<token t_id="415" sentence="23" number="414">James</token>
<token t_id="416" sentence="23" number="415">Gordon</token>
<token t_id="417" sentence="23" number="416">Bennett</token>
<token t_id="418" sentence="23" number="417">Prize</token>
<token t_id="419" sentence="23" number="418">,</token>
<token t_id="420" sentence="23" number="419">will</token>
<token t_id="421" sentence="23" number="420">be</token>
<token t_id="422" sentence="23" number="421">disqualified</token>
<token t_id="423" sentence="23" number="422">on</token>
<token t_id="424" sentence="23" number="423">account</token>
<token t_id="425" sentence="23" number="424">of</token>
<token t_id="426" sentence="23" number="425">having</token>
<token t_id="427" sentence="23" number="426">received</token>
<token t_id="428" sentence="23" number="427">help</token>
<token t_id="429" sentence="23" number="428">from</token>
<token t_id="430" sentence="23" number="429">some</token>
<token t_id="431" sentence="23" number="430">peasants</token>
<token t_id="432" sentence="23" number="431">in</token>
<token t_id="433" sentence="23" number="432">extricating</token>
<token t_id="434" sentence="23" number="433">his</token>
<token t_id="435" sentence="23" number="434">machine</token>
<token t_id="436" sentence="23" number="435">from</token>
<token t_id="437" sentence="23" number="436">a</token>
<token t_id="438" sentence="23" number="437">bad</token>
<token t_id="439" sentence="23" number="438">place</token>
<token t_id="440" sentence="23" number="439">on</token>
<token t_id="441" sentence="23" number="440">the</token>
<token t_id="442" sentence="23" number="441">road</token>
<token t_id="443" sentence="23" number="442">.</token>
<token t_id="444" sentence="24" number="443">The</token>
<token t_id="445" sentence="24" number="444">International</token>
<token t_id="446" sentence="24" number="445">Committee</token>
<token t_id="447" sentence="24" number="446">will</token>
<token t_id="448" sentence="24" number="447">investigate</token>
<token t_id="449" sentence="24" number="448">the</token>
<token t_id="450" sentence="24" number="449">charges</token>
<token t_id="451" sentence="24" number="450">.</token>
<token t_id="452" sentence="25" number="451">In</token>
<token t_id="453" sentence="25" number="452">the</token>
<token t_id="454" sentence="25" number="453">opinion</token>
<token t_id="455" sentence="25" number="454">of</token>
<token t_id="456" sentence="25" number="455">experts</token>
<token t_id="457" sentence="25" number="456">the</token>
<token t_id="458" sentence="25" number="457">race</token>
<token t_id="459" sentence="25" number="458">was</token>
<token t_id="460" sentence="25" number="459">the</token>
<token t_id="461" sentence="25" number="460">severest</token>
<token t_id="462" sentence="25" number="461">test</token>
<token t_id="463" sentence="25" number="462">of</token>
<token t_id="464" sentence="25" number="463">the</token>
<token t_id="465" sentence="25" number="464">capacity</token>
<token t_id="466" sentence="25" number="465">of</token>
<token t_id="467" sentence="25" number="466">automobiles</token>
<token t_id="468" sentence="25" number="467">ever</token>
<token t_id="469" sentence="25" number="468">imposed</token>
<token t_id="470" sentence="25" number="469">,</token>
<token t_id="471" sentence="25" number="470">the</token>
<token t_id="472" sentence="25" number="471">participants</token>
<token t_id="473" sentence="25" number="472">declaring</token>
<token t_id="474" sentence="25" number="473">that</token>
<token t_id="475" sentence="25" number="474">the</token>
<token t_id="476" sentence="25" number="475">roads</token>
<token t_id="477" sentence="25" number="476">over</token>
<token t_id="478" sentence="25" number="477">the</token>
<token t_id="479" sentence="25" number="478">Arlberg</token>
<token t_id="480" sentence="25" number="479">Pass</token>
<token t_id="481" sentence="25" number="480">and</token>
<token t_id="482" sentence="25" number="481">thence</token>
<token t_id="483" sentence="25" number="482">to</token>
<token t_id="484" sentence="25" number="483">Vienna</token>
<token t_id="485" sentence="25" number="484">are</token>
<token t_id="486" sentence="25" number="485">some</token>
<token t_id="487" sentence="25" number="486">of</token>
<token t_id="488" sentence="25" number="487">the</token>
<token t_id="489" sentence="25" number="488">worst</token>
<token t_id="490" sentence="25" number="489">in</token>
<token t_id="491" sentence="25" number="490">Europe</token>
<token t_id="492" sentence="25" number="491">.</token>
<token t_id="493" sentence="26" number="492">Every</token>
<token t_id="494" sentence="26" number="493">automobile</token>
<token t_id="495" sentence="26" number="494">covering</token>
<token t_id="496" sentence="26" number="495">the</token>
<token t_id="497" sentence="26" number="496">entire</token>
<token t_id="498" sentence="26" number="497">route</token>
<token t_id="499" sentence="26" number="498">in</token>
<token t_id="500" sentence="26" number="499">any</token>
<token t_id="501" sentence="26" number="500">reasonable</token>
<token t_id="502" sentence="26" number="501">time</token>
<token t_id="503" sentence="26" number="502">will</token>
<token t_id="504" sentence="26" number="503">be</token>
<token t_id="505" sentence="26" number="504">entitled</token>
<token t_id="506" sentence="26" number="505">to</token>
<token t_id="507" sentence="26" number="506">a</token>
<token t_id="508" sentence="26" number="507">place</token>
<token t_id="509" sentence="26" number="508">in</token>
<token t_id="510" sentence="26" number="509">the</token>
<token t_id="511" sentence="26" number="510">first</token>
<token t_id="512" sentence="26" number="511">rank</token>
<token t_id="513" sentence="26" number="512">of</token>
<token t_id="514" sentence="26" number="513">manufactures</token>
<token t_id="515" sentence="26" number="514">.</token>
<token t_id="516" sentence="27" number="515">A</token>
<token t_id="517" sentence="27" number="516">striking</token>
<token t_id="518" sentence="27" number="517">feature</token>
<token t_id="519" sentence="27" number="518">of</token>
<token t_id="520" sentence="27" number="519">the</token>
<token t_id="521" sentence="27" number="520">race</token>
<token t_id="522" sentence="27" number="521">has</token>
<token t_id="523" sentence="27" number="522">been</token>
<token t_id="524" sentence="27" number="523">the</token>
<token t_id="525" sentence="27" number="524">success</token>
<token t_id="526" sentence="27" number="525">and</token>
<token t_id="527" sentence="27" number="526">endurance</token>
<token t_id="528" sentence="27" number="527">of</token>
<token t_id="529" sentence="27" number="528">the</token>
<token t_id="530" sentence="27" number="529">light</token>
<token t_id="531" sentence="27" number="530">cars</token>
<token t_id="532" sentence="27" number="531">,</token>
<token t_id="533" sentence="27" number="532">especially</token>
<token t_id="534" sentence="27" number="533">in</token>
<token t_id="535" sentence="27" number="534">mountain</token>
<token t_id="536" sentence="27" number="535">work</token>
<token t_id="537" sentence="27" number="536">.</token>


<Markables>
<EVENT_MENTION m_id="33" factuality="" modality="" pred="" pos="" aspect="" certainty="" comment="" class="MENTAL" tense="" polarity=""  >
<token_anchor t_id="267"/>
</EVENT_MENTION>
<EVENT_MENTION m_id="65" factuality="" modality="" pred="" pos="" aspect="" certainty="" comment="" class="ENTERTAINMENT-ART" tense="" polarity=""  >
<token_anchor t_id="458"/>
</EVENT_MENTION>
<EVENT_MENTION m_id="1" factuality="" modality="" pred="" pos="" aspect="" certainty="" comment="" class="ENTERTAINMENT-ART" tense="" polarity=""  >
<token_anchor t_id="3"/>
</EVENT_MENTION>
<EVENT_MENTION m_id="34" factuality="" modality="" pred="" pos="" aspect="" certainty="" comment="" class="GENERAL" tense="" polarity=""  >
<token_anchor t_id="278"/>
</EVENT_MENTION>
<EVENT_MENTION m_id="66" factuality="" modality="" pred="" pos="" aspect="" certainty="" comment="" class="GENERAL" tense="" polarity=""  >
<token_anchor t_id="469"/>
</EVENT_MENTION>
<EVENT_MENTION m_id="2" factuality="" modality="" pred="" pos="" aspect="" certainty="" comment="" class="TIME" tense="" polarity=""  >
<token_anchor t_id="4"/>
</EVENT_MENTION>
<EVENT_MENTION m_id="35" factuality="" modality="" pred="" pos="" aspect="" certainty="" comment="" class="ENTERTAINMENT-ART" tense="" polarity=""  >
<token_anchor t_id="280"/>
</EVENT_MENTION>
<EVENT_MENTION m_id="67" factuality="" modality="" pred="" pos="" aspect="" certainty="" comment="" class="COMMUNICATION" tense="" polarity=""  >
<token_anchor t_id="473"/>
</EVENT_MENTION>
<EVENT_MENTION m_id="3" factuality="" modality="" pred="" pos="" aspect="" certainty="" comment="" class="GENERAL" tense="" polarity=""  >
<token_anchor t_id="7"/>
</EVENT_MENTION>
<EVENT_MENTION m_id="36" factuality="" modality="" pred="" pos="" aspect="" certainty="" comment="" class="GENERAL" tense="" polarity=""  >
<token_anchor t_id="269"/>
<token_anchor t_id="270"/>
<token_anchor t_id="271"/>
<token_anchor t_id="272"/>
</EVENT_MENTION>
<EVENT_MENTION m_id="68" factuality="" modality="" pred="" pos="" aspect="" certainty="" comment="" class="EMOTIONS-EVALUATIONS" tense="" polarity=""  >
<token_anchor t_id="485"/>
<token_anchor t_id="486"/>
<token_anchor t_id="487"/>
<token_anchor t_id="488"/>
<token_anchor t_id="489"/>
</EVENT_MENTION>
<EVENT_MENTION m_id="4" factuality="" modality="" pred="" pos="" aspect="" certainty="" comment="" class="COMMUNICATION" tense="" polarity=""  >
<token_anchor t_id="12"/>
</EVENT_MENTION>
<EVENT_MENTION m_id="37" factuality="" modality="" pred="" pos="" aspect="" certainty="" comment="" class="MENTAL" tense="" polarity=""  >
<token_anchor t_id="286"/>
</EVENT_MENTION>
<EVENT_MENTION m_id="69" factuality="" modality="" pred="" pos="" aspect="" certainty="" comment="" class="SPACE-MOVEMENT" tense="" polarity=""  >
<token_anchor t_id="495"/>
</EVENT_MENTION>
<EVENT_MENTION m_id="5" factuality="" modality="" pred="" pos="" aspect="" certainty="" comment="" class="ENTERTAINMENT-ART" tense="" polarity=""  >
<token_anchor t_id="28"/>
</EVENT_MENTION>
<EVENT_MENTION m_id="38" factuality="" modality="" pred="" pos="" aspect="" certainty="" comment="" class="GENERAL" tense="" polarity=""  >
<token_anchor t_id="291"/>
</EVENT_MENTION>
<EVENT_MENTION m_id="70" factuality="" modality="" pred="" pos="" aspect="" certainty="" comment="" class="MENTAL" tense="" polarity=""  >
<token_anchor t_id="505"/>
</EVENT_MENTION>
<EVENT_MENTION m_id="6" factuality="" modality="" pred="" pos="" aspect="" certainty="" comment="" class="TIME" tense="" polarity=""  >
<token_anchor t_id="30"/>
</EVENT_MENTION>
<EVENT_MENTION m_id="39" factuality="" modality="" pred="" pos="" aspect="" certainty="" comment="" class="MEASURE" tense="" polarity=""  >
<token_anchor t_id="299"/>
<token_anchor t_id="300"/>
</EVENT_MENTION>
<EVENT_MENTION m_id="71" factuality="" modality="" pred="" pos="" aspect="" certainty="" comment="" class="ENTERTAINMENT-ART" tense="" polarity=""  >
<token_anchor t_id="521"/>
</EVENT_MENTION>
<EVENT_MENTION m_id="7" factuality="" modality="" pred="" pos="" aspect="" certainty="" comment="" class="SPACE-MOVEMENT" tense="" polarity=""  >
<token_anchor t_id="36"/>
</EVENT_MENTION>
<EVENT_MENTION m_id="40" factuality="" modality="" pred="" pos="" aspect="" certainty="" comment="" class="TIME" tense="" polarity=""  >
<token_anchor t_id="307"/>
</EVENT_MENTION>
<EVENT_MENTION m_id="72" factuality="" modality="" pred="" pos="" aspect="" certainty="" comment="" class="MEASURE" tense="" polarity=""  >
<token_anchor t_id="525"/>
</EVENT_MENTION>
<EVENT_MENTION m_id="8" factuality="" modality="" pred="" pos="" aspect="" certainty="" comment="" class="AUTHORITY-LAW" tense="" polarity=""  >
<token_anchor t_id="41"/>
</EVENT_MENTION>
<EVENT_MENTION m_id="41" factuality="" modality="" pred="" pos="" aspect="" certainty="" comment="" class="MEASURE" tense="" polarity=""  >
<token_anchor t_id="315"/>
</EVENT_MENTION>
<EVENT_MENTION m_id="73" factuality="" modality="" pred="" pos="" aspect="" certainty="" comment="" class="MATTER" tense="" polarity=""  >
<token_anchor t_id="527"/>
</EVENT_MENTION>
<EVENT_MENTION m_id="9" factuality="" modality="" pred="" pos="" aspect="" certainty="" comment="" class="SPACE-MOVEMENT" tense="" polarity=""  >
<token_anchor t_id="44"/>
</EVENT_MENTION>
<EVENT_MENTION m_id="42" factuality="" modality="" pred="" pos="" aspect="" certainty="" comment="" class="SPACE-MOVEMENT" tense="" polarity=""  >
<token_anchor t_id="316"/>
</EVENT_MENTION>
<EVENT_MENTION m_id="74" factuality="" modality="" pred="" pos="" aspect="" certainty="" comment="" class="GENERAL" tense="" polarity=""  >
<token_anchor t_id="536"/>
</EVENT_MENTION>
<EVENT_MENTION m_id="10" factuality="" modality="" pred="" pos="" aspect="" certainty="" comment="" class="MEASURE" tense="" polarity=""  >
<token_anchor t_id="74"/>
<token_anchor t_id="75"/>
</EVENT_MENTION>
<EVENT_MENTION m_id="43" factuality="" modality="" pred="" pos="" aspect="" certainty="" comment="" class="MEASURE" tense="" polarity=""  >
<token_anchor t_id="320"/>
</EVENT_MENTION>
<EVENT_MENTION m_id="75" factuality="" modality="" pred="" pos="" aspect="" certainty="" comment="" class="ENTERTAINMENT-ART" tense="" polarity=""  >
<token_anchor t_id="205"/>
</EVENT_MENTION>
<EVENT_MENTION m_id="11" factuality="" modality="" pred="" pos="" aspect="" certainty="" comment="" class="MEASURE" tense="" polarity=""  >
<token_anchor t_id="96"/>
<token_anchor t_id="97"/>
</EVENT_MENTION>
<EVENT_MENTION m_id="44" factuality="" modality="" pred="" pos="" aspect="" certainty="" comment="" class="GENERAL" tense="" polarity=""  >
<token_anchor t_id="321"/>
</EVENT_MENTION>
<EVENT_MENTION m_id="76" factuality="" modality="" pred="" pos="" aspect="" certainty="" comment="" class="ENTERTAINMENT-ART" tense="" polarity=""  >
<token_anchor t_id="168"/>
</EVENT_MENTION>
<EVENT_MENTION m_id="12" factuality="" modality="" pred="" pos="" aspect="" certainty="" comment="" class="AUTHORITY-LAW" tense="" polarity=""  >
<token_anchor t_id="100"/>
</EVENT_MENTION>
<EVENT_MENTION m_id="45" factuality="" modality="" pred="" pos="" aspect="" certainty="" comment="" class="GENERAL" tense="" polarity=""  >
<token_anchor t_id="340"/>
</EVENT_MENTION>
<EVENT_MENTION m_id="77" factuality="" modality="" pred="" pos="" aspect="" certainty="" comment="" class="AUTHORITY-LAW" tense="" polarity=""  >
<token_anchor t_id="251"/>
</EVENT_MENTION>
<EVENT_MENTION m_id="13" factuality="" modality="" pred="" pos="" aspect="" certainty="" comment="" class="EXISTENCE-CAUSATION" tense="" polarity=""  >
<token_anchor t_id="106"/>
</EVENT_MENTION>
<EVENT_MENTION m_id="46" factuality="" modality="" pred="" pos="" aspect="" certainty="" comment="" class="ENTERTAINMENT-ART" tense="" polarity=""  >
<token_anchor t_id="338"/>
</EVENT_MENTION>
<EVENT_MENTION m_id="78" factuality="" modality="" pred="" pos="" aspect="" certainty="" comment="" class="MENTAL" tense="" polarity=""  >
<token_anchor t_id="293"/>
</EVENT_MENTION>
<EVENT_MENTION m_id="14" factuality="" modality="" pred="" pos="" aspect="" certainty="" comment="" class="MEASURE" tense="" polarity=""  >
<token_anchor t_id="119"/>
<token_anchor t_id="120"/>
<token_anchor t_id="121"/>
</EVENT_MENTION>
<EVENT_MENTION m_id="47" factuality="" modality="" pred="" pos="" aspect="" certainty="" comment="" class="SPACE-MOVEMENT" tense="" polarity=""  >
<token_anchor t_id="346"/>
</EVENT_MENTION>
<EVENT_MENTION m_id="15" factuality="" modality="" pred="" pos="" aspect="" certainty="" comment="" class="SPACE-MOVEMENT" tense="" polarity=""  >
<token_anchor t_id="123"/>
</EVENT_MENTION>
<EVENT_MENTION m_id="48" factuality="" modality="" pred="" pos="" aspect="" certainty="" comment="" class="SOCIAL" tense="" polarity=""  >
<token_anchor t_id="360"/>
</EVENT_MENTION>
<EVENT_MENTION m_id="16" factuality="" modality="" pred="" pos="" aspect="" certainty="" comment="" class="COMMUNICATION" tense="" polarity=""  >
<token_anchor t_id="126"/>
</EVENT_MENTION>
<EVENT_MENTION m_id="49" factuality="" modality="" pred="" pos="" aspect="" certainty="" comment="" class="SOCIAL" tense="" polarity=""  >
<token_anchor t_id="371"/>
</EVENT_MENTION>
<EVENT_MENTION m_id="17" factuality="" modality="" pred="" pos="" aspect="" certainty="" comment="" class="SPACE-MOVEMENT" tense="" polarity=""  >
<token_anchor t_id="128"/>
</EVENT_MENTION>
<EVENT_MENTION m_id="50" factuality="" modality="" pred="" pos="" aspect="" certainty="" comment="" class="EMOTIONS-EVALUATIONS" tense="" polarity=""  >
<token_anchor t_id="373"/>
</EVENT_MENTION>
<EVENT_MENTION m_id="18" factuality="" modality="" pred="" pos="" aspect="" certainty="" comment="" class="AUTHORITY-LAW" tense="" polarity=""  >
<token_anchor t_id="135"/>
</EVENT_MENTION>
<EVENT_MENTION m_id="51" factuality="" modality="" pred="" pos="" aspect="" certainty="" comment="" class="COMMUNICATION" tense="" polarity=""  >
<token_anchor t_id="380"/>
</EVENT_MENTION>
<EVENT_MENTION m_id="19" factuality="" modality="" pred="" pos="" aspect="" certainty="" comment="" class="COMMUNICATION" tense="" polarity=""  >
<token_anchor t_id="138"/>
</EVENT_MENTION>
<EVENT_MENTION m_id="20" factuality="" modality="" pred="" pos="" aspect="" certainty="" comment="" class="COMMUNICATION" tense="" polarity=""  >
<token_anchor t_id="144"/>
</EVENT_MENTION>
<EVENT_MENTION m_id="52" factuality="" modality="" pred="" pos="" aspect="" certainty="" comment="" class="GENERAL" tense="" polarity=""  >
<token_anchor t_id="385"/>
</EVENT_MENTION>
<EVENT_MENTION m_id="21" factuality="" modality="" pred="" pos="" aspect="" certainty="" comment="" class="COMMUNICATION" tense="" polarity=""  >
<token_anchor t_id="160"/>
</EVENT_MENTION>
<EVENT_MENTION m_id="53" factuality="" modality="" pred="" pos="" aspect="" certainty="" comment="" class="GENERAL" tense="" polarity=""  >
<token_anchor t_id="393"/>
<token_anchor t_id="394"/>
</EVENT_MENTION>
<EVENT_MENTION m_id="22" factuality="" modality="" pred="" pos="" aspect="" certainty="" comment="" class="ENTERTAINMENT-ART" tense="" polarity=""  >
<token_anchor t_id="163"/>
</EVENT_MENTION>
<EVENT_MENTION m_id="54" factuality="" modality="" pred="" pos="" aspect="" certainty="" comment="" class="ENTERTAINMENT-ART" tense="" polarity=""  >
<token_anchor t_id="397"/>
</EVENT_MENTION>
<EVENT_MENTION m_id="23" factuality="" modality="" pred="" pos="" aspect="" certainty="" comment="" class="SPACE-MOVEMENT" tense="" polarity=""  >
<token_anchor t_id="166"/>
</EVENT_MENTION>
<EVENT_MENTION m_id="55" factuality="" modality="" pred="" pos="" aspect="" certainty="" comment="" class="EMOTIONS-EVALUATIONS" tense="" polarity=""  >
<token_anchor t_id="398"/>
<token_anchor t_id="399"/>
<token_anchor t_id="400"/>
</EVENT_MENTION>
<EVENT_MENTION m_id="24" factuality="" modality="" pred="" pos="" aspect="" certainty="" comment="" class="AUTHORITY-LAW" tense="" polarity=""  >
<token_anchor t_id="177"/>
</EVENT_MENTION>
<EVENT_MENTION m_id="56" factuality="" modality="" pred="" pos="" aspect="" certainty="" comment="" class="EMOTIONS-EVALUATIONS" tense="" polarity=""  >
<token_anchor t_id="378"/>
</EVENT_MENTION>
<EVENT_MENTION m_id="25" factuality="" modality="" pred="" pos="" aspect="" certainty="" comment="" class="MENTAL" tense="" polarity=""  >
<token_anchor t_id="183"/>
</EVENT_MENTION>
<EVENT_MENTION m_id="57" factuality="" modality="" pred="" pos="" aspect="" certainty="" comment="" class="COMMUNICATION" tense="" polarity=""  >
<token_anchor t_id="404"/>
</EVENT_MENTION>
<EVENT_MENTION m_id="26" factuality="" modality="" pred="" pos="" aspect="" certainty="" comment="" class="SPACE-MOVEMENT" tense="" polarity=""  >
<token_anchor t_id="185"/>
</EVENT_MENTION>
<EVENT_MENTION m_id="58" factuality="" modality="" pred="" pos="" aspect="" certainty="" comment="" class="MENTAL" tense="" polarity=""  >
<token_anchor t_id="410"/>
</EVENT_MENTION>
<EVENT_MENTION m_id="27" factuality="" modality="" pred="" pos="" aspect="" certainty="" comment="" class="POSSESSION" tense="" polarity=""  >
<token_anchor t_id="210"/>
</EVENT_MENTION>
<EVENT_MENTION m_id="59" factuality="" modality="" pred="" pos="" aspect="" certainty="" comment="" class="ENTERTAINMENT-ART" tense="" polarity=""  >
<token_anchor t_id="413"/>
</EVENT_MENTION>
<EVENT_MENTION m_id="28" factuality="" modality="" pred="" pos="" aspect="" certainty="" comment="" class="SPACE-MOVEMENT" tense="" polarity=""  >
<token_anchor t_id="215"/>
</EVENT_MENTION>
<EVENT_MENTION m_id="60" factuality="" modality="" pred="" pos="" aspect="" certainty="" comment="" class="AUTHORITY-LAW" tense="" polarity=""  >
<token_anchor t_id="422"/>
</EVENT_MENTION>
<EVENT_MENTION m_id="29" factuality="" modality="" pred="" pos="" aspect="" certainty="" comment="" class="SPACE-MOVEMENT" tense="" polarity=""  >
<token_anchor t_id="226"/>
</EVENT_MENTION>
<EVENT_MENTION m_id="61" factuality="" modality="" pred="" pos="" aspect="" certainty="" comment="" class="POSSESSION" tense="" polarity=""  >
<token_anchor t_id="427"/>
</EVENT_MENTION>
<EVENT_MENTION m_id="30" factuality="" modality="" pred="" pos="" aspect="" certainty="" comment="" class="SPACE-MOVEMENT" tense="" polarity=""  >
<token_anchor t_id="232"/>
</EVENT_MENTION>
<EVENT_MENTION m_id="62" factuality="" modality="" pred="" pos="" aspect="" certainty="" comment="" class="GENERAL" tense="" polarity=""  >
<token_anchor t_id="428"/>
</EVENT_MENTION>
<EVENT_MENTION m_id="31" factuality="" modality="" pred="" pos="" aspect="" certainty="" comment="" class="SPACE-MOVEMENT" tense="" polarity=""  >
<token_anchor t_id="241"/>
</EVENT_MENTION>
<EVENT_MENTION m_id="63" factuality="" modality="" pred="" pos="" aspect="" certainty="" comment="" class="SPACE-MOVEMENT" tense="" polarity=""  >
<token_anchor t_id="433"/>
</EVENT_MENTION>
<EVENT_MENTION m_id="32" factuality="" modality="" pred="" pos="" aspect="" certainty="" comment="" class="SPACE-MOVEMENT" tense="" polarity=""  >
<token_anchor t_id="263"/>
</EVENT_MENTION>
<EVENT_MENTION m_id="64" factuality="" modality="" pred="" pos="" aspect="" certainty="" comment="" class="AUTHORITY-LAW" tense="" polarity=""  >
<token_anchor t_id="448"/>
</EVENT_MENTION>


</Markables>

<Relations>
</Relations>
</Document>
