<Document doc_name="Crowd_Endangers_Steamer.txt">
<token t_id="1" sentence="0" number="0">April</token>
<token t_id="2" sentence="0" number="1">27</token>
<token t_id="3" sentence="0" number="2">,</token>
<token t_id="4" sentence="0" number="3">1907</token>
<token t_id="5" sentence="1" number="4">Crowd</token>
<token t_id="6" sentence="1" number="5">Endangers</token>
<token t_id="7" sentence="1" number="6">Steamer</token>
<token t_id="8" sentence="1" number="7">to</token>
<token t_id="9" sentence="1" number="8">Get</token>
<token t_id="10" sentence="1" number="9">Passing</token>
<token t_id="11" sentence="1" number="10">Glimpse</token>
<token t_id="12" sentence="1" number="11">of</token>
<token t_id="13" sentence="1" number="12">Humorist</token>
<token t_id="14" sentence="1" number="13">Mark</token>
<token t_id="15" sentence="1" number="14">Twain</token>
<token t_id="16" sentence="2" number="15">Collision</token>
<token t_id="17" sentence="2" number="16">Between</token>
<token t_id="18" sentence="2" number="17">Steamer</token>
<token t_id="19" sentence="2" number="18">Sylvester</token>
<token t_id="20" sentence="2" number="19">and</token>
<token t_id="21" sentence="2" number="20">Yacht</token>
<token t_id="22" sentence="2" number="21">Kanawha</token>
<token t_id="23" sentence="2" number="22">Narrowly</token>
<token t_id="24" sentence="2" number="23">Averted</token>
<token t_id="25" sentence="3" number="24">--</token>
<token t_id="26" sentence="3" number="25">Author</token>
<token t_id="27" sentence="3" number="26">Responds</token>
<token t_id="28" sentence="3" number="27">To</token>
<token t_id="29" sentence="3" number="28">Calls</token>
<token t_id="30" sentence="3" number="29">.</token>
<token t_id="31" sentence="4" number="30">It</token>
<token t_id="32" sentence="4" number="31">was</token>
<token t_id="33" sentence="4" number="32">a</token>
<token t_id="34" sentence="4" number="33">very</token>
<token t_id="35" sentence="4" number="34">close</token>
<token t_id="36" sentence="4" number="35">shave</token>
<token t_id="37" sentence="4" number="36">that</token>
<token t_id="38" sentence="4" number="37">the</token>
<token t_id="39" sentence="4" number="38">steamer</token>
<token t_id="40" sentence="4" number="39">John</token>
<token t_id="41" sentence="4" number="40">Sylvester</token>
<token t_id="42" sentence="4" number="41">had</token>
<token t_id="43" sentence="4" number="42">yesterday</token>
<token t_id="44" sentence="4" number="43">morning</token>
<token t_id="45" sentence="4" number="44">as</token>
<token t_id="46" sentence="4" number="45">she</token>
<token t_id="47" sentence="4" number="46">was</token>
<token t_id="48" sentence="4" number="47">proceeding</token>
<token t_id="49" sentence="4" number="48">down</token>
<token t_id="50" sentence="4" number="49">the</token>
<token t_id="51" sentence="4" number="50">river</token>
<token t_id="52" sentence="4" number="51">for</token>
<token t_id="53" sentence="4" number="52">the</token>
<token t_id="54" sentence="4" number="53">exposition</token>
<token t_id="55" sentence="4" number="54">grounds</token>
<token t_id="56" sentence="4" number="55">with</token>
<token t_id="57" sentence="4" number="56">1,200</token>
<token t_id="58" sentence="4" number="57">people</token>
<token t_id="59" sentence="4" number="58">aboard</token>
<token t_id="60" sentence="4" number="59">.</token>
<token t_id="61" sentence="5" number="60">The</token>
<token t_id="62" sentence="5" number="61">steam</token>
<token t_id="63" sentence="5" number="62">came</token>
<token t_id="64" sentence="5" number="63">within</token>
<token t_id="65" sentence="5" number="64">an</token>
<token t_id="66" sentence="5" number="65">ace</token>
<token t_id="67" sentence="5" number="66">of</token>
<token t_id="68" sentence="5" number="67">colliding</token>
<token t_id="69" sentence="5" number="68">with</token>
<token t_id="70" sentence="5" number="69">H.</token>
<token t_id="71" sentence="5" number="70">H.</token>
<token t_id="72" sentence="5" number="71">Rogers</token>
<token t_id="73" sentence="5" number="72">'</token>
<token t_id="74" sentence="5" number="73">steam-yacht</token>
<token t_id="75" sentence="5" number="74">the</token>
<token t_id="76" sentence="5" number="75">Kanawha</token>
<token t_id="77" sentence="5" number="76">.</token>
<token t_id="78" sentence="6" number="77">It</token>
<token t_id="79" sentence="6" number="78">was</token>
<token t_id="80" sentence="6" number="79">a</token>
<token t_id="81" sentence="6" number="80">frightened</token>
<token t_id="82" sentence="6" number="81">crown</token>
<token t_id="83" sentence="6" number="82">of</token>
<token t_id="84" sentence="6" number="83">passengers</token>
<token t_id="85" sentence="6" number="84">for</token>
<token t_id="86" sentence="6" number="85">a</token>
<token t_id="87" sentence="6" number="86">short</token>
<token t_id="88" sentence="6" number="87">time</token>
<token t_id="89" sentence="6" number="88">.</token>
<token t_id="90" sentence="7" number="89">The</token>
<token t_id="91" sentence="7" number="90">yacht</token>
<token t_id="92" sentence="7" number="91">was</token>
<token t_id="93" sentence="7" number="92">clearly</token>
<token t_id="94" sentence="7" number="93">at</token>
<token t_id="95" sentence="7" number="94">fault</token>
<token t_id="96" sentence="7" number="95">.</token>
<token t_id="97" sentence="8" number="96">If</token>
<token t_id="98" sentence="8" number="97">the</token>
<token t_id="99" sentence="8" number="98">vessels</token>
<token t_id="100" sentence="8" number="99">had</token>
<token t_id="101" sentence="8" number="100">come</token>
<token t_id="102" sentence="8" number="101">together</token>
<token t_id="103" sentence="8" number="102">it</token>
<token t_id="104" sentence="8" number="103">would</token>
<token t_id="105" sentence="8" number="104">have</token>
<token t_id="106" sentence="8" number="105">been</token>
<token t_id="107" sentence="8" number="106">what</token>
<token t_id="108" sentence="8" number="107">is</token>
<token t_id="109" sentence="8" number="108">known</token>
<token t_id="110" sentence="8" number="109">as</token>
<token t_id="111" sentence="8" number="110">a</token>
<token t_id="112" sentence="8" number="111">"</token>
<token t_id="113" sentence="8" number="112">sideswipe</token>
<token t_id="114" sentence="8" number="113">"</token>
<token t_id="115" sentence="8" number="114">collision</token>
<token t_id="116" sentence="8" number="115">.</token>
<token t_id="117" sentence="9" number="116">It</token>
<token t_id="118" sentence="9" number="117">is</token>
<token t_id="119" sentence="9" number="118">a</token>
<token t_id="120" sentence="9" number="119">question</token>
<token t_id="121" sentence="9" number="120">as</token>
<token t_id="122" sentence="9" number="121">to</token>
<token t_id="123" sentence="9" number="122">which</token>
<token t_id="124" sentence="9" number="123">vessel</token>
<token t_id="125" sentence="9" number="124">would</token>
<token t_id="126" sentence="9" number="125">have</token>
<token t_id="127" sentence="9" number="126">gotten</token>
<token t_id="128" sentence="9" number="127">the</token>
<token t_id="129" sentence="9" number="128">worse</token>
<token t_id="130" sentence="9" number="129">of</token>
<token t_id="131" sentence="9" number="130">it</token>
<token t_id="132" sentence="9" number="131">.</token>
<token t_id="133" sentence="10" number="132">Crowd</token>
<token t_id="134" sentence="10" number="133">Wanted</token>
<token t_id="135" sentence="10" number="134">to</token>
<token t_id="136" sentence="10" number="135">See</token>
<token t_id="137" sentence="10" number="136">Mark</token>
<token t_id="138" sentence="10" number="137">.</token>
<token t_id="139" sentence="11" number="138">The</token>
<token t_id="140" sentence="11" number="139">Sylvester</token>
<token t_id="141" sentence="11" number="140">was</token>
<token t_id="142" sentence="11" number="141">just</token>
<token t_id="143" sentence="11" number="142">below</token>
<token t_id="144" sentence="11" number="143">Fort</token>
<token t_id="145" sentence="11" number="144">Norfolk</token>
<token t_id="146" sentence="11" number="145">making</token>
<token t_id="147" sentence="11" number="146">pretty</token>
<token t_id="148" sentence="11" number="147">good</token>
<token t_id="149" sentence="11" number="148">time</token>
<token t_id="150" sentence="11" number="149">when</token>
<token t_id="151" sentence="11" number="150">the</token>
<token t_id="152" sentence="11" number="151">Kanawha</token>
<token t_id="153" sentence="11" number="152">crept</token>
<token t_id="154" sentence="11" number="153">up</token>
<token t_id="155" sentence="11" number="154">on</token>
<token t_id="156" sentence="11" number="155">the</token>
<token t_id="157" sentence="11" number="156">steamer</token>
<token t_id="158" sentence="11" number="157">.</token>
<token t_id="159" sentence="12" number="158">As</token>
<token t_id="160" sentence="12" number="159">it</token>
<token t_id="161" sentence="12" number="160">had</token>
<token t_id="162" sentence="12" number="161">been</token>
<token t_id="163" sentence="12" number="162">printed</token>
<token t_id="164" sentence="12" number="163">that</token>
<token t_id="165" sentence="12" number="164">Mark</token>
<token t_id="166" sentence="12" number="165">Twain</token>
<token t_id="167" sentence="12" number="166">,</token>
<token t_id="168" sentence="12" number="167">the</token>
<token t_id="169" sentence="12" number="168">famous</token>
<token t_id="170" sentence="12" number="169">humorist</token>
<token t_id="171" sentence="12" number="170">,</token>
<token t_id="172" sentence="12" number="171">was</token>
<token t_id="173" sentence="12" number="172">aboard</token>
<token t_id="174" sentence="12" number="173">the</token>
<token t_id="175" sentence="12" number="174">Standard</token>
<token t_id="176" sentence="12" number="175">Oil</token>
<token t_id="177" sentence="12" number="176">magnate</token>
<token t_id="178" sentence="12" number="177">'s</token>
<token t_id="179" sentence="12" number="178">vessel</token>
<token t_id="180" sentence="12" number="179">,</token>
<token t_id="181" sentence="12" number="180">the</token>
<token t_id="182" sentence="12" number="181">passengers</token>
<token t_id="183" sentence="12" number="182">on</token>
<token t_id="184" sentence="12" number="183">the</token>
<token t_id="185" sentence="12" number="184">steamer</token>
<token t_id="186" sentence="12" number="185">all</token>
<token t_id="187" sentence="12" number="186">seemed</token>
<token t_id="188" sentence="12" number="187">to</token>
<token t_id="189" sentence="12" number="188">get</token>
<token t_id="190" sentence="12" number="189">on</token>
<token t_id="191" sentence="12" number="190">the</token>
<token t_id="192" sentence="12" number="191">starboard</token>
<token t_id="193" sentence="12" number="192">side</token>
<token t_id="194" sentence="12" number="193">of</token>
<token t_id="195" sentence="12" number="194">the</token>
<token t_id="196" sentence="12" number="195">vessel</token>
<token t_id="197" sentence="12" number="196">,</token>
<token t_id="198" sentence="12" number="197">which</token>
<token t_id="199" sentence="12" number="198">caused</token>
<token t_id="200" sentence="12" number="199">her</token>
<token t_id="201" sentence="12" number="200">to</token>
<token t_id="202" sentence="12" number="201">careen</token>
<token t_id="203" sentence="12" number="202">.</token>
<token t_id="204" sentence="13" number="203">There</token>
<token t_id="205" sentence="13" number="204">were</token>
<token t_id="206" sentence="13" number="205">cries</token>
<token t_id="207" sentence="13" number="206">for</token>
<token t_id="208" sentence="13" number="207">Twain</token>
<token t_id="209" sentence="13" number="208">.</token>
<token t_id="210" sentence="14" number="209">The</token>
<token t_id="211" sentence="14" number="210">skipper</token>
<token t_id="212" sentence="14" number="211">of</token>
<token t_id="213" sentence="14" number="212">the</token>
<token t_id="214" sentence="14" number="213">yacht</token>
<token t_id="215" sentence="14" number="214">heard</token>
<token t_id="216" sentence="14" number="215">them</token>
<token t_id="217" sentence="14" number="216">and</token>
<token t_id="218" sentence="14" number="217">it</token>
<token t_id="219" sentence="14" number="218">appeared</token>
<token t_id="220" sentence="14" number="219">that</token>
<token t_id="221" sentence="14" number="220">he</token>
<token t_id="222" sentence="14" number="221">tried</token>
<token t_id="223" sentence="14" number="222">to</token>
<token t_id="224" sentence="14" number="223">run</token>
<token t_id="225" sentence="14" number="224">his</token>
<token t_id="226" sentence="14" number="225">vessel</token>
<token t_id="227" sentence="14" number="226">as</token>
<token t_id="228" sentence="14" number="227">close</token>
<token t_id="229" sentence="14" number="228">to</token>
<token t_id="230" sentence="14" number="229">the</token>
<token t_id="231" sentence="14" number="230">steam</token>
<token t_id="232" sentence="14" number="231">as</token>
<token t_id="233" sentence="14" number="232">possible</token>
<token t_id="234" sentence="14" number="233">.</token>
<token t_id="235" sentence="15" number="234">The</token>
<token t_id="236" sentence="15" number="235">master</token>
<token t_id="237" sentence="15" number="236">of</token>
<token t_id="238" sentence="15" number="237">the</token>
<token t_id="239" sentence="15" number="238">yacht</token>
<token t_id="240" sentence="15" number="239">evidently</token>
<token t_id="241" sentence="15" number="240">did</token>
<token t_id="242" sentence="15" number="241">not</token>
<token t_id="243" sentence="15" number="242">count</token>
<token t_id="244" sentence="15" number="243">on</token>
<token t_id="245" sentence="15" number="244">the</token>
<token t_id="246" sentence="15" number="245">current</token>
<token t_id="247" sentence="15" number="246">for</token>
<token t_id="248" sentence="15" number="247">the</token>
<token t_id="249" sentence="15" number="248">yacht</token>
<token t_id="250" sentence="15" number="249">was</token>
<token t_id="251" sentence="15" number="250">swept</token>
<token t_id="252" sentence="15" number="251">close</token>
<token t_id="253" sentence="15" number="252">to</token>
<token t_id="254" sentence="15" number="253">the</token>
<token t_id="255" sentence="15" number="254">steamer</token>
<token t_id="256" sentence="15" number="255">and</token>
<token t_id="257" sentence="15" number="256">it</token>
<token t_id="258" sentence="15" number="257">appeared</token>
<token t_id="259" sentence="15" number="258">that</token>
<token t_id="260" sentence="15" number="259">a</token>
<token t_id="261" sentence="15" number="260">collision</token>
<token t_id="262" sentence="15" number="261">was</token>
<token t_id="263" sentence="15" number="262">inevitable</token>
<token t_id="264" sentence="15" number="263">.</token>
<token t_id="265" sentence="16" number="264">Seeing</token>
<token t_id="266" sentence="16" number="265">the</token>
<token t_id="267" sentence="16" number="266">danger</token>
<token t_id="268" sentence="16" number="267">,</token>
<token t_id="269" sentence="16" number="268">the</token>
<token t_id="270" sentence="16" number="269">master</token>
<token t_id="271" sentence="16" number="270">of</token>
<token t_id="272" sentence="16" number="271">the</token>
<token t_id="273" sentence="16" number="272">yacht</token>
<token t_id="274" sentence="16" number="273">steered</token>
<token t_id="275" sentence="16" number="274">away</token>
<token t_id="276" sentence="16" number="275">and</token>
<token t_id="277" sentence="16" number="276">soon</token>
<token t_id="278" sentence="16" number="277">the</token>
<token t_id="279" sentence="16" number="278">vessels</token>
<token t_id="280" sentence="16" number="279">were</token>
<token t_id="281" sentence="16" number="280">far</token>
<token t_id="282" sentence="16" number="281">apart</token>
<token t_id="283" sentence="16" number="282">.</token>
<token t_id="284" sentence="17" number="283">Mr.</token>
<token t_id="285" sentence="17" number="284">Clemens</token>
<token t_id="286" sentence="17" number="285">,</token>
<token t_id="287" sentence="17" number="286">whose</token>
<token t_id="288" sentence="17" number="287">nom</token>
<token t_id="289" sentence="17" number="288">de</token>
<token t_id="290" sentence="17" number="289">plume</token>
<token t_id="291" sentence="17" number="290">is</token>
<token t_id="292" sentence="17" number="291">Mark</token>
<token t_id="293" sentence="17" number="292">Twain</token>
<token t_id="294" sentence="17" number="293">,</token>
<token t_id="295" sentence="17" number="294">heard</token>
<token t_id="296" sentence="17" number="295">the</token>
<token t_id="297" sentence="17" number="296">shouting</token>
<token t_id="298" sentence="17" number="297">.</token>
<token t_id="299" sentence="18" number="298">He</token>
<token t_id="300" sentence="18" number="299">had</token>
<token t_id="301" sentence="18" number="300">been</token>
<token t_id="302" sentence="18" number="301">seen</token>
<token t_id="303" sentence="18" number="302">in</token>
<token t_id="304" sentence="18" number="303">the</token>
<token t_id="305" sentence="18" number="304">saloon</token>
<token t_id="306" sentence="18" number="305">of</token>
<token t_id="307" sentence="18" number="306">the</token>
<token t_id="308" sentence="18" number="307">yacht</token>
<token t_id="309" sentence="18" number="308">,</token>
<token t_id="310" sentence="18" number="309">his</token>
<token t_id="311" sentence="18" number="310">thick</token>
<token t_id="312" sentence="18" number="311">,</token>
<token t_id="313" sentence="18" number="312">bushy</token>
<token t_id="314" sentence="18" number="313">white</token>
<token t_id="315" sentence="18" number="314">locks</token>
<token t_id="316" sentence="18" number="315">standing</token>
<token t_id="317" sentence="18" number="316">out</token>
<token t_id="318" sentence="18" number="317">plainly</token>
<token t_id="319" sentence="18" number="318">through</token>
<token t_id="320" sentence="18" number="319">the</token>
<token t_id="321" sentence="18" number="320">windows</token>
<token t_id="322" sentence="18" number="321">.</token>
<token t_id="323" sentence="19" number="322">The</token>
<token t_id="324" sentence="19" number="323">demand</token>
<token t_id="325" sentence="19" number="324">for</token>
<token t_id="326" sentence="19" number="325">his</token>
<token t_id="327" sentence="19" number="326">presence</token>
<token t_id="328" sentence="19" number="327">on</token>
<token t_id="329" sentence="19" number="328">the</token>
<token t_id="330" sentence="19" number="329">deck</token>
<token t_id="331" sentence="19" number="330">was</token>
<token t_id="332" sentence="19" number="331">so</token>
<token t_id="333" sentence="19" number="332">great</token>
<token t_id="334" sentence="19" number="333">that</token>
<token t_id="335" sentence="19" number="334">the</token>
<token t_id="336" sentence="19" number="335">famous</token>
<token t_id="337" sentence="19" number="336">writer</token>
<token t_id="338" sentence="19" number="337">came</token>
<token t_id="339" sentence="19" number="338">out</token>
<token t_id="340" sentence="19" number="339">,</token>
<token t_id="341" sentence="19" number="340">took</token>
<token t_id="342" sentence="19" number="341">off</token>
<token t_id="343" sentence="19" number="342">his</token>
<token t_id="344" sentence="19" number="343">hat</token>
<token t_id="345" sentence="19" number="344">and</token>
<token t_id="346" sentence="19" number="345">bowed</token>
<token t_id="347" sentence="19" number="346">.</token>
<token t_id="348" sentence="20" number="347">A</token>
<token t_id="349" sentence="20" number="348">mighty</token>
<token t_id="350" sentence="20" number="349">shout</token>
<token t_id="351" sentence="20" number="350">went</token>
<token t_id="352" sentence="20" number="351">up</token>
<token t_id="353" sentence="20" number="352">from</token>
<token t_id="354" sentence="20" number="353">the</token>
<token t_id="355" sentence="20" number="354">passengers</token>
<token t_id="356" sentence="20" number="355">on</token>
<token t_id="357" sentence="20" number="356">the</token>
<token t_id="358" sentence="20" number="357">steamer</token>
<token t_id="359" sentence="20" number="358">.</token>
<token t_id="360" sentence="21" number="359">Then</token>
<token t_id="361" sentence="21" number="360">Mark</token>
<token t_id="362" sentence="21" number="361">retired</token>
<token t_id="363" sentence="21" number="362">.</token>
<token t_id="364" sentence="22" number="363">He</token>
<token t_id="365" sentence="22" number="364">wore</token>
<token t_id="366" sentence="22" number="365">that</token>
<token t_id="367" sentence="22" number="366">famous</token>
<token t_id="368" sentence="22" number="367">white</token>
<token t_id="369" sentence="22" number="368">suit</token>
<token t_id="370" sentence="22" number="369">.</token>
<token t_id="371" sentence="23" number="370">On</token>
<token t_id="372" sentence="23" number="371">his</token>
<token t_id="373" sentence="23" number="372">head</token>
<token t_id="374" sentence="23" number="373">was</token>
<token t_id="375" sentence="23" number="374">a</token>
<token t_id="376" sentence="23" number="375">yachting</token>
<token t_id="377" sentence="23" number="376">cap</token>
<token t_id="378" sentence="23" number="377">.</token>
<token t_id="379" sentence="24" number="378">The</token>
<token t_id="380" sentence="24" number="379">yacht</token>
<token t_id="381" sentence="24" number="380">anchored</token>
<token t_id="382" sentence="24" number="381">near</token>
<token t_id="383" sentence="24" number="382">the</token>
<token t_id="384" sentence="24" number="383">warships</token>
<token t_id="385" sentence="24" number="384">.</token>
<token t_id="386" sentence="25" number="385">Second</token>
<token t_id="387" sentence="25" number="386">Narrow</token>
<token t_id="388" sentence="25" number="387">Escape</token>
<token t_id="389" sentence="25" number="388">.</token>
<token t_id="390" sentence="26" number="389">While</token>
<token t_id="391" sentence="26" number="390">the</token>
<token t_id="392" sentence="26" number="391">Sylvester</token>
<token t_id="393" sentence="26" number="392">was</token>
<token t_id="394" sentence="26" number="393">going</token>
<token t_id="395" sentence="26" number="394">through</token>
<token t_id="396" sentence="26" number="395">the</token>
<token t_id="397" sentence="26" number="396">long</token>
<token t_id="398" sentence="26" number="397">lane</token>
<token t_id="399" sentence="26" number="398">of</token>
<token t_id="400" sentence="26" number="399">warships</token>
<token t_id="401" sentence="26" number="400">in</token>
<token t_id="402" sentence="26" number="401">the</token>
<token t_id="403" sentence="26" number="402">Roads</token>
<token t_id="404" sentence="26" number="403">she</token>
<token t_id="405" sentence="26" number="404">had</token>
<token t_id="406" sentence="26" number="405">another</token>
<token t_id="407" sentence="26" number="406">narrow</token>
<token t_id="408" sentence="26" number="407">escape</token>
<token t_id="409" sentence="26" number="408">from</token>
<token t_id="410" sentence="26" number="409">colliding</token>
<token t_id="411" sentence="26" number="410">,</token>
<token t_id="412" sentence="26" number="411">this</token>
<token t_id="413" sentence="26" number="412">time</token>
<token t_id="414" sentence="26" number="413">with</token>
<token t_id="415" sentence="26" number="414">the</token>
<token t_id="416" sentence="26" number="415">yacht</token>
<token t_id="417" sentence="26" number="416">Embia</token>
<token t_id="418" sentence="26" number="417">,</token>
<token t_id="419" sentence="26" number="418">of</token>
<token t_id="420" sentence="26" number="419">New</token>
<token t_id="421" sentence="26" number="420">York</token>
<token t_id="422" sentence="26" number="421">.</token>
<token t_id="423" sentence="27" number="422">Again</token>
<token t_id="424" sentence="27" number="423">it</token>
<token t_id="425" sentence="27" number="424">was</token>
<token t_id="426" sentence="27" number="425">the</token>
<token t_id="427" sentence="27" number="426">fault</token>
<token t_id="428" sentence="27" number="427">of</token>
<token t_id="429" sentence="27" number="428">the</token>
<token t_id="430" sentence="27" number="429">other</token>
<token t_id="431" sentence="27" number="430">vessel</token>
<token t_id="432" sentence="27" number="431">,</token>
<token t_id="433" sentence="27" number="432">for</token>
<token t_id="434" sentence="27" number="433">the</token>
<token t_id="435" sentence="27" number="434">yacht</token>
<token t_id="436" sentence="27" number="435">tried</token>
<token t_id="437" sentence="27" number="436">to</token>
<token t_id="438" sentence="27" number="437">cross</token>
<token t_id="439" sentence="27" number="438">the</token>
<token t_id="440" sentence="27" number="439">bow</token>
<token t_id="441" sentence="27" number="440">of</token>
<token t_id="442" sentence="27" number="441">the</token>
<token t_id="443" sentence="27" number="442">steamer</token>
<token t_id="444" sentence="27" number="443">.</token>
<token t_id="445" sentence="28" number="444">The</token>
<token t_id="446" sentence="28" number="445">captain</token>
<token t_id="447" sentence="28" number="446">of</token>
<token t_id="448" sentence="28" number="447">the</token>
<token t_id="449" sentence="28" number="448">steamer</token>
<token t_id="450" sentence="28" number="449">exercised</token>
<token t_id="451" sentence="28" number="450">rare</token>
<token t_id="452" sentence="28" number="451">judgment</token>
<token t_id="453" sentence="28" number="452">and</token>
<token t_id="454" sentence="28" number="453">maneuvered</token>
<token t_id="455" sentence="28" number="454">his</token>
<token t_id="456" sentence="28" number="455">vessel</token>
<token t_id="457" sentence="28" number="456">so</token>
<token t_id="458" sentence="28" number="457">that</token>
<token t_id="459" sentence="28" number="458">she</token>
<token t_id="460" sentence="28" number="459">steered</token>
<token t_id="461" sentence="28" number="460">clear</token>
<token t_id="462" sentence="28" number="461">of</token>
<token t_id="463" sentence="28" number="462">the</token>
<token t_id="464" sentence="28" number="463">white</token>
<token t_id="465" sentence="28" number="464">flyer</token>
<token t_id="466" sentence="28" number="465">that</token>
<token t_id="467" sentence="28" number="466">got</token>
<token t_id="468" sentence="28" number="467">in</token>
<token t_id="469" sentence="28" number="468">her</token>
<token t_id="470" sentence="28" number="469">way</token>
<token t_id="471" sentence="28" number="470">.</token>
<token t_id="472" sentence="29" number="471">The</token>
<token t_id="473" sentence="29" number="472">police</token>
<token t_id="474" sentence="29" number="473">lines</token>
<token t_id="475" sentence="29" number="474">in</token>
<token t_id="476" sentence="29" number="475">the</token>
<token t_id="477" sentence="29" number="476">Roads</token>
<token t_id="478" sentence="29" number="477">were</token>
<token t_id="479" sentence="29" number="478">drawn</token>
<token t_id="480" sentence="29" number="479">tight</token>
<token t_id="481" sentence="29" number="480">.</token>
<token t_id="482" sentence="30" number="481">The</token>
<token t_id="483" sentence="30" number="482">Sylvester</token>
<token t_id="484" sentence="30" number="483">had</token>
<token t_id="485" sentence="30" number="484">n't</token>
<token t_id="486" sentence="30" number="485">proceeded</token>
<token t_id="487" sentence="30" number="486">far</token>
<token t_id="488" sentence="30" number="487">before</token>
<token t_id="489" sentence="30" number="488">a</token>
<token t_id="490" sentence="30" number="489">navy</token>
<token t_id="491" sentence="30" number="490">launch</token>
<token t_id="492" sentence="30" number="491">hove</token>
<token t_id="493" sentence="30" number="492">in</token>
<token t_id="494" sentence="30" number="493">sight</token>
<token t_id="495" sentence="30" number="494">and</token>
<token t_id="496" sentence="30" number="495">the</token>
<token t_id="497" sentence="30" number="496">commander</token>
<token t_id="498" sentence="30" number="497">through</token>
<token t_id="499" sentence="30" number="498">the</token>
<token t_id="500" sentence="30" number="499">megaphone</token>
<token t_id="501" sentence="30" number="500">warned</token>
<token t_id="502" sentence="30" number="501">the</token>
<token t_id="503" sentence="30" number="502">master</token>
<token t_id="504" sentence="30" number="503">of</token>
<token t_id="505" sentence="30" number="504">the</token>
<token t_id="506" sentence="30" number="505">steamer</token>
<token t_id="507" sentence="30" number="506">not</token>
<token t_id="508" sentence="30" number="507">to</token>
<token t_id="509" sentence="30" number="508">get</token>
<token t_id="510" sentence="30" number="509">within</token>
<token t_id="511" sentence="30" number="510">the</token>
<token t_id="512" sentence="30" number="511">lines</token>
<token t_id="513" sentence="30" number="512">.</token>


<Markables>
<EVENT_MENTION m_id="33" factuality="" modality="" pred="" pos="" aspect="" certainty="" comment="" class="PHYSICAL SENSATIONS" tense="" polarity=""  >
<token_anchor t_id="215"/>
</EVENT_MENTION>
<EVENT_MENTION m_id="65" factuality="" modality="" pred="" pos="" aspect="" certainty="" comment="" class="SPACE-MOVEMENT" tense="" polarity=""  >
<token_anchor t_id="438"/>
</EVENT_MENTION>
<EVENT_MENTION m_id="1" factuality="" modality="" pred="" pos="" aspect="" certainty="" comment="" class="GENERAL" tense="" polarity=""  >
<token_anchor t_id="6"/>
</EVENT_MENTION>
<EVENT_MENTION m_id="34" factuality="" modality="" pred="" pos="" aspect="" certainty="" comment="" class="PHYSICAL SENSATIONS" tense="" polarity=""  >
<token_anchor t_id="219"/>
</EVENT_MENTION>
<EVENT_MENTION m_id="66" factuality="" modality="" pred="" pos="" aspect="" certainty="" comment="" class="MENTAL" tense="" polarity=""  >
<token_anchor t_id="425"/>
<token_anchor t_id="426"/>
<token_anchor t_id="427"/>
</EVENT_MENTION>
<EVENT_MENTION m_id="2" factuality="" modality="" pred="" pos="" aspect="" certainty="" comment="" class="SPACE-MOVEMENT" tense="" polarity=""  >
<token_anchor t_id="16"/>
</EVENT_MENTION>
<EVENT_MENTION m_id="35" factuality="" modality="" pred="" pos="" aspect="" certainty="" comment="" class="MENTAL" tense="" polarity=""  >
<token_anchor t_id="222"/>
</EVENT_MENTION>
<EVENT_MENTION m_id="67" factuality="" modality="" pred="" pos="" aspect="" certainty="" comment="" class="MENTAL" tense="" polarity=""  >
<token_anchor t_id="450"/>
<token_anchor t_id="452"/>
</EVENT_MENTION>
<EVENT_MENTION m_id="3" factuality="" modality="" pred="" pos="" aspect="" certainty="" comment="" class="GENERAL" tense="" polarity=""  >
<token_anchor t_id="24"/>
</EVENT_MENTION>
<EVENT_MENTION m_id="36" factuality="" modality="" pred="" pos="" aspect="" certainty="" comment="" class="SPACE-MOVEMENT" tense="" polarity=""  >
<token_anchor t_id="224"/>
</EVENT_MENTION>
<EVENT_MENTION m_id="68" factuality="" modality="" pred="" pos="" aspect="" certainty="" comment="" class="GENERAL" tense="" polarity=""  >
<token_anchor t_id="454"/>
</EVENT_MENTION>
<EVENT_MENTION m_id="4" factuality="" modality="" pred="" pos="" aspect="" certainty="" comment="" class="COMMUNICATION" tense="" polarity=""  >
<token_anchor t_id="27"/>
</EVENT_MENTION>
<EVENT_MENTION m_id="37" factuality="" modality="" pred="" pos="" aspect="" certainty="" comment="" class="MENTAL" tense="" polarity=""  >
<token_anchor t_id="243"/>
<token_anchor t_id="244"/>
</EVENT_MENTION>
<EVENT_MENTION m_id="69" factuality="" modality="" pred="" pos="" aspect="" certainty="" comment="" class="SPACE-MOVEMENT" tense="" polarity=""  >
<token_anchor t_id="460"/>
<token_anchor t_id="461"/>
</EVENT_MENTION>
<EVENT_MENTION m_id="5" factuality="" modality="" pred="" pos="" aspect="" certainty="" comment="" class="COMMUNICATION" tense="" polarity=""  >
<token_anchor t_id="29"/>
</EVENT_MENTION>
<EVENT_MENTION m_id="38" factuality="" modality="" pred="" pos="" aspect="" certainty="" comment="" class="PHYSICAL SENSATIONS" tense="" polarity=""  >
<token_anchor t_id="258"/>
</EVENT_MENTION>
<EVENT_MENTION m_id="70" factuality="" modality="" pred="" pos="" aspect="" certainty="" comment="" class="SPACE-MOVEMENT" tense="" polarity=""  >
<token_anchor t_id="467"/>
<token_anchor t_id="468"/>
<token_anchor t_id="470"/>
</EVENT_MENTION>
<EVENT_MENTION m_id="6" factuality="" modality="" pred="" pos="" aspect="" certainty="" comment="" class="PHYSICAL SENSATIONS" tense="" polarity=""  >
<token_anchor t_id="9"/>
<token_anchor t_id="11"/>
</EVENT_MENTION>
<EVENT_MENTION m_id="39" factuality="" modality="" pred="" pos="" aspect="" certainty="" comment="" class="SPACE-MOVEMENT" tense="" polarity=""  >
<token_anchor t_id="261"/>
</EVENT_MENTION>
<EVENT_MENTION m_id="71" factuality="" modality="" pred="" pos="" aspect="" certainty="" comment="" class="SPACE-MOVEMENT" tense="" polarity=""  >
<token_anchor t_id="474"/>
</EVENT_MENTION>
<EVENT_MENTION m_id="7" factuality="" modality="" pred="" pos="" aspect="" certainty="" comment="" class="SPACE-MOVEMENT" tense="" polarity=""  >
<token_anchor t_id="48"/>
</EVENT_MENTION>
<EVENT_MENTION m_id="40" factuality="" modality="" pred="" pos="" aspect="" certainty="" comment="" class="MENTAL" tense="" polarity=""  >
<token_anchor t_id="262"/>
<token_anchor t_id="263"/>
</EVENT_MENTION>
<EVENT_MENTION m_id="72" factuality="" modality="" pred="" pos="" aspect="" certainty="" comment="" class="MEASURE" tense="" polarity=""  >
<token_anchor t_id="479"/>
</EVENT_MENTION>
<EVENT_MENTION m_id="8" factuality="" modality="" pred="" pos="" aspect="" certainty="" comment="" class="MEASURE" tense="" polarity=""  >
<token_anchor t_id="63"/>
<token_anchor t_id="64"/>
<token_anchor t_id="65"/>
<token_anchor t_id="66"/>
</EVENT_MENTION>
<EVENT_MENTION m_id="41" factuality="" modality="" pred="" pos="" aspect="" certainty="" comment="" class="SPACE-MOVEMENT" tense="" polarity=""  >
<token_anchor t_id="251"/>
</EVENT_MENTION>
<EVENT_MENTION m_id="73" factuality="" modality="" pred="" pos="" aspect="" certainty="" comment="" class="SPACE-MOVEMENT" tense="" polarity=""  >
<token_anchor t_id="486"/>
</EVENT_MENTION>
<EVENT_MENTION m_id="9" factuality="" modality="" pred="" pos="" aspect="" certainty="" comment="" class="SPACE-MOVEMENT" tense="" polarity=""  >
<token_anchor t_id="68"/>
</EVENT_MENTION>
<EVENT_MENTION m_id="42" factuality="" modality="" pred="" pos="" aspect="" certainty="" comment="" class="PHYSICAL SENSATIONS" tense="" polarity=""  >
<token_anchor t_id="265"/>
</EVENT_MENTION>
<EVENT_MENTION m_id="74" factuality="" modality="" pred="" pos="" aspect="" certainty="" comment="" class="COMMUNICATION" tense="" polarity=""  >
<token_anchor t_id="501"/>
</EVENT_MENTION>
<EVENT_MENTION m_id="10" factuality="" modality="" pred="" pos="" aspect="" certainty="" comment="" class="SOCIAL" tense="" polarity=""  >
<token_anchor t_id="79"/>
<token_anchor t_id="80"/>
<token_anchor t_id="81"/>
<token_anchor t_id="82"/>
</EVENT_MENTION>
<EVENT_MENTION m_id="43" factuality="" modality="" pred="" pos="" aspect="" certainty="" comment="" class="SPACE-MOVEMENT" tense="" polarity=""  >
<token_anchor t_id="274"/>
</EVENT_MENTION>
<EVENT_MENTION m_id="75" factuality="" modality="" pred="" pos="" aspect="" certainty="" comment="" class="SPACE-MOVEMENT" tense="" polarity=""  >
<token_anchor t_id="509"/>
</EVENT_MENTION>
<EVENT_MENTION m_id="11" factuality="" modality="" pred="" pos="" aspect="" certainty="" comment="" class="MENTAL" tense="" polarity=""  >
<token_anchor t_id="92"/>
<token_anchor t_id="93"/>
<token_anchor t_id="94"/>
<token_anchor t_id="95"/>
</EVENT_MENTION>
<EVENT_MENTION m_id="44" factuality="" modality="" pred="" pos="" aspect="" certainty="" comment="" class="SPACE-MOVEMENT" tense="" polarity=""  >
<token_anchor t_id="280"/>
<token_anchor t_id="281"/>
<token_anchor t_id="282"/>
</EVENT_MENTION>
<EVENT_MENTION m_id="76" factuality="" modality="" pred="" pos="" aspect="" certainty="" comment="" class="COMMUNICATION" tense="" polarity=""  >
<token_anchor t_id="491"/>
</EVENT_MENTION>
<EVENT_MENTION m_id="12" factuality="" modality="" pred="" pos="" aspect="" certainty="" comment="" class="SPACE-MOVEMENT" tense="" polarity=""  >
<token_anchor t_id="101"/>
<token_anchor t_id="102"/>
</EVENT_MENTION>
<EVENT_MENTION m_id="45" factuality="" modality="" pred="" pos="" aspect="" certainty="" comment="" class="EXISTENCE-CAUSATION" tense="" polarity=""  >
<token_anchor t_id="291"/>
</EVENT_MENTION>
<EVENT_MENTION m_id="77" factuality="" modality="" pred="" pos="" aspect="" certainty="" comment="" class="PHYSICAL SENSATIONS" tense="" polarity=""  >
<token_anchor t_id="494"/>
</EVENT_MENTION>
<EVENT_MENTION m_id="13" factuality="" modality="" pred="" pos="" aspect="" certainty="" comment="" class="MENTAL" tense="" polarity=""  >
<token_anchor t_id="109"/>
</EVENT_MENTION>
<EVENT_MENTION m_id="46" factuality="" modality="" pred="" pos="" aspect="" certainty="" comment="" class="PHYSICAL SENSATIONS" tense="" polarity=""  >
<token_anchor t_id="295"/>
</EVENT_MENTION>
<EVENT_MENTION m_id="78" factuality="" modality="" pred="" pos="" aspect="" certainty="" comment="" class="SPACE-MOVEMENT" tense="" polarity=""  >
<token_anchor t_id="10"/>
</EVENT_MENTION>
<EVENT_MENTION m_id="14" factuality="" modality="" pred="" pos="" aspect="" certainty="" comment="" class="SPACE-MOVEMENT" tense="" polarity=""  >
<token_anchor t_id="115"/>
</EVENT_MENTION>
<EVENT_MENTION m_id="47" factuality="" modality="" pred="" pos="" aspect="" certainty="" comment="" class="COMMUNICATION" tense="" polarity=""  >
<token_anchor t_id="297"/>
</EVENT_MENTION>
<EVENT_MENTION m_id="79" factuality="" modality="" pred="" pos="" aspect="" certainty="" comment="" class="ENTERTAINMENT-ART" tense="" polarity=""  >
<token_anchor t_id="376"/>
</EVENT_MENTION>
<EVENT_MENTION m_id="15" factuality="" modality="" pred="" pos="" aspect="" certainty="" comment="" class="EXISTENCE-CAUSATION" tense="" polarity=""  >
<token_anchor t_id="106"/>
</EVENT_MENTION>
<EVENT_MENTION m_id="48" factuality="" modality="" pred="" pos="" aspect="" certainty="" comment="" class="PHYSICAL SENSATIONS" tense="" polarity=""  >
<token_anchor t_id="302"/>
</EVENT_MENTION>
<EVENT_MENTION m_id="16" factuality="" modality="" pred="" pos="" aspect="" certainty="" comment="" class="COMMUNICATION" tense="" polarity=""  >
<token_anchor t_id="118"/>
<token_anchor t_id="119"/>
<token_anchor t_id="120"/>
</EVENT_MENTION>
<EVENT_MENTION m_id="49" factuality="" modality="" pred="" pos="" aspect="" certainty="" comment="" class="PHYSICAL SENSATIONS" tense="" polarity=""  >
<token_anchor t_id="316"/>
<token_anchor t_id="317"/>
</EVENT_MENTION>
<EVENT_MENTION m_id="17" factuality="" modality="" pred="" pos="" aspect="" certainty="" comment="" class="POSSESSION" tense="" polarity=""  >
<token_anchor t_id="127"/>
</EVENT_MENTION>
<EVENT_MENTION m_id="50" factuality="" modality="" pred="" pos="" aspect="" certainty="" comment="" class="SPACE-MOVEMENT" tense="" polarity=""  >
<token_anchor t_id="327"/>
</EVENT_MENTION>
<EVENT_MENTION m_id="18" factuality="" modality="" pred="" pos="" aspect="" certainty="" comment="" class="MENTAL" tense="" polarity=""  >
<token_anchor t_id="134"/>
</EVENT_MENTION>
<EVENT_MENTION m_id="51" factuality="" modality="" pred="" pos="" aspect="" certainty="" comment="" class="EMOTIONS-EVALUATIONS" tense="" polarity=""  >
<token_anchor t_id="331"/>
<token_anchor t_id="332"/>
<token_anchor t_id="333"/>
</EVENT_MENTION>
<EVENT_MENTION m_id="19" factuality="" modality="" pred="" pos="" aspect="" certainty="" comment="" class="PHYSICAL SENSATIONS" tense="" polarity=""  >
<token_anchor t_id="136"/>
</EVENT_MENTION>
<EVENT_MENTION m_id="20" factuality="" modality="" pred="" pos="" aspect="" certainty="" comment="" class="SPACE-MOVEMENT" tense="" polarity=""  >
<token_anchor t_id="36"/>
</EVENT_MENTION>
<EVENT_MENTION m_id="52" factuality="" modality="" pred="" pos="" aspect="" certainty="" comment="" class="SPACE-MOVEMENT" tense="" polarity=""  >
<token_anchor t_id="338"/>
<token_anchor t_id="339"/>
</EVENT_MENTION>
<EVENT_MENTION m_id="21" factuality="" modality="" pred="" pos="" aspect="" certainty="" comment="" class="POSSESSION" tense="" polarity=""  >
<token_anchor t_id="42"/>
</EVENT_MENTION>
<EVENT_MENTION m_id="53" factuality="" modality="" pred="" pos="" aspect="" certainty="" comment="" class="CLOTHES" tense="" polarity=""  >
<token_anchor t_id="341"/>
<token_anchor t_id="342"/>
</EVENT_MENTION>
<EVENT_MENTION m_id="22" factuality="" modality="" pred="" pos="" aspect="" certainty="" comment="" class="EXISTENCE-CAUSATION" tense="" polarity=""  >
<token_anchor t_id="141"/>
</EVENT_MENTION>
<EVENT_MENTION m_id="54" factuality="" modality="" pred="" pos="" aspect="" certainty="" comment="" class="SPACE-MOVEMENT" tense="" polarity=""  >
<token_anchor t_id="346"/>
</EVENT_MENTION>
<EVENT_MENTION m_id="23" factuality="" modality="" pred="" pos="" aspect="" certainty="" comment="" class="SPACE-MOVEMENT" tense="" polarity=""  >
<token_anchor t_id="153"/>
<token_anchor t_id="154"/>
</EVENT_MENTION>
<EVENT_MENTION m_id="55" factuality="" modality="" pred="" pos="" aspect="" certainty="" comment="" class="SPACE-MOVEMENT" tense="" polarity=""  >
<token_anchor t_id="362"/>
</EVENT_MENTION>
<EVENT_MENTION m_id="24" factuality="" modality="" pred="" pos="" aspect="" certainty="" comment="" class="SPACE-MOVEMENT" tense="" polarity=""  >
<token_anchor t_id="146"/>
<token_anchor t_id="148"/>
<token_anchor t_id="149"/>
</EVENT_MENTION>
<EVENT_MENTION m_id="56" factuality="" modality="" pred="" pos="" aspect="" certainty="" comment="" class="SPACE-MOVEMENT" tense="" polarity=""  >
<token_anchor t_id="351"/>
<token_anchor t_id="352"/>
</EVENT_MENTION>
<EVENT_MENTION m_id="25" factuality="" modality="" pred="" pos="" aspect="" certainty="" comment="" class="COMMUNICATION" tense="" polarity=""  >
<token_anchor t_id="163"/>
</EVENT_MENTION>
<EVENT_MENTION m_id="57" factuality="" modality="" pred="" pos="" aspect="" certainty="" comment="" class="CLOTHES" tense="" polarity=""  >
<token_anchor t_id="365"/>
</EVENT_MENTION>
<EVENT_MENTION m_id="26" factuality="" modality="" pred="" pos="" aspect="" certainty="" comment="" class="EXISTENCE-CAUSATION" tense="" polarity=""  >
<token_anchor t_id="172"/>
<token_anchor t_id="173"/>
</EVENT_MENTION>
<EVENT_MENTION m_id="58" factuality="" modality="" pred="" pos="" aspect="" certainty="" comment="" class="EXISTENCE-CAUSATION" tense="" polarity=""  >
<token_anchor t_id="374"/>
</EVENT_MENTION>
<EVENT_MENTION m_id="27" factuality="" modality="" pred="" pos="" aspect="" certainty="" comment="" class="MENTAL" tense="" polarity=""  >
<token_anchor t_id="187"/>
</EVENT_MENTION>
<EVENT_MENTION m_id="59" factuality="" modality="" pred="" pos="" aspect="" certainty="" comment="" class="SPACE-MOVEMENT" tense="" polarity=""  >
<token_anchor t_id="381"/>
</EVENT_MENTION>
<EVENT_MENTION m_id="28" factuality="" modality="" pred="" pos="" aspect="" certainty="" comment="" class="EXISTENCE-CAUSATION" tense="" polarity=""  >
<token_anchor t_id="199"/>
</EVENT_MENTION>
<EVENT_MENTION m_id="60" factuality="" modality="" pred="" pos="" aspect="" certainty="" comment="" class="SPACE-MOVEMENT" tense="" polarity=""  >
<token_anchor t_id="388"/>
</EVENT_MENTION>
<EVENT_MENTION m_id="29" factuality="" modality="" pred="" pos="" aspect="" certainty="" comment="" class="SPACE-MOVEMENT" tense="" polarity=""  >
<token_anchor t_id="202"/>
</EVENT_MENTION>
<EVENT_MENTION m_id="61" factuality="" modality="" pred="" pos="" aspect="" certainty="" comment="" class="SPACE-MOVEMENT" tense="" polarity=""  >
<token_anchor t_id="405"/>
<token_anchor t_id="408"/>
</EVENT_MENTION>
<EVENT_MENTION m_id="30" factuality="" modality="" pred="" pos="" aspect="" certainty="" comment="" class="SPACE-MOVEMENT" tense="" polarity=""  >
<token_anchor t_id="189"/>
</EVENT_MENTION>
<EVENT_MENTION m_id="62" factuality="" modality="" pred="" pos="" aspect="" certainty="" comment="" class="SPACE-MOVEMENT" tense="" polarity=""  >
<token_anchor t_id="410"/>
</EVENT_MENTION>
<EVENT_MENTION m_id="31" factuality="" modality="" pred="" pos="" aspect="" certainty="" comment="" class="COMMUNICATION" tense="" polarity=""  >
<token_anchor t_id="206"/>
</EVENT_MENTION>
<EVENT_MENTION m_id="63" factuality="" modality="" pred="" pos="" aspect="" certainty="" comment="" class="SPACE-MOVEMENT" tense="" polarity=""  >
<token_anchor t_id="394"/>
<token_anchor t_id="395"/>
</EVENT_MENTION>
<EVENT_MENTION m_id="32" factuality="" modality="" pred="" pos="" aspect="" certainty="" comment="" class="EXISTENCE-CAUSATION" tense="" polarity=""  >
<token_anchor t_id="205"/>
</EVENT_MENTION>
<EVENT_MENTION m_id="64" factuality="" modality="" pred="" pos="" aspect="" certainty="" comment="" class="MENTAL" tense="" polarity=""  >
<token_anchor t_id="436"/>
</EVENT_MENTION>


</Markables>

<Relations>
</Relations>
</Document>
