<Document doc_name="Death_Comes_to_Mata_Hari.txt">
<token t_id="1" sentence="0" number="0">October</token>
<token t_id="2" sentence="0" number="1">19</token>
<token t_id="3" sentence="0" number="2">1917</token>
<token t_id="4" sentence="1" number="3">Death</token>
<token t_id="5" sentence="1" number="4">Comes</token>
<token t_id="6" sentence="1" number="5">to</token>
<token t_id="7" sentence="1" number="6">Mata</token>
<token t_id="8" sentence="1" number="7">Hari</token>
<token t_id="9" sentence="2" number="8">Mata</token>
<token t_id="10" sentence="2" number="9">Hari</token>
<token t_id="11" sentence="2" number="10">,</token>
<token t_id="12" sentence="2" number="11">which</token>
<token t_id="13" sentence="2" number="12">is</token>
<token t_id="14" sentence="2" number="13">Javanese</token>
<token t_id="15" sentence="2" number="14">for</token>
<token t_id="16" sentence="2" number="15">Eye-of-the-Morning</token>
<token t_id="17" sentence="2" number="16">,</token>
<token t_id="18" sentence="2" number="17">is</token>
<token t_id="19" sentence="2" number="18">dead</token>
<token t_id="20" sentence="2" number="19">.</token>
<token t_id="21" sentence="3" number="20">She</token>
<token t_id="22" sentence="3" number="21">was</token>
<token t_id="23" sentence="3" number="22">shot</token>
<token t_id="24" sentence="3" number="23">as</token>
<token t_id="25" sentence="3" number="24">a</token>
<token t_id="26" sentence="3" number="25">spy</token>
<token t_id="27" sentence="3" number="26">by</token>
<token t_id="28" sentence="3" number="27">a</token>
<token t_id="29" sentence="3" number="28">firing</token>
<token t_id="30" sentence="3" number="29">squad</token>
<token t_id="31" sentence="3" number="30">of</token>
<token t_id="32" sentence="3" number="31">Zouaves</token>
<token t_id="33" sentence="3" number="32">at</token>
<token t_id="34" sentence="3" number="33">the</token>
<token t_id="35" sentence="3" number="34">Vincennes</token>
<token t_id="36" sentence="3" number="35">Barracks</token>
<token t_id="37" sentence="3" number="36">.</token>
<token t_id="38" sentence="4" number="37">She</token>
<token t_id="39" sentence="4" number="38">died</token>
<token t_id="40" sentence="4" number="39">facing</token>
<token t_id="41" sentence="4" number="40">death</token>
<token t_id="42" sentence="4" number="41">literally</token>
<token t_id="43" sentence="4" number="42">,</token>
<token t_id="44" sentence="4" number="43">for</token>
<token t_id="45" sentence="4" number="44">she</token>
<token t_id="46" sentence="4" number="45">refused</token>
<token t_id="47" sentence="4" number="46">to</token>
<token t_id="48" sentence="4" number="47">be</token>
<token t_id="49" sentence="4" number="48">blindfolded</token>
<token t_id="50" sentence="4" number="49">.</token>
<token t_id="51" sentence="5" number="50">Gertrud</token>
<token t_id="52" sentence="5" number="51">Margarete</token>
<token t_id="53" sentence="5" number="52">Zelle</token>
<token t_id="54" sentence="5" number="53">,</token>
<token t_id="55" sentence="5" number="54">for</token>
<token t_id="56" sentence="5" number="55">that</token>
<token t_id="57" sentence="5" number="56">was</token>
<token t_id="58" sentence="5" number="57">the</token>
<token t_id="59" sentence="5" number="58">real</token>
<token t_id="60" sentence="5" number="59">name</token>
<token t_id="61" sentence="5" number="60">of</token>
<token t_id="62" sentence="5" number="61">the</token>
<token t_id="63" sentence="5" number="62">beautiful</token>
<token t_id="64" sentence="5" number="63">Dutch-Javanese</token>
<token t_id="65" sentence="5" number="64">dancer</token>
<token t_id="66" sentence="5" number="65">,</token>
<token t_id="67" sentence="5" number="66">did</token>
<token t_id="68" sentence="5" number="67">appeal</token>
<token t_id="69" sentence="5" number="68">to</token>
<token t_id="70" sentence="5" number="69">President</token>
<token t_id="71" sentence="5" number="70">Poincaré</token>
<token t_id="72" sentence="5" number="71">for</token>
<token t_id="73" sentence="5" number="72">a</token>
<token t_id="74" sentence="5" number="73">reprieve</token>
<token t_id="75" sentence="5" number="74">,</token>
<token t_id="76" sentence="5" number="75">but</token>
<token t_id="77" sentence="5" number="76">he</token>
<token t_id="78" sentence="5" number="77">refused</token>
<token t_id="79" sentence="5" number="78">to</token>
<token t_id="80" sentence="5" number="79">intervene</token>
<token t_id="81" sentence="5" number="80">.</token>
<token t_id="82" sentence="6" number="81">The</token>
<token t_id="83" sentence="6" number="82">first</token>
<token t_id="84" sentence="6" number="83">intimation</token>
<token t_id="85" sentence="6" number="84">she</token>
<token t_id="86" sentence="6" number="85">received</token>
<token t_id="87" sentence="6" number="86">that</token>
<token t_id="88" sentence="6" number="87">her</token>
<token t_id="89" sentence="6" number="88">plea</token>
<token t_id="90" sentence="6" number="89">had</token>
<token t_id="91" sentence="6" number="90">been</token>
<token t_id="92" sentence="6" number="91">denied</token>
<token t_id="93" sentence="6" number="92">was</token>
<token t_id="94" sentence="6" number="93">when</token>
<token t_id="95" sentence="6" number="94">she</token>
<token t_id="96" sentence="6" number="95">was</token>
<token t_id="97" sentence="6" number="96">led</token>
<token t_id="98" sentence="6" number="97">at</token>
<token t_id="99" sentence="6" number="98">daybreak</token>
<token t_id="100" sentence="6" number="99">from</token>
<token t_id="101" sentence="6" number="100">her</token>
<token t_id="102" sentence="6" number="101">cell</token>
<token t_id="103" sentence="6" number="102">in</token>
<token t_id="104" sentence="6" number="103">the</token>
<token t_id="105" sentence="6" number="104">Saint-Lazare</token>
<token t_id="106" sentence="6" number="105">prison</token>
<token t_id="107" sentence="6" number="106">to</token>
<token t_id="108" sentence="6" number="107">a</token>
<token t_id="109" sentence="6" number="108">waiting</token>
<token t_id="110" sentence="6" number="109">automobile</token>
<token t_id="111" sentence="6" number="110">and</token>
<token t_id="112" sentence="6" number="111">then</token>
<token t_id="113" sentence="6" number="112">rushed</token>
<token t_id="114" sentence="6" number="113">to</token>
<token t_id="115" sentence="6" number="114">the</token>
<token t_id="116" sentence="6" number="115">barracks</token>
<token t_id="117" sentence="6" number="116">where</token>
<token t_id="118" sentence="6" number="117">the</token>
<token t_id="119" sentence="6" number="118">firing</token>
<token t_id="120" sentence="6" number="119">squad</token>
<token t_id="121" sentence="6" number="120">awaited</token>
<token t_id="122" sentence="6" number="121">her</token>
<token t_id="123" sentence="6" number="122">.</token>
<token t_id="124" sentence="7" number="123">Never</token>
<token t_id="125" sentence="7" number="124">once</token>
<token t_id="126" sentence="7" number="125">had</token>
<token t_id="127" sentence="7" number="126">the</token>
<token t_id="128" sentence="7" number="127">iron</token>
<token t_id="129" sentence="7" number="128">will</token>
<token t_id="130" sentence="7" number="129">of</token>
<token t_id="131" sentence="7" number="130">the</token>
<token t_id="132" sentence="7" number="131">the</token>
<token t_id="133" sentence="7" number="132">beautiful</token>
<token t_id="134" sentence="7" number="133">woman</token>
<token t_id="135" sentence="7" number="134">failed</token>
<token t_id="136" sentence="7" number="135">her</token>
<token t_id="137" sentence="7" number="136">.</token>
<token t_id="138" sentence="8" number="137">Father</token>
<token t_id="139" sentence="8" number="138">Arbaux</token>
<token t_id="140" sentence="8" number="139">,</token>
<token t_id="141" sentence="8" number="140">accomapanied</token>
<token t_id="142" sentence="8" number="141">by</token>
<token t_id="143" sentence="8" number="142">two</token>
<token t_id="144" sentence="8" number="143">sisters</token>
<token t_id="145" sentence="8" number="144">of</token>
<token t_id="146" sentence="8" number="145">charity</token>
<token t_id="147" sentence="8" number="146">,</token>
<token t_id="148" sentence="8" number="147">Captain</token>
<token t_id="149" sentence="8" number="148">Bouchardon</token>
<token t_id="150" sentence="8" number="149">,</token>
<token t_id="151" sentence="8" number="150">and</token>
<token t_id="152" sentence="8" number="151">Maître</token>
<token t_id="153" sentence="8" number="152">Clunet</token>
<token t_id="154" sentence="8" number="153">,</token>
<token t_id="155" sentence="8" number="154">her</token>
<token t_id="156" sentence="8" number="155">lawyer</token>
<token t_id="157" sentence="8" number="156">,</token>
<token t_id="158" sentence="8" number="157">entered</token>
<token t_id="159" sentence="8" number="158">her</token>
<token t_id="160" sentence="8" number="159">cell</token>
<token t_id="161" sentence="8" number="160">,</token>
<token t_id="162" sentence="8" number="161">where</token>
<token t_id="163" sentence="8" number="162">she</token>
<token t_id="164" sentence="8" number="163">was</token>
<token t_id="165" sentence="8" number="164">still</token>
<token t_id="166" sentence="8" number="165">sleeping</token>
<token t_id="167" sentence="8" number="166">—</token>
<token t_id="168" sentence="8" number="167">a</token>
<token t_id="169" sentence="8" number="168">calm</token>
<token t_id="170" sentence="8" number="169">,</token>
<token t_id="171" sentence="8" number="170">untroubled</token>
<token t_id="172" sentence="8" number="171">sleep</token>
<token t_id="173" sentence="8" number="172">,</token>
<token t_id="174" sentence="8" number="173">it</token>
<token t_id="175" sentence="8" number="174">was</token>
<token t_id="176" sentence="8" number="175">remarked</token>
<token t_id="177" sentence="8" number="176">by</token>
<token t_id="178" sentence="8" number="177">the</token>
<token t_id="179" sentence="8" number="178">turnkeys</token>
<token t_id="180" sentence="8" number="179">and</token>
<token t_id="181" sentence="8" number="180">trusties</token>
<token t_id="182" sentence="8" number="181">.</token>
<token t_id="183" sentence="9" number="182">The</token>
<token t_id="184" sentence="9" number="183">sisters</token>
<token t_id="185" sentence="9" number="184">gently</token>
<token t_id="186" sentence="9" number="185">shook</token>
<token t_id="187" sentence="9" number="186">her</token>
<token t_id="188" sentence="9" number="187">.</token>
<token t_id="189" sentence="10" number="188">She</token>
<token t_id="190" sentence="10" number="189">arose</token>
<token t_id="191" sentence="10" number="190">and</token>
<token t_id="192" sentence="10" number="191">was</token>
<token t_id="193" sentence="10" number="192">told</token>
<token t_id="194" sentence="10" number="193">that</token>
<token t_id="195" sentence="10" number="194">her</token>
<token t_id="196" sentence="10" number="195">hour</token>
<token t_id="197" sentence="10" number="196">had</token>
<token t_id="198" sentence="10" number="197">come</token>
<token t_id="199" sentence="10" number="198">.</token>
<token t_id="200" sentence="11" number="199">"</token>
<token t_id="201" sentence="11" number="200">May</token>
<token t_id="202" sentence="11" number="201">I</token>
<token t_id="203" sentence="11" number="202">write</token>
<token t_id="204" sentence="11" number="203">two</token>
<token t_id="205" sentence="11" number="204">letters</token>
<token t_id="206" sentence="11" number="205">?</token>
<token t_id="207" sentence="11" number="206">"</token>
<token t_id="208" sentence="11" number="207">was</token>
<token t_id="209" sentence="11" number="208">all</token>
<token t_id="210" sentence="11" number="209">she</token>
<token t_id="211" sentence="11" number="210">asked</token>
<token t_id="212" sentence="11" number="211">.</token>
<token t_id="213" sentence="12" number="212">Consent</token>
<token t_id="214" sentence="12" number="213">was</token>
<token t_id="215" sentence="12" number="214">given</token>
<token t_id="216" sentence="12" number="215">immediately</token>
<token t_id="217" sentence="12" number="216">by</token>
<token t_id="218" sentence="12" number="217">Captain</token>
<token t_id="219" sentence="12" number="218">Bouchardon</token>
<token t_id="220" sentence="12" number="219">,</token>
<token t_id="221" sentence="12" number="220">and</token>
<token t_id="222" sentence="12" number="221">pen</token>
<token t_id="223" sentence="12" number="222">,</token>
<token t_id="224" sentence="12" number="223">ink</token>
<token t_id="225" sentence="12" number="224">,</token>
<token t_id="226" sentence="12" number="225">paper</token>
<token t_id="227" sentence="12" number="226">and</token>
<token t_id="228" sentence="12" number="227">envelopes</token>
<token t_id="229" sentence="12" number="228">were</token>
<token t_id="230" sentence="12" number="229">given</token>
<token t_id="231" sentence="12" number="230">to</token>
<token t_id="232" sentence="12" number="231">her</token>
<token t_id="233" sentence="12" number="232">.</token>
<token t_id="234" sentence="13" number="233">She</token>
<token t_id="235" sentence="13" number="234">seated</token>
<token t_id="236" sentence="13" number="235">herself</token>
<token t_id="237" sentence="13" number="236">at</token>
<token t_id="238" sentence="13" number="237">the</token>
<token t_id="239" sentence="13" number="238">edge</token>
<token t_id="240" sentence="13" number="239">of</token>
<token t_id="241" sentence="13" number="240">the</token>
<token t_id="242" sentence="13" number="241">bed</token>
<token t_id="243" sentence="13" number="242">and</token>
<token t_id="244" sentence="13" number="243">wrote</token>
<token t_id="245" sentence="13" number="244">the</token>
<token t_id="246" sentence="13" number="245">letters</token>
<token t_id="247" sentence="13" number="246">with</token>
<token t_id="248" sentence="13" number="247">feverish</token>
<token t_id="249" sentence="13" number="248">haste</token>
<token t_id="250" sentence="13" number="249">.</token>
<token t_id="251" sentence="14" number="250">She</token>
<token t_id="252" sentence="14" number="251">handed</token>
<token t_id="253" sentence="14" number="252">them</token>
<token t_id="254" sentence="14" number="253">over</token>
<token t_id="255" sentence="14" number="254">to</token>
<token t_id="256" sentence="14" number="255">the</token>
<token t_id="257" sentence="14" number="256">custody</token>
<token t_id="258" sentence="14" number="257">of</token>
<token t_id="259" sentence="14" number="258">her</token>
<token t_id="260" sentence="14" number="259">lawyer</token>
<token t_id="261" sentence="14" number="260">.</token>
<token t_id="262" sentence="15" number="261">Then</token>
<token t_id="263" sentence="15" number="262">she</token>
<token t_id="264" sentence="15" number="263">drew</token>
<token t_id="265" sentence="15" number="264">on</token>
<token t_id="266" sentence="15" number="265">her</token>
<token t_id="267" sentence="15" number="266">stockings</token>
<token t_id="268" sentence="15" number="267">,</token>
<token t_id="269" sentence="15" number="268">black</token>
<token t_id="270" sentence="15" number="269">,</token>
<token t_id="271" sentence="15" number="270">silken</token>
<token t_id="272" sentence="15" number="271">,</token>
<token t_id="273" sentence="15" number="272">filmy</token>
<token t_id="274" sentence="15" number="273">things</token>
<token t_id="275" sentence="15" number="274">,</token>
<token t_id="276" sentence="15" number="275">grotesque</token>
<token t_id="277" sentence="15" number="276">in</token>
<token t_id="278" sentence="15" number="277">the</token>
<token t_id="279" sentence="15" number="278">circumstances</token>
<token t_id="280" sentence="15" number="279">.</token>
<token t_id="281" sentence="16" number="280">She</token>
<token t_id="282" sentence="16" number="281">placed</token>
<token t_id="283" sentence="16" number="282">her</token>
<token t_id="284" sentence="16" number="283">high-heeled</token>
<token t_id="285" sentence="16" number="284">slippers</token>
<token t_id="286" sentence="16" number="285">on</token>
<token t_id="287" sentence="16" number="286">her</token>
<token t_id="288" sentence="16" number="287">feet</token>
<token t_id="289" sentence="16" number="288">and</token>
<token t_id="290" sentence="16" number="289">tied</token>
<token t_id="291" sentence="16" number="290">the</token>
<token t_id="292" sentence="16" number="291">silken</token>
<token t_id="293" sentence="16" number="292">ribbons</token>
<token t_id="294" sentence="16" number="293">over</token>
<token t_id="295" sentence="16" number="294">her</token>
<token t_id="296" sentence="16" number="295">insteps</token>
<token t_id="297" sentence="16" number="296">.</token>
<token t_id="298" sentence="17" number="297">She</token>
<token t_id="299" sentence="17" number="298">arose</token>
<token t_id="300" sentence="17" number="299">and</token>
<token t_id="301" sentence="17" number="300">took</token>
<token t_id="302" sentence="17" number="301">the</token>
<token t_id="303" sentence="17" number="302">long</token>
<token t_id="304" sentence="17" number="303">black</token>
<token t_id="305" sentence="17" number="304">velvet</token>
<token t_id="306" sentence="17" number="305">cloak</token>
<token t_id="307" sentence="17" number="306">,</token>
<token t_id="308" sentence="17" number="307">edged</token>
<token t_id="309" sentence="17" number="308">around</token>
<token t_id="310" sentence="17" number="309">the</token>
<token t_id="311" sentence="17" number="310">bottom</token>
<token t_id="312" sentence="17" number="311">with</token>
<token t_id="313" sentence="17" number="312">fur</token>
<token t_id="314" sentence="17" number="313">and</token>
<token t_id="315" sentence="17" number="314">with</token>
<token t_id="316" sentence="17" number="315">a</token>
<token t_id="317" sentence="17" number="316">huge</token>
<token t_id="318" sentence="17" number="317">square</token>
<token t_id="319" sentence="17" number="318">fur</token>
<token t_id="320" sentence="17" number="319">collar</token>
<token t_id="321" sentence="17" number="320">hanging</token>
<token t_id="322" sentence="17" number="321">down</token>
<token t_id="323" sentence="17" number="322">the</token>
<token t_id="324" sentence="17" number="323">back</token>
<token t_id="325" sentence="17" number="324">,</token>
<token t_id="326" sentence="17" number="325">from</token>
<token t_id="327" sentence="17" number="326">a</token>
<token t_id="328" sentence="17" number="327">hook</token>
<token t_id="329" sentence="17" number="328">over</token>
<token t_id="330" sentence="17" number="329">the</token>
<token t_id="331" sentence="17" number="330">head</token>
<token t_id="332" sentence="17" number="331">of</token>
<token t_id="333" sentence="17" number="332">her</token>
<token t_id="334" sentence="17" number="333">bed</token>
<token t_id="335" sentence="17" number="334">.</token>
<token t_id="336" sentence="18" number="335">she</token>
<token t_id="337" sentence="18" number="336">placed</token>
<token t_id="338" sentence="18" number="337">this</token>
<token t_id="339" sentence="18" number="338">cloak</token>
<token t_id="340" sentence="18" number="339">over</token>
<token t_id="341" sentence="18" number="340">the</token>
<token t_id="342" sentence="18" number="341">heavy</token>
<token t_id="343" sentence="18" number="342">silk</token>
<token t_id="344" sentence="18" number="343">kimono</token>
<token t_id="345" sentence="18" number="344">which</token>
<token t_id="346" sentence="18" number="345">she</token>
<token t_id="347" sentence="18" number="346">had</token>
<token t_id="348" sentence="18" number="347">been</token>
<token t_id="349" sentence="18" number="348">wearing</token>
<token t_id="350" sentence="18" number="349">over</token>
<token t_id="351" sentence="18" number="350">her</token>
<token t_id="352" sentence="18" number="351">nightdress</token>
<token t_id="353" sentence="18" number="352">.</token>
<token t_id="354" sentence="19" number="353">Her</token>
<token t_id="355" sentence="19" number="354">wealth</token>
<token t_id="356" sentence="19" number="355">of</token>
<token t_id="357" sentence="19" number="356">black</token>
<token t_id="358" sentence="19" number="357">hair</token>
<token t_id="359" sentence="19" number="358">was</token>
<token t_id="360" sentence="19" number="359">still</token>
<token t_id="361" sentence="19" number="360">coiled</token>
<token t_id="362" sentence="19" number="361">about</token>
<token t_id="363" sentence="19" number="362">her</token>
<token t_id="364" sentence="19" number="363">head</token>
<token t_id="365" sentence="19" number="364">in</token>
<token t_id="366" sentence="19" number="365">braids</token>
<token t_id="367" sentence="19" number="366">.</token>
<token t_id="368" sentence="20" number="367">She</token>
<token t_id="369" sentence="20" number="368">put</token>
<token t_id="370" sentence="20" number="369">on</token>
<token t_id="371" sentence="20" number="370">a</token>
<token t_id="372" sentence="20" number="371">large</token>
<token t_id="373" sentence="20" number="372">,</token>
<token t_id="374" sentence="20" number="373">flapping</token>
<token t_id="375" sentence="20" number="374">black</token>
<token t_id="376" sentence="20" number="375">felt</token>
<token t_id="377" sentence="20" number="376">hat</token>
<token t_id="378" sentence="20" number="377">with</token>
<token t_id="379" sentence="20" number="378">a</token>
<token t_id="380" sentence="20" number="379">black</token>
<token t_id="381" sentence="20" number="380">silk</token>
<token t_id="382" sentence="20" number="381">ribbon</token>
<token t_id="383" sentence="20" number="382">and</token>
<token t_id="384" sentence="20" number="383">bow</token>
<token t_id="385" sentence="20" number="384">.</token>
<token t_id="386" sentence="21" number="385">Slowly</token>
<token t_id="387" sentence="21" number="386">and</token>
<token t_id="388" sentence="21" number="387">indifferently</token>
<token t_id="389" sentence="21" number="388">,</token>
<token t_id="390" sentence="21" number="389">it</token>
<token t_id="391" sentence="21" number="390">seemed</token>
<token t_id="392" sentence="21" number="391">,</token>
<token t_id="393" sentence="21" number="392">she</token>
<token t_id="394" sentence="21" number="393">pulled</token>
<token t_id="395" sentence="21" number="394">on</token>
<token t_id="396" sentence="21" number="395">a</token>
<token t_id="397" sentence="21" number="396">pair</token>
<token t_id="398" sentence="21" number="397">of</token>
<token t_id="399" sentence="21" number="398">black</token>
<token t_id="400" sentence="21" number="399">kid</token>
<token t_id="401" sentence="21" number="400">gloves</token>
<token t_id="402" sentence="21" number="401">.</token>
<token t_id="403" sentence="22" number="402">Then</token>
<token t_id="404" sentence="22" number="403">she</token>
<token t_id="405" sentence="22" number="404">said</token>
<token t_id="406" sentence="22" number="405">calmly</token>
<token t_id="407" sentence="22" number="406">:</token>
<token t_id="408" sentence="22" number="407">"</token>
<token t_id="409" sentence="22" number="408">I</token>
<token t_id="410" sentence="22" number="409">am</token>
<token t_id="411" sentence="22" number="410">ready</token>
<token t_id="412" sentence="22" number="411">.</token>
<token t_id="413" sentence="22" number="412">"</token>
<token t_id="414" sentence="23" number="413">The</token>
<token t_id="415" sentence="23" number="414">party</token>
<token t_id="416" sentence="23" number="415">slowly</token>
<token t_id="417" sentence="23" number="416">filed</token>
<token t_id="418" sentence="23" number="417">out</token>
<token t_id="419" sentence="23" number="418">of</token>
<token t_id="420" sentence="23" number="419">her</token>
<token t_id="421" sentence="23" number="420">cell</token>
<token t_id="422" sentence="23" number="421">to</token>
<token t_id="423" sentence="23" number="422">the</token>
<token t_id="424" sentence="23" number="423">waiting</token>
<token t_id="425" sentence="23" number="424">automobile</token>
<token t_id="426" sentence="23" number="425">.</token>
<token t_id="427" sentence="24" number="426">The</token>
<token t_id="428" sentence="24" number="427">car</token>
<token t_id="429" sentence="24" number="428">sped</token>
<token t_id="430" sentence="24" number="429">through</token>
<token t_id="431" sentence="24" number="430">the</token>
<token t_id="432" sentence="24" number="431">heart</token>
<token t_id="433" sentence="24" number="432">of</token>
<token t_id="434" sentence="24" number="433">the</token>
<token t_id="435" sentence="24" number="434">sleeping</token>
<token t_id="436" sentence="24" number="435">city</token>
<token t_id="437" sentence="24" number="436">.</token>
<token t_id="438" sentence="25" number="437">It</token>
<token t_id="439" sentence="25" number="438">was</token>
<token t_id="440" sentence="25" number="439">scarcely</token>
<token t_id="441" sentence="25" number="440">half</token>
<token t_id="442" sentence="25" number="441">past</token>
<token t_id="443" sentence="25" number="442">five</token>
<token t_id="444" sentence="25" number="443">in</token>
<token t_id="445" sentence="25" number="444">the</token>
<token t_id="446" sentence="25" number="445">morning</token>
<token t_id="447" sentence="25" number="446">and</token>
<token t_id="448" sentence="25" number="447">the</token>
<token t_id="449" sentence="25" number="448">sun</token>
<token t_id="450" sentence="25" number="449">was</token>
<token t_id="451" sentence="25" number="450">not</token>
<token t_id="452" sentence="25" number="451">yet</token>
<token t_id="453" sentence="25" number="452">fully</token>
<token t_id="454" sentence="25" number="453">up</token>
<token t_id="455" sentence="25" number="454">.</token>
<token t_id="456" sentence="26" number="455">Clear</token>
<token t_id="457" sentence="26" number="456">across</token>
<token t_id="458" sentence="26" number="457">Paris</token>
<token t_id="459" sentence="26" number="458">the</token>
<token t_id="460" sentence="26" number="459">car</token>
<token t_id="461" sentence="26" number="460">whirled</token>
<token t_id="462" sentence="26" number="461">the</token>
<token t_id="463" sentence="26" number="462">Caserne</token>
<token t_id="464" sentence="26" number="463">de</token>
<token t_id="465" sentence="26" number="464">Vincennes</token>
<token t_id="466" sentence="26" number="465">,</token>
<token t_id="467" sentence="26" number="466">the</token>
<token t_id="468" sentence="26" number="467">barracks</token>
<token t_id="469" sentence="26" number="468">of</token>
<token t_id="470" sentence="26" number="469">the</token>
<token t_id="471" sentence="26" number="470">old</token>
<token t_id="472" sentence="26" number="471">fort</token>
<token t_id="473" sentence="26" number="472">which</token>
<token t_id="474" sentence="26" number="473">the</token>
<token t_id="475" sentence="26" number="474">Germans</token>
<token t_id="476" sentence="26" number="475">stormed</token>
<token t_id="477" sentence="26" number="476">in</token>
<token t_id="478" sentence="26" number="477">1870</token>
<token t_id="479" sentence="26" number="478">.</token>
<token t_id="480" sentence="27" number="479">The</token>
<token t_id="481" sentence="27" number="480">troops</token>
<token t_id="482" sentence="27" number="481">were</token>
<token t_id="483" sentence="27" number="482">already</token>
<token t_id="484" sentence="27" number="483">drawn</token>
<token t_id="485" sentence="27" number="484">up</token>
<token t_id="486" sentence="27" number="485">for</token>
<token t_id="487" sentence="27" number="486">the</token>
<token t_id="488" sentence="27" number="487">execution</token>
<token t_id="489" sentence="27" number="488">.</token>
<token t_id="490" sentence="28" number="489">The</token>
<token t_id="491" sentence="28" number="490">twelve</token>
<token t_id="492" sentence="28" number="491">Zouaves</token>
<token t_id="493" sentence="28" number="492">,</token>
<token t_id="494" sentence="28" number="493">forming</token>
<token t_id="495" sentence="28" number="494">the</token>
<token t_id="496" sentence="28" number="495">firing</token>
<token t_id="497" sentence="28" number="496">squad</token>
<token t_id="498" sentence="28" number="497">,</token>
<token t_id="499" sentence="28" number="498">stood</token>
<token t_id="500" sentence="28" number="499">in</token>
<token t_id="501" sentence="28" number="500">line</token>
<token t_id="502" sentence="28" number="501">,</token>
<token t_id="503" sentence="28" number="502">their</token>
<token t_id="504" sentence="28" number="503">rifles</token>
<token t_id="505" sentence="28" number="504">at</token>
<token t_id="506" sentence="28" number="505">ease</token>
<token t_id="507" sentence="28" number="506">.</token>
<token t_id="508" sentence="29" number="507">A</token>
<token t_id="509" sentence="29" number="508">subofficer</token>
<token t_id="510" sentence="29" number="509">stood</token>
<token t_id="511" sentence="29" number="510">behind</token>
<token t_id="512" sentence="29" number="511">them</token>
<token t_id="513" sentence="29" number="512">,</token>
<token t_id="514" sentence="29" number="513">sword</token>
<token t_id="515" sentence="29" number="514">drawn</token>
<token t_id="516" sentence="29" number="515">.</token>
<token t_id="517" sentence="30" number="516">The</token>
<token t_id="518" sentence="30" number="517">automobile</token>
<token t_id="519" sentence="30" number="518">stopped</token>
<token t_id="520" sentence="30" number="519">,</token>
<token t_id="521" sentence="30" number="520">and</token>
<token t_id="522" sentence="30" number="521">the</token>
<token t_id="523" sentence="30" number="522">party</token>
<token t_id="524" sentence="30" number="523">descended</token>
<token t_id="525" sentence="30" number="524">,</token>
<token t_id="526" sentence="30" number="525">Mata</token>
<token t_id="527" sentence="30" number="526">Hari</token>
<token t_id="528" sentence="30" number="527">last</token>
<token t_id="529" sentence="30" number="528">.</token>
<token t_id="530" sentence="31" number="529">The</token>
<token t_id="531" sentence="31" number="530">party</token>
<token t_id="532" sentence="31" number="531">walked</token>
<token t_id="533" sentence="31" number="532">straight</token>
<token t_id="534" sentence="31" number="533">to</token>
<token t_id="535" sentence="31" number="534">the</token>
<token t_id="536" sentence="31" number="535">spot</token>
<token t_id="537" sentence="31" number="536">,</token>
<token t_id="538" sentence="31" number="537">where</token>
<token t_id="539" sentence="31" number="538">a</token>
<token t_id="540" sentence="31" number="539">little</token>
<token t_id="541" sentence="31" number="540">hummock</token>
<token t_id="542" sentence="31" number="541">of</token>
<token t_id="543" sentence="31" number="542">earth</token>
<token t_id="544" sentence="31" number="543">reared</token>
<token t_id="545" sentence="31" number="544">itself</token>
<token t_id="546" sentence="31" number="545">seven</token>
<token t_id="547" sentence="31" number="546">or</token>
<token t_id="548" sentence="31" number="547">eight</token>
<token t_id="549" sentence="31" number="548">feet</token>
<token t_id="550" sentence="31" number="549">high</token>
<token t_id="551" sentence="31" number="550">and</token>
<token t_id="552" sentence="31" number="551">afforded</token>
<token t_id="553" sentence="31" number="552">a</token>
<token t_id="554" sentence="31" number="553">background</token>
<token t_id="555" sentence="31" number="554">for</token>
<token t_id="556" sentence="31" number="555">such</token>
<token t_id="557" sentence="31" number="556">bullets</token>
<token t_id="558" sentence="31" number="557">as</token>
<token t_id="559" sentence="31" number="558">might</token>
<token t_id="560" sentence="31" number="559">miss</token>
<token t_id="561" sentence="31" number="560">the</token>
<token t_id="562" sentence="31" number="561">human</token>
<token t_id="563" sentence="31" number="562">target</token>
<token t_id="564" sentence="31" number="563">.</token>
<token t_id="565" sentence="32" number="564">As</token>
<token t_id="566" sentence="32" number="565">Father</token>
<token t_id="567" sentence="32" number="566">Arbaux</token>
<token t_id="568" sentence="32" number="567">spoke</token>
<token t_id="569" sentence="32" number="568">with</token>
<token t_id="570" sentence="32" number="569">the</token>
<token t_id="571" sentence="32" number="570">condemned</token>
<token t_id="572" sentence="32" number="571">woman</token>
<token t_id="573" sentence="32" number="572">,</token>
<token t_id="574" sentence="32" number="573">a</token>
<token t_id="575" sentence="32" number="574">French</token>
<token t_id="576" sentence="32" number="575">officer</token>
<token t_id="577" sentence="32" number="576">approached</token>
<token t_id="578" sentence="32" number="577">,</token>
<token t_id="579" sentence="32" number="578">carrying</token>
<token t_id="580" sentence="32" number="579">a</token>
<token t_id="581" sentence="32" number="580">white</token>
<token t_id="582" sentence="32" number="581">cloth</token>
<token t_id="583" sentence="32" number="582">.</token>
<token t_id="584" sentence="33" number="583">"</token>
<token t_id="585" sentence="33" number="584">The</token>
<token t_id="586" sentence="33" number="585">blindfold</token>
<token t_id="587" sentence="33" number="586">,</token>
<token t_id="588" sentence="33" number="587">"</token>
<token t_id="589" sentence="33" number="588">he</token>
<token t_id="590" sentence="33" number="589">whispered</token>
<token t_id="591" sentence="33" number="590">to</token>
<token t_id="592" sentence="33" number="591">the</token>
<token t_id="593" sentence="33" number="592">nuns</token>
<token t_id="594" sentence="33" number="593">who</token>
<token t_id="595" sentence="33" number="594">stood</token>
<token t_id="596" sentence="33" number="595">there</token>
<token t_id="597" sentence="33" number="596">and</token>
<token t_id="598" sentence="33" number="597">handed</token>
<token t_id="599" sentence="33" number="598">it</token>
<token t_id="600" sentence="33" number="599">to</token>
<token t_id="601" sentence="33" number="600">them</token>
<token t_id="602" sentence="33" number="601">.</token>
<token t_id="603" sentence="34" number="602">"</token>
<token t_id="604" sentence="34" number="603">Must</token>
<token t_id="605" sentence="34" number="604">I</token>
<token t_id="606" sentence="34" number="605">wear</token>
<token t_id="607" sentence="34" number="606">that</token>
<token t_id="608" sentence="34" number="607">?</token>
<token t_id="609" sentence="34" number="608">"</token>
<token t_id="610" sentence="34" number="609">asked</token>
<token t_id="611" sentence="34" number="610">Mata</token>
<token t_id="612" sentence="34" number="611">hari</token>
<token t_id="613" sentence="34" number="612">,</token>
<token t_id="614" sentence="34" number="613">turning</token>
<token t_id="615" sentence="34" number="614">to</token>
<token t_id="616" sentence="34" number="615">her</token>
<token t_id="617" sentence="34" number="616">lawyer</token>
<token t_id="618" sentence="34" number="617">,</token>
<token t_id="619" sentence="34" number="618">as</token>
<token t_id="620" sentence="34" number="619">her</token>
<token t_id="621" sentence="34" number="620">eyes</token>
<token t_id="622" sentence="34" number="621">glimpsed</token>
<token t_id="623" sentence="34" number="622">the</token>
<token t_id="624" sentence="34" number="623">blindfold</token>
<token t_id="625" sentence="34" number="624">.</token>
<token t_id="626" sentence="35" number="625">Maître</token>
<token t_id="627" sentence="35" number="626">Cluent</token>
<token t_id="628" sentence="35" number="627">turned</token>
<token t_id="629" sentence="35" number="628">interrogatively</token>
<token t_id="630" sentence="35" number="629">to</token>
<token t_id="631" sentence="35" number="630">the</token>
<token t_id="632" sentence="35" number="631">French</token>
<token t_id="633" sentence="35" number="632">officer</token>
<token t_id="634" sentence="35" number="633">.</token>
<token t_id="635" sentence="36" number="634">"</token>
<token t_id="636" sentence="36" number="635">If</token>
<token t_id="637" sentence="36" number="636">Madame</token>
<token t_id="638" sentence="36" number="637">prefers</token>
<token t_id="639" sentence="36" number="638">not</token>
<token t_id="640" sentence="36" number="639">,</token>
<token t_id="641" sentence="36" number="640">it</token>
<token t_id="642" sentence="36" number="641">makes</token>
<token t_id="643" sentence="36" number="642">no</token>
<token t_id="644" sentence="36" number="643">difference</token>
<token t_id="645" sentence="36" number="644">,</token>
<token t_id="646" sentence="36" number="645">"</token>
<token t_id="647" sentence="36" number="646">replied</token>
<token t_id="648" sentence="36" number="647">the</token>
<token t_id="649" sentence="36" number="648">officer</token>
<token t_id="650" sentence="36" number="649">,</token>
<token t_id="651" sentence="36" number="650">hurriedly</token>
<token t_id="652" sentence="36" number="651">turning</token>
<token t_id="653" sentence="36" number="652">away</token>
<token t_id="654" sentence="36" number="653">.</token>
<token t_id="655" sentence="37" number="654">Mata</token>
<token t_id="656" sentence="37" number="655">Hari</token>
<token t_id="657" sentence="37" number="656">was</token>
<token t_id="658" sentence="37" number="657">not</token>
<token t_id="659" sentence="37" number="658">bound</token>
<token t_id="660" sentence="37" number="659">and</token>
<token t_id="661" sentence="37" number="660">she</token>
<token t_id="662" sentence="37" number="661">was</token>
<token t_id="663" sentence="37" number="662">not</token>
<token t_id="664" sentence="37" number="663">blindfolded</token>
<token t_id="665" sentence="37" number="664">.</token>
<token t_id="666" sentence="38" number="665">She</token>
<token t_id="667" sentence="38" number="666">stood</token>
<token t_id="668" sentence="38" number="667">gazing</token>
<token t_id="669" sentence="38" number="668">steadfastly</token>
<token t_id="670" sentence="38" number="669">at</token>
<token t_id="671" sentence="38" number="670">her</token>
<token t_id="672" sentence="38" number="671">executioners</token>
<token t_id="673" sentence="38" number="672">,</token>
<token t_id="674" sentence="38" number="673">when</token>
<token t_id="675" sentence="38" number="674">the</token>
<token t_id="676" sentence="38" number="675">priest</token>
<token t_id="677" sentence="38" number="676">,</token>
<token t_id="678" sentence="38" number="677">the</token>
<token t_id="679" sentence="38" number="678">nuns</token>
<token t_id="680" sentence="38" number="679">,</token>
<token t_id="681" sentence="38" number="680">and</token>
<token t_id="682" sentence="38" number="681">her</token>
<token t_id="683" sentence="38" number="682">lawyer</token>
<token t_id="684" sentence="38" number="683">stepped</token>
<token t_id="685" sentence="38" number="684">away</token>
<token t_id="686" sentence="38" number="685">from</token>
<token t_id="687" sentence="38" number="686">her</token>
<token t_id="688" sentence="38" number="687">.</token>
<token t_id="689" sentence="39" number="688">The</token>
<token t_id="690" sentence="39" number="689">officer</token>
<token t_id="691" sentence="39" number="690">in</token>
<token t_id="692" sentence="39" number="691">command</token>
<token t_id="693" sentence="39" number="692">of</token>
<token t_id="694" sentence="39" number="693">the</token>
<token t_id="695" sentence="39" number="694">firing</token>
<token t_id="696" sentence="39" number="695">squad</token>
<token t_id="697" sentence="39" number="696">,</token>
<token t_id="698" sentence="39" number="697">who</token>
<token t_id="699" sentence="39" number="698">had</token>
<token t_id="700" sentence="39" number="699">been</token>
<token t_id="701" sentence="39" number="700">watching</token>
<token t_id="702" sentence="39" number="701">his</token>
<token t_id="703" sentence="39" number="702">men</token>
<token t_id="704" sentence="39" number="703">like</token>
<token t_id="705" sentence="39" number="704">a</token>
<token t_id="706" sentence="39" number="705">hawk</token>
<token t_id="707" sentence="39" number="706">that</token>
<token t_id="708" sentence="39" number="707">none</token>
<token t_id="709" sentence="39" number="708">might</token>
<token t_id="710" sentence="39" number="709">examine</token>
<token t_id="711" sentence="39" number="710">his</token>
<token t_id="712" sentence="39" number="711">rifle</token>
<token t_id="713" sentence="39" number="712">and</token>
<token t_id="714" sentence="39" number="713">try</token>
<token t_id="715" sentence="39" number="714">to</token>
<token t_id="716" sentence="39" number="715">find</token>
<token t_id="717" sentence="39" number="716">out</token>
<token t_id="718" sentence="39" number="717">whether</token>
<token t_id="719" sentence="39" number="718">he</token>
<token t_id="720" sentence="39" number="719">was</token>
<token t_id="721" sentence="39" number="720">destined</token>
<token t_id="722" sentence="39" number="721">to</token>
<token t_id="723" sentence="39" number="722">fire</token>
<token t_id="724" sentence="39" number="723">the</token>
<token t_id="725" sentence="39" number="724">blank</token>
<token t_id="726" sentence="39" number="725">cartridge</token>
<token t_id="727" sentence="39" number="726">which</token>
<token t_id="728" sentence="39" number="727">was</token>
<token t_id="729" sentence="39" number="728">in</token>
<token t_id="730" sentence="39" number="729">the</token>
<token t_id="731" sentence="39" number="730">breech</token>
<token t_id="732" sentence="39" number="731">of</token>
<token t_id="733" sentence="39" number="732">one</token>
<token t_id="734" sentence="39" number="733">rifle</token>
<token t_id="735" sentence="39" number="734">,</token>
<token t_id="736" sentence="39" number="735">seemed</token>
<token t_id="737" sentence="39" number="736">relieved</token>
<token t_id="738" sentence="39" number="737">that</token>
<token t_id="739" sentence="39" number="738">the</token>
<token t_id="740" sentence="39" number="739">business</token>
<token t_id="741" sentence="39" number="740">would</token>
<token t_id="742" sentence="39" number="741">soon</token>
<token t_id="743" sentence="39" number="742">be</token>
<token t_id="744" sentence="39" number="743">over</token>
<token t_id="745" sentence="39" number="744">.</token>
<token t_id="746" sentence="40" number="745">A</token>
<token t_id="747" sentence="40" number="746">sharp</token>
<token t_id="748" sentence="40" number="747">,</token>
<token t_id="749" sentence="40" number="748">crackling</token>
<token t_id="750" sentence="40" number="749">command</token>
<token t_id="751" sentence="40" number="750">,</token>
<token t_id="752" sentence="40" number="751">and</token>
<token t_id="753" sentence="40" number="752">the</token>
<token t_id="754" sentence="40" number="753">file</token>
<token t_id="755" sentence="40" number="754">of</token>
<token t_id="756" sentence="40" number="755">twelve</token>
<token t_id="757" sentence="40" number="756">men</token>
<token t_id="758" sentence="40" number="757">assumed</token>
<token t_id="759" sentence="40" number="758">rigid</token>
<token t_id="760" sentence="40" number="759">positions</token>
<token t_id="761" sentence="40" number="760">at</token>
<token t_id="762" sentence="40" number="761">attention</token>
<token t_id="763" sentence="40" number="762">.</token>
<token t_id="764" sentence="41" number="763">Another</token>
<token t_id="765" sentence="41" number="764">command</token>
<token t_id="766" sentence="41" number="765">,</token>
<token t_id="767" sentence="41" number="766">and</token>
<token t_id="768" sentence="41" number="767">their</token>
<token t_id="769" sentence="41" number="768">rifles</token>
<token t_id="770" sentence="41" number="769">were</token>
<token t_id="771" sentence="41" number="770">at</token>
<token t_id="772" sentence="41" number="771">their</token>
<token t_id="773" sentence="41" number="772">shoulders</token>
<token t_id="774" sentence="41" number="773">;</token>
<token t_id="775" sentence="41" number="774">each</token>
<token t_id="776" sentence="41" number="775">man</token>
<token t_id="777" sentence="41" number="776">gazed</token>
<token t_id="778" sentence="41" number="777">down</token>
<token t_id="779" sentence="41" number="778">his</token>
<token t_id="780" sentence="41" number="779">barrel</token>
<token t_id="781" sentence="41" number="780">at</token>
<token t_id="782" sentence="41" number="781">the</token>
<token t_id="783" sentence="41" number="782">breast</token>
<token t_id="784" sentence="41" number="783">of</token>
<token t_id="785" sentence="41" number="784">the</token>
<token t_id="786" sentence="41" number="785">woman</token>
<token t_id="787" sentence="41" number="786">which</token>
<token t_id="788" sentence="41" number="787">was</token>
<token t_id="789" sentence="41" number="788">the</token>
<token t_id="790" sentence="41" number="789">target</token>
<token t_id="791" sentence="41" number="790">.</token>
<token t_id="792" sentence="42" number="791">She</token>
<token t_id="793" sentence="42" number="792">did</token>
<token t_id="794" sentence="42" number="793">not</token>
<token t_id="795" sentence="42" number="794">move</token>
<token t_id="796" sentence="42" number="795">a</token>
<token t_id="797" sentence="42" number="796">muscle</token>
<token t_id="798" sentence="42" number="797">.</token>
<token t_id="799" sentence="43" number="798">The</token>
<token t_id="800" sentence="43" number="799">underofficer</token>
<token t_id="801" sentence="43" number="800">in</token>
<token t_id="802" sentence="43" number="801">charge</token>
<token t_id="803" sentence="43" number="802">had</token>
<token t_id="804" sentence="43" number="803">moved</token>
<token t_id="805" sentence="43" number="804">to</token>
<token t_id="806" sentence="43" number="805">a</token>
<token t_id="807" sentence="43" number="806">position</token>
<token t_id="808" sentence="43" number="807">where</token>
<token t_id="809" sentence="43" number="808">from</token>
<token t_id="810" sentence="43" number="809">the</token>
<token t_id="811" sentence="43" number="810">corners</token>
<token t_id="812" sentence="43" number="811">of</token>
<token t_id="813" sentence="43" number="812">their</token>
<token t_id="814" sentence="43" number="813">eyes</token>
<token t_id="815" sentence="43" number="814">they</token>
<token t_id="816" sentence="43" number="815">could</token>
<token t_id="817" sentence="43" number="816">see</token>
<token t_id="818" sentence="43" number="817">him</token>
<token t_id="819" sentence="43" number="818">.</token>
<token t_id="820" sentence="44" number="819">His</token>
<token t_id="821" sentence="44" number="820">sword</token>
<token t_id="822" sentence="44" number="821">was</token>
<token t_id="823" sentence="44" number="822">etended</token>
<token t_id="824" sentence="44" number="823">in</token>
<token t_id="825" sentence="44" number="824">the</token>
<token t_id="826" sentence="44" number="825">air</token>
<token t_id="827" sentence="44" number="826">.</token>
<token t_id="828" sentence="45" number="827">It</token>
<token t_id="829" sentence="45" number="828">dropped</token>
<token t_id="830" sentence="45" number="829">.</token>
<token t_id="831" sentence="46" number="830">The</token>
<token t_id="832" sentence="46" number="831">sun</token>
<token t_id="833" sentence="46" number="832">—</token>
<token t_id="834" sentence="46" number="833">by</token>
<token t_id="835" sentence="46" number="834">this</token>
<token t_id="836" sentence="46" number="835">time</token>
<token t_id="837" sentence="46" number="836">up</token>
<token t_id="838" sentence="46" number="837">—</token>
<token t_id="839" sentence="46" number="838">flashed</token>
<token t_id="840" sentence="46" number="839">on</token>
<token t_id="841" sentence="46" number="840">the</token>
<token t_id="842" sentence="46" number="841">burnished</token>
<token t_id="843" sentence="46" number="842">blade</token>
<token t_id="844" sentence="46" number="843">as</token>
<token t_id="845" sentence="46" number="844">it</token>
<token t_id="846" sentence="46" number="845">described</token>
<token t_id="847" sentence="46" number="846">an</token>
<token t_id="848" sentence="46" number="847">arc</token>
<token t_id="849" sentence="46" number="848">in</token>
<token t_id="850" sentence="46" number="849">falling</token>
<token t_id="851" sentence="46" number="850">.</token>
<token t_id="852" sentence="47" number="851">Simultaneously</token>
<token t_id="853" sentence="47" number="852">the</token>
<token t_id="854" sentence="47" number="853">sound</token>
<token t_id="855" sentence="47" number="854">of</token>
<token t_id="856" sentence="47" number="855">the</token>
<token t_id="857" sentence="47" number="856">volley</token>
<token t_id="858" sentence="47" number="857">rang</token>
<token t_id="859" sentence="47" number="858">out</token>
<token t_id="860" sentence="47" number="859">.</token>
<token t_id="861" sentence="48" number="860">Flame</token>
<token t_id="862" sentence="48" number="861">and</token>
<token t_id="863" sentence="48" number="862">a</token>
<token t_id="864" sentence="48" number="863">tiny</token>
<token t_id="865" sentence="48" number="864">puff</token>
<token t_id="866" sentence="48" number="865">of</token>
<token t_id="867" sentence="48" number="866">greyish</token>
<token t_id="868" sentence="48" number="867">smoke</token>
<token t_id="869" sentence="48" number="868">issued</token>
<token t_id="870" sentence="48" number="869">from</token>
<token t_id="871" sentence="48" number="870">the</token>
<token t_id="872" sentence="48" number="871">muzzle</token>
<token t_id="873" sentence="48" number="872">of</token>
<token t_id="874" sentence="48" number="873">each</token>
<token t_id="875" sentence="48" number="874">rifle</token>
<token t_id="876" sentence="48" number="875">.</token>
<token t_id="877" sentence="49" number="876">Automatically</token>
<token t_id="878" sentence="49" number="877">the</token>
<token t_id="879" sentence="49" number="878">men</token>
<token t_id="880" sentence="49" number="879">dropped</token>
<token t_id="881" sentence="49" number="880">their</token>
<token t_id="882" sentence="49" number="881">arms</token>
<token t_id="883" sentence="49" number="882">.</token>
<token t_id="884" sentence="50" number="883">At</token>
<token t_id="885" sentence="50" number="884">the</token>
<token t_id="886" sentence="50" number="885">report</token>
<token t_id="887" sentence="50" number="886">Mata</token>
<token t_id="888" sentence="50" number="887">Hari</token>
<token t_id="889" sentence="50" number="888">fell</token>
<token t_id="890" sentence="50" number="889">.</token>
<token t_id="891" sentence="51" number="890">She</token>
<token t_id="892" sentence="51" number="891">did</token>
<token t_id="893" sentence="51" number="892">not</token>
<token t_id="894" sentence="51" number="893">die</token>
<token t_id="895" sentence="51" number="894">as</token>
<token t_id="896" sentence="51" number="895">actors</token>
<token t_id="897" sentence="51" number="896">and</token>
<token t_id="898" sentence="51" number="897">moving-picture</token>
<token t_id="899" sentence="51" number="898">stars</token>
<token t_id="900" sentence="51" number="899">would</token>
<token t_id="901" sentence="51" number="900">have</token>
<token t_id="902" sentence="51" number="901">us</token>
<token t_id="903" sentence="51" number="902">believe</token>
<token t_id="904" sentence="51" number="903">that</token>
<token t_id="905" sentence="51" number="904">people</token>
<token t_id="906" sentence="51" number="905">die</token>
<token t_id="907" sentence="51" number="906">when</token>
<token t_id="908" sentence="51" number="907">they</token>
<token t_id="909" sentence="51" number="908">are</token>
<token t_id="910" sentence="51" number="909">shot</token>
<token t_id="911" sentence="51" number="910">.</token>
<token t_id="912" sentence="52" number="911">She</token>
<token t_id="913" sentence="52" number="912">did</token>
<token t_id="914" sentence="52" number="913">not</token>
<token t_id="915" sentence="52" number="914">throw</token>
<token t_id="916" sentence="52" number="915">up</token>
<token t_id="917" sentence="52" number="916">her</token>
<token t_id="918" sentence="52" number="917">hands</token>
<token t_id="919" sentence="52" number="918">nor</token>
<token t_id="920" sentence="52" number="919">did</token>
<token t_id="921" sentence="52" number="920">she</token>
<token t_id="922" sentence="52" number="921">plunge</token>
<token t_id="923" sentence="52" number="922">straight</token>
<token t_id="924" sentence="52" number="923">forward</token>
<token t_id="925" sentence="52" number="924">or</token>
<token t_id="926" sentence="52" number="925">straight</token>
<token t_id="927" sentence="52" number="926">back</token>
<token t_id="928" sentence="52" number="927">.</token>
<token t_id="929" sentence="53" number="928">Instead</token>
<token t_id="930" sentence="53" number="929">she</token>
<token t_id="931" sentence="53" number="930">seemed</token>
<token t_id="932" sentence="53" number="931">to</token>
<token t_id="933" sentence="53" number="932">collapse</token>
<token t_id="934" sentence="53" number="933">.</token>
<token t_id="935" sentence="54" number="934">Slowly</token>
<token t_id="936" sentence="54" number="935">,</token>
<token t_id="937" sentence="54" number="936">inertly</token>
<token t_id="938" sentence="54" number="937">,</token>
<token t_id="939" sentence="54" number="938">she</token>
<token t_id="940" sentence="54" number="939">settled</token>
<token t_id="941" sentence="54" number="940">to</token>
<token t_id="942" sentence="54" number="941">her</token>
<token t_id="943" sentence="54" number="942">knees</token>
<token t_id="944" sentence="54" number="943">,</token>
<token t_id="945" sentence="54" number="944">her</token>
<token t_id="946" sentence="54" number="945">head</token>
<token t_id="947" sentence="54" number="946">up</token>
<token t_id="948" sentence="54" number="947">always</token>
<token t_id="949" sentence="54" number="948">,</token>
<token t_id="950" sentence="54" number="949">and</token>
<token t_id="951" sentence="54" number="950">without</token>
<token t_id="952" sentence="54" number="951">the</token>
<token t_id="953" sentence="54" number="952">slightest</token>
<token t_id="954" sentence="54" number="953">change</token>
<token t_id="955" sentence="54" number="954">of</token>
<token t_id="956" sentence="54" number="955">expression</token>
<token t_id="957" sentence="54" number="956">on</token>
<token t_id="958" sentence="54" number="957">her</token>
<token t_id="959" sentence="54" number="958">face</token>
<token t_id="960" sentence="54" number="959">.</token>
<token t_id="961" sentence="55" number="960">For</token>
<token t_id="962" sentence="55" number="961">the</token>
<token t_id="963" sentence="55" number="962">fraction</token>
<token t_id="964" sentence="55" number="963">of</token>
<token t_id="965" sentence="55" number="964">a</token>
<token t_id="966" sentence="55" number="965">second</token>
<token t_id="967" sentence="55" number="966">it</token>
<token t_id="968" sentence="55" number="967">seemed</token>
<token t_id="969" sentence="55" number="968">she</token>
<token t_id="970" sentence="55" number="969">tottered</token>
<token t_id="971" sentence="55" number="970">there</token>
<token t_id="972" sentence="55" number="971">,</token>
<token t_id="973" sentence="55" number="972">on</token>
<token t_id="974" sentence="55" number="973">her</token>
<token t_id="975" sentence="55" number="974">knees</token>
<token t_id="976" sentence="55" number="975">,</token>
<token t_id="977" sentence="55" number="976">gazing</token>
<token t_id="978" sentence="55" number="977">directly</token>
<token t_id="979" sentence="55" number="978">at</token>
<token t_id="980" sentence="55" number="979">those</token>
<token t_id="981" sentence="55" number="980">who</token>
<token t_id="982" sentence="55" number="981">had</token>
<token t_id="983" sentence="55" number="982">taken</token>
<token t_id="984" sentence="55" number="983">her</token>
<token t_id="985" sentence="55" number="984">life</token>
<token t_id="986" sentence="55" number="985">.</token>
<token t_id="987" sentence="56" number="986">Then</token>
<token t_id="988" sentence="56" number="987">she</token>
<token t_id="989" sentence="56" number="988">fell</token>
<token t_id="990" sentence="56" number="989">backward</token>
<token t_id="991" sentence="56" number="990">,</token>
<token t_id="992" sentence="56" number="991">bending</token>
<token t_id="993" sentence="56" number="992">at</token>
<token t_id="994" sentence="56" number="993">the</token>
<token t_id="995" sentence="56" number="994">waist</token>
<token t_id="996" sentence="56" number="995">,</token>
<token t_id="997" sentence="56" number="996">with</token>
<token t_id="998" sentence="56" number="997">her</token>
<token t_id="999" sentence="56" number="998">legs</token>
<token t_id="1000" sentence="56" number="999">doubled</token>
<token t_id="1001" sentence="56" number="1000">up</token>
<token t_id="1002" sentence="56" number="1001">beneath</token>
<token t_id="1003" sentence="56" number="1002">her</token>
<token t_id="1004" sentence="56" number="1003">.</token>
<token t_id="1005" sentence="57" number="1004">She</token>
<token t_id="1006" sentence="57" number="1005">lay</token>
<token t_id="1007" sentence="57" number="1006">prone</token>
<token t_id="1008" sentence="57" number="1007">,</token>
<token t_id="1009" sentence="57" number="1008">motionless</token>
<token t_id="1010" sentence="57" number="1009">,</token>
<token t_id="1011" sentence="57" number="1010">with</token>
<token t_id="1012" sentence="57" number="1011">her</token>
<token t_id="1013" sentence="57" number="1012">face</token>
<token t_id="1014" sentence="57" number="1013">turned</token>
<token t_id="1015" sentence="57" number="1014">towards</token>
<token t_id="1016" sentence="57" number="1015">the</token>
<token t_id="1017" sentence="57" number="1016">sky</token>
<token t_id="1018" sentence="57" number="1017">.</token>
<token t_id="1019" sentence="58" number="1018">A</token>
<token t_id="1020" sentence="58" number="1019">non-commissioned</token>
<token t_id="1021" sentence="58" number="1020">officer</token>
<token t_id="1022" sentence="58" number="1021">,</token>
<token t_id="1023" sentence="58" number="1022">who</token>
<token t_id="1024" sentence="58" number="1023">accompanied</token>
<token t_id="1025" sentence="58" number="1024">a</token>
<token t_id="1026" sentence="58" number="1025">lieutenant</token>
<token t_id="1027" sentence="58" number="1026">,</token>
<token t_id="1028" sentence="58" number="1027">drew</token>
<token t_id="1029" sentence="58" number="1028">his</token>
<token t_id="1030" sentence="58" number="1029">revolver</token>
<token t_id="1031" sentence="58" number="1030">from</token>
<token t_id="1032" sentence="58" number="1031">the</token>
<token t_id="1033" sentence="58" number="1032">big</token>
<token t_id="1034" sentence="58" number="1033">,</token>
<token t_id="1035" sentence="58" number="1034">black</token>
<token t_id="1036" sentence="58" number="1035">holster</token>
<token t_id="1037" sentence="58" number="1036">strapped</token>
<token t_id="1038" sentence="58" number="1037">about</token>
<token t_id="1039" sentence="58" number="1038">his</token>
<token t_id="1040" sentence="58" number="1039">waist</token>
<token t_id="1041" sentence="58" number="1040">.</token>
<token t_id="1042" sentence="59" number="1041">Bending</token>
<token t_id="1043" sentence="59" number="1042">over</token>
<token t_id="1044" sentence="59" number="1043">,</token>
<token t_id="1045" sentence="59" number="1044">he</token>
<token t_id="1046" sentence="59" number="1045">placed</token>
<token t_id="1047" sentence="59" number="1046">the</token>
<token t_id="1048" sentence="59" number="1047">muzzle</token>
<token t_id="1049" sentence="59" number="1048">of</token>
<token t_id="1050" sentence="59" number="1049">the</token>
<token t_id="1051" sentence="59" number="1050">revolver</token>
<token t_id="1052" sentence="59" number="1051">almost</token>
<token t_id="1053" sentence="59" number="1052">-</token>
<token t_id="1054" sentence="59" number="1053">but</token>
<token t_id="1055" sentence="59" number="1054">not</token>
<token t_id="1056" sentence="59" number="1055">quite</token>
<token t_id="1057" sentence="59" number="1056">-</token>
<token t_id="1058" sentence="59" number="1057">against</token>
<token t_id="1059" sentence="59" number="1058">the</token>
<token t_id="1060" sentence="59" number="1059">left</token>
<token t_id="1061" sentence="59" number="1060">temple</token>
<token t_id="1062" sentence="59" number="1061">of</token>
<token t_id="1063" sentence="59" number="1062">the</token>
<token t_id="1064" sentence="59" number="1063">spy</token>
<token t_id="1065" sentence="59" number="1064">.</token>
<token t_id="1066" sentence="60" number="1065">He</token>
<token t_id="1067" sentence="60" number="1066">pulled</token>
<token t_id="1068" sentence="60" number="1067">the</token>
<token t_id="1069" sentence="60" number="1068">trigger</token>
<token t_id="1070" sentence="60" number="1069">,</token>
<token t_id="1071" sentence="60" number="1070">and</token>
<token t_id="1072" sentence="60" number="1071">the</token>
<token t_id="1073" sentence="60" number="1072">bullet</token>
<token t_id="1074" sentence="60" number="1073">tore</token>
<token t_id="1075" sentence="60" number="1074">into</token>
<token t_id="1076" sentence="60" number="1075">the</token>
<token t_id="1077" sentence="60" number="1076">brain</token>
<token t_id="1078" sentence="60" number="1077">of</token>
<token t_id="1079" sentence="60" number="1078">the</token>
<token t_id="1080" sentence="60" number="1079">woman</token>
<token t_id="1081" sentence="60" number="1080">.</token>
<token t_id="1082" sentence="61" number="1081">Mata</token>
<token t_id="1083" sentence="61" number="1082">Hari</token>
<token t_id="1084" sentence="61" number="1083">was</token>
<token t_id="1085" sentence="61" number="1084">surely</token>
<token t_id="1086" sentence="61" number="1085">dead</token>
<token t_id="1087" sentence="61" number="1086">.</token>


<Markables>
<EVENT_MENTION m_id="33" factuality="" modality="" pred="" pos="" aspect="" certainty="" comment="" class="COMMUNICATION" tense="" polarity=""  >
<token_anchor t_id="193"/>
</EVENT_MENTION>
<EVENT_MENTION m_id="129" factuality="" modality="" pred="" pos="" aspect="" certainty="" comment="" class="LIFE-HEALTH" tense="" polarity=""  >
<token_anchor t_id="894"/>
</EVENT_MENTION>
<EVENT_MENTION m_id="65" factuality="" modality="" pred="" pos="" aspect="" certainty="" comment="" class="SPACE-MOVEMENT" tense="" polarity=""  >
<token_anchor t_id="461"/>
</EVENT_MENTION>
<EVENT_MENTION m_id="1" factuality="" modality="" pred="" pos="" aspect="" certainty="" comment="" class="LIFE-HEALTH" tense="" polarity=""  >
<token_anchor t_id="4"/>
</EVENT_MENTION>
<EVENT_MENTION m_id="97" factuality="" modality="" pred="" pos="" aspect="" certainty="" comment="" class="CLOTHES" tense="" polarity=""  >
<token_anchor t_id="664"/>
</EVENT_MENTION>
<EVENT_MENTION m_id="34" factuality="" modality="" pred="" pos="" aspect="" certainty="" comment="" class="COMMUNICATION" tense="" polarity=""  >
<token_anchor t_id="203"/>
</EVENT_MENTION>
<EVENT_MENTION m_id="130" factuality="" modality="" pred="" pos="" aspect="" certainty="" comment="" class="MENTAL" tense="" polarity=""  >
<token_anchor t_id="903"/>
</EVENT_MENTION>
<EVENT_MENTION m_id="66" factuality="" modality="" pred="" pos="" aspect="" certainty="" comment="" class="EXISTENCE-CAUSATION" tense="" polarity=""  >
<token_anchor t_id="476"/>
</EVENT_MENTION>
<EVENT_MENTION m_id="2" factuality="" modality="" pred="" pos="" aspect="" certainty="" comment="" class="SPACE-MOVEMENT" tense="" polarity=""  >
<token_anchor t_id="5"/>
</EVENT_MENTION>
<EVENT_MENTION m_id="98" factuality="" modality="" pred="" pos="" aspect="" certainty="" comment="" class="SPACE-MOVEMENT" tense="" polarity=""  >
<token_anchor t_id="667"/>
</EVENT_MENTION>
<EVENT_MENTION m_id="35" factuality="" modality="" pred="" pos="" aspect="" certainty="" comment="" class="COMMUNICATION" tense="" polarity=""  >
<token_anchor t_id="211"/>
</EVENT_MENTION>
<EVENT_MENTION m_id="131" factuality="" modality="" pred="" pos="" aspect="" certainty="" comment="" class="LIFE-HEALTH" tense="" polarity=""  >
<token_anchor t_id="906"/>
</EVENT_MENTION>
<EVENT_MENTION m_id="67" factuality="" modality="" pred="" pos="" aspect="" certainty="" comment="" class="AUTHORITY-LAW" tense="" polarity=""  >
<token_anchor t_id="488"/>
</EVENT_MENTION>
<EVENT_MENTION m_id="3" factuality="" modality="" pred="" pos="" aspect="" certainty="" comment="" class="LIFE-HEALTH" tense="" polarity=""  >
<token_anchor t_id="19"/>
</EVENT_MENTION>
<EVENT_MENTION m_id="99" factuality="" modality="" pred="" pos="" aspect="" certainty="" comment="" class="PHYSICAL SENSATIONS" tense="" polarity=""  >
<token_anchor t_id="668"/>
</EVENT_MENTION>
<EVENT_MENTION m_id="36" factuality="" modality="" pred="" pos="" aspect="" certainty="" comment="" class="EXISTENCE-CAUSATION" tense="" polarity=""  >
<token_anchor t_id="208"/>
</EVENT_MENTION>
<EVENT_MENTION m_id="132" factuality="" modality="" pred="" pos="" aspect="" certainty="" comment="" class="HOSTILITY" tense="" polarity=""  >
<token_anchor t_id="910"/>
</EVENT_MENTION>
<EVENT_MENTION m_id="68" factuality="" modality="" pred="" pos="" aspect="" certainty="" comment="" class="SPACE-MOVEMENT" tense="" polarity=""  >
<token_anchor t_id="484"/>
<token_anchor t_id="485"/>
</EVENT_MENTION>
<EVENT_MENTION m_id="4" factuality="" modality="" pred="" pos="" aspect="" certainty="" comment="" class="HOSTILITY" tense="" polarity=""  >
<token_anchor t_id="23"/>
</EVENT_MENTION>
<EVENT_MENTION m_id="100" factuality="" modality="" pred="" pos="" aspect="" certainty="" comment="" class="SPACE-MOVEMENT" tense="" polarity=""  >
<token_anchor t_id="684"/>
<token_anchor t_id="685"/>
</EVENT_MENTION>
<EVENT_MENTION m_id="37" factuality="" modality="" pred="" pos="" aspect="" certainty="" comment="" class="LIFE-HEALTH" tense="" polarity=""  >
<token_anchor t_id="196"/>
<token_anchor t_id="197"/>
<token_anchor t_id="198"/>
</EVENT_MENTION>
<EVENT_MENTION m_id="133" factuality="" modality="" pred="" pos="" aspect="" certainty="" comment="" class="SPACE-MOVEMENT" tense="" polarity=""  >
<token_anchor t_id="915"/>
<token_anchor t_id="916"/>
</EVENT_MENTION>
<EVENT_MENTION m_id="69" factuality="" modality="" pred="" pos="" aspect="" certainty="" comment="" class="EXISTENCE-CAUSATION" tense="" polarity=""  >
<token_anchor t_id="494"/>
</EVENT_MENTION>
<EVENT_MENTION m_id="5" factuality="" modality="" pred="" pos="" aspect="" certainty="" comment="" class="LIFE-HEALTH" tense="" polarity=""  >
<token_anchor t_id="39"/>
</EVENT_MENTION>
<EVENT_MENTION m_id="101" factuality="" modality="" pred="" pos="" aspect="" certainty="" comment="" class="HOSTILITY" tense="" polarity=""  >
<token_anchor t_id="695"/>
</EVENT_MENTION>
<EVENT_MENTION m_id="38" factuality="" modality="" pred="" pos="" aspect="" certainty="" comment="" class="COMMUNICATION" tense="" polarity=""  >
<token_anchor t_id="213"/>
<token_anchor t_id="215"/>
</EVENT_MENTION>
<EVENT_MENTION m_id="134" factuality="" modality="" pred="" pos="" aspect="" certainty="" comment="" class="SPACE-MOVEMENT" tense="" polarity=""  >
<token_anchor t_id="922"/>
</EVENT_MENTION>
<EVENT_MENTION m_id="70" factuality="" modality="" pred="" pos="" aspect="" certainty="" comment="" class="HOSTILITY" tense="" polarity=""  >
<token_anchor t_id="496"/>
</EVENT_MENTION>
<EVENT_MENTION m_id="6" factuality="" modality="" pred="" pos="" aspect="" certainty="" comment="" class="LIFE-HEALTH" tense="" polarity=""  >
<token_anchor t_id="40"/>
<token_anchor t_id="41"/>
</EVENT_MENTION>
<EVENT_MENTION m_id="102" factuality="" modality="" pred="" pos="" aspect="" certainty="" comment="" class="PHYSICAL SENSATIONS" tense="" polarity=""  >
<token_anchor t_id="701"/>
</EVENT_MENTION>
<EVENT_MENTION m_id="39" factuality="" modality="" pred="" pos="" aspect="" certainty="" comment="" class="POSSESSION" tense="" polarity=""  >
<token_anchor t_id="230"/>
</EVENT_MENTION>
<EVENT_MENTION m_id="135" factuality="" modality="" pred="" pos="" aspect="" certainty="" comment="" class="MENTAL" tense="" polarity=""  >
<token_anchor t_id="931"/>
</EVENT_MENTION>
<EVENT_MENTION m_id="71" factuality="" modality="" pred="" pos="" aspect="" certainty="" comment="" class="SPACE-MOVEMENT" tense="" polarity=""  >
<token_anchor t_id="499"/>
</EVENT_MENTION>
<EVENT_MENTION m_id="7" factuality="" modality="" pred="" pos="" aspect="" certainty="" comment="" class="MENTAL" tense="" polarity=""  >
<token_anchor t_id="46"/>
</EVENT_MENTION>
<EVENT_MENTION m_id="103" factuality="" modality="" pred="" pos="" aspect="" certainty="" comment="" class="PHYSICAL SENSATIONS" tense="" polarity=""  >
<token_anchor t_id="710"/>
</EVENT_MENTION>
<EVENT_MENTION m_id="104" factuality="" modality="" pred="" pos="" aspect="" certainty="" comment="" class="MENTAL" tense="" polarity=""  >
<token_anchor t_id="714"/>
</EVENT_MENTION>
<EVENT_MENTION m_id="40" factuality="" modality="" pred="" pos="" aspect="" certainty="" comment="" class="SPACE-MOVEMENT" tense="" polarity=""  >
<token_anchor t_id="235"/>
</EVENT_MENTION>
<EVENT_MENTION m_id="136" factuality="" modality="" pred="" pos="" aspect="" certainty="" comment="" class="SPACE-MOVEMENT" tense="" polarity=""  >
<token_anchor t_id="933"/>
</EVENT_MENTION>
<EVENT_MENTION m_id="72" factuality="" modality="" pred="" pos="" aspect="" certainty="" comment="" class="SPACE-MOVEMENT" tense="" polarity=""  >
<token_anchor t_id="510"/>
</EVENT_MENTION>
<EVENT_MENTION m_id="8" factuality="" modality="" pred="" pos="" aspect="" certainty="" comment="" class="PHYSICAL SENSATIONS" tense="" polarity=""  >
<token_anchor t_id="49"/>
</EVENT_MENTION>
<EVENT_MENTION m_id="105" factuality="" modality="" pred="" pos="" aspect="" certainty="" comment="" class="GENERAL" tense="" polarity=""  >
<token_anchor t_id="716"/>
<token_anchor t_id="717"/>
</EVENT_MENTION>
<EVENT_MENTION m_id="41" factuality="" modality="" pred="" pos="" aspect="" certainty="" comment="" class="COMMUNICATION" tense="" polarity=""  >
<token_anchor t_id="244"/>
</EVENT_MENTION>
<EVENT_MENTION m_id="137" factuality="" modality="" pred="" pos="" aspect="" certainty="" comment="" class="SPACE-MOVEMENT" tense="" polarity=""  >
<token_anchor t_id="940"/>
</EVENT_MENTION>
<EVENT_MENTION m_id="73" factuality="" modality="" pred="" pos="" aspect="" certainty="" comment="" class="HOSTILITY" tense="" polarity=""  >
<token_anchor t_id="515"/>
</EVENT_MENTION>
<EVENT_MENTION m_id="9" factuality="" modality="" pred="" pos="" aspect="" certainty="" comment="" class="ENVIRONMENT" tense="" polarity=""  >
<token_anchor t_id="13"/>
<token_anchor t_id="14"/>
</EVENT_MENTION>
<EVENT_MENTION m_id="106" factuality="" modality="" pred="" pos="" aspect="" certainty="" comment="" class="MENTAL" tense="" polarity=""  >
<token_anchor t_id="721"/>
</EVENT_MENTION>
<EVENT_MENTION m_id="42" factuality="" modality="" pred="" pos="" aspect="" certainty="" comment="" class="POSSESSION" tense="" polarity=""  >
<token_anchor t_id="252"/>
<token_anchor t_id="254"/>
</EVENT_MENTION>
<EVENT_MENTION m_id="138" factuality="" modality="" pred="" pos="" aspect="" certainty="" comment="" class="TIME" tense="" polarity=""  >
<token_anchor t_id="954"/>
</EVENT_MENTION>
<EVENT_MENTION m_id="74" factuality="" modality="" pred="" pos="" aspect="" certainty="" comment="" class="SPACE-MOVEMENT" tense="" polarity=""  >
<token_anchor t_id="519"/>
</EVENT_MENTION>
<EVENT_MENTION m_id="10" factuality="" modality="" pred="" pos="" aspect="" certainty="" comment="" class="COMMUNICATION" tense="" polarity=""  >
<token_anchor t_id="57"/>
<token_anchor t_id="58"/>
<token_anchor t_id="59"/>
<token_anchor t_id="60"/>
</EVENT_MENTION>
<EVENT_MENTION m_id="107" factuality="" modality="" pred="" pos="" aspect="" certainty="" comment="" class="HOSTILITY" tense="" polarity=""  >
<token_anchor t_id="723"/>
</EVENT_MENTION>
<EVENT_MENTION m_id="43" factuality="" modality="" pred="" pos="" aspect="" certainty="" comment="" class="CLOTHES" tense="" polarity=""  >
<token_anchor t_id="264"/>
<token_anchor t_id="265"/>
</EVENT_MENTION>
<EVENT_MENTION m_id="139" factuality="" modality="" pred="" pos="" aspect="" certainty="" comment="" class="MENTAL" tense="" polarity=""  >
<token_anchor t_id="968"/>
</EVENT_MENTION>
<EVENT_MENTION m_id="75" factuality="" modality="" pred="" pos="" aspect="" certainty="" comment="" class="SPACE-MOVEMENT" tense="" polarity=""  >
<token_anchor t_id="524"/>
</EVENT_MENTION>
<EVENT_MENTION m_id="11" factuality="" modality="" pred="" pos="" aspect="" certainty="" comment="" class="COMMUNICATION" tense="" polarity=""  >
<token_anchor t_id="68"/>
</EVENT_MENTION>
<EVENT_MENTION m_id="108" factuality="" modality="" pred="" pos="" aspect="" certainty="" comment="" class="EXISTENCE-CAUSATION" tense="" polarity=""  >
<token_anchor t_id="728"/>
</EVENT_MENTION>
<EVENT_MENTION m_id="44" factuality="" modality="" pred="" pos="" aspect="" certainty="" comment="" class="GENERAL" tense="" polarity=""  >
<token_anchor t_id="279"/>
</EVENT_MENTION>
<EVENT_MENTION m_id="140" factuality="" modality="" pred="" pos="" aspect="" certainty="" comment="" class="SPACE-MOVEMENT" tense="" polarity=""  >
<token_anchor t_id="970"/>
</EVENT_MENTION>
<EVENT_MENTION m_id="76" factuality="" modality="" pred="" pos="" aspect="" certainty="" comment="" class="SPACE-MOVEMENT" tense="" polarity=""  >
<token_anchor t_id="532"/>
</EVENT_MENTION>
<EVENT_MENTION m_id="12" factuality="" modality="" pred="" pos="" aspect="" certainty="" comment="" class="MENTAL" tense="" polarity=""  >
<token_anchor t_id="78"/>
</EVENT_MENTION>
<EVENT_MENTION m_id="109" factuality="" modality="" pred="" pos="" aspect="" certainty="" comment="" class="EMOTIONS-EVALUATIONS" tense="" polarity=""  >
<token_anchor t_id="736"/>
<token_anchor t_id="737"/>
</EVENT_MENTION>
<EVENT_MENTION m_id="45" factuality="" modality="" pred="" pos="" aspect="" certainty="" comment="" class="SPACE-MOVEMENT" tense="" polarity=""  >
<token_anchor t_id="282"/>
</EVENT_MENTION>
<EVENT_MENTION m_id="141" factuality="" modality="" pred="" pos="" aspect="" certainty="" comment="" class="PHYSICAL SENSATIONS" tense="" polarity=""  >
<token_anchor t_id="977"/>
</EVENT_MENTION>
<EVENT_MENTION m_id="77" factuality="" modality="" pred="" pos="" aspect="" certainty="" comment="" class="SPACE-MOVEMENT" tense="" polarity=""  >
<token_anchor t_id="544"/>
</EVENT_MENTION>
<EVENT_MENTION m_id="13" factuality="" modality="" pred="" pos="" aspect="" certainty="" comment="" class="GENERAL" tense="" polarity=""  >
<token_anchor t_id="80"/>
</EVENT_MENTION>
<EVENT_MENTION m_id="110" factuality="" modality="" pred="" pos="" aspect="" certainty="" comment="" class="TIME" tense="" polarity=""  >
<token_anchor t_id="743"/>
<token_anchor t_id="744"/>
</EVENT_MENTION>
<EVENT_MENTION m_id="46" factuality="" modality="" pred="" pos="" aspect="" certainty="" comment="" class="CLOTHES" tense="" polarity=""  >
<token_anchor t_id="290"/>
</EVENT_MENTION>
<EVENT_MENTION m_id="142" factuality="" modality="" pred="" pos="" aspect="" certainty="" comment="" class="LIFE-HEALTH" tense="" polarity=""  >
<token_anchor t_id="983"/>
<token_anchor t_id="985"/>
</EVENT_MENTION>
<EVENT_MENTION m_id="78" factuality="" modality="" pred="" pos="" aspect="" certainty="" comment="" class="POSSESSION" tense="" polarity=""  >
<token_anchor t_id="552"/>
</EVENT_MENTION>
<EVENT_MENTION m_id="14" factuality="" modality="" pred="" pos="" aspect="" certainty="" comment="" class="AUTHORITY-LAW" tense="" polarity=""  >
<token_anchor t_id="74"/>
</EVENT_MENTION>
<EVENT_MENTION m_id="111" factuality="" modality="" pred="" pos="" aspect="" certainty="" comment="" class="COMMUNICATION" tense="" polarity=""  >
<token_anchor t_id="750"/>
</EVENT_MENTION>
<EVENT_MENTION m_id="47" factuality="" modality="" pred="" pos="" aspect="" certainty="" comment="" class="SPACE-MOVEMENT" tense="" polarity=""  >
<token_anchor t_id="299"/>
</EVENT_MENTION>
<EVENT_MENTION m_id="143" factuality="" modality="" pred="" pos="" aspect="" certainty="" comment="" class="SPACE-MOVEMENT" tense="" polarity=""  >
<token_anchor t_id="989"/>
</EVENT_MENTION>
<EVENT_MENTION m_id="79" factuality="" modality="" pred="" pos="" aspect="" certainty="" comment="" class="POSSESSION" tense="" polarity=""  >
<token_anchor t_id="560"/>
</EVENT_MENTION>
<EVENT_MENTION m_id="15" factuality="" modality="" pred="" pos="" aspect="" certainty="" comment="" class="COMMUNICATION" tense="" polarity=""  >
<token_anchor t_id="84"/>
</EVENT_MENTION>
<EVENT_MENTION m_id="112" factuality="" modality="" pred="" pos="" aspect="" certainty="" comment="" class="POSSESSION" tense="" polarity=""  >
<token_anchor t_id="758"/>
</EVENT_MENTION>
<EVENT_MENTION m_id="48" factuality="" modality="" pred="" pos="" aspect="" certainty="" comment="" class="POSSESSION" tense="" polarity=""  >
<token_anchor t_id="301"/>
</EVENT_MENTION>
<EVENT_MENTION m_id="144" factuality="" modality="" pred="" pos="" aspect="" certainty="" comment="" class="SPACE-MOVEMENT" tense="" polarity=""  >
<token_anchor t_id="992"/>
</EVENT_MENTION>
<EVENT_MENTION m_id="80" factuality="" modality="" pred="" pos="" aspect="" certainty="" comment="" class="COMMUNICATION" tense="" polarity=""  >
<token_anchor t_id="568"/>
</EVENT_MENTION>
<EVENT_MENTION m_id="16" factuality="" modality="" pred="" pos="" aspect="" certainty="" comment="" class="POSSESSION" tense="" polarity=""  >
<token_anchor t_id="86"/>
</EVENT_MENTION>
<EVENT_MENTION m_id="113" factuality="" modality="" pred="" pos="" aspect="" certainty="" comment="" class="COMMUNICATION" tense="" polarity=""  >
<token_anchor t_id="765"/>
</EVENT_MENTION>
<EVENT_MENTION m_id="49" factuality="" modality="" pred="" pos="" aspect="" certainty="" comment="" class="SPACE-MOVEMENT" tense="" polarity=""  >
<token_anchor t_id="308"/>
</EVENT_MENTION>
<EVENT_MENTION m_id="145" factuality="" modality="" pred="" pos="" aspect="" certainty="" comment="" class="SPACE-MOVEMENT" tense="" polarity=""  >
<token_anchor t_id="1000"/>
<token_anchor t_id="1001"/>
</EVENT_MENTION>
<EVENT_MENTION m_id="81" factuality="" modality="" pred="" pos="" aspect="" certainty="" comment="" class="SPACE-MOVEMENT" tense="" polarity=""  >
<token_anchor t_id="577"/>
</EVENT_MENTION>
<EVENT_MENTION m_id="17" factuality="" modality="" pred="" pos="" aspect="" certainty="" comment="" class="AUTHORITY-LAW" tense="" polarity=""  >
<token_anchor t_id="89"/>
</EVENT_MENTION>
<EVENT_MENTION m_id="114" factuality="" modality="" pred="" pos="" aspect="" certainty="" comment="" class="EXISTENCE-CAUSATION" tense="" polarity=""  >
<token_anchor t_id="770"/>
</EVENT_MENTION>
<EVENT_MENTION m_id="50" factuality="" modality="" pred="" pos="" aspect="" certainty="" comment="" class="SPACE-MOVEMENT" tense="" polarity=""  >
<token_anchor t_id="321"/>
<token_anchor t_id="322"/>
</EVENT_MENTION>
<EVENT_MENTION m_id="146" factuality="" modality="" pred="" pos="" aspect="" certainty="" comment="" class="SPACE-MOVEMENT" tense="" polarity=""  >
<token_anchor t_id="1014"/>
</EVENT_MENTION>
<EVENT_MENTION m_id="82" factuality="" modality="" pred="" pos="" aspect="" certainty="" comment="" class="SPACE-MOVEMENT" tense="" polarity=""  >
<token_anchor t_id="579"/>
</EVENT_MENTION>
<EVENT_MENTION m_id="18" factuality="" modality="" pred="" pos="" aspect="" certainty="" comment="" class="COMMUNICATION" tense="" polarity=""  >
<token_anchor t_id="92"/>
</EVENT_MENTION>
<EVENT_MENTION m_id="115" factuality="" modality="" pred="" pos="" aspect="" certainty="" comment="" class="PHYSICAL SENSATIONS" tense="" polarity=""  >
<token_anchor t_id="777"/>
</EVENT_MENTION>
<EVENT_MENTION m_id="51" factuality="" modality="" pred="" pos="" aspect="" certainty="" comment="" class="SPACE-MOVEMENT" tense="" polarity=""  >
<token_anchor t_id="337"/>
</EVENT_MENTION>
<EVENT_MENTION m_id="147" factuality="" modality="" pred="" pos="" aspect="" certainty="" comment="" class="SPACE-MOVEMENT" tense="" polarity=""  >
<token_anchor t_id="1006"/>
</EVENT_MENTION>
<EVENT_MENTION m_id="83" factuality="" modality="" pred="" pos="" aspect="" certainty="" comment="" class="AUTHORITY-LAW" tense="" polarity=""  >
<token_anchor t_id="571"/>
</EVENT_MENTION>
<EVENT_MENTION m_id="19" factuality="" modality="" pred="" pos="" aspect="" certainty="" comment="" class="EXISTENCE-CAUSATION" tense="" polarity=""  >
<token_anchor t_id="109"/>
</EVENT_MENTION>
<EVENT_MENTION m_id="20" factuality="" modality="" pred="" pos="" aspect="" certainty="" comment="" class="SPACE-MOVEMENT" tense="" polarity=""  >
<token_anchor t_id="113"/>
</EVENT_MENTION>
<EVENT_MENTION m_id="116" factuality="" modality="" pred="" pos="" aspect="" certainty="" comment="" class="SPACE-MOVEMENT" tense="" polarity=""  >
<token_anchor t_id="788"/>
<token_anchor t_id="789"/>
<token_anchor t_id="790"/>
</EVENT_MENTION>
<EVENT_MENTION m_id="52" factuality="" modality="" pred="" pos="" aspect="" certainty="" comment="" class="CLOTHES" tense="" polarity=""  >
<token_anchor t_id="349"/>
</EVENT_MENTION>
<EVENT_MENTION m_id="148" factuality="" modality="" pred="" pos="" aspect="" certainty="" comment="" class="SOCIAL" tense="" polarity=""  >
<token_anchor t_id="1024"/>
</EVENT_MENTION>
<EVENT_MENTION m_id="84" factuality="" modality="" pred="" pos="" aspect="" certainty="" comment="" class="COMMUNICATION" tense="" polarity=""  >
<token_anchor t_id="590"/>
</EVENT_MENTION>
<EVENT_MENTION m_id="21" factuality="" modality="" pred="" pos="" aspect="" certainty="" comment="" class="HOSTILITY" tense="" polarity=""  >
<token_anchor t_id="119"/>
</EVENT_MENTION>
<EVENT_MENTION m_id="117" factuality="" modality="" pred="" pos="" aspect="" certainty="" comment="" class="SPACE-MOVEMENT" tense="" polarity=""  >
<token_anchor t_id="795"/>
</EVENT_MENTION>
<EVENT_MENTION m_id="53" factuality="" modality="" pred="" pos="" aspect="" certainty="" comment="" class="SPACE-MOVEMENT" tense="" polarity=""  >
<token_anchor t_id="361"/>
</EVENT_MENTION>
<EVENT_MENTION m_id="149" factuality="" modality="" pred="" pos="" aspect="" certainty="" comment="" class="SPACE-MOVEMENT" tense="" polarity=""  >
<token_anchor t_id="1028"/>
</EVENT_MENTION>
<EVENT_MENTION m_id="85" factuality="" modality="" pred="" pos="" aspect="" certainty="" comment="" class="SPACE-MOVEMENT" tense="" polarity=""  >
<token_anchor t_id="595"/>
</EVENT_MENTION>
<EVENT_MENTION m_id="22" factuality="" modality="" pred="" pos="" aspect="" certainty="" comment="" class="HOSTILITY" tense="" polarity=""  >
<token_anchor t_id="29"/>
</EVENT_MENTION>
<EVENT_MENTION m_id="118" factuality="" modality="" pred="" pos="" aspect="" certainty="" comment="" class="SPACE-MOVEMENT" tense="" polarity=""  >
<token_anchor t_id="804"/>
</EVENT_MENTION>
<EVENT_MENTION m_id="54" factuality="" modality="" pred="" pos="" aspect="" certainty="" comment="" class="CLOTHES" tense="" polarity=""  >
<token_anchor t_id="369"/>
<token_anchor t_id="370"/>
</EVENT_MENTION>
<EVENT_MENTION m_id="150" factuality="" modality="" pred="" pos="" aspect="" certainty="" comment="" class="SPACE-MOVEMENT" tense="" polarity=""  >
<token_anchor t_id="1042"/>
<token_anchor t_id="1043"/>
</EVENT_MENTION>
<EVENT_MENTION m_id="86" factuality="" modality="" pred="" pos="" aspect="" certainty="" comment="" class="POSSESSION" tense="" polarity=""  >
<token_anchor t_id="598"/>
</EVENT_MENTION>
<EVENT_MENTION m_id="23" factuality="" modality="" pred="" pos="" aspect="" certainty="" comment="" class="EXISTENCE-CAUSATION" tense="" polarity=""  >
<token_anchor t_id="121"/>
</EVENT_MENTION>
<EVENT_MENTION m_id="119" factuality="" modality="" pred="" pos="" aspect="" certainty="" comment="" class="PHYSICAL SENSATIONS" tense="" polarity=""  >
<token_anchor t_id="817"/>
</EVENT_MENTION>
<EVENT_MENTION m_id="55" factuality="" modality="" pred="" pos="" aspect="" certainty="" comment="" class="MENTAL" tense="" polarity=""  >
<token_anchor t_id="391"/>
</EVENT_MENTION>
<EVENT_MENTION m_id="151" factuality="" modality="" pred="" pos="" aspect="" certainty="" comment="" class="SPACE-MOVEMENT" tense="" polarity=""  >
<token_anchor t_id="1046"/>
</EVENT_MENTION>
<EVENT_MENTION m_id="87" factuality="" modality="" pred="" pos="" aspect="" certainty="" comment="" class="CLOTHES" tense="" polarity=""  >
<token_anchor t_id="606"/>
</EVENT_MENTION>
<EVENT_MENTION m_id="24" factuality="" modality="" pred="" pos="" aspect="" certainty="" comment="" class="SPACE-MOVEMENT" tense="" polarity=""  >
<token_anchor t_id="97"/>
</EVENT_MENTION>
<EVENT_MENTION m_id="120" factuality="" modality="" pred="" pos="" aspect="" certainty="" comment="" class="GENERAL" tense="" polarity=""  >
<token_anchor t_id="823"/>
</EVENT_MENTION>
<EVENT_MENTION m_id="56" factuality="" modality="" pred="" pos="" aspect="" certainty="" comment="" class="CLOTHES" tense="" polarity=""  >
<token_anchor t_id="394"/>
<token_anchor t_id="395"/>
</EVENT_MENTION>
<EVENT_MENTION m_id="152" factuality="" modality="" pred="" pos="" aspect="" certainty="" comment="" class="CLOTHES" tense="" polarity=""  >
<token_anchor t_id="1037"/>
</EVENT_MENTION>
<EVENT_MENTION m_id="88" factuality="" modality="" pred="" pos="" aspect="" certainty="" comment="" class="COMMUNICATION" tense="" polarity=""  >
<token_anchor t_id="610"/>
</EVENT_MENTION>
<EVENT_MENTION m_id="25" factuality="" modality="" pred="" pos="" aspect="" certainty="" comment="" class="MENTAL" tense="" polarity=""  >
<token_anchor t_id="135"/>
</EVENT_MENTION>
<EVENT_MENTION m_id="121" factuality="" modality="" pred="" pos="" aspect="" certainty="" comment="" class="SPACE-MOVEMENT" tense="" polarity=""  >
<token_anchor t_id="829"/>
</EVENT_MENTION>
<EVENT_MENTION m_id="57" factuality="" modality="" pred="" pos="" aspect="" certainty="" comment="" class="COMMUNICATION" tense="" polarity=""  >
<token_anchor t_id="405"/>
</EVENT_MENTION>
<EVENT_MENTION m_id="153" factuality="" modality="" pred="" pos="" aspect="" certainty="" comment="" class="SPACE-MOVEMENT" tense="" polarity=""  >
<token_anchor t_id="1067"/>
</EVENT_MENTION>
<EVENT_MENTION m_id="89" factuality="" modality="" pred="" pos="" aspect="" certainty="" comment="" class="SPACE-MOVEMENT" tense="" polarity=""  >
<token_anchor t_id="614"/>
</EVENT_MENTION>
<EVENT_MENTION m_id="26" factuality="" modality="" pred="" pos="" aspect="" certainty="" comment="" class="SPACE-MOVEMENT" tense="" polarity=""  >
<token_anchor t_id="158"/>
</EVENT_MENTION>
<EVENT_MENTION m_id="122" factuality="" modality="" pred="" pos="" aspect="" certainty="" comment="" class="MATTER" tense="" polarity=""  >
<token_anchor t_id="839"/>
</EVENT_MENTION>
<EVENT_MENTION m_id="58" factuality="" modality="" pred="" pos="" aspect="" certainty="" comment="" class="MENTAL" tense="" polarity=""  >
<token_anchor t_id="410"/>
<token_anchor t_id="411"/>
</EVENT_MENTION>
<EVENT_MENTION m_id="154" factuality="" modality="" pred="" pos="" aspect="" certainty="" comment="" class="EXISTENCE-CAUSATION" tense="" polarity=""  >
<token_anchor t_id="1074"/>
</EVENT_MENTION>
<EVENT_MENTION m_id="90" factuality="" modality="" pred="" pos="" aspect="" certainty="" comment="" class="PHYSICAL SENSATIONS" tense="" polarity=""  >
<token_anchor t_id="622"/>
</EVENT_MENTION>
<EVENT_MENTION m_id="27" factuality="" modality="" pred="" pos="" aspect="" certainty="" comment="" class="PHYSICAL SENSATIONS" tense="" polarity=""  >
<token_anchor t_id="166"/>
</EVENT_MENTION>
<EVENT_MENTION m_id="123" factuality="" modality="" pred="" pos="" aspect="" certainty="" comment="" class="COMMUNICATION" tense="" polarity=""  >
<token_anchor t_id="846"/>
</EVENT_MENTION>
<EVENT_MENTION m_id="59" factuality="" modality="" pred="" pos="" aspect="" certainty="" comment="" class="SPACE-MOVEMENT" tense="" polarity=""  >
<token_anchor t_id="417"/>
</EVENT_MENTION>
<EVENT_MENTION m_id="155" factuality="" modality="" pred="" pos="" aspect="" certainty="" comment="" class="LIFE-HEALTH" tense="" polarity=""  >
<token_anchor t_id="1086"/>
</EVENT_MENTION>
<EVENT_MENTION m_id="91" factuality="" modality="" pred="" pos="" aspect="" certainty="" comment="" class="SPACE-MOVEMENT" tense="" polarity=""  >
<token_anchor t_id="628"/>
</EVENT_MENTION>
<EVENT_MENTION m_id="28" factuality="" modality="" pred="" pos="" aspect="" certainty="" comment="" class="SOCIAL" tense="" polarity=""  >
<token_anchor t_id="141"/>
</EVENT_MENTION>
<EVENT_MENTION m_id="124" factuality="" modality="" pred="" pos="" aspect="" certainty="" comment="" class="SPACE-MOVEMENT" tense="" polarity=""  >
<token_anchor t_id="850"/>
</EVENT_MENTION>
<EVENT_MENTION m_id="60" factuality="" modality="" pred="" pos="" aspect="" certainty="" comment="" class="LIFE-HEALTH" tense="" polarity=""  >
<token_anchor t_id="424"/>
</EVENT_MENTION>
<EVENT_MENTION m_id="156" factuality="" modality="" pred="" pos="" aspect="" certainty="" comment="" class="AUTHORITY-LAW" tense="" polarity=""  >
<token_anchor t_id="691"/>
<token_anchor t_id="692"/>
</EVENT_MENTION>
<EVENT_MENTION m_id="92" factuality="" modality="" pred="" pos="" aspect="" certainty="" comment="" class="MENTAL" tense="" polarity=""  >
<token_anchor t_id="638"/>
</EVENT_MENTION>
<EVENT_MENTION m_id="29" factuality="" modality="" pred="" pos="" aspect="" certainty="" comment="" class="PHYSICAL SENSATIONS" tense="" polarity=""  >
<token_anchor t_id="172"/>
</EVENT_MENTION>
<EVENT_MENTION m_id="125" factuality="" modality="" pred="" pos="" aspect="" certainty="" comment="" class="PHYSICAL SENSATIONS" tense="" polarity=""  >
<token_anchor t_id="858"/>
<token_anchor t_id="859"/>
</EVENT_MENTION>
<EVENT_MENTION m_id="61" factuality="" modality="" pred="" pos="" aspect="" certainty="" comment="" class="SPACE-MOVEMENT" tense="" polarity=""  >
<token_anchor t_id="429"/>
</EVENT_MENTION>
<EVENT_MENTION m_id="157" factuality="" modality="" pred="" pos="" aspect="" certainty="" comment="" class="POSSESSION" tense="" polarity=""  >
<token_anchor t_id="355"/>
</EVENT_MENTION>
<EVENT_MENTION m_id="93" factuality="" modality="" pred="" pos="" aspect="" certainty="" comment="" class="COMMUNICATION" tense="" polarity=""  >
<token_anchor t_id="647"/>
</EVENT_MENTION>
<EVENT_MENTION m_id="30" factuality="" modality="" pred="" pos="" aspect="" certainty="" comment="" class="COMMUNICATION" tense="" polarity=""  >
<token_anchor t_id="176"/>
</EVENT_MENTION>
<EVENT_MENTION m_id="126" factuality="" modality="" pred="" pos="" aspect="" certainty="" comment="" class="SPACE-MOVEMENT" tense="" polarity=""  >
<token_anchor t_id="869"/>
</EVENT_MENTION>
<EVENT_MENTION m_id="62" factuality="" modality="" pred="" pos="" aspect="" certainty="" comment="" class="PHYSICAL SENSATIONS" tense="" polarity=""  >
<token_anchor t_id="435"/>
</EVENT_MENTION>
<EVENT_MENTION m_id="158" factuality="" modality="" pred="" pos="" aspect="" certainty="" comment="" class="TRADE-WORK" tense="" polarity=""  >
<token_anchor t_id="740"/>
</EVENT_MENTION>
<EVENT_MENTION m_id="94" factuality="" modality="" pred="" pos="" aspect="" certainty="" comment="" class="SPACE-MOVEMENT" tense="" polarity=""  >
<token_anchor t_id="652"/>
<token_anchor t_id="653"/>
</EVENT_MENTION>
<EVENT_MENTION m_id="31" factuality="" modality="" pred="" pos="" aspect="" certainty="" comment="" class="SPACE-MOVEMENT" tense="" polarity=""  >
<token_anchor t_id="186"/>
</EVENT_MENTION>
<EVENT_MENTION m_id="127" factuality="" modality="" pred="" pos="" aspect="" certainty="" comment="" class="SPACE-MOVEMENT" tense="" polarity=""  >
<token_anchor t_id="880"/>
</EVENT_MENTION>
<EVENT_MENTION m_id="63" factuality="" modality="" pred="" pos="" aspect="" certainty="" comment="" class="SPACE-MOVEMENT" tense="" polarity=""  >
<token_anchor t_id="450"/>
<token_anchor t_id="451"/>
<token_anchor t_id="452"/>
<token_anchor t_id="453"/>
<token_anchor t_id="454"/>
</EVENT_MENTION>
<EVENT_MENTION m_id="95" factuality="" modality="" pred="" pos="" aspect="" certainty="" comment="" class="GENERAL" tense="" polarity=""  >
<token_anchor t_id="642"/>
<token_anchor t_id="643"/>
<token_anchor t_id="644"/>
</EVENT_MENTION>
<EVENT_MENTION m_id="32" factuality="" modality="" pred="" pos="" aspect="" certainty="" comment="" class="SPACE-MOVEMENT" tense="" polarity=""  >
<token_anchor t_id="190"/>
</EVENT_MENTION>
<EVENT_MENTION m_id="128" factuality="" modality="" pred="" pos="" aspect="" certainty="" comment="" class="SPACE-MOVEMENT" tense="" polarity=""  >
<token_anchor t_id="889"/>
</EVENT_MENTION>
<EVENT_MENTION m_id="64" factuality="" modality="" pred="" pos="" aspect="" certainty="" comment="" class="EXISTENCE-CAUSATION" tense="" polarity=""  >
<token_anchor t_id="439"/>
</EVENT_MENTION>
<EVENT_MENTION m_id="96" factuality="" modality="" pred="" pos="" aspect="" certainty="" comment="" class="CLOTHES" tense="" polarity=""  >
<token_anchor t_id="659"/>
</EVENT_MENTION>


</Markables>

<Relations>
</Relations>
</Document>
