<Document doc_name="Defense_Committee_Corners_Supplies.txt">
<token t_id="1" sentence="0" number="0">September</token>
<token t_id="2" sentence="0" number="1">14</token>
<token t_id="3" sentence="0" number="2">,</token>
<token t_id="4" sentence="0" number="3">1915</token>
<token t_id="5" sentence="0" number="4">,</token>
<token t_id="6" sentence="0" number="5">Tuesday</token>
<token t_id="7" sentence="1" number="6">Defense</token>
<token t_id="8" sentence="1" number="7">Committee</token>
<token t_id="9" sentence="1" number="8">Corners</token>
<token t_id="10" sentence="1" number="9">Supplies</token>
<token t_id="11" sentence="1" number="10">.</token>
<token t_id="12" sentence="2" number="11">LONDON</token>
<token t_id="13" sentence="2" number="12">,</token>
<token t_id="14" sentence="2" number="13">Sept.</token>
<token t_id="15" sentence="2" number="14">13</token>
<token t_id="16" sentence="2" number="15">.</token>
<token t_id="17" sentence="3" number="16">—</token>
<token t_id="18" sentence="3" number="17">Conditions</token>
<token t_id="19" sentence="3" number="18">in</token>
<token t_id="20" sentence="3" number="19">Constantinople</token>
<token t_id="21" sentence="3" number="20">are</token>
<token t_id="22" sentence="3" number="21">described</token>
<token t_id="23" sentence="3" number="22">as</token>
<token t_id="24" sentence="3" number="23">chaotic</token>
<token t_id="25" sentence="3" number="24">by</token>
<token t_id="26" sentence="3" number="25">Reuter</token>
<token t_id="27" sentence="3" number="26">'s</token>
<token t_id="28" sentence="3" number="27">correspondent</token>
<token t_id="29" sentence="3" number="28">in</token>
<token t_id="30" sentence="3" number="29">Athens</token>
<token t_id="31" sentence="3" number="30">,</token>
<token t_id="32" sentence="3" number="31">who</token>
<token t_id="33" sentence="3" number="32">bases</token>
<token t_id="34" sentence="3" number="33">his</token>
<token t_id="35" sentence="3" number="34">dispatch</token>
<token t_id="36" sentence="3" number="35">on</token>
<token t_id="37" sentence="3" number="36">statements</token>
<token t_id="38" sentence="3" number="37">made</token>
<token t_id="39" sentence="3" number="38">by</token>
<token t_id="40" sentence="3" number="39">person</token>
<token t_id="41" sentence="3" number="40">arriving</token>
<token t_id="42" sentence="3" number="41">in</token>
<token t_id="43" sentence="3" number="42">Athens</token>
<token t_id="44" sentence="3" number="43">today</token>
<token t_id="45" sentence="3" number="44">from</token>
<token t_id="46" sentence="3" number="45">the</token>
<token t_id="47" sentence="3" number="46">Turkish</token>
<token t_id="48" sentence="3" number="47">capital</token>
<token t_id="49" sentence="3" number="48">.</token>
<token t_id="50" sentence="4" number="49">The</token>
<token t_id="51" sentence="4" number="50">correspondents</token>
<token t_id="52" sentence="4" number="51">telegraphs</token>
<token t_id="53" sentence="4" number="52">:</token>
<token t_id="54" sentence="5" number="53">"</token>
<token t_id="55" sentence="5" number="54">The</token>
<token t_id="56" sentence="5" number="55">inhabitants</token>
<token t_id="57" sentence="5" number="56">of</token>
<token t_id="58" sentence="5" number="57">Constantinople</token>
<token t_id="59" sentence="5" number="58">are</token>
<token t_id="60" sentence="5" number="59">suffering</token>
<token t_id="61" sentence="5" number="60">greater</token>
<token t_id="62" sentence="5" number="61">hardships</token>
<token t_id="63" sentence="5" number="62">than</token>
<token t_id="64" sentence="5" number="63">is</token>
<token t_id="65" sentence="5" number="64">necessary</token>
<token t_id="66" sentence="5" number="65">,</token>
<token t_id="67" sentence="5" number="66">because</token>
<token t_id="68" sentence="5" number="67">the</token>
<token t_id="69" sentence="5" number="68">Committee</token>
<token t_id="70" sentence="5" number="69">of</token>
<token t_id="71" sentence="5" number="70">National</token>
<token t_id="72" sentence="5" number="71">Defense</token>
<token t_id="73" sentence="5" number="72">,</token>
<token t_id="74" sentence="5" number="73">run</token>
<token t_id="75" sentence="5" number="74">by</token>
<token t_id="76" sentence="5" number="75">Enver</token>
<token t_id="77" sentence="5" number="76">Pasha</token>
<token t_id="78" sentence="5" number="77">,</token>
<token t_id="79" sentence="5" number="78">Minister</token>
<token t_id="80" sentence="5" number="79">of</token>
<token t_id="81" sentence="5" number="80">War</token>
<token t_id="82" sentence="5" number="81">,</token>
<token t_id="83" sentence="5" number="82">and</token>
<token t_id="84" sentence="5" number="83">Taalat</token>
<token t_id="85" sentence="5" number="84">Bey</token>
<token t_id="86" sentence="5" number="85">,</token>
<token t_id="87" sentence="5" number="86">Minister</token>
<token t_id="88" sentence="5" number="87">of</token>
<token t_id="89" sentence="5" number="88">the</token>
<token t_id="90" sentence="5" number="89">Interior</token>
<token t_id="91" sentence="5" number="90">,</token>
<token t_id="92" sentence="5" number="91">has</token>
<token t_id="93" sentence="5" number="92">cornered</token>
<token t_id="94" sentence="5" number="93">all</token>
<token t_id="95" sentence="5" number="94">commodities</token>
<token t_id="96" sentence="5" number="95">and</token>
<token t_id="97" sentence="5" number="96">is</token>
<token t_id="98" sentence="5" number="97">selling</token>
<token t_id="99" sentence="5" number="98">them</token>
<token t_id="100" sentence="5" number="99">at</token>
<token t_id="101" sentence="5" number="100">high</token>
<token t_id="102" sentence="5" number="101">prices</token>
<token t_id="103" sentence="5" number="102">.</token>
<token t_id="104" sentence="6" number="103">"</token>
<token t_id="105" sentence="6" number="104">The</token>
<token t_id="106" sentence="6" number="105">resignation</token>
<token t_id="107" sentence="6" number="106">from</token>
<token t_id="108" sentence="6" number="107">the</token>
<token t_id="109" sentence="6" number="108">Cabinet</token>
<token t_id="110" sentence="6" number="109">of</token>
<token t_id="111" sentence="6" number="110">the</token>
<token t_id="112" sentence="6" number="111">Sheik</token>
<token t_id="113" sentence="6" number="112">ul</token>
<token t_id="114" sentence="6" number="113">Islam</token>
<token t_id="115" sentence="6" number="114">,</token>
<token t_id="116" sentence="6" number="115">representative</token>
<token t_id="117" sentence="6" number="116">of</token>
<token t_id="118" sentence="6" number="117">the</token>
<token t_id="119" sentence="6" number="118">Sultan</token>
<token t_id="120" sentence="6" number="119">in</token>
<token t_id="121" sentence="6" number="120">religious</token>
<token t_id="122" sentence="6" number="121">affairs</token>
<token t_id="123" sentence="6" number="122">,</token>
<token t_id="124" sentence="6" number="123">is</token>
<token t_id="125" sentence="6" number="124">confirmed</token>
<token t_id="126" sentence="6" number="125">.</token>
<token t_id="127" sentence="7" number="126">He</token>
<token t_id="128" sentence="7" number="127">disapproved</token>
<token t_id="129" sentence="7" number="128">of</token>
<token t_id="130" sentence="7" number="129">the</token>
<token t_id="131" sentence="7" number="130">extermination</token>
<token t_id="132" sentence="7" number="131">of</token>
<token t_id="133" sentence="7" number="132">the</token>
<token t_id="134" sentence="7" number="133">Christian</token>
<token t_id="135" sentence="7" number="134">elements</token>
<token t_id="136" sentence="7" number="135">,</token>
<token t_id="137" sentence="7" number="136">against</token>
<token t_id="138" sentence="7" number="137">which</token>
<token t_id="139" sentence="7" number="138">he</token>
<token t_id="140" sentence="7" number="139">protested</token>
<token t_id="141" sentence="7" number="140">to</token>
<token t_id="142" sentence="7" number="141">the</token>
<token t_id="143" sentence="7" number="142">Cabinet</token>
<token t_id="144" sentence="7" number="143">.</token>
<token t_id="145" sentence="8" number="144">The</token>
<token t_id="146" sentence="8" number="145">Greek-Armenian</token>
<token t_id="147" sentence="8" number="146">Patriarch</token>
<token t_id="148" sentence="8" number="147">has</token>
<token t_id="149" sentence="8" number="148">been</token>
<token t_id="150" sentence="8" number="149">deprived</token>
<token t_id="151" sentence="8" number="150">of</token>
<token t_id="152" sentence="8" number="151">all</token>
<token t_id="153" sentence="8" number="152">powers</token>
<token t_id="154" sentence="8" number="153">.</token>
<token t_id="155" sentence="9" number="154">"</token>
<token t_id="156" sentence="9" number="155">The</token>
<token t_id="157" sentence="9" number="156">Black</token>
<token t_id="158" sentence="9" number="157">Sea</token>
<token t_id="159" sentence="9" number="158">end</token>
<token t_id="160" sentence="9" number="159">of</token>
<token t_id="161" sentence="9" number="160">the</token>
<token t_id="162" sentence="9" number="161">Bosporus</token>
<token t_id="163" sentence="9" number="162">has</token>
<token t_id="164" sentence="9" number="163">been</token>
<token t_id="165" sentence="9" number="164">closed</token>
<token t_id="166" sentence="9" number="165">by</token>
<token t_id="167" sentence="9" number="166">a</token>
<token t_id="168" sentence="9" number="167">chain</token>
<token t_id="169" sentence="9" number="168">of</token>
<token t_id="170" sentence="9" number="169">wire</token>
<token t_id="171" sentence="9" number="170">netting</token>
<token t_id="172" sentence="9" number="171">and</token>
<token t_id="173" sentence="9" number="172">by</token>
<token t_id="174" sentence="9" number="173">mines</token>
<token t_id="175" sentence="9" number="174">.</token>
<token t_id="176" sentence="9" number="175">"</token>


<Markables>
<EVENT_MENTION m_id="1" factuality="" modality="" pred="" pos="" aspect="" certainty="" comment="" class="EXISTENCE-CAUSATION" tense="" polarity=""  >
<token_anchor t_id="18"/>
</EVENT_MENTION>
<EVENT_MENTION m_id="2" factuality="" modality="" pred="" pos="" aspect="" certainty="" comment="" class="COMMUNICATION" tense="" polarity=""  >
<token_anchor t_id="22"/>
</EVENT_MENTION>
<EVENT_MENTION m_id="3" factuality="" modality="" pred="" pos="" aspect="" certainty="" comment="" class="GENERAL" tense="" polarity=""  >
<token_anchor t_id="33"/>
</EVENT_MENTION>
<EVENT_MENTION m_id="4" factuality="" modality="" pred="" pos="" aspect="" certainty="" comment="" class="COMMUNICATION" tense="" polarity=""  >
<token_anchor t_id="37"/>
<token_anchor t_id="38"/>
</EVENT_MENTION>
<EVENT_MENTION m_id="5" factuality="" modality="" pred="" pos="" aspect="" certainty="" comment="" class="SPACE-MOVEMENT" tense="" polarity=""  >
<token_anchor t_id="41"/>
</EVENT_MENTION>
<EVENT_MENTION m_id="6" factuality="" modality="" pred="" pos="" aspect="" certainty="" comment="" class="COMMUNICATION" tense="" polarity=""  >
<token_anchor t_id="52"/>
</EVENT_MENTION>
<EVENT_MENTION m_id="7" factuality="" modality="" pred="" pos="" aspect="" certainty="" comment="" class="EMOTIONS-EVALUATIONS" tense="" polarity=""  >
<token_anchor t_id="60"/>
</EVENT_MENTION>
<EVENT_MENTION m_id="8" factuality="" modality="" pred="" pos="" aspect="" certainty="" comment="" class="MENTAL" tense="" polarity=""  >
<token_anchor t_id="64"/>
<token_anchor t_id="65"/>
</EVENT_MENTION>
<EVENT_MENTION m_id="9" factuality="" modality="" pred="" pos="" aspect="" certainty="" comment="" class="EMOTIONS-EVALUATIONS" tense="" polarity=""  >
<token_anchor t_id="62"/>
</EVENT_MENTION>
<EVENT_MENTION m_id="10" factuality="" modality="" pred="" pos="" aspect="" certainty="" comment="" class="AUTHORITY-LAW" tense="" polarity=""  >
<token_anchor t_id="74"/>
</EVENT_MENTION>
<EVENT_MENTION m_id="11" factuality="" modality="" pred="" pos="" aspect="" certainty="" comment="" class="TRADE-WORK" tense="" polarity=""  >
<token_anchor t_id="98"/>
</EVENT_MENTION>
<EVENT_MENTION m_id="12" factuality="" modality="" pred="" pos="" aspect="" certainty="" comment="" class="AUTHORITY-LAW" tense="" polarity=""  >
<token_anchor t_id="106"/>
</EVENT_MENTION>
<EVENT_MENTION m_id="13" factuality="" modality="" pred="" pos="" aspect="" certainty="" comment="" class="COMMUNICATION" tense="" polarity=""  >
<token_anchor t_id="125"/>
</EVENT_MENTION>
<EVENT_MENTION m_id="14" factuality="" modality="" pred="" pos="" aspect="" certainty="" comment="" class="MENTAL" tense="" polarity=""  >
<token_anchor t_id="128"/>
</EVENT_MENTION>
<EVENT_MENTION m_id="15" factuality="" modality="" pred="" pos="" aspect="" certainty="" comment="" class="EXISTENCE-CAUSATION" tense="" polarity=""  >
<token_anchor t_id="131"/>
</EVENT_MENTION>
<EVENT_MENTION m_id="16" factuality="" modality="" pred="" pos="" aspect="" certainty="" comment="" class="COMMUNICATION" tense="" polarity=""  >
<token_anchor t_id="140"/>
</EVENT_MENTION>
<EVENT_MENTION m_id="17" factuality="" modality="" pred="" pos="" aspect="" certainty="" comment="" class="AUTHORITY-LAW" tense="" polarity=""  >
<token_anchor t_id="150"/>
</EVENT_MENTION>
<EVENT_MENTION m_id="18" factuality="" modality="" pred="" pos="" aspect="" certainty="" comment="" class="SPACE-MOVEMENT" tense="" polarity=""  >
<token_anchor t_id="165"/>
</EVENT_MENTION>
<EVENT_MENTION m_id="19" factuality="" modality="" pred="" pos="" aspect="" certainty="" comment="" class="TRADE-WORK" tense="" polarity=""  >
<token_anchor t_id="9"/>
</EVENT_MENTION>
<EVENT_MENTION m_id="20" factuality="" modality="" pred="" pos="" aspect="" certainty="" comment="" class="TRADE-WORK" tense="" polarity=""  >
<token_anchor t_id="93"/>
</EVENT_MENTION>


</Markables>

<Relations>
</Relations>
</Document>
