<Document doc_name="Dr_Brooks_Sees_Comet.txt">
<token t_id="1" sentence="0" number="0">20th</token>
<token t_id="2" sentence="0" number="1">July</token>
<token t_id="3" sentence="0" number="2">,</token>
<token t_id="4" sentence="0" number="3">1906</token>
<token t_id="5" sentence="1" number="4">Dr.</token>
<token t_id="6" sentence="1" number="5">Brooks</token>
<token t_id="7" sentence="1" number="6">Sees</token>
<token t_id="8" sentence="1" number="7">Comet</token>
<token t_id="9" sentence="2" number="8">GENEVA</token>
<token t_id="10" sentence="2" number="9">,</token>
<token t_id="11" sentence="2" number="10">N.</token>
<token t_id="12" sentence="2" number="11">Y.</token>
<token t_id="13" sentence="2" number="12">,</token>
<token t_id="14" sentence="2" number="13">July</token>
<token t_id="15" sentence="2" number="14">19</token>
<token t_id="16" sentence="2" number="15">.</token>
<token t_id="17" sentence="3" number="16">—</token>
<token t_id="18" sentence="3" number="17">Finley</token>
<token t_id="19" sentence="3" number="18">'s</token>
<token t_id="20" sentence="3" number="19">periodic</token>
<token t_id="21" sentence="3" number="20">comet</token>
<token t_id="22" sentence="3" number="21">,</token>
<token t_id="23" sentence="3" number="22">which</token>
<token t_id="24" sentence="3" number="23">was</token>
<token t_id="25" sentence="3" number="24">recently</token>
<token t_id="26" sentence="3" number="25">seen</token>
<token t_id="27" sentence="3" number="26">at</token>
<token t_id="28" sentence="3" number="27">Heidelberg</token>
<token t_id="29" sentence="3" number="28">,</token>
<token t_id="30" sentence="3" number="29">was</token>
<token t_id="31" sentence="3" number="30">observed</token>
<token t_id="32" sentence="3" number="31">by</token>
<token t_id="33" sentence="3" number="32">Dr.</token>
<token t_id="34" sentence="3" number="33">William</token>
<token t_id="35" sentence="3" number="34">R.</token>
<token t_id="36" sentence="3" number="35">Brooks</token>
<token t_id="37" sentence="3" number="36">,</token>
<token t_id="38" sentence="3" number="37">at</token>
<token t_id="39" sentence="3" number="38">Smith</token>
<token t_id="40" sentence="3" number="39">Observatory</token>
<token t_id="41" sentence="3" number="40">last</token>
<token t_id="42" sentence="3" number="41">night</token>
<token t_id="43" sentence="3" number="42">.</token>
<token t_id="44" sentence="4" number="43">Its</token>
<token t_id="45" sentence="4" number="44">position</token>
<token t_id="46" sentence="4" number="45">was</token>
<token t_id="47" sentence="4" number="46">23</token>
<token t_id="48" sentence="4" number="47">hours</token>
<token t_id="49" sentence="4" number="48">,</token>
<token t_id="50" sentence="4" number="49">53</token>
<token t_id="51" sentence="4" number="50">minutes</token>
<token t_id="52" sentence="4" number="51">,</token>
<token t_id="53" sentence="4" number="52">30</token>
<token t_id="54" sentence="4" number="53">seconds</token>
<token t_id="55" sentence="4" number="54">right</token>
<token t_id="56" sentence="4" number="55">ascension</token>
<token t_id="57" sentence="4" number="56">;</token>
<token t_id="58" sentence="4" number="57">13</token>
<token t_id="59" sentence="4" number="58">degrees</token>
<token t_id="60" sentence="4" number="59">,</token>
<token t_id="61" sentence="4" number="60">3</token>
<token t_id="62" sentence="4" number="61">seconds</token>
<token t_id="63" sentence="4" number="62">declination</token>
<token t_id="64" sentence="4" number="63">south</token>
<token t_id="65" sentence="4" number="64">.</token>
<token t_id="66" sentence="5" number="65">It</token>
<token t_id="67" sentence="5" number="66">is</token>
<token t_id="68" sentence="5" number="67">on</token>
<token t_id="69" sentence="5" number="68">the</token>
<token t_id="70" sentence="5" number="69">tail</token>
<token t_id="71" sentence="5" number="70">of</token>
<token t_id="72" sentence="5" number="71">the</token>
<token t_id="73" sentence="5" number="72">constellation</token>
<token t_id="74" sentence="5" number="73">Cetus</token>
<token t_id="75" sentence="5" number="74">,</token>
<token t_id="76" sentence="5" number="75">and</token>
<token t_id="77" sentence="5" number="76">moving</token>
<token t_id="78" sentence="5" number="77">slowly</token>
<token t_id="79" sentence="5" number="78">northeast</token>
<token t_id="80" sentence="5" number="79">.</token>
<token t_id="81" sentence="6" number="80">The</token>
<token t_id="82" sentence="6" number="81">light</token>
<token t_id="83" sentence="6" number="82">of</token>
<token t_id="84" sentence="6" number="83">the</token>
<token t_id="85" sentence="6" number="84">comet</token>
<token t_id="86" sentence="6" number="85">is</token>
<token t_id="87" sentence="6" number="86">rather</token>
<token t_id="88" sentence="6" number="87">faint</token>
<token t_id="89" sentence="6" number="88">,</token>
<token t_id="90" sentence="6" number="89">but</token>
<token t_id="91" sentence="6" number="90">will</token>
<token t_id="92" sentence="6" number="91">increase</token>
<token t_id="93" sentence="6" number="92">in</token>
<token t_id="94" sentence="6" number="93">brightness</token>
<token t_id="95" sentence="6" number="94">until</token>
<token t_id="96" sentence="6" number="95">September</token>
<token t_id="97" sentence="6" number="96">,</token>
<token t_id="98" sentence="6" number="97">when</token>
<token t_id="99" sentence="6" number="98">the</token>
<token t_id="100" sentence="6" number="99">comet</token>
<token t_id="101" sentence="6" number="100">is</token>
<token t_id="102" sentence="6" number="101">nearest</token>
<token t_id="103" sentence="6" number="102">the</token>
<token t_id="104" sentence="6" number="103">sun</token>
<token t_id="105" sentence="6" number="104">.</token>


<Markables>
<EVENT_MENTION m_id="1" factuality="" modality="" pred="" pos="" aspect="" certainty="" comment="" class="PHYSICAL SENSATIONS" tense="" polarity=""  >
<token_anchor t_id="7"/>
</EVENT_MENTION>
<EVENT_MENTION m_id="2" factuality="" modality="" pred="" pos="" aspect="" certainty="" comment="" class="PHYSICAL SENSATIONS" tense="" polarity=""  >
<token_anchor t_id="26"/>
</EVENT_MENTION>
<EVENT_MENTION m_id="3" factuality="" modality="" pred="" pos="" aspect="" certainty="" comment="" class="PHYSICAL SENSATIONS" tense="" polarity=""  >
<token_anchor t_id="31"/>
</EVENT_MENTION>
<EVENT_MENTION m_id="4" factuality="" modality="" pred="" pos="" aspect="" certainty="" comment="" class="EXISTENCE-CAUSATION" tense="" polarity=""  >
<token_anchor t_id="46"/>
</EVENT_MENTION>
<EVENT_MENTION m_id="5" factuality="" modality="" pred="" pos="" aspect="" certainty="" comment="" class="ENVIRONMENT" tense="" polarity=""  >
<token_anchor t_id="56"/>
</EVENT_MENTION>
<EVENT_MENTION m_id="6" factuality="" modality="" pred="" pos="" aspect="" certainty="" comment="" class="ENVIRONMENT" tense="" polarity=""  >
<token_anchor t_id="63"/>
</EVENT_MENTION>
<EVENT_MENTION m_id="7" factuality="" modality="" pred="" pos="" aspect="" certainty="" comment="" class="SPACE-MOVEMENT" tense="" polarity=""  >
<token_anchor t_id="77"/>
</EVENT_MENTION>
<EVENT_MENTION m_id="8" factuality="" modality="" pred="" pos="" aspect="" certainty="" comment="" class="EXISTENCE-CAUSATION" tense="" polarity=""  >
<token_anchor t_id="67"/>
</EVENT_MENTION>
<EVENT_MENTION m_id="9" factuality="" modality="" pred="" pos="" aspect="" certainty="" comment="" class="MATTER" tense="" polarity=""  >
<token_anchor t_id="86"/>
<token_anchor t_id="87"/>
<token_anchor t_id="88"/>
</EVENT_MENTION>
<EVENT_MENTION m_id="10" factuality="" modality="" pred="" pos="" aspect="" certainty="" comment="" class="MEASURE" tense="" polarity=""  >
<token_anchor t_id="92"/>
</EVENT_MENTION>
<EVENT_MENTION m_id="11" factuality="" modality="" pred="" pos="" aspect="" certainty="" comment="" class="SPACE-MOVEMENT" tense="" polarity=""  >
<token_anchor t_id="101"/>
<token_anchor t_id="102"/>
</EVENT_MENTION>


</Markables>

<Relations>
</Relations>
</Document>
