<Document doc_name="Dr_Garnetts_Library.txt">
<token t_id="1" sentence="0" number="0">Saturday</token>
<token t_id="2" sentence="0" number="1">,</token>
<token t_id="3" sentence="0" number="2">Nov</token>
<token t_id="4" sentence="0" number="3">03</token>
<token t_id="5" sentence="0" number="4">,</token>
<token t_id="6" sentence="0" number="5">1906</token>
<token t_id="7" sentence="1" number="6">Dr.</token>
<token t_id="8" sentence="1" number="7">Garnett</token>
<token t_id="9" sentence="1" number="8">'s</token>
<token t_id="10" sentence="1" number="9">Library</token>
<token t_id="11" sentence="2" number="10">The</token>
<token t_id="12" sentence="2" number="11">sale</token>
<token t_id="13" sentence="2" number="12">of</token>
<token t_id="14" sentence="2" number="13">the</token>
<token t_id="15" sentence="2" number="14">late</token>
<token t_id="16" sentence="2" number="15">Dr.</token>
<token t_id="17" sentence="2" number="16">Richard</token>
<token t_id="18" sentence="2" number="17">Garnett</token>
<token t_id="19" sentence="2" number="18">'s</token>
<token t_id="20" sentence="2" number="19">library</token>
<token t_id="21" sentence="2" number="20">,</token>
<token t_id="22" sentence="2" number="21">which</token>
<token t_id="23" sentence="2" number="22">was</token>
<token t_id="24" sentence="2" number="23">announced</token>
<token t_id="25" sentence="2" number="24">in</token>
<token t_id="26" sentence="2" number="25">the</token>
<token t_id="27" sentence="2" number="26">The</token>
<token t_id="28" sentence="2" number="27">Times</token>
<token t_id="29" sentence="2" number="28">in</token>
<token t_id="30" sentence="2" number="29">July</token>
<token t_id="31" sentence="2" number="30">last</token>
<token t_id="32" sentence="2" number="31">,</token>
<token t_id="33" sentence="2" number="32">has</token>
<token t_id="34" sentence="2" number="33">been</token>
<token t_id="35" sentence="2" number="34">fixed</token>
<token t_id="36" sentence="2" number="35">for</token>
<token t_id="37" sentence="2" number="36">December</token>
<token t_id="38" sentence="2" number="37">6</token>
<token t_id="39" sentence="2" number="38">,</token>
<token t_id="40" sentence="2" number="39">and</token>
<token t_id="41" sentence="2" number="40">Messrs.</token>
<token t_id="42" sentence="2" number="41">Sotheby</token>
<token t_id="43" sentence="2" number="42">,</token>
<token t_id="44" sentence="2" number="43">Wilkinson</token>
<token t_id="45" sentence="2" number="44">,</token>
<token t_id="46" sentence="2" number="45">and</token>
<token t_id="47" sentence="2" number="46">Hodge</token>
<token t_id="48" sentence="2" number="47">'s</token>
<token t_id="49" sentence="2" number="48">catalogue</token>
<token t_id="50" sentence="2" number="49">of</token>
<token t_id="51" sentence="2" number="50">it</token>
<token t_id="52" sentence="2" number="51">enumerates</token>
<token t_id="53" sentence="2" number="52">395</token>
<token t_id="54" sentence="2" number="53">lots</token>
<token t_id="55" sentence="2" number="54">.</token>
<token t_id="56" sentence="3" number="55">It</token>
<token t_id="57" sentence="3" number="56">forms</token>
<token t_id="58" sentence="3" number="57">one</token>
<token t_id="59" sentence="3" number="58">of</token>
<token t_id="60" sentence="3" number="59">the</token>
<token t_id="61" sentence="3" number="60">most</token>
<token t_id="62" sentence="3" number="61">interesting</token>
<token t_id="63" sentence="3" number="62">libraries</token>
<token t_id="64" sentence="3" number="63">which</token>
<token t_id="65" sentence="3" number="64">have</token>
<token t_id="66" sentence="3" number="65">been</token>
<token t_id="67" sentence="3" number="66">put</token>
<token t_id="68" sentence="3" number="67">up</token>
<token t_id="69" sentence="3" number="68">for</token>
<token t_id="70" sentence="3" number="69">sale</token>
<token t_id="71" sentence="3" number="70">in</token>
<token t_id="72" sentence="3" number="71">recent</token>
<token t_id="73" sentence="3" number="72">years</token>
<token t_id="74" sentence="3" number="73">.</token>
<token t_id="75" sentence="4" number="74">Three</token>
<token t_id="76" sentence="4" number="75">lots</token>
<token t_id="77" sentence="4" number="76">consist</token>
<token t_id="78" sentence="4" number="77">of</token>
<token t_id="79" sentence="4" number="78">as</token>
<token t_id="80" sentence="4" number="79">many</token>
<token t_id="81" sentence="4" number="80">note-books</token>
<token t_id="82" sentence="4" number="81">of</token>
<token t_id="83" sentence="4" number="82">Percy</token>
<token t_id="84" sentence="4" number="83">B.</token>
<token t_id="85" sentence="4" number="84">Shelley</token>
<token t_id="86" sentence="4" number="85">,</token>
<token t_id="87" sentence="4" number="86">containing</token>
<token t_id="88" sentence="4" number="87">manuscript</token>
<token t_id="89" sentence="4" number="88">matter</token>
<token t_id="90" sentence="4" number="89">of</token>
<token t_id="91" sentence="4" number="90">the</token>
<token t_id="92" sentence="4" number="91">highest</token>
<token t_id="93" sentence="4" number="92">interest</token>
<token t_id="94" sentence="4" number="93">,</token>
<token t_id="95" sentence="4" number="94">of</token>
<token t_id="96" sentence="4" number="95">which</token>
<token t_id="97" sentence="4" number="96">a</token>
<token t_id="98" sentence="4" number="97">considerable</token>
<token t_id="99" sentence="4" number="98">portion</token>
<token t_id="100" sentence="4" number="99">is</token>
<token t_id="101" sentence="4" number="100">unpublished</token>
<token t_id="102" sentence="4" number="101">.</token>
<token t_id="103" sentence="5" number="102">Those</token>
<token t_id="104" sentence="5" number="103">note-books</token>
<token t_id="105" sentence="5" number="104">were</token>
<token t_id="106" sentence="5" number="105">given</token>
<token t_id="107" sentence="5" number="106">by</token>
<token t_id="108" sentence="5" number="107">Shelley</token>
<token t_id="109" sentence="5" number="108">'s</token>
<token t_id="110" sentence="5" number="109">widow</token>
<token t_id="111" sentence="5" number="110">to</token>
<token t_id="112" sentence="5" number="111">her</token>
<token t_id="113" sentence="5" number="112">son</token>
<token t_id="114" sentence="5" number="113">,</token>
<token t_id="115" sentence="5" number="114">Sir</token>
<token t_id="116" sentence="5" number="115">Percy</token>
<token t_id="117" sentence="5" number="116">Shelley</token>
<token t_id="118" sentence="5" number="117">,</token>
<token t_id="119" sentence="5" number="118">and</token>
<token t_id="120" sentence="5" number="119">he</token>
<token t_id="121" sentence="5" number="120">and</token>
<token t_id="122" sentence="5" number="121">Lady</token>
<token t_id="123" sentence="5" number="122">Shelley</token>
<token t_id="124" sentence="5" number="123">gave</token>
<token t_id="125" sentence="5" number="124">them</token>
<token t_id="126" sentence="5" number="125">to</token>
<token t_id="127" sentence="5" number="126">Dr.</token>
<token t_id="128" sentence="5" number="127">Garnett</token>
<token t_id="129" sentence="5" number="128">.</token>
<token t_id="130" sentence="6" number="129">All</token>
<token t_id="131" sentence="6" number="130">the</token>
<token t_id="132" sentence="6" number="131">other</token>
<token t_id="133" sentence="6" number="132">note-books</token>
<token t_id="134" sentence="6" number="133">of</token>
<token t_id="135" sentence="6" number="134">the</token>
<token t_id="136" sentence="6" number="135">poet</token>
<token t_id="137" sentence="6" number="136">are</token>
<token t_id="138" sentence="6" number="137">in</token>
<token t_id="139" sentence="6" number="138">the</token>
<token t_id="140" sentence="6" number="139">Bodleian</token>
<token t_id="141" sentence="6" number="140">Library</token>
<token t_id="142" sentence="6" number="141">,</token>
<token t_id="143" sentence="6" number="142">and</token>
<token t_id="144" sentence="6" number="143">it</token>
<token t_id="145" sentence="6" number="144">seems</token>
<token t_id="146" sentence="6" number="145">a</token>
<token t_id="147" sentence="6" number="146">pity</token>
<token t_id="148" sentence="6" number="147">that</token>
<token t_id="149" sentence="6" number="148">these</token>
<token t_id="150" sentence="6" number="149">three</token>
<token t_id="151" sentence="6" number="150">note-books</token>
<token t_id="152" sentence="6" number="151">are</token>
<token t_id="153" sentence="6" number="152">not</token>
<token t_id="154" sentence="6" number="153">in</token>
<token t_id="155" sentence="6" number="154">some</token>
<token t_id="156" sentence="6" number="155">public</token>
<token t_id="157" sentence="6" number="156">institution</token>
<token t_id="158" sentence="6" number="157">.</token>
<token t_id="159" sentence="7" number="158">The</token>
<token t_id="160" sentence="7" number="159">published</token>
<token t_id="161" sentence="7" number="160">and</token>
<token t_id="162" sentence="7" number="161">unpublished</token>
<token t_id="163" sentence="7" number="162">matter</token>
<token t_id="164" sentence="7" number="163">in</token>
<token t_id="165" sentence="7" number="164">each</token>
<token t_id="166" sentence="7" number="165">note-book</token>
<token t_id="167" sentence="7" number="166">is</token>
<token t_id="168" sentence="7" number="167">clearly</token>
<token t_id="169" sentence="7" number="168">set</token>
<token t_id="170" sentence="7" number="169">out</token>
<token t_id="171" sentence="7" number="170">by</token>
<token t_id="172" sentence="7" number="171">Mr.</token>
<token t_id="173" sentence="7" number="172">W.</token>
<token t_id="174" sentence="7" number="173">M.</token>
<token t_id="175" sentence="7" number="174">Rossetti</token>
<token t_id="176" sentence="7" number="175">;</token>
<token t_id="177" sentence="7" number="176">the</token>
<token t_id="178" sentence="7" number="177">first</token>
<token t_id="179" sentence="7" number="178">book</token>
<token t_id="180" sentence="7" number="179">contains</token>
<token t_id="181" sentence="7" number="180">five</token>
<token t_id="182" sentence="7" number="181">pieces</token>
<token t_id="183" sentence="7" number="182">of</token>
<token t_id="184" sentence="7" number="183">unpublished</token>
<token t_id="185" sentence="7" number="184">matter</token>
<token t_id="186" sentence="7" number="185">,</token>
<token t_id="187" sentence="7" number="186">in</token>
<token t_id="188" sentence="7" number="187">the</token>
<token t_id="189" sentence="7" number="188">second</token>
<token t_id="190" sentence="7" number="189">there</token>
<token t_id="191" sentence="7" number="190">are</token>
<token t_id="192" sentence="7" number="191">ten</token>
<token t_id="193" sentence="7" number="192">,</token>
<token t_id="194" sentence="7" number="193">and</token>
<token t_id="195" sentence="7" number="194">in</token>
<token t_id="196" sentence="7" number="195">the</token>
<token t_id="197" sentence="7" number="196">third</token>
<token t_id="198" sentence="7" number="197">six</token>
<token t_id="199" sentence="7" number="198">.</token>
<token t_id="200" sentence="8" number="199">They</token>
<token t_id="201" sentence="8" number="200">appear</token>
<token t_id="202" sentence="8" number="201">to</token>
<token t_id="203" sentence="8" number="202">be</token>
<token t_id="204" sentence="8" number="203">ideas</token>
<token t_id="205" sentence="8" number="204">,</token>
<token t_id="206" sentence="8" number="205">passing</token>
<token t_id="207" sentence="8" number="206">thoughts</token>
<token t_id="208" sentence="8" number="207">,</token>
<token t_id="209" sentence="8" number="208">and</token>
<token t_id="210" sentence="8" number="209">lines</token>
<token t_id="211" sentence="8" number="210">noted</token>
<token t_id="212" sentence="8" number="211">down</token>
<token t_id="213" sentence="8" number="212">by</token>
<token t_id="214" sentence="8" number="213">the</token>
<token t_id="215" sentence="8" number="214">poet</token>
<token t_id="216" sentence="8" number="215">at</token>
<token t_id="217" sentence="8" number="216">odd</token>
<token t_id="218" sentence="8" number="217">times</token>
<token t_id="219" sentence="8" number="218">and</token>
<token t_id="220" sentence="8" number="219">in</token>
<token t_id="221" sentence="8" number="220">different</token>
<token t_id="222" sentence="8" number="221">places</token>
<token t_id="223" sentence="8" number="222">,</token>
<token t_id="224" sentence="8" number="223">and</token>
<token t_id="225" sentence="8" number="224">possibly</token>
<token t_id="226" sentence="8" number="225">if</token>
<token t_id="227" sentence="8" number="226">they</token>
<token t_id="228" sentence="8" number="227">were</token>
<token t_id="229" sentence="8" number="228">published</token>
<token t_id="230" sentence="8" number="229">would</token>
<token t_id="231" sentence="8" number="230">not</token>
<token t_id="232" sentence="8" number="231">add</token>
<token t_id="233" sentence="8" number="232">much</token>
<token t_id="234" sentence="8" number="233">to</token>
<token t_id="235" sentence="8" number="234">the</token>
<token t_id="236" sentence="8" number="235">poet</token>
<token t_id="237" sentence="8" number="236">'s</token>
<token t_id="238" sentence="8" number="237">reputation</token>
<token t_id="239" sentence="8" number="238">as</token>
<token t_id="240" sentence="8" number="239">a</token>
<token t_id="241" sentence="8" number="240">thinker</token>
<token t_id="242" sentence="8" number="241">and</token>
<token t_id="243" sentence="8" number="242">a</token>
<token t_id="244" sentence="8" number="243">poet</token>
<token t_id="245" sentence="8" number="244">;</token>
<token t_id="246" sentence="8" number="245">but</token>
<token t_id="247" sentence="8" number="246">the</token>
<token t_id="248" sentence="8" number="247">mere</token>
<token t_id="249" sentence="8" number="248">fact</token>
<token t_id="250" sentence="8" number="249">that</token>
<token t_id="251" sentence="8" number="250">they</token>
<token t_id="252" sentence="8" number="251">are</token>
<token t_id="253" sentence="8" number="252">Shelley</token>
<token t_id="254" sentence="8" number="253">'s</token>
<token t_id="255" sentence="8" number="254">gives</token>
<token t_id="256" sentence="8" number="255">them</token>
<token t_id="257" sentence="8" number="256">a</token>
<token t_id="258" sentence="8" number="257">very</token>
<token t_id="259" sentence="8" number="258">great</token>
<token t_id="260" sentence="8" number="259">literary</token>
<token t_id="261" sentence="8" number="260">and</token>
<token t_id="262" sentence="8" number="261">commercial</token>
<token t_id="263" sentence="8" number="262">value</token>
<token t_id="264" sentence="8" number="263">.</token>
<token t_id="265" sentence="9" number="264">There</token>
<token t_id="266" sentence="9" number="265">are</token>
<token t_id="267" sentence="9" number="266">also</token>
<token t_id="268" sentence="9" number="267">nearly</token>
<token t_id="269" sentence="9" number="268">100</token>
<token t_id="270" sentence="9" number="269">volumes</token>
<token t_id="271" sentence="9" number="270">of</token>
<token t_id="272" sentence="9" number="271">editions</token>
<token t_id="273" sentence="9" number="272">and</token>
<token t_id="274" sentence="9" number="273">"</token>
<token t_id="275" sentence="9" number="274">Lives</token>
<token t_id="276" sentence="9" number="275">"</token>
<token t_id="277" sentence="9" number="276">of</token>
<token t_id="278" sentence="9" number="277">Shelley</token>
<token t_id="279" sentence="9" number="278">,</token>
<token t_id="280" sentence="9" number="279">some</token>
<token t_id="281" sentence="9" number="280">of</token>
<token t_id="282" sentence="9" number="281">which</token>
<token t_id="283" sentence="9" number="282">are</token>
<token t_id="284" sentence="9" number="283">presentation</token>
<token t_id="285" sentence="9" number="284">copies</token>
<token t_id="286" sentence="9" number="285">,</token>
<token t_id="287" sentence="9" number="286">while</token>
<token t_id="288" sentence="9" number="287">others</token>
<token t_id="289" sentence="9" number="288">are</token>
<token t_id="290" sentence="9" number="289">manuscript</token>
<token t_id="291" sentence="9" number="290">notes</token>
<token t_id="292" sentence="9" number="291">.</token>
<token t_id="293" sentence="10" number="292">The</token>
<token t_id="294" sentence="10" number="293">collection</token>
<token t_id="295" sentence="10" number="294">of</token>
<token t_id="296" sentence="10" number="295">modern</token>
<token t_id="297" sentence="10" number="296">poetry</token>
<token t_id="298" sentence="10" number="297">is</token>
<token t_id="299" sentence="10" number="298">an</token>
<token t_id="300" sentence="10" number="299">extensive</token>
<token t_id="301" sentence="10" number="300">one</token>
<token t_id="302" sentence="10" number="301">,</token>
<token t_id="303" sentence="10" number="302">and</token>
<token t_id="304" sentence="10" number="303">the</token>
<token t_id="305" sentence="10" number="304">library</token>
<token t_id="306" sentence="10" number="305">is</token>
<token t_id="307" sentence="10" number="306">also</token>
<token t_id="308" sentence="10" number="307">rich</token>
<token t_id="309" sentence="10" number="308">in</token>
<token t_id="310" sentence="10" number="309">books</token>
<token t_id="311" sentence="10" number="310">and</token>
<token t_id="312" sentence="10" number="311">pamphlets</token>
<token t_id="313" sentence="10" number="312">relating</token>
<token t_id="314" sentence="10" number="313">to</token>
<token t_id="315" sentence="10" number="314">the</token>
<token t_id="316" sentence="10" number="315">British</token>
<token t_id="317" sentence="10" number="316">Museum</token>
<token t_id="318" sentence="10" number="317">,</token>
<token t_id="319" sentence="10" number="318">in</token>
<token t_id="320" sentence="10" number="319">books</token>
<token t_id="321" sentence="10" number="320">on</token>
<token t_id="322" sentence="10" number="321">bibliography</token>
<token t_id="323" sentence="10" number="322">,</token>
<token t_id="324" sentence="10" number="323">astrology</token>
<token t_id="325" sentence="10" number="324">,</token>
<token t_id="326" sentence="10" number="325">and</token>
<token t_id="327" sentence="10" number="326">palmistry</token>
<token t_id="328" sentence="10" number="327">,</token>
<token t_id="329" sentence="10" number="328">biography</token>
<token t_id="330" sentence="10" number="329">and</token>
<token t_id="331" sentence="10" number="330">history</token>
<token t_id="332" sentence="10" number="331">,</token>
<token t_id="333" sentence="10" number="332">in</token>
<token t_id="334" sentence="10" number="333">the</token>
<token t_id="335" sentence="10" number="334">publications</token>
<token t_id="336" sentence="10" number="335">of</token>
<token t_id="337" sentence="10" number="336">the</token>
<token t_id="338" sentence="10" number="337">Appledore</token>
<token t_id="339" sentence="10" number="338">and</token>
<token t_id="340" sentence="10" number="339">other</token>
<token t_id="341" sentence="10" number="340">private</token>
<token t_id="342" sentence="10" number="341">presses</token>
<token t_id="343" sentence="10" number="342">,</token>
<token t_id="344" sentence="10" number="343">and</token>
<token t_id="345" sentence="10" number="344">in</token>
<token t_id="346" sentence="10" number="345">the</token>
<token t_id="347" sentence="10" number="346">Transactions</token>
<token t_id="348" sentence="10" number="347">and</token>
<token t_id="349" sentence="10" number="348">Proceedings</token>
<token t_id="350" sentence="10" number="349">of</token>
<token t_id="351" sentence="10" number="350">various</token>
<token t_id="352" sentence="10" number="351">societies</token>
<token t_id="353" sentence="10" number="352">,</token>
<token t_id="354" sentence="10" number="353">and</token>
<token t_id="355" sentence="10" number="354">an</token>
<token t_id="356" sentence="10" number="355">unusually</token>
<token t_id="357" sentence="10" number="356">large</token>
<token t_id="358" sentence="10" number="357">number</token>
<token t_id="359" sentence="10" number="358">of</token>
<token t_id="360" sentence="10" number="359">presentation</token>
<token t_id="361" sentence="10" number="360">copies</token>
<token t_id="362" sentence="10" number="361">with</token>
<token t_id="363" sentence="10" number="362">autograph</token>
<token t_id="364" sentence="10" number="363">inscriptions</token>
<token t_id="365" sentence="10" number="364">.</token>
<token t_id="366" sentence="11" number="365">Dr.</token>
<token t_id="367" sentence="11" number="366">Garnett</token>
<token t_id="368" sentence="11" number="367">'s</token>
<token t_id="369" sentence="11" number="368">own</token>
<token t_id="370" sentence="11" number="369">books</token>
<token t_id="371" sentence="11" number="370">also</token>
<token t_id="372" sentence="11" number="371">figure</token>
<token t_id="373" sentence="11" number="372">in</token>
<token t_id="374" sentence="11" number="373">the</token>
<token t_id="375" sentence="11" number="374">catalogue</token>
<token t_id="376" sentence="11" number="375">,</token>
<token t_id="377" sentence="11" number="376">there</token>
<token t_id="378" sentence="11" number="377">being</token>
<token t_id="379" sentence="11" number="378">,</token>
<token t_id="380" sentence="11" number="379">among</token>
<token t_id="381" sentence="11" number="380">others</token>
<token t_id="382" sentence="11" number="381">,</token>
<token t_id="383" sentence="11" number="382">a</token>
<token t_id="384" sentence="11" number="383">copy</token>
<token t_id="385" sentence="11" number="384">of</token>
<token t_id="386" sentence="11" number="385">his</token>
<token t_id="387" sentence="11" number="386">first</token>
<token t_id="388" sentence="11" number="387">work</token>
<token t_id="389" sentence="11" number="388">,</token>
<token t_id="390" sentence="11" number="389">"</token>
<token t_id="391" sentence="11" number="390">Primula</token>
<token t_id="392" sentence="11" number="391">:</token>
<token t_id="393" sentence="11" number="392">A</token>
<token t_id="394" sentence="11" number="393">Book</token>
<token t_id="395" sentence="11" number="394">of</token>
<token t_id="396" sentence="11" number="395">Lyrics</token>
<token t_id="397" sentence="11" number="396">,</token>
<token t_id="398" sentence="11" number="397">"</token>
<token t_id="399" sentence="11" number="398">1858</token>
<token t_id="400" sentence="11" number="399">,</token>
<token t_id="401" sentence="11" number="400">an</token>
<token t_id="402" sentence="11" number="401">exceedingly</token>
<token t_id="403" sentence="11" number="402">scarce</token>
<token t_id="404" sentence="11" number="403">book</token>
<token t_id="405" sentence="11" number="404">,</token>
<token t_id="406" sentence="11" number="405">with</token>
<token t_id="407" sentence="11" number="406">numerous</token>
<token t_id="408" sentence="11" number="407">manuscript</token>
<token t_id="409" sentence="11" number="408">notes</token>
<token t_id="410" sentence="11" number="409">and</token>
<token t_id="411" sentence="11" number="410">corrections</token>
<token t_id="412" sentence="11" number="411">by</token>
<token t_id="413" sentence="11" number="412">the</token>
<token t_id="414" sentence="11" number="413">author</token>
<token t_id="415" sentence="11" number="414">.</token>
<token t_id="416" sentence="12" number="415">Of</token>
<token t_id="417" sentence="12" number="416">the</token>
<token t_id="418" sentence="12" number="417">several</token>
<token t_id="419" sentence="12" number="418">books</token>
<token t_id="420" sentence="12" number="419">by</token>
<token t_id="421" sentence="12" number="420">Coventry</token>
<token t_id="422" sentence="12" number="421">Patmore</token>
<token t_id="423" sentence="12" number="422">,</token>
<token t_id="424" sentence="12" number="423">the</token>
<token t_id="425" sentence="12" number="424">most</token>
<token t_id="426" sentence="12" number="425">interesting</token>
<token t_id="427" sentence="12" number="426">is</token>
<token t_id="428" sentence="12" number="427">a</token>
<token t_id="429" sentence="12" number="428">presentation</token>
<token t_id="430" sentence="12" number="429">copy</token>
<token t_id="431" sentence="12" number="430">from</token>
<token t_id="432" sentence="12" number="431">the</token>
<token t_id="433" sentence="12" number="432">author</token>
<token t_id="434" sentence="12" number="433">to</token>
<token t_id="435" sentence="12" number="434">Dr.</token>
<token t_id="436" sentence="12" number="435">Garnett</token>
<token t_id="437" sentence="12" number="436">of</token>
<token t_id="438" sentence="12" number="437">"</token>
<token t_id="439" sentence="12" number="438">Odes</token>
<token t_id="440" sentence="12" number="439">,</token>
<token t_id="441" sentence="12" number="440">"</token>
<token t_id="442" sentence="12" number="441">privately</token>
<token t_id="443" sentence="12" number="442">printed</token>
<token t_id="444" sentence="12" number="443">in</token>
<token t_id="445" sentence="12" number="444">1868</token>
<token t_id="446" sentence="12" number="445">for</token>
<token t_id="447" sentence="12" number="446">distribution</token>
<token t_id="448" sentence="12" number="447">among</token>
<token t_id="449" sentence="12" number="448">a</token>
<token t_id="450" sentence="12" number="449">few</token>
<token t_id="451" sentence="12" number="450">friends</token>
<token t_id="452" sentence="12" number="451">;</token>
<token t_id="453" sentence="12" number="452">nearly</token>
<token t_id="454" sentence="12" number="453">the</token>
<token t_id="455" sentence="12" number="454">whole</token>
<token t_id="456" sentence="12" number="455">of</token>
<token t_id="457" sentence="12" number="456">this</token>
<token t_id="458" sentence="12" number="457">edition</token>
<token t_id="459" sentence="12" number="458">was</token>
<token t_id="460" sentence="12" number="459">burnt</token>
<token t_id="461" sentence="12" number="460">by</token>
<token t_id="462" sentence="12" number="461">the</token>
<token t_id="463" sentence="12" number="462">author</token>
<token t_id="464" sentence="12" number="463">himself</token>
<token t_id="465" sentence="12" number="464">.</token>
<token t_id="466" sentence="13" number="465">One</token>
<token t_id="467" sentence="13" number="466">"</token>
<token t_id="468" sentence="13" number="467">lot</token>
<token t_id="469" sentence="13" number="468">"</token>
<token t_id="470" sentence="13" number="469">consists</token>
<token t_id="471" sentence="13" number="470">of</token>
<token t_id="472" sentence="13" number="471">42</token>
<token t_id="473" sentence="13" number="472">volumes</token>
<token t_id="474" sentence="13" number="473">of</token>
<token t_id="475" sentence="13" number="474">tracts</token>
<token t_id="476" sentence="13" number="475">and</token>
<token t_id="477" sentence="13" number="476">pamphlets</token>
<token t_id="478" sentence="13" number="477">on</token>
<token t_id="479" sentence="13" number="478">a</token>
<token t_id="480" sentence="13" number="479">great</token>
<token t_id="481" sentence="13" number="480">variety</token>
<token t_id="482" sentence="13" number="481">of</token>
<token t_id="483" sentence="13" number="482">topics</token>
<token t_id="484" sentence="13" number="483">,</token>
<token t_id="485" sentence="13" number="484">many</token>
<token t_id="486" sentence="13" number="485">being</token>
<token t_id="487" sentence="13" number="486">presentation</token>
<token t_id="488" sentence="13" number="487">copies</token>
<token t_id="489" sentence="13" number="488">.</token>


<Markables>
<EVENT_MENTION m_id="33" factuality="" modality="" pred="" pos="" aspect="" certainty="" comment="" class="MEASURE" tense="" polarity=""  >
<token_anchor t_id="306"/>
<token_anchor t_id="307"/>
<token_anchor t_id="308"/>
</EVENT_MENTION>
<EVENT_MENTION m_id="1" factuality="" modality="" pred="" pos="" aspect="" certainty="" comment="" class="TRADE-WORK" tense="" polarity=""  >
<token_anchor t_id="12"/>
</EVENT_MENTION>
<EVENT_MENTION m_id="34" factuality="" modality="" pred="" pos="" aspect="" certainty="" comment="" class="EXISTENCE-CAUSATION" tense="" polarity=""  >
<token_anchor t_id="372"/>
</EVENT_MENTION>
<EVENT_MENTION m_id="2" factuality="" modality="" pred="" pos="" aspect="" certainty="" comment="" class="COMMUNICATION" tense="" polarity=""  >
<token_anchor t_id="24"/>
</EVENT_MENTION>
<EVENT_MENTION m_id="35" factuality="" modality="" pred="" pos="" aspect="" certainty="" comment="" class="EXISTENCE-CAUSATION" tense="" polarity=""  >
<token_anchor t_id="378"/>
</EVENT_MENTION>
<EVENT_MENTION m_id="3" factuality="" modality="" pred="" pos="" aspect="" certainty="" comment="" class="EXISTENCE-CAUSATION" tense="" polarity=""  >
<token_anchor t_id="35"/>
</EVENT_MENTION>
<EVENT_MENTION m_id="36" factuality="" modality="" pred="" pos="" aspect="" certainty="" comment="" class="COMMUNICATION" tense="" polarity=""  >
<token_anchor t_id="427"/>
<token_anchor t_id="428"/>
<token_anchor t_id="429"/>
<token_anchor t_id="430"/>
</EVENT_MENTION>
<EVENT_MENTION m_id="4" factuality="" modality="" pred="" pos="" aspect="" certainty="" comment="" class="MEASURE" tense="" polarity=""  >
<token_anchor t_id="52"/>
</EVENT_MENTION>
<EVENT_MENTION m_id="37" factuality="" modality="" pred="" pos="" aspect="" certainty="" comment="" class="COMMUNICATION" tense="" polarity=""  >
<token_anchor t_id="443"/>
</EVENT_MENTION>
<EVENT_MENTION m_id="5" factuality="" modality="" pred="" pos="" aspect="" certainty="" comment="" class="EXISTENCE-CAUSATION" tense="" polarity=""  >
<token_anchor t_id="57"/>
</EVENT_MENTION>
<EVENT_MENTION m_id="38" factuality="" modality="" pred="" pos="" aspect="" certainty="" comment="" class="POSSESSION" tense="" polarity=""  >
<token_anchor t_id="447"/>
</EVENT_MENTION>
<EVENT_MENTION m_id="6" factuality="" modality="" pred="" pos="" aspect="" certainty="" comment="" class="TRADE-WORK" tense="" polarity=""  >
<token_anchor t_id="67"/>
<token_anchor t_id="68"/>
<token_anchor t_id="69"/>
<token_anchor t_id="70"/>
</EVENT_MENTION>
<EVENT_MENTION m_id="39" factuality="" modality="" pred="" pos="" aspect="" certainty="" comment="" class="MATTER" tense="" polarity=""  >
<token_anchor t_id="460"/>
</EVENT_MENTION>
<EVENT_MENTION m_id="7" factuality="" modality="" pred="" pos="" aspect="" certainty="" comment="" class="EXISTENCE-CAUSATION" tense="" polarity=""  >
<token_anchor t_id="77"/>
</EVENT_MENTION>
<EVENT_MENTION m_id="40" factuality="" modality="" pred="" pos="" aspect="" certainty="" comment="" class="EXISTENCE-CAUSATION" tense="" polarity=""  >
<token_anchor t_id="470"/>
</EVENT_MENTION>
<EVENT_MENTION m_id="8" factuality="" modality="" pred="" pos="" aspect="" certainty="" comment="" class="COMMUNICATION" tense="" polarity=""  >
<token_anchor t_id="100"/>
<token_anchor t_id="101"/>
</EVENT_MENTION>
<EVENT_MENTION m_id="41" factuality="" modality="" pred="" pos="" aspect="" certainty="" comment="" class="COMMUNICATION" tense="" polarity=""  >
<token_anchor t_id="486"/>
<token_anchor t_id="487"/>
<token_anchor t_id="488"/>
</EVENT_MENTION>
<EVENT_MENTION m_id="9" factuality="" modality="" pred="" pos="" aspect="" certainty="" comment="" class="POSSESSION" tense="" polarity=""  >
<token_anchor t_id="106"/>
</EVENT_MENTION>
<EVENT_MENTION m_id="10" factuality="" modality="" pred="" pos="" aspect="" certainty="" comment="" class="POSSESSION" tense="" polarity=""  >
<token_anchor t_id="124"/>
</EVENT_MENTION>
<EVENT_MENTION m_id="11" factuality="" modality="" pred="" pos="" aspect="" certainty="" comment="" class="EXISTENCE-CAUSATION" tense="" polarity=""  >
<token_anchor t_id="137"/>
</EVENT_MENTION>
<EVENT_MENTION m_id="12" factuality="" modality="" pred="" pos="" aspect="" certainty="" comment="" class="EMOTIONS-EVALUATIONS" tense="" polarity=""  >
<token_anchor t_id="145"/>
<token_anchor t_id="146"/>
<token_anchor t_id="147"/>
</EVENT_MENTION>
<EVENT_MENTION m_id="13" factuality="" modality="" pred="" pos="" aspect="" certainty="" comment="" class="EXISTENCE-CAUSATION" tense="" polarity=""  >
<token_anchor t_id="152"/>
</EVENT_MENTION>
<EVENT_MENTION m_id="14" factuality="" modality="" pred="" pos="" aspect="" certainty="" comment="" class="COMMUNICATION" tense="" polarity=""  >
<token_anchor t_id="160"/>
</EVENT_MENTION>
<EVENT_MENTION m_id="15" factuality="" modality="" pred="" pos="" aspect="" certainty="" comment="" class="COMMUNICATION" tense="" polarity=""  >
<token_anchor t_id="162"/>
</EVENT_MENTION>
<EVENT_MENTION m_id="16" factuality="" modality="" pred="" pos="" aspect="" certainty="" comment="" class="GENERAL" tense="" polarity=""  >
<token_anchor t_id="169"/>
<token_anchor t_id="170"/>
</EVENT_MENTION>
<EVENT_MENTION m_id="17" factuality="" modality="" pred="" pos="" aspect="" certainty="" comment="" class="MEASURE" tense="" polarity=""  >
<token_anchor t_id="180"/>
</EVENT_MENTION>
<EVENT_MENTION m_id="18" factuality="" modality="" pred="" pos="" aspect="" certainty="" comment="" class="COMMUNICATION" tense="" polarity=""  >
<token_anchor t_id="184"/>
</EVENT_MENTION>
<EVENT_MENTION m_id="19" factuality="" modality="" pred="" pos="" aspect="" certainty="" comment="" class="EXISTENCE-CAUSATION" tense="" polarity=""  >
<token_anchor t_id="191"/>
</EVENT_MENTION>
<EVENT_MENTION m_id="20" factuality="" modality="" pred="" pos="" aspect="" certainty="" comment="" class="MEASURE" tense="" polarity=""  >
<token_anchor t_id="87"/>
</EVENT_MENTION>
<EVENT_MENTION m_id="21" factuality="" modality="" pred="" pos="" aspect="" certainty="" comment="" class="MENTAL" tense="" polarity=""  >
<token_anchor t_id="201"/>
</EVENT_MENTION>
<EVENT_MENTION m_id="22" factuality="" modality="" pred="" pos="" aspect="" certainty="" comment="" class="MENTAL" tense="" polarity=""  >
<token_anchor t_id="203"/>
<token_anchor t_id="204"/>
<token_anchor t_id="205"/>
<token_anchor t_id="206"/>
<token_anchor t_id="207"/>
<token_anchor t_id="208"/>
<token_anchor t_id="209"/>
<token_anchor t_id="210"/>
</EVENT_MENTION>
<EVENT_MENTION m_id="23" factuality="" modality="" pred="" pos="" aspect="" certainty="" comment="" class="COMMUNICATION" tense="" polarity=""  >
<token_anchor t_id="211"/>
<token_anchor t_id="212"/>
</EVENT_MENTION>
<EVENT_MENTION m_id="24" factuality="" modality="" pred="" pos="" aspect="" certainty="" comment="" class="COMMUNICATION" tense="" polarity=""  >
<token_anchor t_id="229"/>
</EVENT_MENTION>
<EVENT_MENTION m_id="25" factuality="" modality="" pred="" pos="" aspect="" certainty="" comment="" class="MEASURE" tense="" polarity=""  >
<token_anchor t_id="232"/>
</EVENT_MENTION>
<EVENT_MENTION m_id="26" factuality="" modality="" pred="" pos="" aspect="" certainty="" comment="" class="GENERAL" tense="" polarity=""  >
<token_anchor t_id="249"/>
</EVENT_MENTION>
<EVENT_MENTION m_id="27" factuality="" modality="" pred="" pos="" aspect="" certainty="" comment="" class="EXISTENCE-CAUSATION" tense="" polarity=""  >
<token_anchor t_id="252"/>
</EVENT_MENTION>
<EVENT_MENTION m_id="28" factuality="" modality="" pred="" pos="" aspect="" certainty="" comment="" class="TRADE-WORK" tense="" polarity=""  >
<token_anchor t_id="255"/>
<token_anchor t_id="263"/>
</EVENT_MENTION>
<EVENT_MENTION m_id="29" factuality="" modality="" pred="" pos="" aspect="" certainty="" comment="" class="EXISTENCE-CAUSATION" tense="" polarity=""  >
<token_anchor t_id="266"/>
</EVENT_MENTION>
<EVENT_MENTION m_id="30" factuality="" modality="" pred="" pos="" aspect="" certainty="" comment="" class="COMMUNICATION" tense="" polarity=""  >
<token_anchor t_id="283"/>
<token_anchor t_id="284"/>
<token_anchor t_id="285"/>
</EVENT_MENTION>
<EVENT_MENTION m_id="31" factuality="" modality="" pred="" pos="" aspect="" certainty="" comment="" class="COMMUNICATION" tense="" polarity=""  >
<token_anchor t_id="289"/>
<token_anchor t_id="290"/>
<token_anchor t_id="291"/>
</EVENT_MENTION>
<EVENT_MENTION m_id="32" factuality="" modality="" pred="" pos="" aspect="" certainty="" comment="" class="MEASURE" tense="" polarity=""  >
<token_anchor t_id="298"/>
<token_anchor t_id="299"/>
<token_anchor t_id="300"/>
<token_anchor t_id="301"/>
</EVENT_MENTION>


</Markables>

<Relations>
</Relations>
</Document>
