<Document doc_name="DR_SUN.txt">
<token t_id="1" sentence="0" number="0">31th</token>
<token t_id="2" sentence="0" number="1">December</token>
<token t_id="3" sentence="0" number="2">,</token>
<token t_id="4" sentence="0" number="3">1911</token>
<token t_id="5" sentence="1" number="4">DR.</token>
<token t_id="6" sentence="1" number="5">SUN</token>
<token t_id="7" sentence="1" number="6">'S</token>
<token t_id="8" sentence="1" number="7">ELECTION</token>
<token t_id="9" sentence="1" number="8">IS</token>
<token t_id="10" sentence="1" number="9">NOT</token>
<token t_id="11" sentence="1" number="10">TAKEN</token>
<token t_id="12" sentence="1" number="11">SERIOUSLY</token>
<token t_id="13" sentence="2" number="12">SHANGHAI</token>
<token t_id="14" sentence="2" number="13">,</token>
<token t_id="15" sentence="2" number="14">Dec.</token>
<token t_id="16" sentence="2" number="15">30</token>
<token t_id="17" sentence="2" number="16">.</token>
<token t_id="18" sentence="3" number="17">Dr.</token>
<token t_id="19" sentence="3" number="18">Sun</token>
<token t_id="20" sentence="3" number="19">Yat-sen</token>
<token t_id="21" sentence="3" number="20">,</token>
<token t_id="22" sentence="3" number="21">interviewed</token>
<token t_id="23" sentence="3" number="22">here</token>
<token t_id="24" sentence="3" number="23">today</token>
<token t_id="25" sentence="3" number="24">by</token>
<token t_id="26" sentence="3" number="25">the</token>
<token t_id="27" sentence="3" number="26">correspondent</token>
<token t_id="28" sentence="3" number="27">of</token>
<token t_id="29" sentence="3" number="28">THE</token>
<token t_id="30" sentence="3" number="29">NEW</token>
<token t_id="31" sentence="3" number="30">YORK</token>
<token t_id="32" sentence="3" number="31">TIMES</token>
<token t_id="33" sentence="3" number="32">,</token>
<token t_id="34" sentence="3" number="33">said</token>
<token t_id="35" sentence="3" number="34">he</token>
<token t_id="36" sentence="3" number="35">accepts</token>
<token t_id="37" sentence="3" number="36">the</token>
<token t_id="38" sentence="3" number="37">Presidency</token>
<token t_id="39" sentence="3" number="38">not</token>
<token t_id="40" sentence="3" number="39">doubting</token>
<token t_id="41" sentence="3" number="40">that</token>
<token t_id="42" sentence="3" number="41">the</token>
<token t_id="43" sentence="3" number="42">convention</token>
<token t_id="44" sentence="3" number="43">will</token>
<token t_id="45" sentence="3" number="44">adopt</token>
<token t_id="46" sentence="3" number="45">a</token>
<token t_id="47" sentence="3" number="46">republican</token>
<token t_id="48" sentence="3" number="47">form</token>
<token t_id="49" sentence="3" number="48">of</token>
<token t_id="50" sentence="3" number="49">government</token>
<token t_id="51" sentence="3" number="50">and</token>
<token t_id="52" sentence="3" number="51">that</token>
<token t_id="53" sentence="3" number="52">conditions</token>
<token t_id="54" sentence="3" number="53">will</token>
<token t_id="55" sentence="3" number="54">quickly</token>
<token t_id="56" sentence="3" number="55">settle</token>
<token t_id="57" sentence="3" number="56">and</token>
<token t_id="58" sentence="3" number="57">trade</token>
<token t_id="59" sentence="3" number="58">revive</token>
<token t_id="60" sentence="3" number="59">.</token>
<token t_id="61" sentence="4" number="60">He</token>
<token t_id="62" sentence="4" number="61">expained</token>
<token t_id="63" sentence="4" number="62">that</token>
<token t_id="64" sentence="4" number="63">the</token>
<token t_id="65" sentence="4" number="64">beginning</token>
<token t_id="66" sentence="4" number="65">of</token>
<token t_id="67" sentence="4" number="66">the</token>
<token t_id="68" sentence="4" number="67">revolution</token>
<token t_id="69" sentence="4" number="68">was</token>
<token t_id="70" sentence="4" number="69">premature</token>
<token t_id="71" sentence="4" number="70">,</token>
<token t_id="72" sentence="4" number="71">but</token>
<token t_id="73" sentence="4" number="72">it</token>
<token t_id="74" sentence="4" number="73">had</token>
<token t_id="75" sentence="4" number="74">been</token>
<token t_id="76" sentence="4" number="75">carefully</token>
<token t_id="77" sentence="4" number="76">planned</token>
<token t_id="78" sentence="4" number="77">.</token>
<token t_id="79" sentence="5" number="78">He</token>
<token t_id="80" sentence="5" number="79">also</token>
<token t_id="81" sentence="5" number="80">was</token>
<token t_id="82" sentence="5" number="81">unable</token>
<token t_id="83" sentence="5" number="82">,</token>
<token t_id="84" sentence="5" number="83">he</token>
<token t_id="85" sentence="5" number="84">said</token>
<token t_id="86" sentence="5" number="85">,</token>
<token t_id="87" sentence="5" number="86">to</token>
<token t_id="88" sentence="5" number="87">outline</token>
<token t_id="89" sentence="5" number="88">any</token>
<token t_id="90" sentence="5" number="89">policy</token>
<token t_id="91" sentence="5" number="90">until</token>
<token t_id="92" sentence="5" number="91">his</token>
<token t_id="93" sentence="5" number="92">cabinet</token>
<token t_id="94" sentence="5" number="93">is</token>
<token t_id="95" sentence="5" number="94">organized</token>
<token t_id="96" sentence="5" number="95">.</token>
<token t_id="97" sentence="6" number="96">He</token>
<token t_id="98" sentence="6" number="97">will</token>
<token t_id="99" sentence="6" number="98">proceed</token>
<token t_id="100" sentence="6" number="99">to</token>
<token t_id="101" sentence="6" number="100">NanKing</token>
<token t_id="102" sentence="6" number="101">soon</token>
<token t_id="103" sentence="6" number="102">.</token>
<token t_id="104" sentence="7" number="103">Dr.</token>
<token t_id="105" sentence="7" number="104">Sun</token>
<token t_id="106" sentence="7" number="105">Yat-sen</token>
<token t_id="107" sentence="7" number="106">was</token>
<token t_id="108" sentence="7" number="107">elected</token>
<token t_id="109" sentence="7" number="108">by</token>
<token t_id="110" sentence="7" number="109">fifty</token>
<token t_id="111" sentence="7" number="110">delegates</token>
<token t_id="112" sentence="7" number="111">,</token>
<token t_id="113" sentence="7" number="112">who</token>
<token t_id="114" sentence="7" number="113">were</token>
<token t_id="115" sentence="7" number="114">not</token>
<token t_id="116" sentence="7" number="115">accredited</token>
<token t_id="117" sentence="7" number="116">except</token>
<token t_id="118" sentence="7" number="117">for</token>
<token t_id="119" sentence="7" number="118">letters</token>
<token t_id="120" sentence="7" number="119">from</token>
<token t_id="121" sentence="7" number="120">revolutionary</token>
<token t_id="122" sentence="7" number="121">provincial</token>
<token t_id="123" sentence="7" number="122">leaders</token>
<token t_id="124" sentence="7" number="123">.</token>
<token t_id="125" sentence="8" number="124">some</token>
<token t_id="126" sentence="8" number="125">of</token>
<token t_id="127" sentence="8" number="126">these</token>
<token t_id="128" sentence="8" number="127">already</token>
<token t_id="129" sentence="8" number="128">have</token>
<token t_id="130" sentence="8" number="129">been</token>
<token t_id="131" sentence="8" number="130">deposed</token>
<token t_id="132" sentence="8" number="131">,</token>
<token t_id="133" sentence="8" number="132">and</token>
<token t_id="134" sentence="8" number="133">one</token>
<token t_id="135" sentence="8" number="134">should</token>
<token t_id="136" sentence="8" number="135">not</token>
<token t_id="137" sentence="8" number="136">take</token>
<token t_id="138" sentence="8" number="137">too</token>
<token t_id="139" sentence="8" number="138">seriously</token>
<token t_id="140" sentence="8" number="139">the</token>
<token t_id="141" sentence="8" number="140">result</token>
<token t_id="142" sentence="8" number="141">which</token>
<token t_id="143" sentence="8" number="142">was</token>
<token t_id="144" sentence="8" number="143">partly</token>
<token t_id="145" sentence="8" number="144">due</token>
<token t_id="146" sentence="8" number="145">to</token>
<token t_id="147" sentence="8" number="146">a</token>
<token t_id="148" sentence="8" number="147">foreign</token>
<token t_id="149" sentence="8" number="148">intrigue</token>
<token t_id="150" sentence="8" number="149">which</token>
<token t_id="151" sentence="8" number="150">provoked</token>
<token t_id="152" sentence="8" number="151">the</token>
<token t_id="153" sentence="8" number="152">revolution</token>
<token t_id="154" sentence="8" number="153">first</token>
<token t_id="155" sentence="8" number="154">.</token>
<token t_id="156" sentence="9" number="155">Dr.</token>
<token t_id="157" sentence="9" number="156">Sun</token>
<token t_id="158" sentence="9" number="157">'s</token>
<token t_id="159" sentence="9" number="158">election</token>
<token t_id="160" sentence="9" number="159">,</token>
<token t_id="161" sentence="9" number="160">occuring</token>
<token t_id="162" sentence="9" number="161">simultaneously</token>
<token t_id="163" sentence="9" number="162">with</token>
<token t_id="164" sentence="9" number="163">the</token>
<token t_id="165" sentence="9" number="164">peace</token>
<token t_id="166" sentence="9" number="165">delegates</token>
<token t_id="167" sentence="9" number="166">agreeing</token>
<token t_id="168" sentence="9" number="167">to</token>
<token t_id="169" sentence="9" number="168">refer</token>
<token t_id="170" sentence="9" number="169">the</token>
<token t_id="171" sentence="9" number="170">form</token>
<token t_id="172" sentence="9" number="171">of</token>
<token t_id="173" sentence="9" number="172">government</token>
<token t_id="174" sentence="9" number="173">to</token>
<token t_id="175" sentence="9" number="174">the</token>
<token t_id="176" sentence="9" number="175">convention</token>
<token t_id="177" sentence="9" number="176">indicates</token>
<token t_id="178" sentence="9" number="177">a</token>
<token t_id="179" sentence="9" number="178">lack</token>
<token t_id="180" sentence="9" number="179">of</token>
<token t_id="181" sentence="9" number="180">harmony</token>
<token t_id="182" sentence="9" number="181">among</token>
<token t_id="183" sentence="9" number="182">the</token>
<token t_id="184" sentence="9" number="183">republicans</token>
<token t_id="185" sentence="9" number="184">,</token>
<token t_id="186" sentence="9" number="185">which</token>
<token t_id="187" sentence="9" number="186">partly</token>
<token t_id="188" sentence="9" number="187">stultifies</token>
<token t_id="189" sentence="9" number="188">the</token>
<token t_id="190" sentence="9" number="189">work</token>
<token t_id="191" sentence="9" number="190">of</token>
<token t_id="192" sentence="9" number="191">Dr.</token>
<token t_id="193" sentence="9" number="192">Wu</token>
<token t_id="194" sentence="9" number="193">Ting-Fang</token>
<token t_id="195" sentence="9" number="194">and</token>
<token t_id="196" sentence="9" number="195">apparently</token>
<token t_id="197" sentence="9" number="196">violates</token>
<token t_id="198" sentence="9" number="197">the</token>
<token t_id="199" sentence="9" number="198">understanding</token>
<token t_id="200" sentence="9" number="199">with</token>
<token t_id="201" sentence="9" number="200">Yuan</token>
<token t_id="202" sentence="9" number="201">Shi-Kai</token>
<token t_id="203" sentence="9" number="202">.</token>
<token t_id="204" sentence="10" number="203">The</token>
<token t_id="205" sentence="10" number="204">leaders</token>
<token t_id="206" sentence="10" number="205">will</token>
<token t_id="207" sentence="10" number="206">not</token>
<token t_id="208" sentence="10" number="207">admit</token>
<token t_id="209" sentence="10" number="208">that</token>
<token t_id="210" sentence="10" number="209">there</token>
<token t_id="211" sentence="10" number="210">are</token>
<token t_id="212" sentence="10" number="211">differences</token>
<token t_id="213" sentence="10" number="212">.</token>
<token t_id="214" sentence="11" number="213">All</token>
<token t_id="215" sentence="11" number="214">may</token>
<token t_id="216" sentence="11" number="215">be</token>
<token t_id="217" sentence="11" number="216">adjusted</token>
<token t_id="218" sentence="11" number="217">but</token>
<token t_id="219" sentence="11" number="218">the</token>
<token t_id="220" sentence="11" number="219">situation</token>
<token t_id="221" sentence="11" number="220">indicates</token>
<token t_id="222" sentence="11" number="221">that</token>
<token t_id="223" sentence="11" number="222">there</token>
<token t_id="224" sentence="11" number="223">will</token>
<token t_id="225" sentence="11" number="224">be</token>
<token t_id="226" sentence="11" number="225">a</token>
<token t_id="227" sentence="11" number="226">republic</token>
<token t_id="228" sentence="11" number="227">eventually</token>
<token t_id="229" sentence="11" number="228">,</token>
<token t_id="230" sentence="11" number="229">with</token>
<token t_id="231" sentence="11" number="230">Yuan</token>
<token t_id="232" sentence="11" number="231">Shi-Kai</token>
<token t_id="233" sentence="11" number="232">as</token>
<token t_id="234" sentence="11" number="233">president</token>
<token t_id="235" sentence="11" number="234">.</token>
<token t_id="236" sentence="12" number="235">THOMAS</token>
<token t_id="237" sentence="12" number="236">F.</token>
<token t_id="238" sentence="12" number="237">MILLARD</token>


<Markables>
<EVENT_MENTION m_id="33" factuality="" modality="" pred="" pos="" aspect="" certainty="" comment="" class="MENTAL" tense="" polarity=""  >
<token_anchor t_id="167"/>
</EVENT_MENTION>
<EVENT_MENTION m_id="1" factuality="" modality="" pred="" pos="" aspect="" certainty="" comment="" class="AUTHORITY-LAW" tense="" polarity=""  >
<token_anchor t_id="8"/>
</EVENT_MENTION>
<EVENT_MENTION m_id="34" factuality="" modality="" pred="" pos="" aspect="" certainty="" comment="" class="COMMUNICATION" tense="" polarity=""  >
<token_anchor t_id="169"/>
</EVENT_MENTION>
<EVENT_MENTION m_id="2" factuality="" modality="" pred="" pos="" aspect="" certainty="" comment="" class="MENTAL" tense="" polarity=""  >
<token_anchor t_id="11"/>
<token_anchor t_id="12"/>
</EVENT_MENTION>
<EVENT_MENTION m_id="35" factuality="" modality="" pred="" pos="" aspect="" certainty="" comment="" class="AUTHORITY-LAW" tense="" polarity=""  >
<token_anchor t_id="173"/>
</EVENT_MENTION>
<EVENT_MENTION m_id="3" factuality="" modality="" pred="" pos="" aspect="" certainty="" comment="" class="COMMUNICATION" tense="" polarity=""  >
<token_anchor t_id="22"/>
</EVENT_MENTION>
<EVENT_MENTION m_id="36" factuality="" modality="" pred="" pos="" aspect="" certainty="" comment="" class="MENTAL" tense="" polarity=""  >
<token_anchor t_id="177"/>
</EVENT_MENTION>
<EVENT_MENTION m_id="4" factuality="" modality="" pred="" pos="" aspect="" certainty="" comment="" class="COMMUNICATION" tense="" polarity=""  >
<token_anchor t_id="34"/>
</EVENT_MENTION>
<EVENT_MENTION m_id="37" factuality="" modality="" pred="" pos="" aspect="" certainty="" comment="" class="MENTAL" tense="" polarity=""  >
<token_anchor t_id="188"/>
</EVENT_MENTION>
<EVENT_MENTION m_id="5" factuality="" modality="" pred="" pos="" aspect="" certainty="" comment="" class="AUTHORITY-LAW" tense="" polarity=""  >
<token_anchor t_id="36"/>
</EVENT_MENTION>
<EVENT_MENTION m_id="38" factuality="" modality="" pred="" pos="" aspect="" certainty="" comment="" class="GENERAL" tense="" polarity=""  >
<token_anchor t_id="190"/>
</EVENT_MENTION>
<EVENT_MENTION m_id="6" factuality="" modality="" pred="" pos="" aspect="" certainty="" comment="" class="MENTAL" tense="" polarity=""  >
<token_anchor t_id="40"/>
</EVENT_MENTION>
<EVENT_MENTION m_id="39" factuality="" modality="" pred="" pos="" aspect="" certainty="" comment="" class="AUTHORITY-LAW" tense="" polarity=""  >
<token_anchor t_id="197"/>
</EVENT_MENTION>
<EVENT_MENTION m_id="7" factuality="" modality="" pred="" pos="" aspect="" certainty="" comment="" class="POSSESSION" tense="" polarity=""  >
<token_anchor t_id="45"/>
</EVENT_MENTION>
<EVENT_MENTION m_id="40" factuality="" modality="" pred="" pos="" aspect="" certainty="" comment="" class="MENTAL" tense="" polarity=""  >
<token_anchor t_id="199"/>
</EVENT_MENTION>
<EVENT_MENTION m_id="8" factuality="" modality="" pred="" pos="" aspect="" certainty="" comment="" class="AUTHORITY-LAW" tense="" polarity=""  >
<token_anchor t_id="50"/>
</EVENT_MENTION>
<EVENT_MENTION m_id="41" factuality="" modality="" pred="" pos="" aspect="" certainty="" comment="" class="COMMUNICATION" tense="" polarity=""  >
<token_anchor t_id="208"/>
</EVENT_MENTION>
<EVENT_MENTION m_id="9" factuality="" modality="" pred="" pos="" aspect="" certainty="" comment="" class="EXISTENCE-CAUSATION" tense="" polarity=""  >
<token_anchor t_id="53"/>
</EVENT_MENTION>
<EVENT_MENTION m_id="42" factuality="" modality="" pred="" pos="" aspect="" certainty="" comment="" class="EXISTENCE-CAUSATION" tense="" polarity=""  >
<token_anchor t_id="211"/>
</EVENT_MENTION>
<EVENT_MENTION m_id="10" factuality="" modality="" pred="" pos="" aspect="" certainty="" comment="" class="EXISTENCE-CAUSATION" tense="" polarity=""  >
<token_anchor t_id="56"/>
</EVENT_MENTION>
<EVENT_MENTION m_id="43" factuality="" modality="" pred="" pos="" aspect="" certainty="" comment="" class="MENTAL" tense="" polarity=""  >
<token_anchor t_id="217"/>
</EVENT_MENTION>
<EVENT_MENTION m_id="11" factuality="" modality="" pred="" pos="" aspect="" certainty="" comment="" class="TRADE-WORK" tense="" polarity=""  >
<token_anchor t_id="58"/>
</EVENT_MENTION>
<EVENT_MENTION m_id="44" factuality="" modality="" pred="" pos="" aspect="" certainty="" comment="" class="EXISTENCE-CAUSATION" tense="" polarity=""  >
<token_anchor t_id="220"/>
</EVENT_MENTION>
<EVENT_MENTION m_id="12" factuality="" modality="" pred="" pos="" aspect="" certainty="" comment="" class="EXISTENCE-CAUSATION" tense="" polarity=""  >
<token_anchor t_id="59"/>
</EVENT_MENTION>
<EVENT_MENTION m_id="45" factuality="" modality="" pred="" pos="" aspect="" certainty="" comment="" class="MENTAL" tense="" polarity=""  >
<token_anchor t_id="221"/>
</EVENT_MENTION>
<EVENT_MENTION m_id="13" factuality="" modality="" pred="" pos="" aspect="" certainty="" comment="" class="COMMUNICATION" tense="" polarity=""  >
<token_anchor t_id="62"/>
</EVENT_MENTION>
<EVENT_MENTION m_id="46" factuality="" modality="" pred="" pos="" aspect="" certainty="" comment="" class="EXISTENCE-CAUSATION" tense="" polarity=""  >
<token_anchor t_id="225"/>
</EVENT_MENTION>
<EVENT_MENTION m_id="14" factuality="" modality="" pred="" pos="" aspect="" certainty="" comment="" class="TIME" tense="" polarity=""  >
<token_anchor t_id="65"/>
</EVENT_MENTION>
<EVENT_MENTION m_id="47" factuality="" modality="" pred="" pos="" aspect="" certainty="" comment="" class="HOSTILITY" tense="" polarity=""  >
<token_anchor t_id="165"/>
</EVENT_MENTION>
<EVENT_MENTION m_id="15" factuality="" modality="" pred="" pos="" aspect="" certainty="" comment="" class="HOSTILITY" tense="" polarity=""  >
<token_anchor t_id="68"/>
</EVENT_MENTION>
<EVENT_MENTION m_id="48" factuality="" modality="" pred="" pos="" aspect="" certainty="" comment="" class="POSSESSION" tense="" polarity=""  >
<token_anchor t_id="179"/>
</EVENT_MENTION>
<EVENT_MENTION m_id="16" factuality="" modality="" pred="" pos="" aspect="" certainty="" comment="" class="TIME" tense="" polarity=""  >
<token_anchor t_id="69"/>
<token_anchor t_id="70"/>
</EVENT_MENTION>
<EVENT_MENTION m_id="49" factuality="" modality="" pred="" pos="" aspect="" certainty="" comment="" class="AUTHORITY-LAW" tense="" polarity=""  >
<token_anchor t_id="38"/>
</EVENT_MENTION>
<EVENT_MENTION m_id="17" factuality="" modality="" pred="" pos="" aspect="" certainty="" comment="" class="MENTAL" tense="" polarity=""  >
<token_anchor t_id="77"/>
</EVENT_MENTION>
<EVENT_MENTION m_id="18" factuality="" modality="" pred="" pos="" aspect="" certainty="" comment="" class="MENTAL" tense="" polarity=""  >
<token_anchor t_id="81"/>
<token_anchor t_id="82"/>
</EVENT_MENTION>
<EVENT_MENTION m_id="19" factuality="" modality="" pred="" pos="" aspect="" certainty="" comment="" class="COMMUNICATION" tense="" polarity=""  >
<token_anchor t_id="85"/>
</EVENT_MENTION>
<EVENT_MENTION m_id="20" factuality="" modality="" pred="" pos="" aspect="" certainty="" comment="" class="COMMUNICATION" tense="" polarity=""  >
<token_anchor t_id="88"/>
</EVENT_MENTION>
<EVENT_MENTION m_id="21" factuality="" modality="" pred="" pos="" aspect="" certainty="" comment="" class="GENERAL" tense="" polarity=""  >
<token_anchor t_id="95"/>
</EVENT_MENTION>
<EVENT_MENTION m_id="22" factuality="" modality="" pred="" pos="" aspect="" certainty="" comment="" class="SPACE-MOVEMENT" tense="" polarity=""  >
<token_anchor t_id="99"/>
</EVENT_MENTION>
<EVENT_MENTION m_id="23" factuality="" modality="" pred="" pos="" aspect="" certainty="" comment="" class="AUTHORITY-LAW" tense="" polarity=""  >
<token_anchor t_id="108"/>
</EVENT_MENTION>
<EVENT_MENTION m_id="24" factuality="" modality="" pred="" pos="" aspect="" certainty="" comment="" class="AUTHORITY-LAW" tense="" polarity=""  >
<token_anchor t_id="116"/>
</EVENT_MENTION>
<EVENT_MENTION m_id="25" factuality="" modality="" pred="" pos="" aspect="" certainty="" comment="" class="AUTHORITY-LAW" tense="" polarity=""  >
<token_anchor t_id="131"/>
</EVENT_MENTION>
<EVENT_MENTION m_id="26" factuality="" modality="" pred="" pos="" aspect="" certainty="" comment="" class="MENTAL" tense="" polarity=""  >
<token_anchor t_id="137"/>
<token_anchor t_id="139"/>
</EVENT_MENTION>
<EVENT_MENTION m_id="27" factuality="" modality="" pred="" pos="" aspect="" certainty="" comment="" class="EXISTENCE-CAUSATION" tense="" polarity=""  >
<token_anchor t_id="151"/>
</EVENT_MENTION>
<EVENT_MENTION m_id="28" factuality="" modality="" pred="" pos="" aspect="" certainty="" comment="" class="HOSTILITY" tense="" polarity=""  >
<token_anchor t_id="153"/>
</EVENT_MENTION>
<EVENT_MENTION m_id="29" factuality="" modality="" pred="" pos="" aspect="" certainty="" comment="" class="HOSTILITY" tense="" polarity=""  >
<token_anchor t_id="149"/>
</EVENT_MENTION>
<EVENT_MENTION m_id="30" factuality="" modality="" pred="" pos="" aspect="" certainty="" comment="" class="MENTAL" tense="" polarity=""  >
<token_anchor t_id="143"/>
<token_anchor t_id="145"/>
</EVENT_MENTION>
<EVENT_MENTION m_id="31" factuality="" modality="" pred="" pos="" aspect="" certainty="" comment="" class="AUTHORITY-LAW" tense="" polarity=""  >
<token_anchor t_id="159"/>
</EVENT_MENTION>
<EVENT_MENTION m_id="32" factuality="" modality="" pred="" pos="" aspect="" certainty="" comment="" class="EXISTENCE-CAUSATION" tense="" polarity=""  >
<token_anchor t_id="161"/>
</EVENT_MENTION>


</Markables>

<Relations>
</Relations>
</Document>
