<Document doc_name="Easy_Mark_Twain.txt">
<token t_id="1" sentence="0" number="0">April</token>
<token t_id="2" sentence="0" number="1">27</token>
<token t_id="3" sentence="0" number="2">,</token>
<token t_id="4" sentence="0" number="3">1907</token>
<token t_id="5" sentence="1" number="4">Easy</token>
<token t_id="6" sentence="1" number="5">Mark</token>
<token t_id="7" sentence="1" number="6">Twain</token>
<token t_id="8" sentence="2" number="7">The</token>
<token t_id="9" sentence="2" number="8">man</token>
<token t_id="10" sentence="2" number="9">whom</token>
<token t_id="11" sentence="2" number="10">a</token>
<token t_id="12" sentence="2" number="11">few</token>
<token t_id="13" sentence="2" number="12">people</token>
<token t_id="14" sentence="2" number="13">know</token>
<token t_id="15" sentence="2" number="14">as</token>
<token t_id="16" sentence="2" number="15">Samuel</token>
<token t_id="17" sentence="2" number="16">L.</token>
<token t_id="18" sentence="2" number="17">Clemens</token>
<token t_id="19" sentence="2" number="18">is</token>
<token t_id="20" sentence="2" number="19">an</token>
<token t_id="21" sentence="2" number="20">easy</token>
<token t_id="22" sentence="2" number="21">mark</token>
<token t_id="23" sentence="2" number="22">.</token>
<token t_id="24" sentence="3" number="23">That</token>
<token t_id="25" sentence="3" number="24">was</token>
<token t_id="26" sentence="3" number="25">demonstrated</token>
<token t_id="27" sentence="3" number="26">Thursday</token>
<token t_id="28" sentence="3" number="27">when</token>
<token t_id="29" sentence="3" number="28">he</token>
<token t_id="30" sentence="3" number="29">came</token>
<token t_id="31" sentence="3" number="30">here</token>
<token t_id="32" sentence="3" number="31">aboard</token>
<token t_id="33" sentence="3" number="32">the</token>
<token t_id="34" sentence="3" number="33">steam</token>
<token t_id="35" sentence="3" number="34">yacht</token>
<token t_id="36" sentence="3" number="35">Kanawha</token>
<token t_id="37" sentence="3" number="36">,</token>
<token t_id="38" sentence="3" number="37">as</token>
<token t_id="39" sentence="3" number="38">the</token>
<token t_id="40" sentence="3" number="39">guest</token>
<token t_id="41" sentence="3" number="40">of</token>
<token t_id="42" sentence="3" number="41">Henry</token>
<token t_id="43" sentence="3" number="42">H.</token>
<token t_id="44" sentence="3" number="43">Rogers</token>
<token t_id="45" sentence="3" number="44">,</token>
<token t_id="46" sentence="3" number="45">the</token>
<token t_id="47" sentence="3" number="46">Standard</token>
<token t_id="48" sentence="3" number="47">Oil</token>
<token t_id="49" sentence="3" number="48">Collossus</token>
<token t_id="50" sentence="3" number="49">,</token>
<token t_id="51" sentence="3" number="50">and</token>
<token t_id="52" sentence="3" number="51">talked</token>
<token t_id="53" sentence="3" number="52">when</token>
<token t_id="54" sentence="3" number="53">a</token>
<token t_id="55" sentence="3" number="54">newspaper</token>
<token t_id="56" sentence="3" number="55">reporter</token>
<token t_id="57" sentence="3" number="56">was</token>
<token t_id="58" sentence="3" number="57">within</token>
<token t_id="59" sentence="3" number="58">short</token>
<token t_id="60" sentence="3" number="59">ear</token>
<token t_id="61" sentence="3" number="60">shot</token>
<token t_id="62" sentence="3" number="61">.</token>
<token t_id="63" sentence="4" number="62">He</token>
<token t_id="64" sentence="4" number="63">seems</token>
<token t_id="65" sentence="4" number="64">to</token>
<token t_id="66" sentence="4" number="65">have</token>
<token t_id="67" sentence="4" number="66">none</token>
<token t_id="68" sentence="4" number="67">of</token>
<token t_id="69" sentence="4" number="68">that</token>
<token t_id="70" sentence="4" number="69">quality</token>
<token t_id="71" sentence="4" number="70">which</token>
<token t_id="72" sentence="4" number="71">one</token>
<token t_id="73" sentence="4" number="72">who</token>
<token t_id="74" sentence="4" number="73">wished</token>
<token t_id="75" sentence="4" number="74">to</token>
<token t_id="76" sentence="4" number="75">exhibit</token>
<token t_id="77" sentence="4" number="76">a</token>
<token t_id="78" sentence="4" number="77">deplorable</token>
<token t_id="79" sentence="4" number="78">lack</token>
<token t_id="80" sentence="4" number="79">in</token>
<token t_id="81" sentence="4" number="80">a</token>
<token t_id="82" sentence="4" number="81">fancy</token>
<token t_id="83" sentence="4" number="82">dress</token>
<token t_id="84" sentence="4" number="83">might</token>
<token t_id="85" sentence="4" number="84">well</token>
<token t_id="86" sentence="4" number="85">perhaps</token>
<token t_id="87" sentence="4" number="86">,</token>
<token t_id="88" sentence="4" number="87">call</token>
<token t_id="89" sentence="4" number="88">business</token>
<token t_id="90" sentence="4" number="89">acumen</token>
<token t_id="91" sentence="4" number="90">.</token>
<token t_id="92" sentence="5" number="91">Why</token>
<token t_id="93" sentence="5" number="92">everyone</token>
<token t_id="94" sentence="5" number="93">of</token>
<token t_id="95" sentence="5" number="94">those</token>
<token t_id="96" sentence="5" number="95">little</token>
<token t_id="97" sentence="5" number="96">words</token>
<token t_id="98" sentence="5" number="97">which</token>
<token t_id="99" sentence="5" number="98">slipped</token>
<token t_id="100" sentence="5" number="99">out</token>
<token t_id="101" sentence="5" number="100">of</token>
<token t_id="102" sentence="5" number="101">his</token>
<token t_id="103" sentence="5" number="102">mouth</token>
<token t_id="104" sentence="5" number="103">might</token>
<token t_id="105" sentence="5" number="104">have</token>
<token t_id="106" sentence="5" number="105">been</token>
<token t_id="107" sentence="5" number="106">sold</token>
<token t_id="108" sentence="5" number="107">for</token>
<token t_id="109" sentence="5" number="108">something</token>
<token t_id="110" sentence="5" number="109">.</token>
<token t_id="111" sentence="6" number="110">True</token>
<token t_id="112" sentence="6" number="111">,</token>
<token t_id="113" sentence="6" number="112">they</token>
<token t_id="114" sentence="6" number="113">were</token>
<token t_id="115" sentence="6" number="114">not</token>
<token t_id="116" sentence="6" number="115">exactly</token>
<token t_id="117" sentence="6" number="116">new</token>
<token t_id="118" sentence="6" number="117">words</token>
<token t_id="119" sentence="6" number="118">,</token>
<token t_id="120" sentence="6" number="119">but</token>
<token t_id="121" sentence="6" number="120">he</token>
<token t_id="122" sentence="6" number="121">could</token>
<token t_id="123" sentence="6" number="122">have</token>
<token t_id="124" sentence="6" number="123">dressed</token>
<token t_id="125" sentence="6" number="124">them</token>
<token t_id="126" sentence="6" number="125">up</token>
<token t_id="127" sentence="6" number="126">so</token>
<token t_id="128" sentence="6" number="127">no</token>
<token t_id="129" sentence="6" number="128">one</token>
<token t_id="130" sentence="6" number="129">would</token>
<token t_id="131" sentence="6" number="130">have</token>
<token t_id="132" sentence="6" number="131">known</token>
<token t_id="133" sentence="6" number="132">that</token>
<token t_id="134" sentence="6" number="133">they</token>
<token t_id="135" sentence="6" number="134">ever</token>
<token t_id="136" sentence="6" number="135">had</token>
<token t_id="137" sentence="6" number="136">been</token>
<token t_id="138" sentence="6" number="137">used</token>
<token t_id="139" sentence="6" number="138">and</token>
<token t_id="140" sentence="6" number="139">they</token>
<token t_id="141" sentence="6" number="140">could</token>
<token t_id="142" sentence="6" number="141">have</token>
<token t_id="143" sentence="6" number="142">been</token>
<token t_id="144" sentence="6" number="143">worked</token>
<token t_id="145" sentence="6" number="144">off</token>
<token t_id="146" sentence="6" number="145">at</token>
<token t_id="147" sentence="6" number="146">a</token>
<token t_id="148" sentence="6" number="147">good</token>
<token t_id="149" sentence="6" number="148">profit</token>
<token t_id="150" sentence="6" number="149">to</token>
<token t_id="151" sentence="6" number="150">the</token>
<token t_id="152" sentence="6" number="151">producer</token>
<token t_id="153" sentence="6" number="152">.</token>
<token t_id="154" sentence="7" number="153">Instead</token>
<token t_id="155" sentence="7" number="154">of</token>
<token t_id="156" sentence="7" number="155">the</token>
<token t_id="157" sentence="7" number="156">producer</token>
<token t_id="158" sentence="7" number="157">profiting</token>
<token t_id="159" sentence="7" number="158">,</token>
<token t_id="160" sentence="7" number="159">however</token>
<token t_id="161" sentence="7" number="160">,</token>
<token t_id="162" sentence="7" number="161">the</token>
<token t_id="163" sentence="7" number="162">public</token>
<token t_id="164" sentence="7" number="163">profited</token>
<token t_id="165" sentence="7" number="164">.</token>
<token t_id="166" sentence="8" number="165">That</token>
<token t_id="167" sentence="8" number="166">goes</token>
<token t_id="168" sentence="8" number="167">to</token>
<token t_id="169" sentence="8" number="168">show</token>
<token t_id="170" sentence="8" number="169">that</token>
<token t_id="171" sentence="8" number="170">a</token>
<token t_id="172" sentence="8" number="171">man</token>
<token t_id="173" sentence="8" number="172">may</token>
<token t_id="174" sentence="8" number="173">have</token>
<token t_id="175" sentence="8" number="174">the</token>
<token t_id="176" sentence="8" number="175">art</token>
<token t_id="177" sentence="8" number="176">to</token>
<token t_id="178" sentence="8" number="177">dress</token>
<token t_id="179" sentence="8" number="178">up</token>
<token t_id="180" sentence="8" number="179">old</token>
<token t_id="181" sentence="8" number="180">words</token>
<token t_id="182" sentence="8" number="181">in</token>
<token t_id="183" sentence="8" number="182">a</token>
<token t_id="184" sentence="8" number="183">new</token>
<token t_id="185" sentence="8" number="184">style</token>
<token t_id="186" sentence="8" number="185">and</token>
<token t_id="187" sentence="8" number="186">amuse</token>
<token t_id="188" sentence="8" number="187">the</token>
<token t_id="189" sentence="8" number="188">public</token>
<token t_id="190" sentence="8" number="189">immoderately</token>
<token t_id="191" sentence="8" number="190">and</token>
<token t_id="192" sentence="8" number="191">still</token>
<token t_id="193" sentence="8" number="192">be</token>
<token t_id="194" sentence="8" number="193">without</token>
<token t_id="195" sentence="8" number="194">business</token>
<token t_id="196" sentence="8" number="195">acumen</token>
<token t_id="197" sentence="8" number="196">.</token>
<token t_id="198" sentence="9" number="197">Men</token>
<token t_id="199" sentence="9" number="198">do</token>
<token t_id="200" sentence="9" number="199">not</token>
<token t_id="201" sentence="9" number="200">make</token>
<token t_id="202" sentence="9" number="201">money</token>
<token t_id="203" sentence="9" number="202">talking</token>
<token t_id="204" sentence="9" number="203">for</token>
<token t_id="205" sentence="9" number="204">nothing</token>
<token t_id="206" sentence="9" number="205">.</token>
<token t_id="207" sentence="10" number="206">Mark</token>
<token t_id="208" sentence="10" number="207">Twain</token>
<token t_id="209" sentence="10" number="208">,</token>
<token t_id="210" sentence="10" number="209">as</token>
<token t_id="211" sentence="10" number="210">he</token>
<token t_id="212" sentence="10" number="211">lies</token>
<token t_id="213" sentence="10" number="212">slumbering</token>
<token t_id="214" sentence="10" number="213">aboard</token>
<token t_id="215" sentence="10" number="214">the</token>
<token t_id="216" sentence="10" number="215">Kanawha</token>
<token t_id="217" sentence="10" number="216">,</token>
<token t_id="218" sentence="10" number="217">the</token>
<token t_id="219" sentence="10" number="218">breeze</token>
<token t_id="220" sentence="10" number="219">from</token>
<token t_id="221" sentence="10" number="220">the</token>
<token t_id="222" sentence="10" number="221">Dismal</token>
<token t_id="223" sentence="10" number="222">Swamp</token>
<token t_id="224" sentence="10" number="223">which</token>
<token t_id="225" sentence="10" number="224">Tom</token>
<token t_id="226" sentence="10" number="225">Moore</token>
<token t_id="227" sentence="10" number="226">peopled</token>
<token t_id="228" sentence="10" number="227">with</token>
<token t_id="229" sentence="10" number="228">the</token>
<token t_id="230" sentence="10" number="229">ghost</token>
<token t_id="231" sentence="10" number="230">of</token>
<token t_id="232" sentence="10" number="231">a</token>
<token t_id="233" sentence="10" number="232">maid</token>
<token t_id="234" sentence="10" number="233">which</token>
<token t_id="235" sentence="10" number="234">never</token>
<token t_id="236" sentence="10" number="235">ceases</token>
<token t_id="237" sentence="10" number="236">from</token>
<token t_id="238" sentence="10" number="237">paddling</token>
<token t_id="239" sentence="10" number="238">,</token>
<token t_id="240" sentence="10" number="239">fanning</token>
<token t_id="241" sentence="10" number="240">the</token>
<token t_id="242" sentence="10" number="241">sleeper</token>
<token t_id="243" sentence="10" number="242">,</token>
<token t_id="244" sentence="10" number="243">is</token>
<token t_id="245" sentence="10" number="244">surrounded</token>
<token t_id="246" sentence="10" number="245">by</token>
<token t_id="247" sentence="10" number="246">several</token>
<token t_id="248" sentence="10" number="247">luminous</token>
<token t_id="249" sentence="10" number="248">examples</token>
<token t_id="250" sentence="10" number="249">all</token>
<token t_id="251" sentence="10" number="250">pursuading</token>
<token t_id="252" sentence="10" number="251">to</token>
<token t_id="253" sentence="10" number="252">the</token>
<token t_id="254" sentence="10" number="253">contrary</token>
<token t_id="255" sentence="10" number="254">.</token>
<token t_id="256" sentence="11" number="255">Not</token>
<token t_id="257" sentence="11" number="256">all</token>
<token t_id="258" sentence="11" number="257">he</token>
<token t_id="259" sentence="11" number="258">said</token>
<token t_id="260" sentence="11" number="259">yesterday</token>
<token t_id="261" sentence="11" number="260">has</token>
<token t_id="262" sentence="11" number="261">yet</token>
<token t_id="263" sentence="11" number="262">blossomed</token>
<token t_id="264" sentence="11" number="263">into</token>
<token t_id="265" sentence="11" number="264">print</token>
<token t_id="266" sentence="11" number="265">either</token>
<token t_id="267" sentence="11" number="266">,</token>
<token t_id="268" sentence="11" number="267">but</token>
<token t_id="269" sentence="11" number="268">may</token>
<token t_id="270" sentence="11" number="269">be</token>
<token t_id="271" sentence="11" number="270">expected</token>
<token t_id="272" sentence="11" number="271">to</token>
<token t_id="273" sentence="11" number="272">be</token>
<token t_id="274" sentence="11" number="273">hoarded</token>
<token t_id="275" sentence="11" number="274">and</token>
<token t_id="276" sentence="11" number="275">retailed</token>
<token t_id="277" sentence="11" number="276">by</token>
<token t_id="278" sentence="11" number="277">the</token>
<token t_id="279" sentence="11" number="278">newspaper</token>
<token t_id="280" sentence="11" number="279">men</token>
<token t_id="281" sentence="11" number="280">slowly</token>
<token t_id="282" sentence="11" number="281">,</token>
<token t_id="283" sentence="11" number="282">so</token>
<token t_id="284" sentence="11" number="283">as</token>
<token t_id="285" sentence="11" number="284">to</token>
<token t_id="286" sentence="11" number="285">not</token>
<token t_id="287" sentence="11" number="286">break</token>
<token t_id="288" sentence="11" number="287">the</token>
<token t_id="289" sentence="11" number="288">market</token>
<token t_id="290" sentence="11" number="289">.</token>
<token t_id="291" sentence="12" number="290">He</token>
<token t_id="292" sentence="12" number="291">said</token>
<token t_id="293" sentence="12" number="292">something</token>
<token t_id="294" sentence="12" number="293">to</token>
<token t_id="295" sentence="12" number="294">the</token>
<token t_id="296" sentence="12" number="295">effect</token>
<token t_id="297" sentence="12" number="296">that</token>
<token t_id="298" sentence="12" number="297">some</token>
<token t_id="299" sentence="12" number="298">people</token>
<token t_id="300" sentence="12" number="299">here</token>
<token t_id="301" sentence="12" number="300">expressed</token>
<token t_id="302" sentence="12" number="301">concern</token>
<token t_id="303" sentence="12" number="302">lest</token>
<token t_id="304" sentence="12" number="303">the</token>
<token t_id="305" sentence="12" number="304">Jamestown</token>
<token t_id="306" sentence="12" number="305">Exposition</token>
<token t_id="307" sentence="12" number="306">should</token>
<token t_id="308" sentence="12" number="307">not</token>
<token t_id="309" sentence="12" number="308">be</token>
<token t_id="310" sentence="12" number="309">complete</token>
<token t_id="311" sentence="12" number="310">.</token>
<token t_id="312" sentence="13" number="311">Such</token>
<token t_id="313" sentence="13" number="312">a</token>
<token t_id="314" sentence="13" number="313">possibility</token>
<token t_id="315" sentence="13" number="314">as</token>
<token t_id="316" sentence="13" number="315">that</token>
<token t_id="317" sentence="13" number="316">,</token>
<token t_id="318" sentence="13" number="317">he</token>
<token t_id="319" sentence="13" number="318">could</token>
<token t_id="320" sentence="13" number="319">not</token>
<token t_id="321" sentence="13" number="320">comprehend</token>
<token t_id="322" sentence="13" number="321">in</token>
<token t_id="323" sentence="13" number="322">view</token>
<token t_id="324" sentence="13" number="323">of</token>
<token t_id="325" sentence="13" number="324">the</token>
<token t_id="326" sentence="13" number="325">fact</token>
<token t_id="327" sentence="13" number="326">that</token>
<token t_id="328" sentence="13" number="327">he</token>
<token t_id="329" sentence="13" number="328">really</token>
<token t_id="330" sentence="13" number="329">was</token>
<token t_id="331" sentence="13" number="330">the</token>
<token t_id="332" sentence="13" number="331">show</token>
<token t_id="333" sentence="13" number="332">and</token>
<token t_id="334" sentence="13" number="333">he</token>
<token t_id="335" sentence="13" number="334">was</token>
<token t_id="336" sentence="13" number="335">all</token>
<token t_id="337" sentence="13" number="336">here</token>
<token t_id="338" sentence="13" number="337">and</token>
<token t_id="339" sentence="13" number="338">it</token>
<token t_id="340" sentence="13" number="339">was</token>
<token t_id="341" sentence="13" number="340">all</token>
<token t_id="342" sentence="13" number="341">right</token>
<token t_id="343" sentence="13" number="342">.</token>
<token t_id="344" sentence="14" number="343">He</token>
<token t_id="345" sentence="14" number="344">allowed</token>
<token t_id="346" sentence="14" number="345">that</token>
<token t_id="347" sentence="14" number="346">his</token>
<token t_id="348" sentence="14" number="347">daughter</token>
<token t_id="349" sentence="14" number="348">once</token>
<token t_id="350" sentence="14" number="349">said</token>
<token t_id="351" sentence="14" number="350">that</token>
<token t_id="352" sentence="14" number="351">her</token>
<token t_id="353" sentence="14" number="352">Papa</token>
<token t_id="354" sentence="14" number="353">never</token>
<token t_id="355" sentence="14" number="354">went</token>
<token t_id="356" sentence="14" number="355">any</token>
<token t_id="357" sentence="14" number="356">where</token>
<token t_id="358" sentence="14" number="357">except</token>
<token t_id="359" sentence="14" number="358">it</token>
<token t_id="360" sentence="14" number="359">was</token>
<token t_id="361" sentence="14" number="360">some</token>
<token t_id="362" sentence="14" number="361">place</token>
<token t_id="363" sentence="14" number="362">where</token>
<token t_id="364" sentence="14" number="363">he</token>
<token t_id="365" sentence="14" number="364">could</token>
<token t_id="366" sentence="14" number="365">show</token>
<token t_id="367" sentence="14" number="366">himself</token>
<token t_id="368" sentence="14" number="367">off</token>
<token t_id="369" sentence="14" number="368">and</token>
<token t_id="370" sentence="14" number="369">he</token>
<token t_id="371" sentence="14" number="370">thought</token>
<token t_id="372" sentence="14" number="371">that</token>
<token t_id="373" sentence="14" number="372">he</token>
<token t_id="374" sentence="14" number="373">was</token>
<token t_id="375" sentence="14" number="374">doing</token>
<token t_id="376" sentence="14" number="375">that</token>
<token t_id="377" sentence="14" number="376">here</token>
<token t_id="378" sentence="14" number="377">pretty</token>
<token t_id="379" sentence="14" number="378">well</token>
<token t_id="380" sentence="14" number="379">.</token>
<token t_id="381" sentence="15" number="380">The</token>
<token t_id="382" sentence="15" number="381">reporters</token>
<token t_id="383" sentence="15" number="382">say</token>
<token t_id="384" sentence="15" number="383">that</token>
<token t_id="385" sentence="15" number="384">he</token>
<token t_id="386" sentence="15" number="385">said</token>
<token t_id="387" sentence="15" number="386">these</token>
<token t_id="388" sentence="15" number="387">things</token>
<token t_id="389" sentence="15" number="388">.</token>
<token t_id="390" sentence="16" number="389">Of</token>
<token t_id="391" sentence="16" number="390">course</token>
<token t_id="392" sentence="16" number="391">,</token>
<token t_id="393" sentence="16" number="392">the</token>
<token t_id="394" sentence="16" number="393">reporters</token>
<token t_id="395" sentence="16" number="394">sometimes</token>
<token t_id="396" sentence="16" number="395">misquote</token>
<token t_id="397" sentence="16" number="396">a</token>
<token t_id="398" sentence="16" number="397">man</token>
<token t_id="399" sentence="16" number="398">.</token>
<token t_id="400" sentence="17" number="399">Who</token>
<token t_id="401" sentence="17" number="400">has</token>
<token t_id="402" sentence="17" number="401">not</token>
<token t_id="403" sentence="17" number="402">known</token>
<token t_id="404" sentence="17" number="403">men</token>
<token t_id="405" sentence="17" number="404">whom</token>
<token t_id="406" sentence="17" number="405">they</token>
<token t_id="407" sentence="17" number="406">have</token>
<token t_id="408" sentence="17" number="407">quoted</token>
<token t_id="409" sentence="17" number="408">in</token>
<token t_id="410" sentence="17" number="409">print</token>
<token t_id="411" sentence="17" number="410">as</token>
<token t_id="412" sentence="17" number="411">saying</token>
<token t_id="413" sentence="17" number="412">something</token>
<token t_id="414" sentence="17" number="413">which</token>
<token t_id="415" sentence="17" number="414">sounded</token>
<token t_id="416" sentence="17" number="415">entirely</token>
<token t_id="417" sentence="17" number="416">different</token>
<token t_id="418" sentence="17" number="417">when</token>
<token t_id="419" sentence="17" number="418">read</token>
<token t_id="420" sentence="17" number="419">than</token>
<token t_id="421" sentence="17" number="420">when</token>
<token t_id="422" sentence="17" number="421">uttered</token>
<token t_id="423" sentence="17" number="422">.</token>
<token t_id="424" sentence="18" number="423">Fortunately</token>
<token t_id="425" sentence="18" number="424">for</token>
<token t_id="426" sentence="18" number="425">reporters</token>
<token t_id="427" sentence="18" number="426">the</token>
<token t_id="428" sentence="18" number="427">things</token>
<token t_id="429" sentence="18" number="428">which</token>
<token t_id="430" sentence="18" number="429">they</token>
<token t_id="431" sentence="18" number="430">write</token>
<token t_id="432" sentence="18" number="431">which</token>
<token t_id="433" sentence="18" number="432">please</token>
<token t_id="434" sentence="18" number="433">the</token>
<token t_id="435" sentence="18" number="434">public</token>
<token t_id="436" sentence="18" number="435">and</token>
<token t_id="437" sentence="18" number="436">make</token>
<token t_id="438" sentence="18" number="437">that</token>
<token t_id="439" sentence="18" number="438">public</token>
<token t_id="440" sentence="18" number="439">applaud</token>
<token t_id="441" sentence="18" number="440">the</token>
<token t_id="442" sentence="18" number="441">man</token>
<token t_id="443" sentence="18" number="442">who</token>
<token t_id="444" sentence="18" number="443">uttered</token>
<token t_id="445" sentence="18" number="444">them</token>
<token t_id="446" sentence="18" number="445">are</token>
<token t_id="447" sentence="18" number="446">rarely</token>
<token t_id="448" sentence="18" number="447">misquotations</token>
<token t_id="449" sentence="18" number="448">.</token>
<token t_id="450" sentence="19" number="449">Mark</token>
<token t_id="451" sentence="19" number="450">Twain</token>
<token t_id="452" sentence="19" number="451">,</token>
<token t_id="453" sentence="19" number="452">though</token>
<token t_id="454" sentence="19" number="453">,</token>
<token t_id="455" sentence="19" number="454">has</token>
<token t_id="456" sentence="19" number="455">rarely</token>
<token t_id="457" sentence="19" number="456">been</token>
<token t_id="458" sentence="19" number="457">misquoted</token>
<token t_id="459" sentence="19" number="458">.</token>
<token t_id="460" sentence="20" number="459">Perhaps</token>
<token t_id="461" sentence="20" number="460">the</token>
<token t_id="462" sentence="20" number="461">principal</token>
<token t_id="463" sentence="20" number="462">reason</token>
<token t_id="464" sentence="20" number="463">why</token>
<token t_id="465" sentence="20" number="464">this</token>
<token t_id="466" sentence="20" number="465">is</token>
<token t_id="467" sentence="20" number="466">true</token>
<token t_id="468" sentence="20" number="467">is</token>
<token t_id="469" sentence="20" number="468">that</token>
<token t_id="470" sentence="20" number="469">nobody</token>
<token t_id="471" sentence="20" number="470">else</token>
<token t_id="472" sentence="20" number="471">could</token>
<token t_id="473" sentence="20" number="472">think</token>
<token t_id="474" sentence="20" number="473">of</token>
<token t_id="475" sentence="20" number="474">anything</token>
<token t_id="476" sentence="20" number="475">which</token>
<token t_id="477" sentence="20" number="476">might</token>
<token t_id="478" sentence="20" number="477">be</token>
<token t_id="479" sentence="20" number="478">said</token>
<token t_id="480" sentence="20" number="479">which</token>
<token t_id="481" sentence="20" number="480">was</token>
<token t_id="482" sentence="20" number="481">so</token>
<token t_id="483" sentence="20" number="482">good</token>
<token t_id="484" sentence="20" number="483">as</token>
<token t_id="485" sentence="20" number="484">that</token>
<token t_id="486" sentence="20" number="485">which</token>
<token t_id="487" sentence="20" number="486">Mark</token>
<token t_id="488" sentence="20" number="487">Twain</token>
<token t_id="489" sentence="20" number="488">really</token>
<token t_id="490" sentence="20" number="489">said</token>
<token t_id="491" sentence="20" number="490">.</token>
<token t_id="492" sentence="21" number="491">He</token>
<token t_id="493" sentence="21" number="492">can</token>
<token t_id="494" sentence="21" number="493">say</token>
<token t_id="495" sentence="21" number="494">good</token>
<token t_id="496" sentence="21" number="495">things</token>
<token t_id="497" sentence="21" number="496">,</token>
<token t_id="498" sentence="21" number="497">there</token>
<token t_id="499" sentence="21" number="498">is</token>
<token t_id="500" sentence="21" number="499">n't</token>
<token t_id="501" sentence="21" number="500">any</token>
<token t_id="502" sentence="21" number="501">doubt</token>
<token t_id="503" sentence="21" number="502">of</token>
<token t_id="504" sentence="21" number="503">that</token>
<token t_id="505" sentence="21" number="504">,</token>
<token t_id="506" sentence="21" number="505">but</token>
<token t_id="507" sentence="21" number="506">that</token>
<token t_id="508" sentence="21" number="507">he</token>
<token t_id="509" sentence="21" number="508">has</token>
<token t_id="510" sentence="21" number="509">business</token>
<token t_id="511" sentence="21" number="510">acumen</token>
<token t_id="512" sentence="21" number="511">three</token>
<token t_id="513" sentence="21" number="512">is</token>
<token t_id="514" sentence="21" number="513">no</token>
<token t_id="515" sentence="21" number="514">earthly</token>
<token t_id="516" sentence="21" number="515">use</token>
<token t_id="517" sentence="21" number="516">of</token>
<token t_id="518" sentence="21" number="517">pretending</token>
<token t_id="519" sentence="21" number="518">.</token>
<token t_id="520" sentence="22" number="519">Perhaps</token>
<token t_id="521" sentence="22" number="520">it</token>
<token t_id="522" sentence="22" number="521">is</token>
<token t_id="523" sentence="22" number="522">because</token>
<token t_id="524" sentence="22" number="523">of</token>
<token t_id="525" sentence="22" number="524">this</token>
<token t_id="526" sentence="22" number="525">very</token>
<token t_id="527" sentence="22" number="526">lack</token>
<token t_id="528" sentence="22" number="527">that</token>
<token t_id="529" sentence="22" number="528">the</token>
<token t_id="530" sentence="22" number="529">world</token>
<token t_id="531" sentence="22" number="530">loves</token>
<token t_id="532" sentence="22" number="531">him</token>
<token t_id="533" sentence="22" number="532">so</token>
<token t_id="534" sentence="22" number="533">dearly</token>
<token t_id="535" sentence="22" number="534">.</token>
<token t_id="536" sentence="23" number="535">The</token>
<token t_id="537" sentence="23" number="536">crippled</token>
<token t_id="538" sentence="23" number="537">child</token>
<token t_id="539" sentence="23" number="538">generally</token>
<token t_id="540" sentence="23" number="539">is</token>
<token t_id="541" sentence="23" number="540">loved</token>
<token t_id="542" sentence="23" number="541">by</token>
<token t_id="543" sentence="23" number="542">the</token>
<token t_id="544" sentence="23" number="543">mother</token>
<token t_id="545" sentence="23" number="544">better</token>
<token t_id="546" sentence="23" number="545">than</token>
<token t_id="547" sentence="23" number="546">the</token>
<token t_id="548" sentence="23" number="547">perfect</token>
<token t_id="549" sentence="23" number="548">one</token>
<token t_id="550" sentence="23" number="549">is</token>
<token t_id="551" sentence="23" number="550">.</token>


<Markables>
<EVENT_MENTION m_id="33" factuality="" modality="" pred="" pos="" aspect="" certainty="" comment="" class="SPACE-MOVEMENT" tense="" polarity=""  >
<token_anchor t_id="238"/>
</EVENT_MENTION>
<EVENT_MENTION m_id="65" factuality="" modality="" pred="" pos="" aspect="" certainty="" comment="" class="COMMUNICATION" tense="" polarity=""  >
<token_anchor t_id="412"/>
</EVENT_MENTION>
<EVENT_MENTION m_id="1" factuality="" modality="" pred="" pos="" aspect="" certainty="" comment="" class="MENTAL" tense="" polarity=""  >
<token_anchor t_id="14"/>
</EVENT_MENTION>
<EVENT_MENTION m_id="34" factuality="" modality="" pred="" pos="" aspect="" certainty="" comment="" class="SPACE-MOVEMENT" tense="" polarity=""  >
<token_anchor t_id="240"/>
</EVENT_MENTION>
<EVENT_MENTION m_id="66" factuality="" modality="" pred="" pos="" aspect="" certainty="" comment="" class="PHYSICAL SENSATIONS" tense="" polarity=""  >
<token_anchor t_id="415"/>
</EVENT_MENTION>
<EVENT_MENTION m_id="2" factuality="" modality="" pred="" pos="" aspect="" certainty="" comment="" class="MENTAL" tense="" polarity=""  >
<token_anchor t_id="19"/>
<token_anchor t_id="20"/>
<token_anchor t_id="21"/>
<token_anchor t_id="22"/>
</EVENT_MENTION>
<EVENT_MENTION m_id="35" factuality="" modality="" pred="" pos="" aspect="" certainty="" comment="" class="SPACE-MOVEMENT" tense="" polarity=""  >
<token_anchor t_id="245"/>
</EVENT_MENTION>
<EVENT_MENTION m_id="67" factuality="" modality="" pred="" pos="" aspect="" certainty="" comment="" class="COMMUNICATION" tense="" polarity=""  >
<token_anchor t_id="419"/>
</EVENT_MENTION>
<EVENT_MENTION m_id="3" factuality="" modality="" pred="" pos="" aspect="" certainty="" comment="" class="COMMUNICATION" tense="" polarity=""  >
<token_anchor t_id="26"/>
</EVENT_MENTION>
<EVENT_MENTION m_id="36" factuality="" modality="" pred="" pos="" aspect="" certainty="" comment="" class="MENTAL" tense="" polarity=""  >
<token_anchor t_id="251"/>
</EVENT_MENTION>
<EVENT_MENTION m_id="68" factuality="" modality="" pred="" pos="" aspect="" certainty="" comment="" class="COMMUNICATION" tense="" polarity=""  >
<token_anchor t_id="422"/>
</EVENT_MENTION>
<EVENT_MENTION m_id="4" factuality="" modality="" pred="" pos="" aspect="" certainty="" comment="" class="SPACE-MOVEMENT" tense="" polarity=""  >
<token_anchor t_id="30"/>
</EVENT_MENTION>
<EVENT_MENTION m_id="37" factuality="" modality="" pred="" pos="" aspect="" certainty="" comment="" class="COMMUNICATION" tense="" polarity=""  >
<token_anchor t_id="259"/>
</EVENT_MENTION>
<EVENT_MENTION m_id="69" factuality="" modality="" pred="" pos="" aspect="" certainty="" comment="" class="COMMUNICATION" tense="" polarity=""  >
<token_anchor t_id="431"/>
</EVENT_MENTION>
<EVENT_MENTION m_id="5" factuality="" modality="" pred="" pos="" aspect="" certainty="" comment="" class="COMMUNICATION" tense="" polarity=""  >
<token_anchor t_id="52"/>
</EVENT_MENTION>
<EVENT_MENTION m_id="38" factuality="" modality="" pred="" pos="" aspect="" certainty="" comment="" class="MENTAL" tense="" polarity=""  >
<token_anchor t_id="271"/>
</EVENT_MENTION>
<EVENT_MENTION m_id="70" factuality="" modality="" pred="" pos="" aspect="" certainty="" comment="" class="EMOTIONS-EVALUATIONS" tense="" polarity=""  >
<token_anchor t_id="433"/>
</EVENT_MENTION>
<EVENT_MENTION m_id="6" factuality="" modality="" pred="" pos="" aspect="" certainty="" comment="" class="HOSTILITY" tense="" polarity=""  >
<token_anchor t_id="61"/>
</EVENT_MENTION>
<EVENT_MENTION m_id="39" factuality="" modality="" pred="" pos="" aspect="" certainty="" comment="" class="POSSESSION" tense="" polarity=""  >
<token_anchor t_id="274"/>
</EVENT_MENTION>
<EVENT_MENTION m_id="71" factuality="" modality="" pred="" pos="" aspect="" certainty="" comment="" class="EMOTIONS-EVALUATIONS" tense="" polarity=""  >
<token_anchor t_id="440"/>
</EVENT_MENTION>
<EVENT_MENTION m_id="7" factuality="" modality="" pred="" pos="" aspect="" certainty="" comment="" class="MENTAL" tense="" polarity=""  >
<token_anchor t_id="64"/>
</EVENT_MENTION>
<EVENT_MENTION m_id="40" factuality="" modality="" pred="" pos="" aspect="" certainty="" comment="" class="TRADE-WORK" tense="" polarity=""  >
<token_anchor t_id="276"/>
</EVENT_MENTION>
<EVENT_MENTION m_id="72" factuality="" modality="" pred="" pos="" aspect="" certainty="" comment="" class="COMMUNICATION" tense="" polarity=""  >
<token_anchor t_id="444"/>
</EVENT_MENTION>
<EVENT_MENTION m_id="8" factuality="" modality="" pred="" pos="" aspect="" certainty="" comment="" class="POSSESSION" tense="" polarity=""  >
<token_anchor t_id="66"/>
</EVENT_MENTION>
<EVENT_MENTION m_id="41" factuality="" modality="" pred="" pos="" aspect="" certainty="" comment="" class="EXISTENCE-CAUSATION" tense="" polarity=""  >
<token_anchor t_id="287"/>
</EVENT_MENTION>
<EVENT_MENTION m_id="73" factuality="" modality="" pred="" pos="" aspect="" certainty="" comment="" class="COMMUNICATION" tense="" polarity=""  >
<token_anchor t_id="446"/>
<token_anchor t_id="447"/>
<token_anchor t_id="448"/>
</EVENT_MENTION>
<EVENT_MENTION m_id="9" factuality="" modality="" pred="" pos="" aspect="" certainty="" comment="" class="MENTAL" tense="" polarity=""  >
<token_anchor t_id="74"/>
</EVENT_MENTION>
<EVENT_MENTION m_id="42" factuality="" modality="" pred="" pos="" aspect="" certainty="" comment="" class="GENERAL" tense="" polarity=""  >
<token_anchor t_id="263"/>
</EVENT_MENTION>
<EVENT_MENTION m_id="74" factuality="" modality="" pred="" pos="" aspect="" certainty="" comment="" class="COMMUNICATION" tense="" polarity=""  >
<token_anchor t_id="458"/>
</EVENT_MENTION>
<EVENT_MENTION m_id="10" factuality="" modality="" pred="" pos="" aspect="" certainty="" comment="" class="PHYSICAL SENSATIONS" tense="" polarity=""  >
<token_anchor t_id="76"/>
</EVENT_MENTION>
<EVENT_MENTION m_id="43" factuality="" modality="" pred="" pos="" aspect="" certainty="" comment="" class="COMMUNICATION" tense="" polarity=""  >
<token_anchor t_id="292"/>
</EVENT_MENTION>
<EVENT_MENTION m_id="75" factuality="" modality="" pred="" pos="" aspect="" certainty="" comment="" class="EMOTIONS-EVALUATIONS" tense="" polarity=""  >
<token_anchor t_id="466"/>
<token_anchor t_id="467"/>
</EVENT_MENTION>
<EVENT_MENTION m_id="11" factuality="" modality="" pred="" pos="" aspect="" certainty="" comment="" class="COMMUNICATION" tense="" polarity=""  >
<token_anchor t_id="88"/>
</EVENT_MENTION>
<EVENT_MENTION m_id="44" factuality="" modality="" pred="" pos="" aspect="" certainty="" comment="" class="COMMUNICATION" tense="" polarity=""  >
<token_anchor t_id="301"/>
</EVENT_MENTION>
<EVENT_MENTION m_id="76" factuality="" modality="" pred="" pos="" aspect="" certainty="" comment="" class="EXISTENCE-CAUSATION" tense="" polarity=""  >
<token_anchor t_id="468"/>
</EVENT_MENTION>
<EVENT_MENTION m_id="12" factuality="" modality="" pred="" pos="" aspect="" certainty="" comment="" class="SPACE-MOVEMENT" tense="" polarity=""  >
<token_anchor t_id="99"/>
<token_anchor t_id="100"/>
</EVENT_MENTION>
<EVENT_MENTION m_id="45" factuality="" modality="" pred="" pos="" aspect="" certainty="" comment="" class="MEASURE" tense="" polarity=""  >
<token_anchor t_id="309"/>
<token_anchor t_id="310"/>
</EVENT_MENTION>
<EVENT_MENTION m_id="77" factuality="" modality="" pred="" pos="" aspect="" certainty="" comment="" class="MENTAL" tense="" polarity=""  >
<token_anchor t_id="473"/>
</EVENT_MENTION>
<EVENT_MENTION m_id="13" factuality="" modality="" pred="" pos="" aspect="" certainty="" comment="" class="TRADE-WORK" tense="" polarity=""  >
<token_anchor t_id="107"/>
</EVENT_MENTION>
<EVENT_MENTION m_id="46" factuality="" modality="" pred="" pos="" aspect="" certainty="" comment="" class="ENTERTAINMENT-ART" tense="" polarity=""  >
<token_anchor t_id="306"/>
</EVENT_MENTION>
<EVENT_MENTION m_id="78" factuality="" modality="" pred="" pos="" aspect="" certainty="" comment="" class="COMMUNICATION" tense="" polarity=""  >
<token_anchor t_id="479"/>
</EVENT_MENTION>
<EVENT_MENTION m_id="14" factuality="" modality="" pred="" pos="" aspect="" certainty="" comment="" class="COMMUNICATION" tense="" polarity=""  >
<token_anchor t_id="114"/>
<token_anchor t_id="118"/>
</EVENT_MENTION>
<EVENT_MENTION m_id="47" factuality="" modality="" pred="" pos="" aspect="" certainty="" comment="" class="COMMUNICATION" tense="" polarity=""  >
<token_anchor t_id="302"/>
</EVENT_MENTION>
<EVENT_MENTION m_id="79" factuality="" modality="" pred="" pos="" aspect="" certainty="" comment="" class="EMOTIONS-EVALUATIONS" tense="" polarity=""  >
<token_anchor t_id="481"/>
<token_anchor t_id="482"/>
<token_anchor t_id="483"/>
</EVENT_MENTION>
<EVENT_MENTION m_id="15" factuality="" modality="" pred="" pos="" aspect="" certainty="" comment="" class="CLOTHES" tense="" polarity=""  >
<token_anchor t_id="124"/>
<token_anchor t_id="127"/>
</EVENT_MENTION>
<EVENT_MENTION m_id="48" factuality="" modality="" pred="" pos="" aspect="" certainty="" comment="" class="MENTAL" tense="" polarity=""  >
<token_anchor t_id="321"/>
</EVENT_MENTION>
<EVENT_MENTION m_id="80" factuality="" modality="" pred="" pos="" aspect="" certainty="" comment="" class="COMMUNICATION" tense="" polarity=""  >
<token_anchor t_id="490"/>
</EVENT_MENTION>
<EVENT_MENTION m_id="16" factuality="" modality="" pred="" pos="" aspect="" certainty="" comment="" class="MENTAL" tense="" polarity=""  >
<token_anchor t_id="132"/>
</EVENT_MENTION>
<EVENT_MENTION m_id="49" factuality="" modality="" pred="" pos="" aspect="" certainty="" comment="" class="GENERAL" tense="" polarity=""  >
<token_anchor t_id="326"/>
</EVENT_MENTION>
<EVENT_MENTION m_id="81" factuality="" modality="" pred="" pos="" aspect="" certainty="" comment="" class="COMMUNICATION" tense="" polarity=""  >
<token_anchor t_id="494"/>
</EVENT_MENTION>
<EVENT_MENTION m_id="17" factuality="" modality="" pred="" pos="" aspect="" certainty="" comment="" class="GENERAL" tense="" polarity=""  >
<token_anchor t_id="138"/>
</EVENT_MENTION>
<EVENT_MENTION m_id="50" factuality="" modality="" pred="" pos="" aspect="" certainty="" comment="" class="ENTERTAINMENT-ART" tense="" polarity=""  >
<token_anchor t_id="330"/>
<token_anchor t_id="331"/>
<token_anchor t_id="332"/>
</EVENT_MENTION>
<EVENT_MENTION m_id="82" factuality="" modality="" pred="" pos="" aspect="" certainty="" comment="" class="EXISTENCE-CAUSATION" tense="" polarity=""  >
<token_anchor t_id="499"/>
</EVENT_MENTION>
<EVENT_MENTION m_id="18" factuality="" modality="" pred="" pos="" aspect="" certainty="" comment="" class="MENTAL" tense="" polarity=""  >
<token_anchor t_id="144"/>
<token_anchor t_id="145"/>
</EVENT_MENTION>
<EVENT_MENTION m_id="51" factuality="" modality="" pred="" pos="" aspect="" certainty="" comment="" class="SPACE-MOVEMENT" tense="" polarity=""  >
<token_anchor t_id="335"/>
<token_anchor t_id="336"/>
<token_anchor t_id="337"/>
</EVENT_MENTION>
<EVENT_MENTION m_id="83" factuality="" modality="" pred="" pos="" aspect="" certainty="" comment="" class="POSSESSION" tense="" polarity=""  >
<token_anchor t_id="509"/>
</EVENT_MENTION>
<EVENT_MENTION m_id="19" factuality="" modality="" pred="" pos="" aspect="" certainty="" comment="" class="TRADE-WORK" tense="" polarity=""  >
<token_anchor t_id="158"/>
</EVENT_MENTION>
<EVENT_MENTION m_id="20" factuality="" modality="" pred="" pos="" aspect="" certainty="" comment="" class="TRADE-WORK" tense="" polarity=""  >
<token_anchor t_id="164"/>
</EVENT_MENTION>
<EVENT_MENTION m_id="52" factuality="" modality="" pred="" pos="" aspect="" certainty="" comment="" class="EMOTIONS-EVALUATIONS" tense="" polarity=""  >
<token_anchor t_id="340"/>
<token_anchor t_id="341"/>
<token_anchor t_id="342"/>
</EVENT_MENTION>
<EVENT_MENTION m_id="84" factuality="" modality="" pred="" pos="" aspect="" certainty="" comment="" class="EXISTENCE-CAUSATION" tense="" polarity=""  >
<token_anchor t_id="513"/>
</EVENT_MENTION>
<EVENT_MENTION m_id="21" factuality="" modality="" pred="" pos="" aspect="" certainty="" comment="" class="SPACE-MOVEMENT" tense="" polarity=""  >
<token_anchor t_id="167"/>
</EVENT_MENTION>
<EVENT_MENTION m_id="53" factuality="" modality="" pred="" pos="" aspect="" certainty="" comment="" class="MENTAL" tense="" polarity=""  >
<token_anchor t_id="345"/>
</EVENT_MENTION>
<EVENT_MENTION m_id="85" factuality="" modality="" pred="" pos="" aspect="" certainty="" comment="" class="MENTAL" tense="" polarity=""  >
<token_anchor t_id="518"/>
</EVENT_MENTION>
<EVENT_MENTION m_id="22" factuality="" modality="" pred="" pos="" aspect="" certainty="" comment="" class="PHYSICAL SENSATIONS" tense="" polarity=""  >
<token_anchor t_id="169"/>
</EVENT_MENTION>
<EVENT_MENTION m_id="54" factuality="" modality="" pred="" pos="" aspect="" certainty="" comment="" class="COMMUNICATION" tense="" polarity=""  >
<token_anchor t_id="350"/>
</EVENT_MENTION>
<EVENT_MENTION m_id="86" factuality="" modality="" pred="" pos="" aspect="" certainty="" comment="" class="EXISTENCE-CAUSATION" tense="" polarity=""  >
<token_anchor t_id="522"/>
</EVENT_MENTION>
<EVENT_MENTION m_id="23" factuality="" modality="" pred="" pos="" aspect="" certainty="" comment="" class="POSSESSION" tense="" polarity=""  >
<token_anchor t_id="174"/>
</EVENT_MENTION>
<EVENT_MENTION m_id="55" factuality="" modality="" pred="" pos="" aspect="" certainty="" comment="" class="SPACE-MOVEMENT" tense="" polarity=""  >
<token_anchor t_id="355"/>
</EVENT_MENTION>
<EVENT_MENTION m_id="87" factuality="" modality="" pred="" pos="" aspect="" certainty="" comment="" class="EMOTIONS-EVALUATIONS" tense="" polarity=""  >
<token_anchor t_id="531"/>
</EVENT_MENTION>
<EVENT_MENTION m_id="24" factuality="" modality="" pred="" pos="" aspect="" certainty="" comment="" class="CLOTHES" tense="" polarity=""  >
<token_anchor t_id="178"/>
<token_anchor t_id="179"/>
</EVENT_MENTION>
<EVENT_MENTION m_id="56" factuality="" modality="" pred="" pos="" aspect="" certainty="" comment="" class="SPACE-MOVEMENT" tense="" polarity=""  >
<token_anchor t_id="360"/>
<token_anchor t_id="361"/>
<token_anchor t_id="362"/>
</EVENT_MENTION>
<EVENT_MENTION m_id="88" factuality="" modality="" pred="" pos="" aspect="" certainty="" comment="" class="EMOTIONS-EVALUATIONS" tense="" polarity=""  >
<token_anchor t_id="541"/>
</EVENT_MENTION>
<EVENT_MENTION m_id="25" factuality="" modality="" pred="" pos="" aspect="" certainty="" comment="" class="EMOTIONS-EVALUATIONS" tense="" polarity=""  >
<token_anchor t_id="187"/>
</EVENT_MENTION>
<EVENT_MENTION m_id="57" factuality="" modality="" pred="" pos="" aspect="" certainty="" comment="" class="PHYSICAL SENSATIONS" tense="" polarity=""  >
<token_anchor t_id="366"/>
<token_anchor t_id="368"/>
</EVENT_MENTION>
<EVENT_MENTION m_id="89" factuality="" modality="" pred="" pos="" aspect="" certainty="" comment="" class="EXISTENCE-CAUSATION" tense="" polarity=""  >
<token_anchor t_id="550"/>
</EVENT_MENTION>
<EVENT_MENTION m_id="26" factuality="" modality="" pred="" pos="" aspect="" certainty="" comment="" class="EXISTENCE-CAUSATION" tense="" polarity=""  >
<token_anchor t_id="193"/>
</EVENT_MENTION>
<EVENT_MENTION m_id="58" factuality="" modality="" pred="" pos="" aspect="" certainty="" comment="" class="MENTAL" tense="" polarity=""  >
<token_anchor t_id="371"/>
</EVENT_MENTION>
<EVENT_MENTION m_id="90" factuality="" modality="" pred="" pos="" aspect="" certainty="" comment="" class="POSSESSION" tense="" polarity=""  >
<token_anchor t_id="79"/>
</EVENT_MENTION>
<EVENT_MENTION m_id="27" factuality="" modality="" pred="" pos="" aspect="" certainty="" comment="" class="COMMUNICATION" tense="" polarity=""  >
<token_anchor t_id="203"/>
</EVENT_MENTION>
<EVENT_MENTION m_id="59" factuality="" modality="" pred="" pos="" aspect="" certainty="" comment="" class="GENERAL" tense="" polarity=""  >
<token_anchor t_id="375"/>
</EVENT_MENTION>
<EVENT_MENTION m_id="91" factuality="" modality="" pred="" pos="" aspect="" certainty="" comment="" class="POSSESSION" tense="" polarity=""  >
<token_anchor t_id="527"/>
</EVENT_MENTION>
<EVENT_MENTION m_id="28" factuality="" modality="" pred="" pos="" aspect="" certainty="" comment="" class="TRADE-WORK" tense="" polarity=""  >
<token_anchor t_id="201"/>
<token_anchor t_id="202"/>
</EVENT_MENTION>
<EVENT_MENTION m_id="60" factuality="" modality="" pred="" pos="" aspect="" certainty="" comment="" class="COMMUNICATION" tense="" polarity=""  >
<token_anchor t_id="383"/>
</EVENT_MENTION>
<EVENT_MENTION m_id="92" factuality="" modality="" pred="" pos="" aspect="" certainty="" comment="" class="EXISTENCE-CAUSATION" tense="" polarity=""  >
<token_anchor t_id="437"/>
</EVENT_MENTION>
<EVENT_MENTION m_id="29" factuality="" modality="" pred="" pos="" aspect="" certainty="" comment="" class="COMMUNICATION" tense="" polarity=""  >
<token_anchor t_id="212"/>
</EVENT_MENTION>
<EVENT_MENTION m_id="61" factuality="" modality="" pred="" pos="" aspect="" certainty="" comment="" class="COMMUNICATION" tense="" polarity=""  >
<token_anchor t_id="386"/>
</EVENT_MENTION>
<EVENT_MENTION m_id="30" factuality="" modality="" pred="" pos="" aspect="" certainty="" comment="" class="PHYSICAL SENSATIONS" tense="" polarity=""  >
<token_anchor t_id="213"/>
</EVENT_MENTION>
<EVENT_MENTION m_id="62" factuality="" modality="" pred="" pos="" aspect="" certainty="" comment="" class="COMMUNICATION" tense="" polarity=""  >
<token_anchor t_id="396"/>
</EVENT_MENTION>
<EVENT_MENTION m_id="31" factuality="" modality="" pred="" pos="" aspect="" certainty="" comment="" class="SOCIAL" tense="" polarity=""  >
<token_anchor t_id="227"/>
</EVENT_MENTION>
<EVENT_MENTION m_id="63" factuality="" modality="" pred="" pos="" aspect="" certainty="" comment="" class="MENTAL" tense="" polarity=""  >
<token_anchor t_id="403"/>
</EVENT_MENTION>
<EVENT_MENTION m_id="32" factuality="" modality="" pred="" pos="" aspect="" certainty="" comment="" class="TIME" tense="" polarity=""  >
<token_anchor t_id="236"/>
</EVENT_MENTION>
<EVENT_MENTION m_id="64" factuality="" modality="" pred="" pos="" aspect="" certainty="" comment="" class="COMMUNICATION" tense="" polarity=""  >
<token_anchor t_id="408"/>
</EVENT_MENTION>


</Markables>

<Relations>
</Relations>
</Document>
