<Document doc_name="Edith_Kingdon.txt">
<token t_id="1" sentence="0" number="0">October</token>
<token t_id="2" sentence="0" number="1">15</token>
<token t_id="3" sentence="0" number="2">,</token>
<token t_id="4" sentence="0" number="3">1886</token>
<token t_id="5" sentence="1" number="4">Edith</token>
<token t_id="6" sentence="1" number="5">Kingdon</token>
<token t_id="7" sentence="2" number="6">Jay</token>
<token t_id="8" sentence="2" number="7">Gould</token>
<token t_id="9" sentence="2" number="8">,</token>
<token t_id="10" sentence="2" number="9">Railroad</token>
<token t_id="11" sentence="2" number="10">Tycoon</token>
<token t_id="12" sentence="2" number="11">,</token>
<token t_id="13" sentence="2" number="12">Visits</token>
<token t_id="14" sentence="2" number="13">the</token>
<token t_id="15" sentence="2" number="14">City</token>
<token t_id="16" sentence="2" number="15">of</token>
<token t_id="17" sentence="2" number="16">Ottawa</token>
<token t_id="18" sentence="2" number="17">.</token>
<token t_id="19" sentence="3" number="18">A</token>
<token t_id="20" sentence="3" number="19">Millionaires</token>
<token t_id="21" sentence="3" number="20">Appearance</token>
<token t_id="22" sentence="3" number="21">.</token>
<token t_id="23" sentence="4" number="22">"</token>
<token t_id="24" sentence="4" number="23">The</token>
<token t_id="25" sentence="4" number="24">Boy</token>
<token t_id="26" sentence="4" number="25">"</token>
<token t_id="27" sentence="4" number="26">George</token>
<token t_id="28" sentence="4" number="27">and</token>
<token t_id="29" sentence="4" number="28">His</token>
<token t_id="30" sentence="4" number="29">Bonny</token>
<token t_id="31" sentence="4" number="30">Bride</token>
<token t_id="32" sentence="5" number="31">Not</token>
<token t_id="33" sentence="5" number="32">a</token>
<token t_id="34" sentence="5" number="33">solitary</token>
<token t_id="35" sentence="5" number="34">woman</token>
<token t_id="36" sentence="5" number="35">in</token>
<token t_id="37" sentence="5" number="36">this</token>
<token t_id="38" sentence="5" number="37">city</token>
<token t_id="39" sentence="5" number="38">was</token>
<token t_id="40" sentence="5" number="39">aware</token>
<token t_id="41" sentence="5" number="40">of</token>
<token t_id="42" sentence="5" number="41">the</token>
<token t_id="43" sentence="5" number="42">fact</token>
<token t_id="44" sentence="5" number="43">,</token>
<token t_id="45" sentence="5" number="44">until</token>
<token t_id="46" sentence="5" number="45">the</token>
<token t_id="47" sentence="5" number="46">Local-News</token>
<token t_id="48" sentence="5" number="47">appeared</token>
<token t_id="49" sentence="5" number="48">last</token>
<token t_id="50" sentence="5" number="49">night</token>
<token t_id="51" sentence="5" number="50">that</token>
<token t_id="52" sentence="5" number="51">Edith</token>
<token t_id="53" sentence="5" number="52">Kingdon</token>
<token t_id="54" sentence="5" number="53">,</token>
<token t_id="55" sentence="5" number="54">the</token>
<token t_id="56" sentence="5" number="55">actress</token>
<token t_id="57" sentence="5" number="56">,</token>
<token t_id="58" sentence="5" number="57">paid</token>
<token t_id="59" sentence="5" number="58">her</token>
<token t_id="60" sentence="5" number="59">first</token>
<token t_id="61" sentence="5" number="60">visit</token>
<token t_id="62" sentence="5" number="61">to</token>
<token t_id="63" sentence="5" number="62">Ottawa</token>
<token t_id="64" sentence="5" number="63">in</token>
<token t_id="65" sentence="5" number="64">her</token>
<token t_id="66" sentence="5" number="65">new</token>
<token t_id="67" sentence="5" number="66">role</token>
<token t_id="68" sentence="5" number="67">of</token>
<token t_id="69" sentence="5" number="68">Mrs.</token>
<token t_id="70" sentence="5" number="69">George</token>
<token t_id="71" sentence="5" number="70">J.</token>
<token t_id="72" sentence="5" number="71">Gould</token>
<token t_id="73" sentence="5" number="72">,</token>
<token t_id="74" sentence="5" number="73">yesterday</token>
<token t_id="75" sentence="5" number="74">afternoon</token>
<token t_id="76" sentence="5" number="75">.</token>
<token t_id="77" sentence="6" number="76">At</token>
<token t_id="78" sentence="6" number="77">twenty</token>
<token t_id="79" sentence="6" number="78">minutes</token>
<token t_id="80" sentence="6" number="79">past</token>
<token t_id="81" sentence="6" number="80">one</token>
<token t_id="82" sentence="6" number="81">in</token>
<token t_id="83" sentence="6" number="82">the</token>
<token t_id="84" sentence="6" number="83">afternoon</token>
<token t_id="85" sentence="6" number="84">,</token>
<token t_id="86" sentence="6" number="85">a</token>
<token t_id="87" sentence="6" number="86">special</token>
<token t_id="88" sentence="6" number="87">train</token>
<token t_id="89" sentence="6" number="88">consisting</token>
<token t_id="90" sentence="6" number="89">of</token>
<token t_id="91" sentence="6" number="90">the</token>
<token t_id="92" sentence="6" number="91">locomotive</token>
<token t_id="93" sentence="6" number="92">,</token>
<token t_id="94" sentence="6" number="93">a</token>
<token t_id="95" sentence="6" number="94">baggage</token>
<token t_id="96" sentence="6" number="95">car</token>
<token t_id="97" sentence="6" number="96">,</token>
<token t_id="98" sentence="6" number="97">a</token>
<token t_id="99" sentence="6" number="98">sleeper</token>
<token t_id="100" sentence="6" number="99">,</token>
<token t_id="101" sentence="6" number="100">a</token>
<token t_id="102" sentence="6" number="101">dining</token>
<token t_id="103" sentence="6" number="102">car</token>
<token t_id="104" sentence="6" number="103">and</token>
<token t_id="105" sentence="6" number="104">a</token>
<token t_id="106" sentence="6" number="105">regally</token>
<token t_id="107" sentence="6" number="106">decorated</token>
<token t_id="108" sentence="6" number="107">boudoir</token>
<token t_id="109" sentence="6" number="108">car</token>
<token t_id="110" sentence="6" number="109">arrived</token>
<token t_id="111" sentence="6" number="110">at</token>
<token t_id="112" sentence="6" number="111">the</token>
<token t_id="113" sentence="6" number="112">First</token>
<token t_id="114" sentence="6" number="113">street</token>
<token t_id="115" sentence="6" number="114">depot</token>
<token t_id="116" sentence="6" number="115">.</token>
<token t_id="117" sentence="7" number="116">The</token>
<token t_id="118" sentence="7" number="117">boudoir</token>
<token t_id="119" sentence="7" number="118">coach</token>
<token t_id="120" sentence="7" number="119">was</token>
<token t_id="121" sentence="7" number="120">the</token>
<token t_id="122" sentence="7" number="121">"</token>
<token t_id="123" sentence="7" number="122">Convoy</token>
<token t_id="124" sentence="7" number="123">,</token>
<token t_id="125" sentence="7" number="124">"</token>
<token t_id="126" sentence="7" number="125">Jay</token>
<token t_id="127" sentence="7" number="126">Gould</token>
<token t_id="128" sentence="7" number="127">'s</token>
<token t_id="129" sentence="7" number="128">personal</token>
<token t_id="130" sentence="7" number="129">car</token>
<token t_id="131" sentence="7" number="130">,</token>
<token t_id="132" sentence="7" number="131">and</token>
<token t_id="133" sentence="7" number="132">it</token>
<token t_id="134" sentence="7" number="133">brought</token>
<token t_id="135" sentence="7" number="134">to</token>
<token t_id="136" sentence="7" number="135">the</token>
<token t_id="137" sentence="7" number="136">city</token>
<token t_id="138" sentence="7" number="137">the</token>
<token t_id="139" sentence="7" number="138">railroad</token>
<token t_id="140" sentence="7" number="139">magnate</token>
<token t_id="141" sentence="7" number="140">,</token>
<token t_id="142" sentence="7" number="141">his</token>
<token t_id="143" sentence="7" number="142">son</token>
<token t_id="144" sentence="7" number="143">,</token>
<token t_id="145" sentence="7" number="144">George</token>
<token t_id="146" sentence="7" number="145">J.</token>
<token t_id="147" sentence="7" number="146">Gould</token>
<token t_id="148" sentence="7" number="147">,</token>
<token t_id="149" sentence="7" number="148">the</token>
<token t_id="150" sentence="7" number="149">latter</token>
<token t_id="151" sentence="7" number="150">'s</token>
<token t_id="152" sentence="7" number="151">wife</token>
<token t_id="153" sentence="7" number="152">,</token>
<token t_id="154" sentence="7" number="153">pretty</token>
<token t_id="155" sentence="7" number="154">Edith</token>
<token t_id="156" sentence="7" number="155">Kingdon</token>
<token t_id="157" sentence="7" number="156">that</token>
<token t_id="158" sentence="7" number="157">was</token>
<token t_id="159" sentence="7" number="158">;</token>
<token t_id="160" sentence="7" number="159">H.S.</token>
<token t_id="161" sentence="7" number="160">Hopkins</token>
<token t_id="162" sentence="7" number="161">,</token>
<token t_id="163" sentence="7" number="162">second</token>
<token t_id="164" sentence="7" number="163">vice</token>
<token t_id="165" sentence="7" number="164">president</token>
<token t_id="166" sentence="7" number="165">of</token>
<token t_id="167" sentence="7" number="166">the</token>
<token t_id="168" sentence="7" number="167">Gould</token>
<token t_id="169" sentence="7" number="168">system</token>
<token t_id="170" sentence="7" number="169">;</token>
<token t_id="171" sentence="7" number="170">Capt.</token>
<token t_id="172" sentence="7" number="171">Shackford</token>
<token t_id="173" sentence="7" number="172">,</token>
<token t_id="174" sentence="7" number="173">commander</token>
<token t_id="175" sentence="7" number="174">of</token>
<token t_id="176" sentence="7" number="175">Gould</token>
<token t_id="177" sentence="7" number="176">'s</token>
<token t_id="178" sentence="7" number="177">steam</token>
<token t_id="179" sentence="7" number="178">yatch</token>
<token t_id="180" sentence="7" number="179">the</token>
<token t_id="181" sentence="7" number="180">Atalanta</token>
<token t_id="182" sentence="7" number="181">,</token>
<token t_id="183" sentence="7" number="182">and</token>
<token t_id="184" sentence="7" number="183">officials</token>
<token t_id="185" sentence="7" number="184">of</token>
<token t_id="186" sentence="7" number="185">the</token>
<token t_id="187" sentence="7" number="186">M.P.</token>
<token t_id="188" sentence="7" number="187">system</token>
<token t_id="189" sentence="7" number="188">.</token>
<token t_id="190" sentence="8" number="189">Modesty</token>
<token t_id="191" sentence="8" number="190">cautions</token>
<token t_id="192" sentence="8" number="191">us</token>
<token t_id="193" sentence="8" number="192">not</token>
<token t_id="194" sentence="8" number="193">to</token>
<token t_id="195" sentence="8" number="194">mention</token>
<token t_id="196" sentence="8" number="195">that</token>
<token t_id="197" sentence="8" number="196">a</token>
<token t_id="198" sentence="8" number="197">Local-News</token>
<token t_id="199" sentence="8" number="198">reporter</token>
<token t_id="200" sentence="8" number="199">was</token>
<token t_id="201" sentence="8" number="200">also</token>
<token t_id="202" sentence="8" number="201">one</token>
<token t_id="203" sentence="8" number="202">of</token>
<token t_id="204" sentence="8" number="203">the</token>
<token t_id="205" sentence="8" number="204">party</token>
<token t_id="206" sentence="8" number="205">from</token>
<token t_id="207" sentence="8" number="206">the</token>
<token t_id="208" sentence="8" number="207">Osawatomie</token>
<token t_id="209" sentence="8" number="208">junction</token>
<token t_id="210" sentence="8" number="209">.</token>
<token t_id="211" sentence="9" number="210">The</token>
<token t_id="212" sentence="9" number="211">only</token>
<token t_id="213" sentence="9" number="212">other</token>
<token t_id="214" sentence="9" number="213">people</token>
<token t_id="215" sentence="9" number="214">on</token>
<token t_id="216" sentence="9" number="215">the</token>
<token t_id="217" sentence="9" number="216">car</token>
<token t_id="218" sentence="9" number="217">beside</token>
<token t_id="219" sentence="9" number="218">the</token>
<token t_id="220" sentence="9" number="219">trainmen</token>
<token t_id="221" sentence="9" number="220">,</token>
<token t_id="222" sentence="9" number="221">worthy</token>
<token t_id="223" sentence="9" number="222">of</token>
<token t_id="224" sentence="9" number="223">note</token>
<token t_id="225" sentence="9" number="224">were</token>
<token t_id="226" sentence="9" number="225">a</token>
<token t_id="227" sentence="9" number="226">conductor</token>
<token t_id="228" sentence="9" number="227">and</token>
<token t_id="229" sentence="9" number="228">a</token>
<token t_id="230" sentence="9" number="229">negro</token>
<token t_id="231" sentence="9" number="230">porter</token>
<token t_id="232" sentence="9" number="231">,</token>
<token t_id="233" sentence="9" number="232">who</token>
<token t_id="234" sentence="9" number="233">were</token>
<token t_id="235" sentence="9" number="234">duly</token>
<token t_id="236" sentence="9" number="235">impressed</token>
<token t_id="237" sentence="9" number="236">with</token>
<token t_id="238" sentence="9" number="237">the</token>
<token t_id="239" sentence="9" number="238">responsibilities</token>
<token t_id="240" sentence="9" number="239">of</token>
<token t_id="241" sentence="9" number="240">the</token>
<token t_id="242" sentence="9" number="241">positions</token>
<token t_id="243" sentence="9" number="242">they</token>
<token t_id="244" sentence="9" number="243">were</token>
<token t_id="245" sentence="9" number="244">occupying</token>
<token t_id="246" sentence="9" number="245">as</token>
<token t_id="247" sentence="9" number="246">menials</token>
<token t_id="248" sentence="9" number="247">to</token>
<token t_id="249" sentence="9" number="248">the</token>
<token t_id="250" sentence="9" number="249">great</token>
<token t_id="251" sentence="9" number="250">millionaire</token>
<token t_id="252" sentence="9" number="251">.</token>
<token t_id="253" sentence="10" number="252">The</token>
<token t_id="254" sentence="10" number="253">conductor</token>
<token t_id="255" sentence="10" number="254">was</token>
<token t_id="256" sentence="10" number="255">particularly</token>
<token t_id="257" sentence="10" number="256">enamored</token>
<token t_id="258" sentence="10" number="257">with</token>
<token t_id="259" sentence="10" number="258">himself</token>
<token t_id="260" sentence="10" number="259">and</token>
<token t_id="261" sentence="10" number="260">strutted</token>
<token t_id="262" sentence="10" number="261">about</token>
<token t_id="263" sentence="10" number="262">like</token>
<token t_id="264" sentence="10" number="263">a</token>
<token t_id="265" sentence="10" number="264">turkey</token>
<token t_id="266" sentence="10" number="265">gobler</token>
<token t_id="267" sentence="10" number="266">as</token>
<token t_id="268" sentence="10" number="267">the</token>
<token t_id="269" sentence="10" number="268">train</token>
<token t_id="270" sentence="10" number="269">halted</token>
<token t_id="271" sentence="10" number="270">here</token>
<token t_id="272" sentence="10" number="271">for</token>
<token t_id="273" sentence="10" number="272">twenty</token>
<token t_id="274" sentence="10" number="273">minutes</token>
<token t_id="275" sentence="10" number="274">,</token>
<token t_id="276" sentence="10" number="275">giving</token>
<token t_id="277" sentence="10" number="276">orders</token>
<token t_id="278" sentence="10" number="277">to</token>
<token t_id="279" sentence="10" number="278">every</token>
<token t_id="280" sentence="10" number="279">curious</token>
<token t_id="281" sentence="10" number="280">person</token>
<token t_id="282" sentence="10" number="281">who</token>
<token t_id="283" sentence="10" number="282">sought</token>
<token t_id="284" sentence="10" number="283">to</token>
<token t_id="285" sentence="10" number="284">gain</token>
<token t_id="286" sentence="10" number="285">a</token>
<token t_id="287" sentence="10" number="286">view</token>
<token t_id="288" sentence="10" number="287">of</token>
<token t_id="289" sentence="10" number="288">the</token>
<token t_id="290" sentence="10" number="289">glory</token>
<token t_id="291" sentence="10" number="290">of</token>
<token t_id="292" sentence="10" number="291">the</token>
<token t_id="293" sentence="10" number="292">interior</token>
<token t_id="294" sentence="10" number="293">of</token>
<token t_id="295" sentence="10" number="294">the</token>
<token t_id="296" sentence="10" number="295">car</token>
<token t_id="297" sentence="10" number="296">.</token>
<token t_id="298" sentence="11" number="297">Had</token>
<token t_id="299" sentence="11" number="298">it</token>
<token t_id="300" sentence="11" number="299">not</token>
<token t_id="301" sentence="11" number="300">been</token>
<token t_id="302" sentence="11" number="301">for</token>
<token t_id="303" sentence="11" number="302">his</token>
<token t_id="304" sentence="11" number="303">blue</token>
<token t_id="305" sentence="11" number="304">suit</token>
<token t_id="306" sentence="11" number="305">and</token>
<token t_id="307" sentence="11" number="306">brass</token>
<token t_id="308" sentence="11" number="307">buttons</token>
<token t_id="309" sentence="11" number="308">,</token>
<token t_id="310" sentence="11" number="309">the</token>
<token t_id="311" sentence="11" number="310">people</token>
<token t_id="312" sentence="11" number="311">would</token>
<token t_id="313" sentence="11" number="312">not</token>
<token t_id="314" sentence="11" number="313">doubt</token>
<token t_id="315" sentence="11" number="314">have</token>
<token t_id="316" sentence="11" number="315">taken</token>
<token t_id="317" sentence="11" number="316">him</token>
<token t_id="318" sentence="11" number="317">for</token>
<token t_id="319" sentence="11" number="318">the</token>
<token t_id="320" sentence="11" number="319">railroad</token>
<token t_id="321" sentence="11" number="320">magnate</token>
<token t_id="322" sentence="11" number="321">and</token>
<token t_id="323" sentence="11" number="322">Gould</token>
<token t_id="324" sentence="11" number="323">for</token>
<token t_id="325" sentence="11" number="324">the</token>
<token t_id="326" sentence="11" number="325">conductor</token>
<token t_id="327" sentence="11" number="326">.</token>
<token t_id="328" sentence="12" number="327">While</token>
<token t_id="329" sentence="12" number="328">waiting</token>
<token t_id="330" sentence="12" number="329">at</token>
<token t_id="331" sentence="12" number="330">the</token>
<token t_id="332" sentence="12" number="331">depot</token>
<token t_id="333" sentence="12" number="332">Messrs</token>
<token t_id="334" sentence="12" number="333">Gould</token>
<token t_id="335" sentence="12" number="334">and</token>
<token t_id="336" sentence="12" number="335">Hopkins</token>
<token t_id="337" sentence="12" number="336">engaged</token>
<token t_id="338" sentence="12" number="337">in</token>
<token t_id="339" sentence="12" number="338">conversation</token>
<token t_id="340" sentence="12" number="339">with</token>
<token t_id="341" sentence="12" number="340">station</token>
<token t_id="342" sentence="12" number="341">agent</token>
<token t_id="343" sentence="12" number="342">Lisk</token>
<token t_id="344" sentence="12" number="343">.</token>
<token t_id="345" sentence="13" number="344">The</token>
<token t_id="346" sentence="13" number="345">great</token>
<token t_id="347" sentence="13" number="346">railroad</token>
<token t_id="348" sentence="13" number="347">President</token>
<token t_id="349" sentence="13" number="348">has</token>
<token t_id="350" sentence="13" number="349">changed</token>
<token t_id="351" sentence="13" number="350">very</token>
<token t_id="352" sentence="13" number="351">little</token>
<token t_id="353" sentence="13" number="352">in</token>
<token t_id="354" sentence="13" number="353">the</token>
<token t_id="355" sentence="13" number="354">past</token>
<token t_id="356" sentence="13" number="355">few</token>
<token t_id="357" sentence="13" number="356">years</token>
<token t_id="358" sentence="13" number="357">.</token>
<token t_id="359" sentence="14" number="358">He</token>
<token t_id="360" sentence="14" number="359">still</token>
<token t_id="361" sentence="14" number="360">has</token>
<token t_id="362" sentence="14" number="361">the</token>
<token t_id="363" sentence="14" number="362">same</token>
<token t_id="364" sentence="14" number="363">sharp</token>
<token t_id="365" sentence="14" number="364">,</token>
<token t_id="366" sentence="14" number="365">black</token>
<token t_id="367" sentence="14" number="366">eye</token>
<token t_id="368" sentence="14" number="367">and</token>
<token t_id="369" sentence="14" number="368">his</token>
<token t_id="370" sentence="14" number="369">face</token>
<token t_id="371" sentence="14" number="370">wears</token>
<token t_id="372" sentence="14" number="371">its</token>
<token t_id="373" sentence="14" number="372">old</token>
<token t_id="374" sentence="14" number="373">time</token>
<token t_id="375" sentence="14" number="374">studious</token>
<token t_id="376" sentence="14" number="375">look</token>
<token t_id="377" sentence="14" number="376">.</token>
<token t_id="378" sentence="15" number="377">His</token>
<token t_id="379" sentence="15" number="378">full</token>
<token t_id="380" sentence="15" number="379">black</token>
<token t_id="381" sentence="15" number="380">beard</token>
<token t_id="382" sentence="15" number="381">has</token>
<token t_id="383" sentence="15" number="382">a</token>
<token t_id="384" sentence="15" number="383">considerable</token>
<token t_id="385" sentence="15" number="384">sprinkling</token>
<token t_id="386" sentence="15" number="385">of</token>
<token t_id="387" sentence="15" number="386">gray</token>
<token t_id="388" sentence="15" number="387">in</token>
<token t_id="389" sentence="15" number="388">it</token>
<token t_id="390" sentence="15" number="389">.</token>
<token t_id="391" sentence="16" number="390">He</token>
<token t_id="392" sentence="16" number="391">was</token>
<token t_id="393" sentence="16" number="392">dressed</token>
<token t_id="394" sentence="16" number="393">in</token>
<token t_id="395" sentence="16" number="394">a</token>
<token t_id="396" sentence="16" number="395">frock</token>
<token t_id="397" sentence="16" number="396">business</token>
<token t_id="398" sentence="16" number="397">suit</token>
<token t_id="399" sentence="16" number="398">of</token>
<token t_id="400" sentence="16" number="399">dark</token>
<token t_id="401" sentence="16" number="400">material</token>
<token t_id="402" sentence="16" number="401">,</token>
<token t_id="403" sentence="16" number="402">and</token>
<token t_id="404" sentence="16" number="403">wore</token>
<token t_id="405" sentence="16" number="404">a</token>
<token t_id="406" sentence="16" number="405">white</token>
<token t_id="407" sentence="16" number="406">crush</token>
<token t_id="408" sentence="16" number="407">-</token>
<token t_id="409" sentence="16" number="408">they</token>
<token t_id="410" sentence="16" number="409">call</token>
<token t_id="411" sentence="16" number="410">it</token>
<token t_id="412" sentence="16" number="411">"</token>
<token t_id="413" sentence="16" number="412">slouch</token>
<token t_id="414" sentence="16" number="413">"</token>
<token t_id="415" sentence="16" number="414">out</token>
<token t_id="416" sentence="16" number="415">here</token>
<token t_id="417" sentence="16" number="416">-</token>
<token t_id="418" sentence="16" number="417">hat</token>
<token t_id="419" sentence="16" number="418">,</token>
<token t_id="420" sentence="16" number="419">pulled</token>
<token t_id="421" sentence="16" number="420">down</token>
<token t_id="422" sentence="16" number="421">well</token>
<token t_id="423" sentence="16" number="422">over</token>
<token t_id="424" sentence="16" number="423">his</token>
<token t_id="425" sentence="16" number="424">forehead</token>
<token t_id="426" sentence="16" number="425">.</token>
<token t_id="427" sentence="17" number="426">George</token>
<token t_id="428" sentence="17" number="427">and</token>
<token t_id="429" sentence="17" number="428">his</token>
<token t_id="430" sentence="17" number="429">bride</token>
<token t_id="431" sentence="17" number="430">,</token>
<token t_id="432" sentence="17" number="431">who</token>
<token t_id="433" sentence="17" number="432">were</token>
<token t_id="434" sentence="17" number="433">greater</token>
<token t_id="435" sentence="17" number="434">objects</token>
<token t_id="436" sentence="17" number="435">of</token>
<token t_id="437" sentence="17" number="436">curiosity</token>
<token t_id="438" sentence="17" number="437">than</token>
<token t_id="439" sentence="17" number="438">the</token>
<token t_id="440" sentence="17" number="439">great</token>
<token t_id="441" sentence="17" number="440">financier</token>
<token t_id="442" sentence="17" number="441">,</token>
<token t_id="443" sentence="17" number="442">make</token>
<token t_id="444" sentence="17" number="443">quite</token>
<token t_id="445" sentence="17" number="444">a</token>
<token t_id="446" sentence="17" number="445">good</token>
<token t_id="447" sentence="17" number="446">looking</token>
<token t_id="448" sentence="17" number="447">couple</token>
<token t_id="449" sentence="17" number="448">.</token>
<token t_id="450" sentence="18" number="449">The</token>
<token t_id="451" sentence="18" number="450">young</token>
<token t_id="452" sentence="18" number="451">man</token>
<token t_id="453" sentence="18" number="452">is</token>
<token t_id="454" sentence="18" number="453">about</token>
<token t_id="455" sentence="18" number="454">twenty</token>
<token t_id="456" sentence="18" number="455">six</token>
<token t_id="457" sentence="18" number="456">years</token>
<token t_id="458" sentence="18" number="457">of</token>
<token t_id="459" sentence="18" number="458">age</token>
<token t_id="460" sentence="18" number="459">,</token>
<token t_id="461" sentence="18" number="460">somewhat</token>
<token t_id="462" sentence="18" number="461">taller</token>
<token t_id="463" sentence="18" number="462">than</token>
<token t_id="464" sentence="18" number="463">his</token>
<token t_id="465" sentence="18" number="464">father</token>
<token t_id="466" sentence="18" number="465">,</token>
<token t_id="467" sentence="18" number="466">but</token>
<token t_id="468" sentence="18" number="467">like</token>
<token t_id="469" sentence="18" number="468">him</token>
<token t_id="470" sentence="18" number="469">very</token>
<token t_id="471" sentence="18" number="470">slender</token>
<token t_id="472" sentence="18" number="471">.</token>
<token t_id="473" sentence="19" number="472">He</token>
<token t_id="474" sentence="19" number="473">has</token>
<token t_id="475" sentence="19" number="474">dark</token>
<token t_id="476" sentence="19" number="475">skin</token>
<token t_id="477" sentence="19" number="476">,</token>
<token t_id="478" sentence="19" number="477">jet</token>
<token t_id="479" sentence="19" number="478">black</token>
<token t_id="480" sentence="19" number="479">hair</token>
<token t_id="481" sentence="19" number="480">and</token>
<token t_id="482" sentence="19" number="481">moustache</token>
<token t_id="483" sentence="19" number="482">,</token>
<token t_id="484" sentence="19" number="483">and</token>
<token t_id="485" sentence="19" number="484">a</token>
<token t_id="486" sentence="19" number="485">dark</token>
<token t_id="487" sentence="19" number="486">brown</token>
<token t_id="488" sentence="19" number="487">eye</token>
<token t_id="489" sentence="19" number="488">.</token>
<token t_id="490" sentence="20" number="489">He</token>
<token t_id="491" sentence="20" number="490">wore</token>
<token t_id="492" sentence="20" number="491">a</token>
<token t_id="493" sentence="20" number="492">light</token>
<token t_id="494" sentence="20" number="493">frock</token>
<token t_id="495" sentence="20" number="494">suit</token>
<token t_id="496" sentence="20" number="495">of</token>
<token t_id="497" sentence="20" number="496">a</token>
<token t_id="498" sentence="20" number="497">small</token>
<token t_id="499" sentence="20" number="498">checked</token>
<token t_id="500" sentence="20" number="499">pattern</token>
<token t_id="501" sentence="20" number="500">,</token>
<token t_id="502" sentence="20" number="501">and</token>
<token t_id="503" sentence="20" number="502">a</token>
<token t_id="504" sentence="20" number="503">dark</token>
<token t_id="505" sentence="20" number="504">derby</token>
<token t_id="506" sentence="20" number="505">hat</token>
<token t_id="507" sentence="20" number="506">.</token>
<token t_id="508" sentence="21" number="507">While</token>
<token t_id="509" sentence="21" number="508">not</token>
<token t_id="510" sentence="21" number="509">exactly</token>
<token t_id="511" sentence="21" number="510">handsome</token>
<token t_id="512" sentence="21" number="511">,</token>
<token t_id="513" sentence="21" number="512">he</token>
<token t_id="514" sentence="21" number="513">is</token>
<token t_id="515" sentence="21" number="514">a</token>
<token t_id="516" sentence="21" number="515">rather</token>
<token t_id="517" sentence="21" number="516">a</token>
<token t_id="518" sentence="21" number="517">good</token>
<token t_id="519" sentence="21" number="518">looking</token>
<token t_id="520" sentence="21" number="519">young</token>
<token t_id="521" sentence="21" number="520">fellow</token>
<token t_id="522" sentence="21" number="521">,</token>
<token t_id="523" sentence="21" number="522">and</token>
<token t_id="524" sentence="21" number="523">has</token>
<token t_id="525" sentence="21" number="524">a</token>
<token t_id="526" sentence="21" number="525">very</token>
<token t_id="527" sentence="21" number="526">pleasant</token>
<token t_id="528" sentence="21" number="527">face</token>
<token t_id="529" sentence="21" number="528">.</token>
<token t_id="530" sentence="22" number="529">He</token>
<token t_id="531" sentence="22" number="530">walked</token>
<token t_id="532" sentence="22" number="531">about</token>
<token t_id="533" sentence="22" number="532">the</token>
<token t_id="534" sentence="22" number="533">platform</token>
<token t_id="535" sentence="22" number="534">,</token>
<token t_id="536" sentence="22" number="535">but</token>
<token t_id="537" sentence="22" number="536">was</token>
<token t_id="538" sentence="22" number="537">addressed</token>
<token t_id="539" sentence="22" number="538">by</token>
<token t_id="540" sentence="22" number="539">nobody</token>
<token t_id="541" sentence="22" number="540">.</token>
<token t_id="542" sentence="23" number="541">His</token>
<token t_id="543" sentence="23" number="542">wife</token>
<token t_id="544" sentence="23" number="543">looks</token>
<token t_id="545" sentence="23" number="544">enough</token>
<token t_id="546" sentence="23" number="545">like</token>
<token t_id="547" sentence="23" number="546">him</token>
<token t_id="548" sentence="23" number="547">to</token>
<token t_id="549" sentence="23" number="548">be</token>
<token t_id="550" sentence="23" number="549">taken</token>
<token t_id="551" sentence="23" number="550">for</token>
<token t_id="552" sentence="23" number="551">his</token>
<token t_id="553" sentence="23" number="552">sister</token>
<token t_id="554" sentence="23" number="553">.</token>
<token t_id="555" sentence="24" number="554">She</token>
<token t_id="556" sentence="24" number="555">is</token>
<token t_id="557" sentence="24" number="556">of</token>
<token t_id="558" sentence="24" number="557">a</token>
<token t_id="559" sentence="24" number="558">dark</token>
<token t_id="560" sentence="24" number="559">,</token>
<token t_id="561" sentence="24" number="560">olive</token>
<token t_id="562" sentence="24" number="561">complexion</token>
<token t_id="563" sentence="24" number="562">,</token>
<token t_id="564" sentence="24" number="563">and</token>
<token t_id="565" sentence="24" number="564">has</token>
<token t_id="566" sentence="24" number="565">a</token>
<token t_id="567" sentence="24" number="566">dark</token>
<token t_id="568" sentence="24" number="567">grey</token>
<token t_id="569" sentence="24" number="568">eye</token>
<token t_id="570" sentence="24" number="569">and</token>
<token t_id="571" sentence="24" number="570">dark</token>
<token t_id="572" sentence="24" number="571">hair</token>
<token t_id="573" sentence="24" number="572">.</token>
<token t_id="574" sentence="25" number="573">Her</token>
<token t_id="575" sentence="25" number="574">features</token>
<token t_id="576" sentence="25" number="575">are</token>
<token t_id="577" sentence="25" number="576">sharp</token>
<token t_id="578" sentence="25" number="577">and</token>
<token t_id="579" sentence="25" number="578">clean</token>
<token t_id="580" sentence="25" number="579">cut</token>
<token t_id="581" sentence="25" number="580">,</token>
<token t_id="582" sentence="25" number="581">and</token>
<token t_id="583" sentence="25" number="582">her</token>
<token t_id="584" sentence="25" number="583">mouth</token>
<token t_id="585" sentence="25" number="584">at</token>
<token t_id="586" sentence="25" number="585">times</token>
<token t_id="587" sentence="25" number="586">wears</token>
<token t_id="588" sentence="25" number="587">a</token>
<token t_id="589" sentence="25" number="588">pucker</token>
<token t_id="590" sentence="25" number="589">that</token>
<token t_id="591" sentence="25" number="590">is</token>
<token t_id="592" sentence="25" number="591">perfectly</token>
<token t_id="593" sentence="25" number="592">captivating</token>
<token t_id="594" sentence="25" number="593">.</token>
<token t_id="595" sentence="26" number="594">She</token>
<token t_id="596" sentence="26" number="595">can</token>
<token t_id="597" sentence="26" number="596">hardly</token>
<token t_id="598" sentence="26" number="597">be</token>
<token t_id="599" sentence="26" number="598">classed</token>
<token t_id="600" sentence="26" number="599">as</token>
<token t_id="601" sentence="26" number="600">a</token>
<token t_id="602" sentence="26" number="601">beauty</token>
<token t_id="603" sentence="26" number="602">,</token>
<token t_id="604" sentence="26" number="603">but</token>
<token t_id="605" sentence="26" number="604">is</token>
<token t_id="606" sentence="26" number="605">a</token>
<token t_id="607" sentence="26" number="606">certainly</token>
<token t_id="608" sentence="26" number="607">quite</token>
<token t_id="609" sentence="26" number="608">pretty</token>
<token t_id="610" sentence="26" number="609">,</token>
<token t_id="611" sentence="26" number="610">and</token>
<token t_id="612" sentence="26" number="611">has</token>
<token t_id="613" sentence="26" number="612">a</token>
<token t_id="614" sentence="26" number="613">most</token>
<token t_id="615" sentence="26" number="614">interesting</token>
<token t_id="616" sentence="26" number="615">and</token>
<token t_id="617" sentence="26" number="616">attractive</token>
<token t_id="618" sentence="26" number="617">face</token>
<token t_id="619" sentence="26" number="618">.</token>
<token t_id="620" sentence="27" number="619">Her</token>
<token t_id="621" sentence="27" number="620">tall</token>
<token t_id="622" sentence="27" number="621">,</token>
<token t_id="623" sentence="27" number="622">slender</token>
<token t_id="624" sentence="27" number="623">form</token>
<token t_id="625" sentence="27" number="624">was</token>
<token t_id="626" sentence="27" number="625">clad</token>
<token t_id="627" sentence="27" number="626">in</token>
<token t_id="628" sentence="27" number="627">a</token>
<token t_id="629" sentence="27" number="628">close</token>
<token t_id="630" sentence="27" number="629">fitting</token>
<token t_id="631" sentence="27" number="630">,</token>
<token t_id="632" sentence="27" number="631">neat</token>
<token t_id="633" sentence="27" number="632">tailor</token>
<token t_id="634" sentence="27" number="633">made</token>
<token t_id="635" sentence="27" number="634">traveling</token>
<token t_id="636" sentence="27" number="635">suit</token>
<token t_id="637" sentence="27" number="636">of</token>
<token t_id="638" sentence="27" number="637">dark</token>
<token t_id="639" sentence="27" number="638">blue</token>
<token t_id="640" sentence="27" number="639">woolen</token>
<token t_id="641" sentence="27" number="640">goods</token>
<token t_id="642" sentence="27" number="641">,</token>
<token t_id="643" sentence="27" number="642">ornamented</token>
<token t_id="644" sentence="27" number="643">with</token>
<token t_id="645" sentence="27" number="644">broad</token>
<token t_id="646" sentence="27" number="645">eroded</token>
<token t_id="647" sentence="27" number="646">trimmings</token>
<token t_id="648" sentence="27" number="647">.</token>
<token t_id="649" sentence="28" number="648">She</token>
<token t_id="650" sentence="28" number="649">donned</token>
<token t_id="651" sentence="28" number="650">a</token>
<token t_id="652" sentence="28" number="651">little</token>
<token t_id="653" sentence="28" number="652">black</token>
<token t_id="654" sentence="28" number="653">straw</token>
<token t_id="655" sentence="28" number="654">hat</token>
<token t_id="656" sentence="28" number="655">that</token>
<token t_id="657" sentence="28" number="656">was</token>
<token t_id="658" sentence="28" number="657">set</token>
<token t_id="659" sentence="28" number="658">off</token>
<token t_id="660" sentence="28" number="659">with</token>
<token t_id="661" sentence="28" number="660">a</token>
<token t_id="662" sentence="28" number="661">red</token>
<token t_id="663" sentence="28" number="662">wing</token>
<token t_id="664" sentence="28" number="663">and</token>
<token t_id="665" sentence="28" number="664">a</token>
<token t_id="666" sentence="28" number="665">bow</token>
<token t_id="667" sentence="28" number="666">of</token>
<token t_id="668" sentence="28" number="667">red</token>
<token t_id="669" sentence="28" number="668">ribbon</token>
<token t_id="670" sentence="28" number="669">as</token>
<token t_id="671" sentence="28" number="670">she</token>
<token t_id="672" sentence="28" number="671">stood</token>
<token t_id="673" sentence="28" number="672">upon</token>
<token t_id="674" sentence="28" number="673">the</token>
<token t_id="675" sentence="28" number="674">platform</token>
<token t_id="676" sentence="28" number="675">for</token>
<token t_id="677" sentence="28" number="676">a</token>
<token t_id="678" sentence="28" number="677">moment</token>
<token t_id="679" sentence="28" number="678">gazing</token>
<token t_id="680" sentence="28" number="679">with</token>
<token t_id="681" sentence="28" number="680">apparent</token>
<token t_id="682" sentence="28" number="681">interest</token>
<token t_id="683" sentence="28" number="682">at</token>
<token t_id="684" sentence="28" number="683">the</token>
<token t_id="685" sentence="28" number="684">little</token>
<token t_id="686" sentence="28" number="685">mill</token>
<token t_id="687" sentence="28" number="686">that</token>
<token t_id="688" sentence="28" number="687">is</token>
<token t_id="689" sentence="28" number="688">so</token>
<token t_id="690" sentence="28" number="689">great</token>
<token t_id="691" sentence="28" number="690">an</token>
<token t_id="692" sentence="28" number="691">eyesore</token>
<token t_id="693" sentence="28" number="692">to</token>
<token t_id="694" sentence="28" number="693">Supt.</token>
<token t_id="695" sentence="28" number="694">Leonard</token>
<token t_id="696" sentence="28" number="695">of</token>
<token t_id="697" sentence="28" number="696">the</token>
<token t_id="698" sentence="28" number="697">gas</token>
<token t_id="699" sentence="28" number="698">works</token>
<token t_id="700" sentence="28" number="699">,</token>
<token t_id="701" sentence="28" number="700">and</token>
<token t_id="702" sentence="28" number="701">carried</token>
<token t_id="703" sentence="28" number="702">in</token>
<token t_id="704" sentence="28" number="703">her</token>
<token t_id="705" sentence="28" number="704">hand</token>
<token t_id="706" sentence="28" number="705">a</token>
<token t_id="707" sentence="28" number="706">plain</token>
<token t_id="708" sentence="28" number="707">,</token>
<token t_id="709" sentence="28" number="708">wooden-handled</token>
<token t_id="710" sentence="28" number="709">red</token>
<token t_id="711" sentence="28" number="710">silk</token>
<token t_id="712" sentence="28" number="711">parasol</token>
<token t_id="713" sentence="28" number="712">.</token>
<token t_id="714" sentence="29" number="713">A</token>
<token t_id="715" sentence="29" number="714">foot</token>
<token t_id="716" sentence="29" number="715">that</token>
<token t_id="717" sentence="29" number="716">is</token>
<token t_id="718" sentence="29" number="717">not</token>
<token t_id="719" sentence="29" number="718">over</token>
<token t_id="720" sentence="29" number="719">small</token>
<token t_id="721" sentence="29" number="720">was</token>
<token t_id="722" sentence="29" number="721">encased</token>
<token t_id="723" sentence="29" number="722">in</token>
<token t_id="724" sentence="29" number="723">a</token>
<token t_id="725" sentence="29" number="724">low</token>
<token t_id="726" sentence="29" number="725">quartered</token>
<token t_id="727" sentence="29" number="726">shoe</token>
<token t_id="728" sentence="29" number="727">,</token>
<token t_id="729" sentence="29" number="728">just</token>
<token t_id="730" sentence="29" number="729">affording</token>
<token t_id="731" sentence="29" number="730">the</token>
<token t_id="732" sentence="29" number="731">slightest</token>
<token t_id="733" sentence="29" number="732">glimpse</token>
<token t_id="734" sentence="29" number="733">of</token>
<token t_id="735" sentence="29" number="734">a</token>
<token t_id="736" sentence="29" number="735">pretty</token>
<token t_id="737" sentence="29" number="736">ankle</token>
<token t_id="738" sentence="29" number="737">clad</token>
<token t_id="739" sentence="29" number="738">in</token>
<token t_id="740" sentence="29" number="739">black</token>
<token t_id="741" sentence="29" number="740">silk</token>
<token t_id="742" sentence="29" number="741">hose</token>
<token t_id="743" sentence="29" number="742">.</token>
<token t_id="744" sentence="30" number="743">To</token>
<token t_id="745" sentence="30" number="744">the</token>
<token t_id="746" sentence="30" number="745">representative</token>
<token t_id="747" sentence="30" number="746">of</token>
<token t_id="748" sentence="30" number="747">the</token>
<token t_id="749" sentence="30" number="748">press</token>
<token t_id="750" sentence="30" number="749">Mr.</token>
<token t_id="751" sentence="30" number="750">Gould</token>
<token t_id="752" sentence="30" number="751">,</token>
<token t_id="753" sentence="30" number="752">while</token>
<token t_id="754" sentence="30" number="753">courteous</token>
<token t_id="755" sentence="30" number="754">,</token>
<token t_id="756" sentence="30" number="755">showed</token>
<token t_id="757" sentence="30" number="756">little</token>
<token t_id="758" sentence="30" number="757">inclination</token>
<token t_id="759" sentence="30" number="758">to</token>
<token t_id="760" sentence="30" number="759">talk</token>
<token t_id="761" sentence="30" number="760">.</token>
<token t_id="762" sentence="31" number="761">The</token>
<token t_id="763" sentence="31" number="762">party</token>
<token t_id="764" sentence="31" number="763">,</token>
<token t_id="765" sentence="31" number="764">he</token>
<token t_id="766" sentence="31" number="765">said</token>
<token t_id="767" sentence="31" number="766">had</token>
<token t_id="768" sentence="31" number="767">been</token>
<token t_id="769" sentence="31" number="768">traveling</token>
<token t_id="770" sentence="31" number="769">the</token>
<token t_id="771" sentence="31" number="770">western</token>
<token t_id="772" sentence="31" number="771">roads</token>
<token t_id="773" sentence="31" number="772">controlled</token>
<token t_id="774" sentence="31" number="773">by</token>
<token t_id="775" sentence="31" number="774">him</token>
<token t_id="776" sentence="31" number="775">.</token>
<token t_id="777" sentence="32" number="776">There</token>
<token t_id="778" sentence="32" number="777">was</token>
<token t_id="779" sentence="32" number="778">no</token>
<token t_id="780" sentence="32" number="779">particular</token>
<token t_id="781" sentence="32" number="780">significance</token>
<token t_id="782" sentence="32" number="781">to</token>
<token t_id="783" sentence="32" number="782">the</token>
<token t_id="784" sentence="32" number="783">trip</token>
<token t_id="785" sentence="32" number="784">,</token>
<token t_id="786" sentence="32" number="785">it</token>
<token t_id="787" sentence="32" number="786">being</token>
<token t_id="788" sentence="32" number="787">a</token>
<token t_id="789" sentence="32" number="788">tour</token>
<token t_id="790" sentence="32" number="789">of</token>
<token t_id="791" sentence="32" number="790">inspection</token>
<token t_id="792" sentence="32" number="791">.</token>
<token t_id="793" sentence="33" number="792">His</token>
<token t_id="794" sentence="33" number="793">son</token>
<token t_id="795" sentence="33" number="794">was</token>
<token t_id="796" sentence="33" number="795">accompanying</token>
<token t_id="797" sentence="33" number="796">him</token>
<token t_id="798" sentence="33" number="797">on</token>
<token t_id="799" sentence="33" number="798">business</token>
<token t_id="800" sentence="33" number="799">also</token>
<token t_id="801" sentence="33" number="800">and</token>
<token t_id="802" sentence="33" number="801">had</token>
<token t_id="803" sentence="33" number="802">merely</token>
<token t_id="804" sentence="33" number="803">taken</token>
<token t_id="805" sentence="33" number="804">his</token>
<token t_id="806" sentence="33" number="805">bride</token>
<token t_id="807" sentence="33" number="806">along</token>
<token t_id="808" sentence="33" number="807">as</token>
<token t_id="809" sentence="33" number="808">she</token>
<token t_id="810" sentence="33" number="809">wanted</token>
<token t_id="811" sentence="33" number="810">to</token>
<token t_id="812" sentence="33" number="811">travel</token>
<token t_id="813" sentence="33" number="812">with</token>
<token t_id="814" sentence="33" number="813">him</token>
<token t_id="815" sentence="33" number="814">.</token>
<token t_id="816" sentence="34" number="815">Mr.</token>
<token t_id="817" sentence="34" number="816">Gould</token>
<token t_id="818" sentence="34" number="817">said</token>
<token t_id="819" sentence="34" number="818">he</token>
<token t_id="820" sentence="34" number="819">had</token>
<token t_id="821" sentence="34" number="820">no</token>
<token t_id="822" sentence="34" number="821">new</token>
<token t_id="823" sentence="34" number="822">pieces</token>
<token t_id="824" sentence="34" number="823">of</token>
<token t_id="825" sentence="34" number="824">railroad</token>
<token t_id="826" sentence="34" number="825">property</token>
<token t_id="827" sentence="34" number="826">in</token>
<token t_id="828" sentence="34" number="827">mind</token>
<token t_id="829" sentence="34" number="828">and</token>
<token t_id="830" sentence="34" number="829">contemplated</token>
<token t_id="831" sentence="34" number="830">no</token>
<token t_id="832" sentence="34" number="831">changes</token>
<token t_id="833" sentence="34" number="832">in</token>
<token t_id="834" sentence="34" number="833">the</token>
<token t_id="835" sentence="34" number="834">system</token>
<token t_id="836" sentence="34" number="835">.</token>
<token t_id="837" sentence="35" number="836">Vice</token>
<token t_id="838" sentence="35" number="837">President</token>
<token t_id="839" sentence="35" number="838">Hopkins</token>
<token t_id="840" sentence="35" number="839">was</token>
<token t_id="841" sentence="35" number="840">more</token>
<token t_id="842" sentence="35" number="841">talkative</token>
<token t_id="843" sentence="35" number="842">with</token>
<token t_id="844" sentence="35" number="843">respect</token>
<token t_id="845" sentence="35" number="844">to</token>
<token t_id="846" sentence="35" number="845">local</token>
<token t_id="847" sentence="35" number="846">interests</token>
<token t_id="848" sentence="35" number="847">.</token>
<token t_id="849" sentence="36" number="848">He</token>
<token t_id="850" sentence="36" number="849">manifested</token>
<token t_id="851" sentence="36" number="850">considerable</token>
<token t_id="852" sentence="36" number="851">interest</token>
<token t_id="853" sentence="36" number="852">in</token>
<token t_id="854" sentence="36" number="853">Ottawa</token>
<token t_id="855" sentence="36" number="854">,</token>
<token t_id="856" sentence="36" number="855">as</token>
<token t_id="857" sentence="36" number="856">evinced</token>
<token t_id="858" sentence="36" number="857">by</token>
<token t_id="859" sentence="36" number="858">his</token>
<token t_id="860" sentence="36" number="859">pertinent</token>
<token t_id="861" sentence="36" number="860">enquiries</token>
<token t_id="862" sentence="36" number="861">as</token>
<token t_id="863" sentence="36" number="862">to</token>
<token t_id="864" sentence="36" number="863">the</token>
<token t_id="865" sentence="36" number="864">volume</token>
<token t_id="866" sentence="36" number="865">of</token>
<token t_id="867" sentence="36" number="866">business</token>
<token t_id="868" sentence="36" number="867">done</token>
<token t_id="869" sentence="36" number="868">here</token>
<token t_id="870" sentence="36" number="869">,</token>
<token t_id="871" sentence="36" number="870">and</token>
<token t_id="872" sentence="36" number="871">how</token>
<token t_id="873" sentence="36" number="872">much</token>
<token t_id="874" sentence="36" number="873">of</token>
<token t_id="875" sentence="36" number="874">it</token>
<token t_id="876" sentence="36" number="875">his</token>
<token t_id="877" sentence="36" number="876">road</token>
<token t_id="878" sentence="36" number="877">is</token>
<token t_id="879" sentence="36" number="878">receiving</token>
<token t_id="880" sentence="36" number="879">.</token>
<token t_id="881" sentence="37" number="880">When</token>
<token t_id="882" sentence="37" number="881">interrogated</token>
<token t_id="883" sentence="37" number="882">as</token>
<token t_id="884" sentence="37" number="883">to</token>
<token t_id="885" sentence="37" number="884">whether</token>
<token t_id="886" sentence="37" number="885">or</token>
<token t_id="887" sentence="37" number="886">not</token>
<token t_id="888" sentence="37" number="887">the</token>
<token t_id="889" sentence="37" number="888">city</token>
<token t_id="890" sentence="37" number="889">would</token>
<token t_id="891" sentence="37" number="890">be</token>
<token t_id="892" sentence="37" number="891">made</token>
<token t_id="893" sentence="37" number="892">the</token>
<token t_id="894" sentence="37" number="893">end</token>
<token t_id="895" sentence="37" number="894">of</token>
<token t_id="896" sentence="37" number="895">a</token>
<token t_id="897" sentence="37" number="896">division</token>
<token t_id="898" sentence="37" number="897">he</token>
<token t_id="899" sentence="37" number="898">rather</token>
<token t_id="900" sentence="37" number="899">gave</token>
<token t_id="901" sentence="37" number="900">the</token>
<token t_id="902" sentence="37" number="901">impression</token>
<token t_id="903" sentence="37" number="902">that</token>
<token t_id="904" sentence="37" number="903">it</token>
<token t_id="905" sentence="37" number="904">was</token>
<token t_id="906" sentence="37" number="905">hardly</token>
<token t_id="907" sentence="37" number="906">probable</token>
<token t_id="908" sentence="37" number="907">.</token>
<token t_id="909" sentence="38" number="908">However</token>
<token t_id="910" sentence="38" number="909">if</token>
<token t_id="911" sentence="38" number="910">a</token>
<token t_id="912" sentence="38" number="911">proper</token>
<token t_id="913" sentence="38" number="912">spirit</token>
<token t_id="914" sentence="38" number="913">was</token>
<token t_id="915" sentence="38" number="914">shown</token>
<token t_id="916" sentence="38" number="915">by</token>
<token t_id="917" sentence="38" number="916">citizens</token>
<token t_id="918" sentence="38" number="917">,</token>
<token t_id="919" sentence="38" number="918">and</token>
<token t_id="920" sentence="38" number="919">the</token>
<token t_id="921" sentence="38" number="920">M.P.</token>
<token t_id="922" sentence="38" number="921">met</token>
<token t_id="923" sentence="38" number="922">half</token>
<token t_id="924" sentence="38" number="923">way</token>
<token t_id="925" sentence="38" number="924">and</token>
<token t_id="926" sentence="38" number="925">treated</token>
<token t_id="927" sentence="38" number="926">fairly</token>
<token t_id="928" sentence="38" number="927">by</token>
<token t_id="929" sentence="38" number="928">citizens</token>
<token t_id="930" sentence="38" number="929">-</token>
<token t_id="931" sentence="38" number="930">the</token>
<token t_id="932" sentence="38" number="931">company</token>
<token t_id="933" sentence="38" number="932">would</token>
<token t_id="934" sentence="38" number="933">most</token>
<token t_id="935" sentence="38" number="934">certainly</token>
<token t_id="936" sentence="38" number="935">do</token>
<token t_id="937" sentence="38" number="936">its</token>
<token t_id="938" sentence="38" number="937">share</token>
<token t_id="939" sentence="38" number="938">and</token>
<token t_id="940" sentence="38" number="939">put</token>
<token t_id="941" sentence="38" number="940">its</token>
<token t_id="942" sentence="38" number="941">properties</token>
<token t_id="943" sentence="38" number="942">in</token>
<token t_id="944" sentence="38" number="943">first-class</token>
<token t_id="945" sentence="38" number="944">condition</token>
<token t_id="946" sentence="38" number="945">.</token>
<token t_id="947" sentence="39" number="946">He</token>
<token t_id="948" sentence="39" number="947">said</token>
<token t_id="949" sentence="39" number="948">that</token>
<token t_id="950" sentence="39" number="949">in</token>
<token t_id="951" sentence="39" number="950">all</token>
<token t_id="952" sentence="39" number="951">likelihood</token>
<token t_id="953" sentence="39" number="952">the</token>
<token t_id="954" sentence="39" number="953">Topeka</token>
<token t_id="955" sentence="39" number="954">extension</token>
<token t_id="956" sentence="39" number="955">would</token>
<token t_id="957" sentence="39" number="956">be</token>
<token t_id="958" sentence="39" number="957">built</token>
<token t_id="959" sentence="39" number="958">in</token>
<token t_id="960" sentence="39" number="959">the</token>
<token t_id="961" sentence="39" number="960">immediate</token>
<token t_id="962" sentence="39" number="961">future</token>
<token t_id="963" sentence="39" number="962">,</token>
<token t_id="964" sentence="39" number="963">and</token>
<token t_id="965" sentence="39" number="964">smilingly</token>
<token t_id="966" sentence="39" number="965">intimated</token>
<token t_id="967" sentence="39" number="966">that</token>
<token t_id="968" sentence="39" number="967">shops</token>
<token t_id="969" sentence="39" number="968">would</token>
<token t_id="970" sentence="39" number="969">very</token>
<token t_id="971" sentence="39" number="970">probably</token>
<token t_id="972" sentence="39" number="971">be</token>
<token t_id="973" sentence="39" number="972">erected</token>
<token t_id="974" sentence="39" number="973">here</token>
<token t_id="975" sentence="39" number="974">.</token>
<token t_id="976" sentence="40" number="975">The</token>
<token t_id="977" sentence="40" number="976">party</token>
<token t_id="978" sentence="40" number="977">went</token>
<token t_id="979" sentence="40" number="978">out</token>
<token t_id="980" sentence="40" number="979">to</token>
<token t_id="981" sentence="40" number="980">the</token>
<token t_id="982" sentence="40" number="981">front</token>
<token t_id="983" sentence="40" number="982">of</token>
<token t_id="984" sentence="40" number="983">the</token>
<token t_id="985" sentence="40" number="984">Council</token>
<token t_id="986" sentence="40" number="985">Grove</token>
<token t_id="987" sentence="40" number="986">extension</token>
<token t_id="988" sentence="40" number="987">,</token>
<token t_id="989" sentence="40" number="988">and</token>
<token t_id="990" sentence="40" number="989">will</token>
<token t_id="991" sentence="40" number="990">return</token>
<token t_id="992" sentence="40" number="991">this</token>
<token t_id="993" sentence="40" number="992">evening</token>
<token t_id="994" sentence="40" number="993">.</token>


<Markables>
<EVENT_MENTION m_id="33" factuality="" modality="" pred="" pos="" aspect="" certainty="" comment="" class="CLOTHES" tense="" polarity=""  >
<token_anchor t_id="371"/>
</EVENT_MENTION>
<EVENT_MENTION m_id="65" factuality="" modality="" pred="" pos="" aspect="" certainty="" comment="" class="EMOTIONS-EVALUATIONS" tense="" polarity=""  >
<token_anchor t_id="688"/>
<token_anchor t_id="689"/>
<token_anchor t_id="690"/>
</EVENT_MENTION>
<EVENT_MENTION m_id="1" factuality="" modality="" pred="" pos="" aspect="" certainty="" comment="" class="SPACE-MOVEMENT" tense="" polarity=""  >
<token_anchor t_id="13"/>
</EVENT_MENTION>
<EVENT_MENTION m_id="97" factuality="" modality="" pred="" pos="" aspect="" certainty="" comment="" class="COMMUNICATION" tense="" polarity=""  >
<token_anchor t_id="882"/>
</EVENT_MENTION>
<EVENT_MENTION m_id="34" factuality="" modality="" pred="" pos="" aspect="" certainty="" comment="" class="POSSESSION" tense="" polarity=""  >
<token_anchor t_id="382"/>
</EVENT_MENTION>
<EVENT_MENTION m_id="66" factuality="" modality="" pred="" pos="" aspect="" certainty="" comment="" class="SPACE-MOVEMENT" tense="" polarity=""  >
<token_anchor t_id="702"/>
</EVENT_MENTION>
<EVENT_MENTION m_id="2" factuality="" modality="" pred="" pos="" aspect="" certainty="" comment="" class="PHYSICAL SENSATIONS" tense="" polarity=""  >
<token_anchor t_id="21"/>
</EVENT_MENTION>
<EVENT_MENTION m_id="98" factuality="" modality="" pred="" pos="" aspect="" certainty="" comment="" class="PHYSICAL SENSATIONS" tense="" polarity=""  >
<token_anchor t_id="900"/>
<token_anchor t_id="901"/>
<token_anchor t_id="902"/>
</EVENT_MENTION>
<EVENT_MENTION m_id="35" factuality="" modality="" pred="" pos="" aspect="" certainty="" comment="" class="CLOTHES" tense="" polarity=""  >
<token_anchor t_id="393"/>
</EVENT_MENTION>
<EVENT_MENTION m_id="67" factuality="" modality="" pred="" pos="" aspect="" certainty="" comment="" class="CLOTHES" tense="" polarity=""  >
<token_anchor t_id="722"/>
</EVENT_MENTION>
<EVENT_MENTION m_id="3" factuality="" modality="" pred="" pos="" aspect="" certainty="" comment="" class="MENTAL" tense="" polarity=""  >
<token_anchor t_id="39"/>
<token_anchor t_id="40"/>
</EVENT_MENTION>
<EVENT_MENTION m_id="99" factuality="" modality="" pred="" pos="" aspect="" certainty="" comment="" class="EMOTIONS-EVALUATIONS" tense="" polarity=""  >
<token_anchor t_id="905"/>
<token_anchor t_id="906"/>
<token_anchor t_id="907"/>
</EVENT_MENTION>
<EVENT_MENTION m_id="36" factuality="" modality="" pred="" pos="" aspect="" certainty="" comment="" class="CLOTHES" tense="" polarity=""  >
<token_anchor t_id="404"/>
</EVENT_MENTION>
<EVENT_MENTION m_id="68" factuality="" modality="" pred="" pos="" aspect="" certainty="" comment="" class="PHYSICAL SENSATIONS" tense="" polarity=""  >
<token_anchor t_id="733"/>
</EVENT_MENTION>
<EVENT_MENTION m_id="4" factuality="" modality="" pred="" pos="" aspect="" certainty="" comment="" class="GENERAL" tense="" polarity=""  >
<token_anchor t_id="43"/>
</EVENT_MENTION>
<EVENT_MENTION m_id="100" factuality="" modality="" pred="" pos="" aspect="" certainty="" comment="" class="TIME" tense="" polarity=""  >
<token_anchor t_id="892"/>
<token_anchor t_id="893"/>
<token_anchor t_id="894"/>
</EVENT_MENTION>
<EVENT_MENTION m_id="37" factuality="" modality="" pred="" pos="" aspect="" certainty="" comment="" class="COMMUNICATION" tense="" polarity=""  >
<token_anchor t_id="410"/>
</EVENT_MENTION>
<EVENT_MENTION m_id="69" factuality="" modality="" pred="" pos="" aspect="" certainty="" comment="" class="MEASURE" tense="" polarity=""  >
<token_anchor t_id="717"/>
<token_anchor t_id="718"/>
<token_anchor t_id="719"/>
<token_anchor t_id="720"/>
</EVENT_MENTION>
<EVENT_MENTION m_id="5" factuality="" modality="" pred="" pos="" aspect="" certainty="" comment="" class="PHYSICAL SENSATIONS" tense="" polarity=""  >
<token_anchor t_id="48"/>
</EVENT_MENTION>
<EVENT_MENTION m_id="101" factuality="" modality="" pred="" pos="" aspect="" certainty="" comment="" class="MEASURE" tense="" polarity=""  >
<token_anchor t_id="897"/>
</EVENT_MENTION>
<EVENT_MENTION m_id="38" factuality="" modality="" pred="" pos="" aspect="" certainty="" comment="" class="SPACE-MOVEMENT" tense="" polarity=""  >
<token_anchor t_id="420"/>
<token_anchor t_id="421"/>
</EVENT_MENTION>
<EVENT_MENTION m_id="70" factuality="" modality="" pred="" pos="" aspect="" certainty="" comment="" class="GENERAL" tense="" polarity=""  >
<token_anchor t_id="730"/>
</EVENT_MENTION>
<EVENT_MENTION m_id="6" factuality="" modality="" pred="" pos="" aspect="" certainty="" comment="" class="SPACE-MOVEMENT" tense="" polarity=""  >
<token_anchor t_id="58"/>
<token_anchor t_id="61"/>
</EVENT_MENTION>
<EVENT_MENTION m_id="102" factuality="" modality="" pred="" pos="" aspect="" certainty="" comment="" class="PHYSICAL SENSATIONS" tense="" polarity=""  >
<token_anchor t_id="915"/>
</EVENT_MENTION>
<EVENT_MENTION m_id="39" factuality="" modality="" pred="" pos="" aspect="" certainty="" comment="" class="TIME" tense="" polarity=""  >
<token_anchor t_id="453"/>
<token_anchor t_id="454"/>
<token_anchor t_id="455"/>
<token_anchor t_id="456"/>
<token_anchor t_id="457"/>
</EVENT_MENTION>
<EVENT_MENTION m_id="71" factuality="" modality="" pred="" pos="" aspect="" certainty="" comment="" class="PHYSICAL SENSATIONS" tense="" polarity=""  >
<token_anchor t_id="756"/>
</EVENT_MENTION>
<EVENT_MENTION m_id="7" factuality="" modality="" pred="" pos="" aspect="" certainty="" comment="" class="EXISTENCE-CAUSATION" tense="" polarity=""  >
<token_anchor t_id="89"/>
</EVENT_MENTION>
<EVENT_MENTION m_id="103" factuality="" modality="" pred="" pos="" aspect="" certainty="" comment="" class="SOCIAL" tense="" polarity=""  >
<token_anchor t_id="922"/>
</EVENT_MENTION>
<EVENT_MENTION m_id="104" factuality="" modality="" pred="" pos="" aspect="" certainty="" comment="" class="GENERAL" tense="" polarity=""  >
<token_anchor t_id="926"/>
</EVENT_MENTION>
<EVENT_MENTION m_id="40" factuality="" modality="" pred="" pos="" aspect="" certainty="" comment="" class="MATTER" tense="" polarity=""  >
<token_anchor t_id="433"/>
<token_anchor t_id="434"/>
<token_anchor t_id="435"/>
</EVENT_MENTION>
<EVENT_MENTION m_id="72" factuality="" modality="" pred="" pos="" aspect="" certainty="" comment="" class="MENTAL" tense="" polarity=""  >
<token_anchor t_id="758"/>
</EVENT_MENTION>
<EVENT_MENTION m_id="8" factuality="" modality="" pred="" pos="" aspect="" certainty="" comment="" class="ENTERTAINMENT-ART" tense="" polarity=""  >
<token_anchor t_id="107"/>
</EVENT_MENTION>
<EVENT_MENTION m_id="105" factuality="" modality="" pred="" pos="" aspect="" certainty="" comment="" class="GENERAL" tense="" polarity=""  >
<token_anchor t_id="936"/>
</EVENT_MENTION>
<EVENT_MENTION m_id="41" factuality="" modality="" pred="" pos="" aspect="" certainty="" comment="" class="GENERAL" tense="" polarity=""  >
<token_anchor t_id="443"/>
</EVENT_MENTION>
<EVENT_MENTION m_id="73" factuality="" modality="" pred="" pos="" aspect="" certainty="" comment="" class="COMMUNICATION" tense="" polarity=""  >
<token_anchor t_id="760"/>
</EVENT_MENTION>
<EVENT_MENTION m_id="9" factuality="" modality="" pred="" pos="" aspect="" certainty="" comment="" class="SPACE-MOVEMENT" tense="" polarity=""  >
<token_anchor t_id="110"/>
</EVENT_MENTION>
<EVENT_MENTION m_id="106" factuality="" modality="" pred="" pos="" aspect="" certainty="" comment="" class="GENERAL" tense="" polarity=""  >
<token_anchor t_id="940"/>
</EVENT_MENTION>
<EVENT_MENTION m_id="42" factuality="" modality="" pred="" pos="" aspect="" certainty="" comment="" class="POSSESSION" tense="" polarity=""  >
<token_anchor t_id="474"/>
</EVENT_MENTION>
<EVENT_MENTION m_id="74" factuality="" modality="" pred="" pos="" aspect="" certainty="" comment="" class="COMMUNICATION" tense="" polarity=""  >
<token_anchor t_id="766"/>
</EVENT_MENTION>
<EVENT_MENTION m_id="10" factuality="" modality="" pred="" pos="" aspect="" certainty="" comment="" class="EXISTENCE-CAUSATION" tense="" polarity=""  >
<token_anchor t_id="120"/>
</EVENT_MENTION>
<EVENT_MENTION m_id="107" factuality="" modality="" pred="" pos="" aspect="" certainty="" comment="" class="GENERAL" tense="" polarity=""  >
<token_anchor t_id="945"/>
</EVENT_MENTION>
<EVENT_MENTION m_id="43" factuality="" modality="" pred="" pos="" aspect="" certainty="" comment="" class="CLOTHES" tense="" polarity=""  >
<token_anchor t_id="491"/>
</EVENT_MENTION>
<EVENT_MENTION m_id="75" factuality="" modality="" pred="" pos="" aspect="" certainty="" comment="" class="SPACE-MOVEMENT" tense="" polarity=""  >
<token_anchor t_id="769"/>
</EVENT_MENTION>
<EVENT_MENTION m_id="11" factuality="" modality="" pred="" pos="" aspect="" certainty="" comment="" class="SPACE-MOVEMENT" tense="" polarity=""  >
<token_anchor t_id="134"/>
</EVENT_MENTION>
<EVENT_MENTION m_id="108" factuality="" modality="" pred="" pos="" aspect="" certainty="" comment="" class="COMMUNICATION" tense="" polarity=""  >
<token_anchor t_id="948"/>
</EVENT_MENTION>
<EVENT_MENTION m_id="44" factuality="" modality="" pred="" pos="" aspect="" certainty="" comment="" class="EMOTIONS-EVALUATIONS" tense="" polarity=""  >
<token_anchor t_id="514"/>
<token_anchor t_id="515"/>
<token_anchor t_id="516"/>
<token_anchor t_id="517"/>
<token_anchor t_id="518"/>
<token_anchor t_id="519"/>
</EVENT_MENTION>
<EVENT_MENTION m_id="76" factuality="" modality="" pred="" pos="" aspect="" certainty="" comment="" class="AUTHORITY-LAW" tense="" polarity=""  >
<token_anchor t_id="773"/>
</EVENT_MENTION>
<EVENT_MENTION m_id="12" factuality="" modality="" pred="" pos="" aspect="" certainty="" comment="" class="EXISTENCE-CAUSATION" tense="" polarity=""  >
<token_anchor t_id="158"/>
</EVENT_MENTION>
<EVENT_MENTION m_id="109" factuality="" modality="" pred="" pos="" aspect="" certainty="" comment="" class="EXISTENCE-CAUSATION" tense="" polarity=""  >
<token_anchor t_id="958"/>
</EVENT_MENTION>
<EVENT_MENTION m_id="45" factuality="" modality="" pred="" pos="" aspect="" certainty="" comment="" class="POSSESSION" tense="" polarity=""  >
<token_anchor t_id="524"/>
</EVENT_MENTION>
<EVENT_MENTION m_id="77" factuality="" modality="" pred="" pos="" aspect="" certainty="" comment="" class="EXISTENCE-CAUSATION" tense="" polarity=""  >
<token_anchor t_id="778"/>
</EVENT_MENTION>
<EVENT_MENTION m_id="13" factuality="" modality="" pred="" pos="" aspect="" certainty="" comment="" class="COMMUNICATION" tense="" polarity=""  >
<token_anchor t_id="195"/>
</EVENT_MENTION>
<EVENT_MENTION m_id="110" factuality="" modality="" pred="" pos="" aspect="" certainty="" comment="" class="COMMUNICATION" tense="" polarity=""  >
<token_anchor t_id="966"/>
</EVENT_MENTION>
<EVENT_MENTION m_id="46" factuality="" modality="" pred="" pos="" aspect="" certainty="" comment="" class="SPACE-MOVEMENT" tense="" polarity=""  >
<token_anchor t_id="531"/>
</EVENT_MENTION>
<EVENT_MENTION m_id="78" factuality="" modality="" pred="" pos="" aspect="" certainty="" comment="" class="SPACE-MOVEMENT" tense="" polarity=""  >
<token_anchor t_id="784"/>
</EVENT_MENTION>
<EVENT_MENTION m_id="14" factuality="" modality="" pred="" pos="" aspect="" certainty="" comment="" class="SOCIAL" tense="" polarity=""  >
<token_anchor t_id="200"/>
<token_anchor t_id="202"/>
<token_anchor t_id="203"/>
<token_anchor t_id="204"/>
<token_anchor t_id="205"/>
</EVENT_MENTION>
<EVENT_MENTION m_id="111" factuality="" modality="" pred="" pos="" aspect="" certainty="" comment="" class="EXISTENCE-CAUSATION" tense="" polarity=""  >
<token_anchor t_id="973"/>
</EVENT_MENTION>
<EVENT_MENTION m_id="47" factuality="" modality="" pred="" pos="" aspect="" certainty="" comment="" class="COMMUNICATION" tense="" polarity=""  >
<token_anchor t_id="538"/>
</EVENT_MENTION>
<EVENT_MENTION m_id="79" factuality="" modality="" pred="" pos="" aspect="" certainty="" comment="" class="SPACE-MOVEMENT" tense="" polarity=""  >
<token_anchor t_id="787"/>
<token_anchor t_id="788"/>
<token_anchor t_id="789"/>
</EVENT_MENTION>
<EVENT_MENTION m_id="15" factuality="" modality="" pred="" pos="" aspect="" certainty="" comment="" class="MENTAL" tense="" polarity=""  >
<token_anchor t_id="191"/>
</EVENT_MENTION>
<EVENT_MENTION m_id="112" factuality="" modality="" pred="" pos="" aspect="" certainty="" comment="" class="SPACE-MOVEMENT" tense="" polarity=""  >
<token_anchor t_id="978"/>
<token_anchor t_id="979"/>
</EVENT_MENTION>
<EVENT_MENTION m_id="48" factuality="" modality="" pred="" pos="" aspect="" certainty="" comment="" class="PHYSICAL SENSATIONS" tense="" polarity=""  >
<token_anchor t_id="544"/>
</EVENT_MENTION>
<EVENT_MENTION m_id="80" factuality="" modality="" pred="" pos="" aspect="" certainty="" comment="" class="PHYSICAL SENSATIONS" tense="" polarity=""  >
<token_anchor t_id="791"/>
</EVENT_MENTION>
<EVENT_MENTION m_id="16" factuality="" modality="" pred="" pos="" aspect="" certainty="" comment="" class="SPACE-MOVEMENT" tense="" polarity=""  >
<token_anchor t_id="225"/>
<token_anchor t_id="226"/>
<token_anchor t_id="227"/>
<token_anchor t_id="228"/>
<token_anchor t_id="229"/>
<token_anchor t_id="230"/>
<token_anchor t_id="231"/>
</EVENT_MENTION>
<EVENT_MENTION m_id="113" factuality="" modality="" pred="" pos="" aspect="" certainty="" comment="" class="SPACE-MOVEMENT" tense="" polarity=""  >
<token_anchor t_id="991"/>
</EVENT_MENTION>
<EVENT_MENTION m_id="49" factuality="" modality="" pred="" pos="" aspect="" certainty="" comment="" class="MENTAL" tense="" polarity=""  >
<token_anchor t_id="550"/>
<token_anchor t_id="551"/>
</EVENT_MENTION>
<EVENT_MENTION m_id="81" factuality="" modality="" pred="" pos="" aspect="" certainty="" comment="" class="SPACE-MOVEMENT" tense="" polarity=""  >
<token_anchor t_id="796"/>
</EVENT_MENTION>
<EVENT_MENTION m_id="17" factuality="" modality="" pred="" pos="" aspect="" certainty="" comment="" class="POSSESSION" tense="" polarity=""  >
<token_anchor t_id="245"/>
</EVENT_MENTION>
<EVENT_MENTION m_id="114" factuality="" modality="" pred="" pos="" aspect="" certainty="" comment="" class="EXISTENCE-CAUSATION" tense="" polarity=""  >
<token_anchor t_id="634"/>
</EVENT_MENTION>
<EVENT_MENTION m_id="50" factuality="" modality="" pred="" pos="" aspect="" certainty="" comment="" class="EXISTENCE-CAUSATION" tense="" polarity=""  >
<token_anchor t_id="556"/>
</EVENT_MENTION>
<EVENT_MENTION m_id="82" factuality="" modality="" pred="" pos="" aspect="" certainty="" comment="" class="POSSESSION" tense="" polarity=""  >
<token_anchor t_id="804"/>
</EVENT_MENTION>
<EVENT_MENTION m_id="18" factuality="" modality="" pred="" pos="" aspect="" certainty="" comment="" class="EMOTIONS-EVALUATIONS" tense="" polarity=""  >
<token_anchor t_id="236"/>
</EVENT_MENTION>
<EVENT_MENTION m_id="51" factuality="" modality="" pred="" pos="" aspect="" certainty="" comment="" class="POSSESSION" tense="" polarity=""  >
<token_anchor t_id="565"/>
</EVENT_MENTION>
<EVENT_MENTION m_id="83" factuality="" modality="" pred="" pos="" aspect="" certainty="" comment="" class="MENTAL" tense="" polarity=""  >
<token_anchor t_id="810"/>
</EVENT_MENTION>
<EVENT_MENTION m_id="19" factuality="" modality="" pred="" pos="" aspect="" certainty="" comment="" class="EMOTIONS-EVALUATIONS" tense="" polarity=""  >
<token_anchor t_id="257"/>
</EVENT_MENTION>
<EVENT_MENTION m_id="20" factuality="" modality="" pred="" pos="" aspect="" certainty="" comment="" class="SPACE-MOVEMENT" tense="" polarity=""  >
<token_anchor t_id="261"/>
</EVENT_MENTION>
<EVENT_MENTION m_id="52" factuality="" modality="" pred="" pos="" aspect="" certainty="" comment="" class="MATTER" tense="" polarity=""  >
<token_anchor t_id="576"/>
<token_anchor t_id="577"/>
<token_anchor t_id="578"/>
<token_anchor t_id="579"/>
<token_anchor t_id="580"/>
</EVENT_MENTION>
<EVENT_MENTION m_id="84" factuality="" modality="" pred="" pos="" aspect="" certainty="" comment="" class="SPACE-MOVEMENT" tense="" polarity=""  >
<token_anchor t_id="812"/>
</EVENT_MENTION>
<EVENT_MENTION m_id="21" factuality="" modality="" pred="" pos="" aspect="" certainty="" comment="" class="SPACE-MOVEMENT" tense="" polarity=""  >
<token_anchor t_id="270"/>
</EVENT_MENTION>
<EVENT_MENTION m_id="53" factuality="" modality="" pred="" pos="" aspect="" certainty="" comment="" class="CLOTHES" tense="" polarity=""  >
<token_anchor t_id="587"/>
</EVENT_MENTION>
<EVENT_MENTION m_id="85" factuality="" modality="" pred="" pos="" aspect="" certainty="" comment="" class="COMMUNICATION" tense="" polarity=""  >
<token_anchor t_id="818"/>
</EVENT_MENTION>
<EVENT_MENTION m_id="22" factuality="" modality="" pred="" pos="" aspect="" certainty="" comment="" class="COMMUNICATION" tense="" polarity=""  >
<token_anchor t_id="276"/>
<token_anchor t_id="277"/>
</EVENT_MENTION>
<EVENT_MENTION m_id="54" factuality="" modality="" pred="" pos="" aspect="" certainty="" comment="" class="EMOTIONS-EVALUATIONS" tense="" polarity=""  >
<token_anchor t_id="591"/>
<token_anchor t_id="592"/>
<token_anchor t_id="593"/>
</EVENT_MENTION>
<EVENT_MENTION m_id="86" factuality="" modality="" pred="" pos="" aspect="" certainty="" comment="" class="MENTAL" tense="" polarity=""  >
<token_anchor t_id="820"/>
<token_anchor t_id="827"/>
<token_anchor t_id="828"/>
</EVENT_MENTION>
<EVENT_MENTION m_id="23" factuality="" modality="" pred="" pos="" aspect="" certainty="" comment="" class="MENTAL" tense="" polarity=""  >
<token_anchor t_id="283"/>
</EVENT_MENTION>
<EVENT_MENTION m_id="55" factuality="" modality="" pred="" pos="" aspect="" certainty="" comment="" class="GENERAL" tense="" polarity=""  >
<token_anchor t_id="599"/>
</EVENT_MENTION>
<EVENT_MENTION m_id="87" factuality="" modality="" pred="" pos="" aspect="" certainty="" comment="" class="MENTAL" tense="" polarity=""  >
<token_anchor t_id="830"/>
</EVENT_MENTION>
<EVENT_MENTION m_id="24" factuality="" modality="" pred="" pos="" aspect="" certainty="" comment="" class="PHYSICAL SENSATIONS" tense="" polarity=""  >
<token_anchor t_id="285"/>
<token_anchor t_id="286"/>
<token_anchor t_id="287"/>
</EVENT_MENTION>
<EVENT_MENTION m_id="56" factuality="" modality="" pred="" pos="" aspect="" certainty="" comment="" class="EMOTIONS-EVALUATIONS" tense="" polarity=""  >
<token_anchor t_id="605"/>
<token_anchor t_id="606"/>
<token_anchor t_id="607"/>
<token_anchor t_id="608"/>
<token_anchor t_id="609"/>
</EVENT_MENTION>
<EVENT_MENTION m_id="88" factuality="" modality="" pred="" pos="" aspect="" certainty="" comment="" class="TIME" tense="" polarity=""  >
<token_anchor t_id="832"/>
</EVENT_MENTION>
<EVENT_MENTION m_id="25" factuality="" modality="" pred="" pos="" aspect="" certainty="" comment="" class="EXISTENCE-CAUSATION" tense="" polarity=""  >
<token_anchor t_id="301"/>
</EVENT_MENTION>
<EVENT_MENTION m_id="57" factuality="" modality="" pred="" pos="" aspect="" certainty="" comment="" class="POSSESSION" tense="" polarity=""  >
<token_anchor t_id="612"/>
</EVENT_MENTION>
<EVENT_MENTION m_id="89" factuality="" modality="" pred="" pos="" aspect="" certainty="" comment="" class="COMMUNICATION" tense="" polarity=""  >
<token_anchor t_id="840"/>
<token_anchor t_id="841"/>
<token_anchor t_id="842"/>
</EVENT_MENTION>
<EVENT_MENTION m_id="26" factuality="" modality="" pred="" pos="" aspect="" certainty="" comment="" class="MENTAL" tense="" polarity=""  >
<token_anchor t_id="314"/>
</EVENT_MENTION>
<EVENT_MENTION m_id="58" factuality="" modality="" pred="" pos="" aspect="" certainty="" comment="" class="CLOTHES" tense="" polarity=""  >
<token_anchor t_id="625"/>
<token_anchor t_id="626"/>
</EVENT_MENTION>
<EVENT_MENTION m_id="90" factuality="" modality="" pred="" pos="" aspect="" certainty="" comment="" class="COMMUNICATION" tense="" polarity=""  >
<token_anchor t_id="850"/>
</EVENT_MENTION>
<EVENT_MENTION m_id="27" factuality="" modality="" pred="" pos="" aspect="" certainty="" comment="" class="MENTAL" tense="" polarity=""  >
<token_anchor t_id="316"/>
<token_anchor t_id="318"/>
</EVENT_MENTION>
<EVENT_MENTION m_id="59" factuality="" modality="" pred="" pos="" aspect="" certainty="" comment="" class="SPACE-MOVEMENT" tense="" polarity=""  >
<token_anchor t_id="635"/>
</EVENT_MENTION>
<EVENT_MENTION m_id="91" factuality="" modality="" pred="" pos="" aspect="" certainty="" comment="" class="MENTAL" tense="" polarity=""  >
<token_anchor t_id="857"/>
</EVENT_MENTION>
<EVENT_MENTION m_id="28" factuality="" modality="" pred="" pos="" aspect="" certainty="" comment="" class="SPACE-MOVEMENT" tense="" polarity=""  >
<token_anchor t_id="329"/>
</EVENT_MENTION>
<EVENT_MENTION m_id="60" factuality="" modality="" pred="" pos="" aspect="" certainty="" comment="" class="MATTER" tense="" polarity=""  >
<token_anchor t_id="646"/>
</EVENT_MENTION>
<EVENT_MENTION m_id="92" factuality="" modality="" pred="" pos="" aspect="" certainty="" comment="" class="GENERAL" tense="" polarity=""  >
<token_anchor t_id="868"/>
</EVENT_MENTION>
<EVENT_MENTION m_id="29" factuality="" modality="" pred="" pos="" aspect="" certainty="" comment="" class="SOCIAL" tense="" polarity=""  >
<token_anchor t_id="337"/>
</EVENT_MENTION>
<EVENT_MENTION m_id="61" factuality="" modality="" pred="" pos="" aspect="" certainty="" comment="" class="CLOTHES" tense="" polarity=""  >
<token_anchor t_id="650"/>
</EVENT_MENTION>
<EVENT_MENTION m_id="93" factuality="" modality="" pred="" pos="" aspect="" certainty="" comment="" class="POSSESSION" tense="" polarity=""  >
<token_anchor t_id="879"/>
</EVENT_MENTION>
<EVENT_MENTION m_id="30" factuality="" modality="" pred="" pos="" aspect="" certainty="" comment="" class="COMMUNICATION" tense="" polarity=""  >
<token_anchor t_id="339"/>
</EVENT_MENTION>
<EVENT_MENTION m_id="62" factuality="" modality="" pred="" pos="" aspect="" certainty="" comment="" class="SPACE-MOVEMENT" tense="" polarity=""  >
<token_anchor t_id="658"/>
<token_anchor t_id="659"/>
</EVENT_MENTION>
<EVENT_MENTION m_id="94" factuality="" modality="" pred="" pos="" aspect="" certainty="" comment="" class="COMMUNICATION" tense="" polarity=""  >
<token_anchor t_id="861"/>
</EVENT_MENTION>
<EVENT_MENTION m_id="31" factuality="" modality="" pred="" pos="" aspect="" certainty="" comment="" class="TIME" tense="" polarity=""  >
<token_anchor t_id="350"/>
</EVENT_MENTION>
<EVENT_MENTION m_id="63" factuality="" modality="" pred="" pos="" aspect="" certainty="" comment="" class="SPACE-MOVEMENT" tense="" polarity=""  >
<token_anchor t_id="672"/>
</EVENT_MENTION>
<EVENT_MENTION m_id="95" factuality="" modality="" pred="" pos="" aspect="" certainty="" comment="" class="MENTAL" tense="" polarity=""  >
<token_anchor t_id="682"/>
</EVENT_MENTION>
<EVENT_MENTION m_id="32" factuality="" modality="" pred="" pos="" aspect="" certainty="" comment="" class="POSSESSION" tense="" polarity=""  >
<token_anchor t_id="361"/>
</EVENT_MENTION>
<EVENT_MENTION m_id="64" factuality="" modality="" pred="" pos="" aspect="" certainty="" comment="" class="PHYSICAL SENSATIONS" tense="" polarity=""  >
<token_anchor t_id="679"/>
</EVENT_MENTION>
<EVENT_MENTION m_id="96" factuality="" modality="" pred="" pos="" aspect="" certainty="" comment="" class="MENTAL" tense="" polarity=""  >
<token_anchor t_id="852"/>
</EVENT_MENTION>


</Markables>

<Relations>
</Relations>
</Document>
