<Document doc_name="Edmonton_Bulletin_account_of_public_meeting.txt">
<token t_id="1" sentence="0" number="0">December</token>
<token t_id="2" sentence="0" number="1">27</token>
<token t_id="3" sentence="0" number="2">,</token>
<token t_id="4" sentence="0" number="3">1892</token>
<token t_id="5" sentence="1" number="4">Edmonton</token>
<token t_id="6" sentence="1" number="5">Bulletin</token>
<token t_id="7" sentence="1" number="6">account</token>
<token t_id="8" sentence="1" number="7">of</token>
<token t_id="9" sentence="1" number="8">public</token>
<token t_id="10" sentence="1" number="9">meeting</token>
<token t_id="11" sentence="1" number="10">held</token>
<token t_id="12" sentence="1" number="11">during</token>
<token t_id="13" sentence="1" number="12">the</token>
<token t_id="14" sentence="1" number="13">1893</token>
<token t_id="15" sentence="1" number="14">Edmonton</token>
<token t_id="16" sentence="1" number="15">municipal</token>
<token t_id="17" sentence="1" number="16">election</token>
<token t_id="18" sentence="2" number="17">Mayor</token>
<token t_id="19" sentence="2" number="18">McCauley</token>
<token t_id="20" sentence="2" number="19">presided</token>
<token t_id="21" sentence="2" number="20">,</token>
<token t_id="22" sentence="2" number="21">and</token>
<token t_id="23" sentence="2" number="22">stated</token>
<token t_id="24" sentence="2" number="23">that</token>
<token t_id="25" sentence="2" number="24">the</token>
<token t_id="26" sentence="2" number="25">object</token>
<token t_id="27" sentence="2" number="26">of</token>
<token t_id="28" sentence="2" number="27">the</token>
<token t_id="29" sentence="2" number="28">meeting</token>
<token t_id="30" sentence="2" number="29">was</token>
<token t_id="31" sentence="2" number="30">for</token>
<token t_id="32" sentence="2" number="31">the</token>
<token t_id="33" sentence="2" number="32">ratepayers</token>
<token t_id="34" sentence="2" number="33">to</token>
<token t_id="35" sentence="2" number="34">express</token>
<token t_id="36" sentence="2" number="35">their</token>
<token t_id="37" sentence="2" number="36">grievances</token>
<token t_id="38" sentence="2" number="37">if</token>
<token t_id="39" sentence="2" number="38">they</token>
<token t_id="40" sentence="2" number="39">were</token>
<token t_id="41" sentence="2" number="40">dissatisfied</token>
<token t_id="42" sentence="2" number="41">with</token>
<token t_id="43" sentence="2" number="42">the</token>
<token t_id="44" sentence="2" number="43">actions</token>
<token t_id="45" sentence="2" number="44">of</token>
<token t_id="46" sentence="2" number="45">the</token>
<token t_id="47" sentence="2" number="46">old</token>
<token t_id="48" sentence="2" number="47">council</token>
<token t_id="49" sentence="2" number="48">.</token>
<token t_id="50" sentence="3" number="49">He</token>
<token t_id="51" sentence="3" number="50">viewed</token>
<token t_id="52" sentence="3" number="51">several</token>
<token t_id="53" sentence="3" number="52">transactions</token>
<token t_id="54" sentence="3" number="53">of</token>
<token t_id="55" sentence="3" number="54">the</token>
<token t_id="56" sentence="3" number="55">council</token>
<token t_id="57" sentence="3" number="56">during</token>
<token t_id="58" sentence="3" number="57">the</token>
<token t_id="59" sentence="3" number="58">past</token>
<token t_id="60" sentence="3" number="59">year</token>
<token t_id="61" sentence="3" number="60">,</token>
<token t_id="62" sentence="3" number="61">and</token>
<token t_id="63" sentence="3" number="62">when</token>
<token t_id="64" sentence="3" number="63">questioned</token>
<token t_id="65" sentence="3" number="64">about</token>
<token t_id="66" sentence="3" number="65">the</token>
<token t_id="67" sentence="3" number="66">ditch</token>
<token t_id="68" sentence="3" number="67">near</token>
<token t_id="69" sentence="3" number="68">the</token>
<token t_id="70" sentence="3" number="69">curling</token>
<token t_id="71" sentence="3" number="70">rink</token>
<token t_id="72" sentence="3" number="71">,</token>
<token t_id="73" sentence="3" number="72">he</token>
<token t_id="74" sentence="3" number="73">stated</token>
<token t_id="75" sentence="3" number="74">the</token>
<token t_id="76" sentence="3" number="75">object</token>
<token t_id="77" sentence="3" number="76">of</token>
<token t_id="78" sentence="3" number="77">the</token>
<token t_id="79" sentence="3" number="78">same</token>
<token t_id="80" sentence="3" number="79">,</token>
<token t_id="81" sentence="3" number="80">but</token>
<token t_id="82" sentence="3" number="81">did</token>
<token t_id="83" sentence="3" number="82">not</token>
<token t_id="84" sentence="3" number="83">know</token>
<token t_id="85" sentence="3" number="84">nor</token>
<token t_id="86" sentence="3" number="85">could</token>
<token t_id="87" sentence="3" number="86">not</token>
<token t_id="88" sentence="3" number="87">find</token>
<token t_id="89" sentence="3" number="88">out</token>
<token t_id="90" sentence="3" number="89">who</token>
<token t_id="91" sentence="3" number="90">gave</token>
<token t_id="92" sentence="3" number="91">the</token>
<token t_id="93" sentence="3" number="92">orders</token>
<token t_id="94" sentence="3" number="93">,</token>
<token t_id="95" sentence="3" number="94">but</token>
<token t_id="96" sentence="3" number="95">thought</token>
<token t_id="97" sentence="3" number="96">it</token>
<token t_id="98" sentence="3" number="97">was</token>
<token t_id="99" sentence="3" number="98">all</token>
<token t_id="100" sentence="3" number="99">right</token>
<token t_id="101" sentence="3" number="100">for</token>
<token t_id="102" sentence="3" number="101">him</token>
<token t_id="103" sentence="3" number="102">to</token>
<token t_id="104" sentence="3" number="103">sign</token>
<token t_id="105" sentence="3" number="104">the</token>
<token t_id="106" sentence="3" number="105">cheques</token>
<token t_id="107" sentence="3" number="106">for</token>
<token t_id="108" sentence="3" number="107">same</token>
<token t_id="109" sentence="3" number="108">.</token>
<token t_id="110" sentence="4" number="109">The</token>
<token t_id="111" sentence="4" number="110">bridge</token>
<token t_id="112" sentence="4" number="111">across</token>
<token t_id="113" sentence="4" number="112">the</token>
<token t_id="114" sentence="4" number="113">Rat</token>
<token t_id="115" sentence="4" number="114">creek</token>
<token t_id="116" sentence="4" number="115">was</token>
<token t_id="117" sentence="4" number="116">discussed</token>
<token t_id="118" sentence="4" number="117">to</token>
<token t_id="119" sentence="4" number="118">so</token>
<token t_id="120" sentence="4" number="119">some</token>
<token t_id="121" sentence="4" number="120">length</token>
<token t_id="122" sentence="4" number="121">,</token>
<token t_id="123" sentence="4" number="122">when</token>
<token t_id="124" sentence="4" number="123">he</token>
<token t_id="125" sentence="4" number="124">said</token>
<token t_id="126" sentence="4" number="125">that</token>
<token t_id="127" sentence="4" number="126">it</token>
<token t_id="128" sentence="4" number="127">was</token>
<token t_id="129" sentence="4" number="128">built</token>
<token t_id="130" sentence="4" number="129">and</token>
<token t_id="131" sentence="4" number="130">that</token>
<token t_id="132" sentence="4" number="131">he</token>
<token t_id="133" sentence="4" number="132">thought</token>
<token t_id="134" sentence="4" number="133">it</token>
<token t_id="135" sentence="4" number="134">was</token>
<token t_id="136" sentence="4" number="135">a</token>
<token t_id="137" sentence="4" number="136">good</token>
<token t_id="138" sentence="4" number="137">bridge</token>
<token t_id="139" sentence="4" number="138">,</token>
<token t_id="140" sentence="4" number="139">so</token>
<token t_id="141" sentence="4" number="140">he</token>
<token t_id="142" sentence="4" number="141">signed</token>
<token t_id="143" sentence="4" number="142">the</token>
<token t_id="144" sentence="4" number="143">cheques</token>
<token t_id="145" sentence="4" number="144">providing</token>
<token t_id="146" sentence="4" number="145">the</token>
<token t_id="147" sentence="4" number="146">work</token>
<token t_id="148" sentence="4" number="147">was</token>
<token t_id="149" sentence="4" number="148">stopped</token>
<token t_id="150" sentence="4" number="149">on</token>
<token t_id="151" sentence="4" number="150">the</token>
<token t_id="152" sentence="4" number="151">ditch</token>
<token t_id="153" sentence="4" number="152">.</token>
<token t_id="154" sentence="5" number="153">Jas</token>
<token t_id="155" sentence="5" number="154">.</token>
<token t_id="156" sentence="5" number="155">Goodridge</token>
<token t_id="157" sentence="5" number="156">was</token>
<token t_id="158" sentence="5" number="157">the</token>
<token t_id="159" sentence="5" number="158">next</token>
<token t_id="160" sentence="5" number="159">speaker</token>
<token t_id="161" sentence="5" number="160">,</token>
<token t_id="162" sentence="5" number="161">and</token>
<token t_id="163" sentence="5" number="162">said</token>
<token t_id="164" sentence="5" number="163">he</token>
<token t_id="165" sentence="5" number="164">did</token>
<token t_id="166" sentence="5" number="165">the</token>
<token t_id="167" sentence="5" number="166">very</token>
<token t_id="168" sentence="5" number="167">best</token>
<token t_id="169" sentence="5" number="168">he</token>
<token t_id="170" sentence="5" number="169">could</token>
<token t_id="171" sentence="5" number="170">and</token>
<token t_id="172" sentence="5" number="171">admitted</token>
<token t_id="173" sentence="5" number="172">that</token>
<token t_id="174" sentence="5" number="173">the</token>
<token t_id="175" sentence="5" number="174">council</token>
<token t_id="176" sentence="5" number="175">may</token>
<token t_id="177" sentence="5" number="176">have</token>
<token t_id="178" sentence="5" number="177">made</token>
<token t_id="179" sentence="5" number="178">mistakes</token>
<token t_id="180" sentence="5" number="179">,</token>
<token t_id="181" sentence="5" number="180">but</token>
<token t_id="182" sentence="5" number="181">no</token>
<token t_id="183" sentence="5" number="182">matter</token>
<token t_id="184" sentence="5" number="183">who</token>
<token t_id="185" sentence="5" number="184">that</token>
<token t_id="186" sentence="5" number="185">council</token>
<token t_id="187" sentence="5" number="186">was</token>
<token t_id="188" sentence="5" number="187">they</token>
<token t_id="189" sentence="5" number="188">would</token>
<token t_id="190" sentence="5" number="189">make</token>
<token t_id="191" sentence="5" number="190">more</token>
<token t_id="192" sentence="5" number="191">.</token>
<token t_id="193" sentence="6" number="192">J.</token>
<token t_id="194" sentence="6" number="193">A.</token>
<token t_id="195" sentence="6" number="194">McDougall</token>
<token t_id="196" sentence="6" number="195">was</token>
<token t_id="197" sentence="6" number="196">then</token>
<token t_id="198" sentence="6" number="197">called</token>
<token t_id="199" sentence="6" number="198">and</token>
<token t_id="200" sentence="6" number="199">explained</token>
<token t_id="201" sentence="6" number="200">about</token>
<token t_id="202" sentence="6" number="201">the</token>
<token t_id="203" sentence="6" number="202">trip</token>
<token t_id="204" sentence="6" number="203">of</token>
<token t_id="205" sentence="6" number="204">the</token>
<token t_id="206" sentence="6" number="205">delegates</token>
<token t_id="207" sentence="6" number="206">to</token>
<token t_id="208" sentence="6" number="207">Ottawa</token>
<token t_id="209" sentence="6" number="208">and</token>
<token t_id="210" sentence="6" number="209">what</token>
<token t_id="211" sentence="6" number="210">encouragements</token>
<token t_id="212" sentence="6" number="211">they</token>
<token t_id="213" sentence="6" number="212">got</token>
<token t_id="214" sentence="6" number="213">when</token>
<token t_id="215" sentence="6" number="214">they</token>
<token t_id="216" sentence="6" number="215">were</token>
<token t_id="217" sentence="6" number="216">in</token>
<token t_id="218" sentence="6" number="217">Ottawa</token>
<token t_id="219" sentence="6" number="218">.</token>
<token t_id="220" sentence="7" number="219">Mr.</token>
<token t_id="221" sentence="7" number="220">McDougall</token>
<token t_id="222" sentence="7" number="221">then</token>
<token t_id="223" sentence="7" number="222">viewed</token>
<token t_id="224" sentence="7" number="223">the</token>
<token t_id="225" sentence="7" number="224">council</token>
<token t_id="226" sentence="7" number="225">and</token>
<token t_id="227" sentence="7" number="226">their</token>
<token t_id="228" sentence="7" number="227">actions</token>
<token t_id="229" sentence="7" number="228">of</token>
<token t_id="230" sentence="7" number="229">the</token>
<token t_id="231" sentence="7" number="230">past</token>
<token t_id="232" sentence="7" number="231">year</token>
<token t_id="233" sentence="7" number="232">,</token>
<token t_id="234" sentence="7" number="233">while</token>
<token t_id="235" sentence="7" number="234">praising</token>
<token t_id="236" sentence="7" number="235">some</token>
<token t_id="237" sentence="7" number="236">he</token>
<token t_id="238" sentence="7" number="237">thought</token>
<token t_id="239" sentence="7" number="238">they</token>
<token t_id="240" sentence="7" number="239">did</token>
<token t_id="241" sentence="7" number="240">a</token>
<token t_id="242" sentence="7" number="241">good</token>
<token t_id="243" sentence="7" number="242">many</token>
<token t_id="244" sentence="7" number="243">foolish</token>
<token t_id="245" sentence="7" number="244">things</token>
<token t_id="246" sentence="7" number="245">.</token>
<token t_id="247" sentence="8" number="246">Mr.</token>
<token t_id="248" sentence="8" number="247">McDougall</token>
<token t_id="249" sentence="8" number="248">said</token>
<token t_id="250" sentence="8" number="249">,</token>
<token t_id="251" sentence="8" number="250">if</token>
<token t_id="252" sentence="8" number="251">elected</token>
<token t_id="253" sentence="8" number="252">,</token>
<token t_id="254" sentence="8" number="253">he</token>
<token t_id="255" sentence="8" number="254">would</token>
<token t_id="256" sentence="8" number="255">do</token>
<token t_id="257" sentence="8" number="256">all</token>
<token t_id="258" sentence="8" number="257">in</token>
<token t_id="259" sentence="8" number="258">his</token>
<token t_id="260" sentence="8" number="259">power</token>
<token t_id="261" sentence="8" number="260">to</token>
<token t_id="262" sentence="8" number="261">secure</token>
<token t_id="263" sentence="8" number="262">a</token>
<token t_id="264" sentence="8" number="263">traffic</token>
<token t_id="265" sentence="8" number="264">bridge</token>
<token t_id="266" sentence="8" number="265">across</token>
<token t_id="267" sentence="8" number="266">the</token>
<token t_id="268" sentence="8" number="267">Saskatchewan</token>
<token t_id="269" sentence="8" number="268">,</token>
<token t_id="270" sentence="8" number="269">if</token>
<token t_id="271" sentence="8" number="270">the</token>
<token t_id="272" sentence="8" number="271">town</token>
<token t_id="273" sentence="8" number="272">had</token>
<token t_id="274" sentence="8" number="273">to</token>
<token t_id="275" sentence="8" number="274">pay</token>
<token t_id="276" sentence="8" number="275">a</token>
<token t_id="277" sentence="8" number="276">half</token>
<token t_id="278" sentence="8" number="277">or</token>
<token t_id="279" sentence="8" number="278">more</token>
<token t_id="280" sentence="8" number="279">.</token>
<token t_id="281" sentence="9" number="280">He</token>
<token t_id="282" sentence="9" number="281">would</token>
<token t_id="283" sentence="9" number="282">try</token>
<token t_id="284" sentence="9" number="283">to</token>
<token t_id="285" sentence="9" number="284">have</token>
<token t_id="286" sentence="9" number="285">the</token>
<token t_id="287" sentence="9" number="286">best</token>
<token t_id="288" sentence="9" number="287">system</token>
<token t_id="289" sentence="9" number="288">of</token>
<token t_id="290" sentence="9" number="289">waterworks</token>
<token t_id="291" sentence="9" number="290">that</token>
<token t_id="292" sentence="9" number="291">could</token>
<token t_id="293" sentence="9" number="292">be</token>
<token t_id="294" sentence="9" number="293">had</token>
<token t_id="295" sentence="9" number="294">,</token>
<token t_id="296" sentence="9" number="295">and</token>
<token t_id="297" sentence="9" number="296">what</token>
<token t_id="298" sentence="9" number="297">was</token>
<token t_id="299" sentence="9" number="298">a</token>
<token t_id="300" sentence="9" number="299">benefit</token>
<token t_id="301" sentence="9" number="300">to</token>
<token t_id="302" sentence="9" number="301">the</token>
<token t_id="303" sentence="9" number="302">town</token>
<token t_id="304" sentence="9" number="303">would</token>
<token t_id="305" sentence="9" number="304">be</token>
<token t_id="306" sentence="9" number="305">his</token>
<token t_id="307" sentence="9" number="306">first</token>
<token t_id="308" sentence="9" number="307">and</token>
<token t_id="309" sentence="9" number="308">last</token>
<token t_id="310" sentence="9" number="309">demand</token>
<token t_id="311" sentence="9" number="310">,</token>
<token t_id="312" sentence="9" number="311">if</token>
<token t_id="313" sentence="9" number="312">elected</token>
<token t_id="314" sentence="9" number="313">.</token>
<token t_id="315" sentence="10" number="314">C.</token>
<token t_id="316" sentence="10" number="315">Gallagher</token>
<token t_id="317" sentence="10" number="316">was</token>
<token t_id="318" sentence="10" number="317">called</token>
<token t_id="319" sentence="10" number="318">upon</token>
<token t_id="320" sentence="10" number="319">and</token>
<token t_id="321" sentence="10" number="320">said</token>
<token t_id="322" sentence="10" number="321">he</token>
<token t_id="323" sentence="10" number="322">was</token>
<token t_id="324" sentence="10" number="323">not</token>
<token t_id="325" sentence="10" number="324">a</token>
<token t_id="326" sentence="10" number="325">public</token>
<token t_id="327" sentence="10" number="326">speaker</token>
<token t_id="328" sentence="10" number="327">,</token>
<token t_id="329" sentence="10" number="328">but</token>
<token t_id="330" sentence="10" number="329">ask</token>
<token t_id="331" sentence="10" number="330">the</token>
<token t_id="332" sentence="10" number="331">vote</token>
<token t_id="333" sentence="10" number="332">and</token>
<token t_id="334" sentence="10" number="333">influence</token>
<token t_id="335" sentence="10" number="334">of</token>
<token t_id="336" sentence="10" number="335">the</token>
<token t_id="337" sentence="10" number="336">ratepayers</token>
<token t_id="338" sentence="10" number="337">,</token>
<token t_id="339" sentence="10" number="338">and</token>
<token t_id="340" sentence="10" number="339">,</token>
<token t_id="341" sentence="10" number="340">if</token>
<token t_id="342" sentence="10" number="341">elected</token>
<token t_id="343" sentence="10" number="342">,</token>
<token t_id="344" sentence="10" number="343">would</token>
<token t_id="345" sentence="10" number="344">do</token>
<token t_id="346" sentence="10" number="345">the</token>
<token t_id="347" sentence="10" number="346">very</token>
<token t_id="348" sentence="10" number="347">best</token>
<token t_id="349" sentence="10" number="348">he</token>
<token t_id="350" sentence="10" number="349">could</token>
<token t_id="351" sentence="10" number="350">for</token>
<token t_id="352" sentence="10" number="351">the</token>
<token t_id="353" sentence="10" number="352">town</token>
<token t_id="354" sentence="10" number="353">.</token>
<token t_id="355" sentence="11" number="354">K.</token>
<token t_id="356" sentence="11" number="355">A.</token>
<token t_id="357" sentence="11" number="356">McLeod</token>
<token t_id="358" sentence="11" number="357">was</token>
<token t_id="359" sentence="11" number="358">called</token>
<token t_id="360" sentence="11" number="359">upon</token>
<token t_id="361" sentence="11" number="360">and</token>
<token t_id="362" sentence="11" number="361">said</token>
<token t_id="363" sentence="11" number="362">that</token>
<token t_id="364" sentence="11" number="363">he</token>
<token t_id="365" sentence="11" number="364">was</token>
<token t_id="366" sentence="11" number="365">not</token>
<token t_id="367" sentence="11" number="366">a</token>
<token t_id="368" sentence="11" number="367">public</token>
<token t_id="369" sentence="11" number="368">speaker</token>
<token t_id="370" sentence="11" number="369">,</token>
<token t_id="371" sentence="11" number="370">but</token>
<token t_id="372" sentence="11" number="371">that</token>
<token t_id="373" sentence="11" number="372">he</token>
<token t_id="374" sentence="11" number="373">was</token>
<token t_id="375" sentence="11" number="374">an</token>
<token t_id="376" sentence="11" number="375">old</token>
<token t_id="377" sentence="11" number="376">timer</token>
<token t_id="378" sentence="11" number="377">,</token>
<token t_id="379" sentence="11" number="378">his</token>
<token t_id="380" sentence="11" number="379">all</token>
<token t_id="381" sentence="11" number="380">was</token>
<token t_id="382" sentence="11" number="381">here</token>
<token t_id="383" sentence="11" number="382">,</token>
<token t_id="384" sentence="11" number="383">he</token>
<token t_id="385" sentence="11" number="384">came</token>
<token t_id="386" sentence="11" number="385">to</token>
<token t_id="387" sentence="11" number="386">stay</token>
<token t_id="388" sentence="11" number="387">,</token>
<token t_id="389" sentence="11" number="388">and</token>
<token t_id="390" sentence="11" number="389">that</token>
<token t_id="391" sentence="11" number="390">he</token>
<token t_id="392" sentence="11" number="391">was</token>
<token t_id="393" sentence="11" number="392">going</token>
<token t_id="394" sentence="11" number="393">to</token>
<token t_id="395" sentence="11" number="394">stay</token>
<token t_id="396" sentence="11" number="395">.</token>
<token t_id="397" sentence="12" number="396">His</token>
<token t_id="398" sentence="12" number="397">intentions</token>
<token t_id="399" sentence="12" number="398">were</token>
<token t_id="400" sentence="12" number="399">favorable</token>
<token t_id="401" sentence="12" number="400">to</token>
<token t_id="402" sentence="12" number="401">Mr.</token>
<token t_id="403" sentence="12" number="402">McDougall</token>
<token t_id="404" sentence="12" number="403">'s</token>
<token t_id="405" sentence="12" number="404">in</token>
<token t_id="406" sentence="12" number="405">regard</token>
<token t_id="407" sentence="12" number="406">to</token>
<token t_id="408" sentence="12" number="407">the</token>
<token t_id="409" sentence="12" number="408">bridge</token>
<token t_id="410" sentence="12" number="409">,</token>
<token t_id="411" sentence="12" number="410">and</token>
<token t_id="412" sentence="12" number="411">,</token>
<token t_id="413" sentence="12" number="412">if</token>
<token t_id="414" sentence="12" number="413">elected</token>
<token t_id="415" sentence="12" number="414">,</token>
<token t_id="416" sentence="12" number="415">would</token>
<token t_id="417" sentence="12" number="416">serve</token>
<token t_id="418" sentence="12" number="417">to</token>
<token t_id="419" sentence="12" number="418">the</token>
<token t_id="420" sentence="12" number="419">very</token>
<token t_id="421" sentence="12" number="420">best</token>
<token t_id="422" sentence="12" number="421">interests</token>
<token t_id="423" sentence="12" number="422">of</token>
<token t_id="424" sentence="12" number="423">the</token>
<token t_id="425" sentence="12" number="424">town</token>
<token t_id="426" sentence="12" number="425">.</token>
<token t_id="427" sentence="13" number="426">Geo</token>
<token t_id="428" sentence="13" number="427">P.</token>
<token t_id="429" sentence="13" number="428">Sanderson</token>
<token t_id="430" sentence="13" number="429">was</token>
<token t_id="431" sentence="13" number="430">called</token>
<token t_id="432" sentence="13" number="431">upon</token>
<token t_id="433" sentence="13" number="432">and</token>
<token t_id="434" sentence="13" number="433">said</token>
<token t_id="435" sentence="13" number="434">that</token>
<token t_id="436" sentence="13" number="435">he</token>
<token t_id="437" sentence="13" number="436">had</token>
<token t_id="438" sentence="13" number="437">been</token>
<token t_id="439" sentence="13" number="438">a</token>
<token t_id="440" sentence="13" number="439">kicker</token>
<token t_id="441" sentence="13" number="440">against</token>
<token t_id="442" sentence="13" number="441">the</token>
<token t_id="443" sentence="13" number="442">old</token>
<token t_id="444" sentence="13" number="443">council</token>
<token t_id="445" sentence="13" number="444">and</token>
<token t_id="446" sentence="13" number="445">that</token>
<token t_id="447" sentence="13" number="446">he</token>
<token t_id="448" sentence="13" number="447">was</token>
<token t_id="449" sentence="13" number="448">there</token>
<token t_id="450" sentence="13" number="449">to</token>
<token t_id="451" sentence="13" number="450">face</token>
<token t_id="452" sentence="13" number="451">anything</token>
<token t_id="453" sentence="13" number="452">he</token>
<token t_id="454" sentence="13" number="453">had</token>
<token t_id="455" sentence="13" number="454">said</token>
<token t_id="456" sentence="13" number="455">behind</token>
<token t_id="457" sentence="13" number="456">the</token>
<token t_id="458" sentence="13" number="457">boards</token>
<token t_id="459" sentence="13" number="458">.</token>
<token t_id="460" sentence="14" number="459">He</token>
<token t_id="461" sentence="14" number="460">condemned</token>
<token t_id="462" sentence="14" number="461">the</token>
<token t_id="463" sentence="14" number="462">council</token>
<token t_id="464" sentence="14" number="463">for</token>
<token t_id="465" sentence="14" number="464">the</token>
<token t_id="466" sentence="14" number="465">way</token>
<token t_id="467" sentence="14" number="466">in</token>
<token t_id="468" sentence="14" number="467">which</token>
<token t_id="469" sentence="14" number="468">they</token>
<token t_id="470" sentence="14" number="469">made</token>
<token t_id="471" sentence="14" number="470">the</token>
<token t_id="472" sentence="14" number="471">ditch</token>
<token t_id="473" sentence="14" number="472">,</token>
<token t_id="474" sentence="14" number="473">and</token>
<token t_id="475" sentence="14" number="474">that</token>
<token t_id="476" sentence="14" number="475">the</token>
<token t_id="477" sentence="14" number="476">water</token>
<token t_id="478" sentence="14" number="477">would</token>
<token t_id="479" sentence="14" number="478">not</token>
<token t_id="480" sentence="14" number="479">run</token>
<token t_id="481" sentence="14" number="480">up</token>
<token t_id="482" sentence="14" number="481">hill</token>
<token t_id="483" sentence="14" number="482">.</token>
<token t_id="484" sentence="15" number="483">He</token>
<token t_id="485" sentence="15" number="484">would</token>
<token t_id="486" sentence="15" number="485">guarantee</token>
<token t_id="487" sentence="15" number="486">that</token>
<token t_id="488" sentence="15" number="487">if</token>
<token t_id="489" sentence="15" number="488">a</token>
<token t_id="490" sentence="15" number="489">ditch</token>
<token t_id="491" sentence="15" number="490">was</token>
<token t_id="492" sentence="15" number="491">made</token>
<token t_id="493" sentence="15" number="492">18</token>
<token t_id="494" sentence="15" number="493">inches</token>
<token t_id="495" sentence="15" number="494">deep</token>
<token t_id="496" sentence="15" number="495">that</token>
<token t_id="497" sentence="15" number="496">there</token>
<token t_id="498" sentence="15" number="497">would</token>
<token t_id="499" sentence="15" number="498">be</token>
<token t_id="500" sentence="15" number="499">no</token>
<token t_id="501" sentence="15" number="500">surplus</token>
<token t_id="502" sentence="15" number="501">water</token>
<token t_id="503" sentence="15" number="502">on</token>
<token t_id="504" sentence="15" number="503">the</token>
<token t_id="505" sentence="15" number="504">low</token>
<token t_id="506" sentence="15" number="505">ground</token>
<token t_id="507" sentence="15" number="506">in</token>
<token t_id="508" sentence="15" number="507">which</token>
<token t_id="509" sentence="15" number="508">the</token>
<token t_id="510" sentence="15" number="509">present</token>
<token t_id="511" sentence="15" number="510">ditch</token>
<token t_id="512" sentence="15" number="511">was</token>
<token t_id="513" sentence="15" number="512">now</token>
<token t_id="514" sentence="15" number="513">made</token>
<token t_id="515" sentence="15" number="514">.</token>
<token t_id="516" sentence="16" number="515">He</token>
<token t_id="517" sentence="16" number="516">would</token>
<token t_id="518" sentence="16" number="517">,</token>
<token t_id="519" sentence="16" number="518">if</token>
<token t_id="520" sentence="16" number="519">elected</token>
<token t_id="521" sentence="16" number="520">,</token>
<token t_id="522" sentence="16" number="521">practice</token>
<token t_id="523" sentence="16" number="522">a</token>
<token t_id="524" sentence="16" number="523">little</token>
<token t_id="525" sentence="16" number="524">economy</token>
<token t_id="526" sentence="16" number="525">,</token>
<token t_id="527" sentence="16" number="526">not</token>
<token t_id="528" sentence="16" number="527">by</token>
<token t_id="529" sentence="16" number="528">salting</token>
<token t_id="530" sentence="16" number="529">every</token>
<token t_id="531" sentence="16" number="530">dollar</token>
<token t_id="532" sentence="16" number="531">in</token>
<token t_id="533" sentence="16" number="532">the</token>
<token t_id="534" sentence="16" number="533">treasury</token>
<token t_id="535" sentence="16" number="534">,</token>
<token t_id="536" sentence="16" number="535">but</token>
<token t_id="537" sentence="16" number="536">by</token>
<token t_id="538" sentence="16" number="537">careful</token>
<token t_id="539" sentence="16" number="538">handling</token>
<token t_id="540" sentence="16" number="539">for</token>
<token t_id="541" sentence="16" number="540">anything</token>
<token t_id="542" sentence="16" number="541">that</token>
<token t_id="543" sentence="16" number="542">would</token>
<token t_id="544" sentence="16" number="543">be</token>
<token t_id="545" sentence="16" number="544">a</token>
<token t_id="546" sentence="16" number="545">benefit</token>
<token t_id="547" sentence="16" number="546">to</token>
<token t_id="548" sentence="16" number="547">the</token>
<token t_id="549" sentence="16" number="548">town</token>
<token t_id="550" sentence="16" number="549">.</token>
<token t_id="551" sentence="17" number="550">He</token>
<token t_id="552" sentence="17" number="551">agreed</token>
<token t_id="553" sentence="17" number="552">with</token>
<token t_id="554" sentence="17" number="553">Mr.</token>
<token t_id="555" sentence="17" number="554">McDougall</token>
<token t_id="556" sentence="17" number="555">in</token>
<token t_id="557" sentence="17" number="556">regard</token>
<token t_id="558" sentence="17" number="557">to</token>
<token t_id="559" sentence="17" number="558">the</token>
<token t_id="560" sentence="17" number="559">building</token>
<token t_id="561" sentence="17" number="560">of</token>
<token t_id="562" sentence="17" number="561">the</token>
<token t_id="563" sentence="17" number="562">bridge</token>
<token t_id="564" sentence="17" number="563">,</token>
<token t_id="565" sentence="17" number="564">but</token>
<token t_id="566" sentence="17" number="565">would</token>
<token t_id="567" sentence="17" number="566">not</token>
<token t_id="568" sentence="17" number="567">go</token>
<token t_id="569" sentence="17" number="568">in</token>
<token t_id="570" sentence="17" number="569">for</token>
<token t_id="571" sentence="17" number="570">giving</token>
<token t_id="572" sentence="17" number="571">any</token>
<token t_id="573" sentence="17" number="572">bonus</token>
<token t_id="574" sentence="17" number="573">to</token>
<token t_id="575" sentence="17" number="574">a</token>
<token t_id="576" sentence="17" number="575">railway</token>
<token t_id="577" sentence="17" number="576">and</token>
<token t_id="578" sentence="17" number="577">and</token>
<token t_id="579" sentence="17" number="578">traffic</token>
<token t_id="580" sentence="17" number="579">bridge</token>
<token t_id="581" sentence="17" number="580">combined</token>
<token t_id="582" sentence="17" number="581">.</token>
<token t_id="583" sentence="18" number="582">He</token>
<token t_id="584" sentence="18" number="583">thought</token>
<token t_id="585" sentence="18" number="584">if</token>
<token t_id="586" sentence="18" number="585">the</token>
<token t_id="587" sentence="18" number="586">C.P.R.</token>
<token t_id="588" sentence="18" number="587">wanted</token>
<token t_id="589" sentence="18" number="588">to</token>
<token t_id="590" sentence="18" number="589">come</token>
<token t_id="591" sentence="18" number="590">into</token>
<token t_id="592" sentence="18" number="591">the</token>
<token t_id="593" sentence="18" number="592">town</token>
<token t_id="594" sentence="18" number="593">they</token>
<token t_id="595" sentence="18" number="594">were</token>
<token t_id="596" sentence="18" number="595">capable</token>
<token t_id="597" sentence="18" number="596">of</token>
<token t_id="598" sentence="18" number="597">so</token>
<token t_id="599" sentence="18" number="598">doing</token>
<token t_id="600" sentence="18" number="599">without</token>
<token t_id="601" sentence="18" number="600">the</token>
<token t_id="602" sentence="18" number="601">aid</token>
<token t_id="603" sentence="18" number="602">of</token>
<token t_id="604" sentence="18" number="603">the</token>
<token t_id="605" sentence="18" number="604">funds</token>
<token t_id="606" sentence="18" number="605">of</token>
<token t_id="607" sentence="18" number="606">the</token>
<token t_id="608" sentence="18" number="607">town</token>
<token t_id="609" sentence="18" number="608">.</token>
<token t_id="610" sentence="19" number="609">Some</token>
<token t_id="611" sentence="19" number="610">remarks</token>
<token t_id="612" sentence="19" number="611">made</token>
<token t_id="613" sentence="19" number="612">by</token>
<token t_id="614" sentence="19" number="613">Mr.</token>
<token t_id="615" sentence="19" number="614">Sanderson</token>
<token t_id="616" sentence="19" number="615">brought</token>
<token t_id="617" sentence="19" number="616">the</token>
<token t_id="618" sentence="19" number="617">mayor</token>
<token t_id="619" sentence="19" number="618">to</token>
<token t_id="620" sentence="19" number="619">his</token>
<token t_id="621" sentence="19" number="620">feet</token>
<token t_id="622" sentence="19" number="621">in</token>
<token t_id="623" sentence="19" number="622">defence</token>
<token t_id="624" sentence="19" number="623">of</token>
<token t_id="625" sentence="19" number="624">the</token>
<token t_id="626" sentence="19" number="625">old</token>
<token t_id="627" sentence="19" number="626">council</token>
<token t_id="628" sentence="19" number="627">,</token>
<token t_id="629" sentence="19" number="628">about</token>
<token t_id="630" sentence="19" number="629">the</token>
<token t_id="631" sentence="19" number="630">ditch</token>
<token t_id="632" sentence="19" number="631">between</token>
<token t_id="633" sentence="19" number="632">Namayo</token>
<token t_id="634" sentence="19" number="633">and</token>
<token t_id="635" sentence="19" number="634">Kinistino</token>
<token t_id="636" sentence="19" number="635">avenues</token>
<token t_id="637" sentence="19" number="636">,</token>
<token t_id="638" sentence="19" number="637">also</token>
<token t_id="639" sentence="19" number="638">the</token>
<token t_id="640" sentence="19" number="639">bridge</token>
<token t_id="641" sentence="19" number="640">on</token>
<token t_id="642" sentence="19" number="641">Kinistino</token>
<token t_id="643" sentence="19" number="642">avenue</token>
<token t_id="644" sentence="19" number="643">across</token>
<token t_id="645" sentence="19" number="644">Rat</token>
<token t_id="646" sentence="19" number="645">Creek</token>
<token t_id="647" sentence="19" number="646">in</token>
<token t_id="648" sentence="19" number="647">which</token>
<token t_id="649" sentence="19" number="648">no</token>
<token t_id="650" sentence="19" number="649">one</token>
<token t_id="651" sentence="19" number="650">seems</token>
<token t_id="652" sentence="19" number="651">to</token>
<token t_id="653" sentence="19" number="652">know</token>
<token t_id="654" sentence="19" number="653">anything</token>
<token t_id="655" sentence="19" number="654">why</token>
<token t_id="656" sentence="19" number="655">the</token>
<token t_id="657" sentence="19" number="656">work</token>
<token t_id="658" sentence="19" number="657">should</token>
<token t_id="659" sentence="19" number="658">have</token>
<token t_id="660" sentence="19" number="659">been</token>
<token t_id="661" sentence="19" number="660">done</token>
<token t_id="662" sentence="19" number="661">or</token>
<token t_id="663" sentence="19" number="662">who</token>
<token t_id="664" sentence="19" number="663">gave</token>
<token t_id="665" sentence="19" number="664">the</token>
<token t_id="666" sentence="19" number="665">orders</token>
<token t_id="667" sentence="19" number="666">for</token>
<token t_id="668" sentence="19" number="667">the</token>
<token t_id="669" sentence="19" number="668">same</token>
<token t_id="670" sentence="19" number="669">;</token>
<token t_id="671" sentence="19" number="670">but</token>
<token t_id="672" sentence="19" number="671">the</token>
<token t_id="673" sentence="19" number="672">town</token>
<token t_id="674" sentence="19" number="673">paid</token>
<token t_id="675" sentence="19" number="674">for</token>
<token t_id="676" sentence="19" number="675">it</token>
<token t_id="677" sentence="19" number="676">all</token>
<token t_id="678" sentence="19" number="677">the</token>
<token t_id="679" sentence="19" number="678">same</token>
<token t_id="680" sentence="19" number="679">.</token>
<token t_id="681" sentence="20" number="680">Several</token>
<token t_id="682" sentence="20" number="681">members</token>
<token t_id="683" sentence="20" number="682">of</token>
<token t_id="684" sentence="20" number="683">the</token>
<token t_id="685" sentence="20" number="684">old</token>
<token t_id="686" sentence="20" number="685">council</token>
<token t_id="687" sentence="20" number="686">were</token>
<token t_id="688" sentence="20" number="687">called</token>
<token t_id="689" sentence="20" number="688">upon</token>
<token t_id="690" sentence="20" number="689">,</token>
<token t_id="691" sentence="20" number="690">but</token>
<token t_id="692" sentence="20" number="691">declined</token>
<token t_id="693" sentence="20" number="692">to</token>
<token t_id="694" sentence="20" number="693">speak</token>
<token t_id="695" sentence="20" number="694">.</token>
<token t_id="696" sentence="21" number="695">The</token>
<token t_id="697" sentence="21" number="696">meeting</token>
<token t_id="698" sentence="21" number="697">then</token>
<token t_id="699" sentence="21" number="698">adjourned</token>
<token t_id="700" sentence="21" number="699">.</token>


<Markables>
<EVENT_MENTION m_id="33" factuality="" modality="" pred="" pos="" aspect="" certainty="" comment="" class="MENTAL" tense="" polarity=""  >
<token_anchor t_id="178"/>
<token_anchor t_id="179"/>
</EVENT_MENTION>
<EVENT_MENTION m_id="65" factuality="" modality="" pred="" pos="" aspect="" certainty="" comment="" class="COMMUNICATION" tense="" polarity=""  >
<token_anchor t_id="362"/>
</EVENT_MENTION>
<EVENT_MENTION m_id="1" factuality="" modality="" pred="" pos="" aspect="" certainty="" comment="" class="SOCIAL" tense="" polarity=""  >
<token_anchor t_id="10"/>
</EVENT_MENTION>
<EVENT_MENTION m_id="97" factuality="" modality="" pred="" pos="" aspect="" certainty="" comment="" class="EXISTENCE-CAUSATION" tense="" polarity=""  >
<token_anchor t_id="581"/>
</EVENT_MENTION>
<EVENT_MENTION m_id="34" factuality="" modality="" pred="" pos="" aspect="" certainty="" comment="" class="GENERAL" tense="" polarity=""  >
<token_anchor t_id="187"/>
</EVENT_MENTION>
<EVENT_MENTION m_id="66" factuality="" modality="" pred="" pos="" aspect="" certainty="" comment="" class="COMMUNICATION" tense="" polarity=""  >
<token_anchor t_id="365"/>
<token_anchor t_id="366"/>
<token_anchor t_id="367"/>
<token_anchor t_id="368"/>
<token_anchor t_id="369"/>
</EVENT_MENTION>
<EVENT_MENTION m_id="2" factuality="" modality="" pred="" pos="" aspect="" certainty="" comment="" class="GENERAL" tense="" polarity=""  >
<token_anchor t_id="11"/>
</EVENT_MENTION>
<EVENT_MENTION m_id="98" factuality="" modality="" pred="" pos="" aspect="" certainty="" comment="" class="MENTAL" tense="" polarity=""  >
<token_anchor t_id="584"/>
</EVENT_MENTION>
<EVENT_MENTION m_id="35" factuality="" modality="" pred="" pos="" aspect="" certainty="" comment="" class="EXISTENCE-CAUSATION" tense="" polarity=""  >
<token_anchor t_id="190"/>
</EVENT_MENTION>
<EVENT_MENTION m_id="67" factuality="" modality="" pred="" pos="" aspect="" certainty="" comment="" class="LIFE-HEALTH" tense="" polarity=""  >
<token_anchor t_id="374"/>
<token_anchor t_id="375"/>
<token_anchor t_id="376"/>
<token_anchor t_id="377"/>
</EVENT_MENTION>
<EVENT_MENTION m_id="3" factuality="" modality="" pred="" pos="" aspect="" certainty="" comment="" class="AUTHORITY-LAW" tense="" polarity=""  >
<token_anchor t_id="17"/>
</EVENT_MENTION>
<EVENT_MENTION m_id="99" factuality="" modality="" pred="" pos="" aspect="" certainty="" comment="" class="MENTAL" tense="" polarity=""  >
<token_anchor t_id="588"/>
</EVENT_MENTION>
<EVENT_MENTION m_id="36" factuality="" modality="" pred="" pos="" aspect="" certainty="" comment="" class="COMMUNICATION" tense="" polarity=""  >
<token_anchor t_id="198"/>
</EVENT_MENTION>
<EVENT_MENTION m_id="68" factuality="" modality="" pred="" pos="" aspect="" certainty="" comment="" class="EXISTENCE-CAUSATION" tense="" polarity=""  >
<token_anchor t_id="381"/>
</EVENT_MENTION>
<EVENT_MENTION m_id="4" factuality="" modality="" pred="" pos="" aspect="" certainty="" comment="" class="AUTHORITY-LAW" tense="" polarity=""  >
<token_anchor t_id="20"/>
</EVENT_MENTION>
<EVENT_MENTION m_id="100" factuality="" modality="" pred="" pos="" aspect="" certainty="" comment="" class="SPACE-MOVEMENT" tense="" polarity=""  >
<token_anchor t_id="590"/>
</EVENT_MENTION>
<EVENT_MENTION m_id="37" factuality="" modality="" pred="" pos="" aspect="" certainty="" comment="" class="COMMUNICATION" tense="" polarity=""  >
<token_anchor t_id="200"/>
</EVENT_MENTION>
<EVENT_MENTION m_id="69" factuality="" modality="" pred="" pos="" aspect="" certainty="" comment="" class="SPACE-MOVEMENT" tense="" polarity=""  >
<token_anchor t_id="385"/>
</EVENT_MENTION>
<EVENT_MENTION m_id="5" factuality="" modality="" pred="" pos="" aspect="" certainty="" comment="" class="COMMUNICATION" tense="" polarity=""  >
<token_anchor t_id="23"/>
</EVENT_MENTION>
<EVENT_MENTION m_id="101" factuality="" modality="" pred="" pos="" aspect="" certainty="" comment="" class="MENTAL" tense="" polarity=""  >
<token_anchor t_id="595"/>
<token_anchor t_id="596"/>
</EVENT_MENTION>
<EVENT_MENTION m_id="38" factuality="" modality="" pred="" pos="" aspect="" certainty="" comment="" class="SPACE-MOVEMENT" tense="" polarity=""  >
<token_anchor t_id="203"/>
</EVENT_MENTION>
<EVENT_MENTION m_id="70" factuality="" modality="" pred="" pos="" aspect="" certainty="" comment="" class="SPACE-MOVEMENT" tense="" polarity=""  >
<token_anchor t_id="387"/>
</EVENT_MENTION>
<EVENT_MENTION m_id="6" factuality="" modality="" pred="" pos="" aspect="" certainty="" comment="" class="SOCIAL" tense="" polarity=""  >
<token_anchor t_id="29"/>
</EVENT_MENTION>
<EVENT_MENTION m_id="102" factuality="" modality="" pred="" pos="" aspect="" certainty="" comment="" class="GENERAL" tense="" polarity=""  >
<token_anchor t_id="599"/>
</EVENT_MENTION>
<EVENT_MENTION m_id="39" factuality="" modality="" pred="" pos="" aspect="" certainty="" comment="" class="EXISTENCE-CAUSATION" tense="" polarity=""  >
<token_anchor t_id="216"/>
</EVENT_MENTION>
<EVENT_MENTION m_id="71" factuality="" modality="" pred="" pos="" aspect="" certainty="" comment="" class="SPACE-MOVEMENT" tense="" polarity=""  >
<token_anchor t_id="395"/>
</EVENT_MENTION>
<EVENT_MENTION m_id="7" factuality="" modality="" pred="" pos="" aspect="" certainty="" comment="" class="COMMUNICATION" tense="" polarity=""  >
<token_anchor t_id="35"/>
</EVENT_MENTION>
<EVENT_MENTION m_id="103" factuality="" modality="" pred="" pos="" aspect="" certainty="" comment="" class="GENERAL" tense="" polarity=""  >
<token_anchor t_id="602"/>
</EVENT_MENTION>
<EVENT_MENTION m_id="104" factuality="" modality="" pred="" pos="" aspect="" certainty="" comment="" class="COMMUNICATION" tense="" polarity=""  >
<token_anchor t_id="611"/>
<token_anchor t_id="612"/>
</EVENT_MENTION>
<EVENT_MENTION m_id="40" factuality="" modality="" pred="" pos="" aspect="" certainty="" comment="" class="COMMUNICATION" tense="" polarity=""  >
<token_anchor t_id="211"/>
<token_anchor t_id="213"/>
</EVENT_MENTION>
<EVENT_MENTION m_id="72" factuality="" modality="" pred="" pos="" aspect="" certainty="" comment="" class="EMOTIONS-EVALUATIONS" tense="" polarity=""  >
<token_anchor t_id="399"/>
<token_anchor t_id="400"/>
</EVENT_MENTION>
<EVENT_MENTION m_id="8" factuality="" modality="" pred="" pos="" aspect="" certainty="" comment="" class="EMOTIONS-EVALUATIONS" tense="" polarity=""  >
<token_anchor t_id="41"/>
</EVENT_MENTION>
<EVENT_MENTION m_id="105" factuality="" modality="" pred="" pos="" aspect="" certainty="" comment="" class="EMOTIONS-EVALUATIONS" tense="" polarity=""  >
<token_anchor t_id="616"/>
<token_anchor t_id="619"/>
<token_anchor t_id="620"/>
<token_anchor t_id="621"/>
</EVENT_MENTION>
<EVENT_MENTION m_id="41" factuality="" modality="" pred="" pos="" aspect="" certainty="" comment="" class="PHYSICAL SENSATIONS" tense="" polarity=""  >
<token_anchor t_id="223"/>
</EVENT_MENTION>
<EVENT_MENTION m_id="73" factuality="" modality="" pred="" pos="" aspect="" certainty="" comment="" class="AUTHORITY-LAW" tense="" polarity=""  >
<token_anchor t_id="414"/>
</EVENT_MENTION>
<EVENT_MENTION m_id="9" factuality="" modality="" pred="" pos="" aspect="" certainty="" comment="" class="GENERAL" tense="" polarity=""  >
<token_anchor t_id="44"/>
</EVENT_MENTION>
<EVENT_MENTION m_id="106" factuality="" modality="" pred="" pos="" aspect="" certainty="" comment="" class="GENERAL" tense="" polarity=""  >
<token_anchor t_id="623"/>
</EVENT_MENTION>
<EVENT_MENTION m_id="42" factuality="" modality="" pred="" pos="" aspect="" certainty="" comment="" class="GENERAL" tense="" polarity=""  >
<token_anchor t_id="228"/>
</EVENT_MENTION>
<EVENT_MENTION m_id="74" factuality="" modality="" pred="" pos="" aspect="" certainty="" comment="" class="AUTHORITY-LAW" tense="" polarity=""  >
<token_anchor t_id="417"/>
</EVENT_MENTION>
<EVENT_MENTION m_id="10" factuality="" modality="" pred="" pos="" aspect="" certainty="" comment="" class="EMOTIONS-EVALUATIONS" tense="" polarity=""  >
<token_anchor t_id="37"/>
</EVENT_MENTION>
<EVENT_MENTION m_id="107" factuality="" modality="" pred="" pos="" aspect="" certainty="" comment="" class="MENTAL" tense="" polarity=""  >
<token_anchor t_id="651"/>
</EVENT_MENTION>
<EVENT_MENTION m_id="43" factuality="" modality="" pred="" pos="" aspect="" certainty="" comment="" class="EMOTIONS-EVALUATIONS" tense="" polarity=""  >
<token_anchor t_id="235"/>
</EVENT_MENTION>
<EVENT_MENTION m_id="75" factuality="" modality="" pred="" pos="" aspect="" certainty="" comment="" class="COMMUNICATION" tense="" polarity=""  >
<token_anchor t_id="431"/>
<token_anchor t_id="432"/>
</EVENT_MENTION>
<EVENT_MENTION m_id="11" factuality="" modality="" pred="" pos="" aspect="" certainty="" comment="" class="PHYSICAL SENSATIONS" tense="" polarity=""  >
<token_anchor t_id="51"/>
</EVENT_MENTION>
<EVENT_MENTION m_id="108" factuality="" modality="" pred="" pos="" aspect="" certainty="" comment="" class="MENTAL" tense="" polarity=""  >
<token_anchor t_id="653"/>
</EVENT_MENTION>
<EVENT_MENTION m_id="44" factuality="" modality="" pred="" pos="" aspect="" certainty="" comment="" class="MENTAL" tense="" polarity=""  >
<token_anchor t_id="238"/>
</EVENT_MENTION>
<EVENT_MENTION m_id="76" factuality="" modality="" pred="" pos="" aspect="" certainty="" comment="" class="COMMUNICATION" tense="" polarity=""  >
<token_anchor t_id="434"/>
</EVENT_MENTION>
<EVENT_MENTION m_id="12" factuality="" modality="" pred="" pos="" aspect="" certainty="" comment="" class="COMMUNICATION" tense="" polarity=""  >
<token_anchor t_id="25"/>
<token_anchor t_id="26"/>
<token_anchor t_id="30"/>
</EVENT_MENTION>
<EVENT_MENTION m_id="109" factuality="" modality="" pred="" pos="" aspect="" certainty="" comment="" class="GENERAL" tense="" polarity=""  >
<token_anchor t_id="657"/>
</EVENT_MENTION>
<EVENT_MENTION m_id="45" factuality="" modality="" pred="" pos="" aspect="" certainty="" comment="" class="GENERAL" tense="" polarity=""  >
<token_anchor t_id="240"/>
</EVENT_MENTION>
<EVENT_MENTION m_id="77" factuality="" modality="" pred="" pos="" aspect="" certainty="" comment="" class="LIFE-HEALTH" tense="" polarity=""  >
<token_anchor t_id="438"/>
<token_anchor t_id="439"/>
<token_anchor t_id="440"/>
</EVENT_MENTION>
<EVENT_MENTION m_id="13" factuality="" modality="" pred="" pos="" aspect="" certainty="" comment="" class="TRADE-WORK" tense="" polarity=""  >
<token_anchor t_id="53"/>
</EVENT_MENTION>
<EVENT_MENTION m_id="110" factuality="" modality="" pred="" pos="" aspect="" certainty="" comment="" class="GENERAL" tense="" polarity=""  >
<token_anchor t_id="661"/>
</EVENT_MENTION>
<EVENT_MENTION m_id="46" factuality="" modality="" pred="" pos="" aspect="" certainty="" comment="" class="GENERAL" tense="" polarity=""  >
<token_anchor t_id="245"/>
</EVENT_MENTION>
<EVENT_MENTION m_id="78" factuality="" modality="" pred="" pos="" aspect="" certainty="" comment="" class="EXISTENCE-CAUSATION" tense="" polarity=""  >
<token_anchor t_id="448"/>
</EVENT_MENTION>
<EVENT_MENTION m_id="14" factuality="" modality="" pred="" pos="" aspect="" certainty="" comment="" class="COMMUNICATION" tense="" polarity=""  >
<token_anchor t_id="64"/>
</EVENT_MENTION>
<EVENT_MENTION m_id="111" factuality="" modality="" pred="" pos="" aspect="" certainty="" comment="" class="COMMUNICATION" tense="" polarity=""  >
<token_anchor t_id="664"/>
<token_anchor t_id="665"/>
<token_anchor t_id="666"/>
</EVENT_MENTION>
<EVENT_MENTION m_id="47" factuality="" modality="" pred="" pos="" aspect="" certainty="" comment="" class="COMMUNICATION" tense="" polarity=""  >
<token_anchor t_id="249"/>
</EVENT_MENTION>
<EVENT_MENTION m_id="79" factuality="" modality="" pred="" pos="" aspect="" certainty="" comment="" class="GENERAL" tense="" polarity=""  >
<token_anchor t_id="451"/>
</EVENT_MENTION>
<EVENT_MENTION m_id="15" factuality="" modality="" pred="" pos="" aspect="" certainty="" comment="" class="COMMUNICATION" tense="" polarity=""  >
<token_anchor t_id="74"/>
</EVENT_MENTION>
<EVENT_MENTION m_id="112" factuality="" modality="" pred="" pos="" aspect="" certainty="" comment="" class="TRADE-WORK" tense="" polarity=""  >
<token_anchor t_id="674"/>
</EVENT_MENTION>
<EVENT_MENTION m_id="48" factuality="" modality="" pred="" pos="" aspect="" certainty="" comment="" class="AUTHORITY-LAW" tense="" polarity=""  >
<token_anchor t_id="252"/>
</EVENT_MENTION>
<EVENT_MENTION m_id="80" factuality="" modality="" pred="" pos="" aspect="" certainty="" comment="" class="COMMUNICATION" tense="" polarity=""  >
<token_anchor t_id="455"/>
</EVENT_MENTION>
<EVENT_MENTION m_id="16" factuality="" modality="" pred="" pos="" aspect="" certainty="" comment="" class="MENTAL" tense="" polarity=""  >
<token_anchor t_id="84"/>
</EVENT_MENTION>
<EVENT_MENTION m_id="113" factuality="" modality="" pred="" pos="" aspect="" certainty="" comment="" class="COMMUNICATION" tense="" polarity=""  >
<token_anchor t_id="688"/>
<token_anchor t_id="689"/>
</EVENT_MENTION>
<EVENT_MENTION m_id="49" factuality="" modality="" pred="" pos="" aspect="" certainty="" comment="" class="GENERAL" tense="" polarity=""  >
<token_anchor t_id="256"/>
</EVENT_MENTION>
<EVENT_MENTION m_id="81" factuality="" modality="" pred="" pos="" aspect="" certainty="" comment="" class="COMMUNICATION" tense="" polarity=""  >
<token_anchor t_id="461"/>
</EVENT_MENTION>
<EVENT_MENTION m_id="17" factuality="" modality="" pred="" pos="" aspect="" certainty="" comment="" class="GENERAL" tense="" polarity=""  >
<token_anchor t_id="88"/>
<token_anchor t_id="89"/>
</EVENT_MENTION>
<EVENT_MENTION m_id="114" factuality="" modality="" pred="" pos="" aspect="" certainty="" comment="" class="COMMUNICATION" tense="" polarity=""  >
<token_anchor t_id="692"/>
</EVENT_MENTION>
<EVENT_MENTION m_id="50" factuality="" modality="" pred="" pos="" aspect="" certainty="" comment="" class="GENERAL" tense="" polarity=""  >
<token_anchor t_id="262"/>
</EVENT_MENTION>
<EVENT_MENTION m_id="82" factuality="" modality="" pred="" pos="" aspect="" certainty="" comment="" class="EXISTENCE-CAUSATION" tense="" polarity=""  >
<token_anchor t_id="470"/>
</EVENT_MENTION>
<EVENT_MENTION m_id="18" factuality="" modality="" pred="" pos="" aspect="" certainty="" comment="" class="COMMUNICATION" tense="" polarity=""  >
<token_anchor t_id="91"/>
<token_anchor t_id="92"/>
<token_anchor t_id="93"/>
</EVENT_MENTION>
<EVENT_MENTION m_id="115" factuality="" modality="" pred="" pos="" aspect="" certainty="" comment="" class="COMMUNICATION" tense="" polarity=""  >
<token_anchor t_id="694"/>
</EVENT_MENTION>
<EVENT_MENTION m_id="51" factuality="" modality="" pred="" pos="" aspect="" certainty="" comment="" class="TRADE-WORK" tense="" polarity=""  >
<token_anchor t_id="275"/>
</EVENT_MENTION>
<EVENT_MENTION m_id="83" factuality="" modality="" pred="" pos="" aspect="" certainty="" comment="" class="SPACE-MOVEMENT" tense="" polarity=""  >
<token_anchor t_id="480"/>
</EVENT_MENTION>
<EVENT_MENTION m_id="19" factuality="" modality="" pred="" pos="" aspect="" certainty="" comment="" class="MENTAL" tense="" polarity=""  >
<token_anchor t_id="96"/>
</EVENT_MENTION>
<EVENT_MENTION m_id="20" factuality="" modality="" pred="" pos="" aspect="" certainty="" comment="" class="EMOTIONS-EVALUATIONS" tense="" polarity=""  >
<token_anchor t_id="98"/>
<token_anchor t_id="99"/>
<token_anchor t_id="100"/>
</EVENT_MENTION>
<EVENT_MENTION m_id="116" factuality="" modality="" pred="" pos="" aspect="" certainty="" comment="" class="TIME" tense="" polarity=""  >
<token_anchor t_id="699"/>
</EVENT_MENTION>
<EVENT_MENTION m_id="52" factuality="" modality="" pred="" pos="" aspect="" certainty="" comment="" class="MENTAL" tense="" polarity=""  >
<token_anchor t_id="283"/>
</EVENT_MENTION>
<EVENT_MENTION m_id="84" factuality="" modality="" pred="" pos="" aspect="" certainty="" comment="" class="COMMUNICATION" tense="" polarity=""  >
<token_anchor t_id="486"/>
</EVENT_MENTION>
<EVENT_MENTION m_id="21" factuality="" modality="" pred="" pos="" aspect="" certainty="" comment="" class="COMMUNICATION" tense="" polarity=""  >
<token_anchor t_id="104"/>
</EVENT_MENTION>
<EVENT_MENTION m_id="117" factuality="" modality="" pred="" pos="" aspect="" certainty="" comment="" class="GENERAL" tense="" polarity=""  >
<token_anchor t_id="147"/>
</EVENT_MENTION>
<EVENT_MENTION m_id="53" factuality="" modality="" pred="" pos="" aspect="" certainty="" comment="" class="POSSESSION" tense="" polarity=""  >
<token_anchor t_id="285"/>
</EVENT_MENTION>
<EVENT_MENTION m_id="85" factuality="" modality="" pred="" pos="" aspect="" certainty="" comment="" class="EXISTENCE-CAUSATION" tense="" polarity=""  >
<token_anchor t_id="492"/>
</EVENT_MENTION>
<EVENT_MENTION m_id="22" factuality="" modality="" pred="" pos="" aspect="" certainty="" comment="" class="COMMUNICATION" tense="" polarity=""  >
<token_anchor t_id="117"/>
</EVENT_MENTION>
<EVENT_MENTION m_id="118" factuality="" modality="" pred="" pos="" aspect="" certainty="" comment="" class="SPACE-MOVEMENT" tense="" polarity=""  >
<token_anchor t_id="70"/>
</EVENT_MENTION>
<EVENT_MENTION m_id="54" factuality="" modality="" pred="" pos="" aspect="" certainty="" comment="" class="POSSESSION" tense="" polarity=""  >
<token_anchor t_id="294"/>
</EVENT_MENTION>
<EVENT_MENTION m_id="86" factuality="" modality="" pred="" pos="" aspect="" certainty="" comment="" class="EXISTENCE-CAUSATION" tense="" polarity=""  >
<token_anchor t_id="499"/>
</EVENT_MENTION>
<EVENT_MENTION m_id="23" factuality="" modality="" pred="" pos="" aspect="" certainty="" comment="" class="COMMUNICATION" tense="" polarity=""  >
<token_anchor t_id="125"/>
</EVENT_MENTION>
<EVENT_MENTION m_id="55" factuality="" modality="" pred="" pos="" aspect="" certainty="" comment="" class="EMOTIONS-EVALUATIONS" tense="" polarity=""  >
<token_anchor t_id="298"/>
<token_anchor t_id="299"/>
<token_anchor t_id="300"/>
</EVENT_MENTION>
<EVENT_MENTION m_id="87" factuality="" modality="" pred="" pos="" aspect="" certainty="" comment="" class="EXISTENCE-CAUSATION" tense="" polarity=""  >
<token_anchor t_id="514"/>
</EVENT_MENTION>
<EVENT_MENTION m_id="24" factuality="" modality="" pred="" pos="" aspect="" certainty="" comment="" class="EXISTENCE-CAUSATION" tense="" polarity=""  >
<token_anchor t_id="129"/>
</EVENT_MENTION>
<EVENT_MENTION m_id="56" factuality="" modality="" pred="" pos="" aspect="" certainty="" comment="" class="EXISTENCE-CAUSATION" tense="" polarity=""  >
<token_anchor t_id="305"/>
</EVENT_MENTION>
<EVENT_MENTION m_id="88" factuality="" modality="" pred="" pos="" aspect="" certainty="" comment="" class="AUTHORITY-LAW" tense="" polarity=""  >
<token_anchor t_id="520"/>
</EVENT_MENTION>
<EVENT_MENTION m_id="25" factuality="" modality="" pred="" pos="" aspect="" certainty="" comment="" class="MENTAL" tense="" polarity=""  >
<token_anchor t_id="133"/>
</EVENT_MENTION>
<EVENT_MENTION m_id="57" factuality="" modality="" pred="" pos="" aspect="" certainty="" comment="" class="AUTHORITY-LAW" tense="" polarity=""  >
<token_anchor t_id="313"/>
</EVENT_MENTION>
<EVENT_MENTION m_id="89" factuality="" modality="" pred="" pos="" aspect="" certainty="" comment="" class="GENERAL" tense="" polarity=""  >
<token_anchor t_id="522"/>
</EVENT_MENTION>
<EVENT_MENTION m_id="26" factuality="" modality="" pred="" pos="" aspect="" certainty="" comment="" class="SPACE-MOVEMENT" tense="" polarity=""  >
<token_anchor t_id="135"/>
<token_anchor t_id="136"/>
<token_anchor t_id="137"/>
<token_anchor t_id="138"/>
</EVENT_MENTION>
<EVENT_MENTION m_id="58" factuality="" modality="" pred="" pos="" aspect="" certainty="" comment="" class="COMMUNICATION" tense="" polarity=""  >
<token_anchor t_id="318"/>
<token_anchor t_id="319"/>
</EVENT_MENTION>
<EVENT_MENTION m_id="90" factuality="" modality="" pred="" pos="" aspect="" certainty="" comment="" class="GENERAL" tense="" polarity=""  >
<token_anchor t_id="529"/>
</EVENT_MENTION>
<EVENT_MENTION m_id="27" factuality="" modality="" pred="" pos="" aspect="" certainty="" comment="" class="COMMUNICATION" tense="" polarity=""  >
<token_anchor t_id="142"/>
</EVENT_MENTION>
<EVENT_MENTION m_id="59" factuality="" modality="" pred="" pos="" aspect="" certainty="" comment="" class="COMMUNICATION" tense="" polarity=""  >
<token_anchor t_id="321"/>
</EVENT_MENTION>
<EVENT_MENTION m_id="91" factuality="" modality="" pred="" pos="" aspect="" certainty="" comment="" class="GENERAL" tense="" polarity=""  >
<token_anchor t_id="539"/>
</EVENT_MENTION>
<EVENT_MENTION m_id="28" factuality="" modality="" pred="" pos="" aspect="" certainty="" comment="" class="TIME" tense="" polarity=""  >
<token_anchor t_id="149"/>
</EVENT_MENTION>
<EVENT_MENTION m_id="60" factuality="" modality="" pred="" pos="" aspect="" certainty="" comment="" class="COMMUNICATION" tense="" polarity=""  >
<token_anchor t_id="323"/>
<token_anchor t_id="324"/>
<token_anchor t_id="325"/>
<token_anchor t_id="326"/>
<token_anchor t_id="327"/>
</EVENT_MENTION>
<EVENT_MENTION m_id="92" factuality="" modality="" pred="" pos="" aspect="" certainty="" comment="" class="EMOTIONS-EVALUATIONS" tense="" polarity=""  >
<token_anchor t_id="544"/>
<token_anchor t_id="545"/>
<token_anchor t_id="546"/>
</EVENT_MENTION>
<EVENT_MENTION m_id="29" factuality="" modality="" pred="" pos="" aspect="" certainty="" comment="" class="COMMUNICATION" tense="" polarity=""  >
<token_anchor t_id="157"/>
<token_anchor t_id="158"/>
<token_anchor t_id="159"/>
<token_anchor t_id="160"/>
</EVENT_MENTION>
<EVENT_MENTION m_id="61" factuality="" modality="" pred="" pos="" aspect="" certainty="" comment="" class="COMMUNICATION" tense="" polarity=""  >
<token_anchor t_id="330"/>
</EVENT_MENTION>
<EVENT_MENTION m_id="93" factuality="" modality="" pred="" pos="" aspect="" certainty="" comment="" class="COMMUNICATION" tense="" polarity=""  >
<token_anchor t_id="552"/>
</EVENT_MENTION>
<EVENT_MENTION m_id="30" factuality="" modality="" pred="" pos="" aspect="" certainty="" comment="" class="COMMUNICATION" tense="" polarity=""  >
<token_anchor t_id="163"/>
</EVENT_MENTION>
<EVENT_MENTION m_id="62" factuality="" modality="" pred="" pos="" aspect="" certainty="" comment="" class="AUTHORITY-LAW" tense="" polarity=""  >
<token_anchor t_id="342"/>
</EVENT_MENTION>
<EVENT_MENTION m_id="94" factuality="" modality="" pred="" pos="" aspect="" certainty="" comment="" class="EXISTENCE-CAUSATION" tense="" polarity=""  >
<token_anchor t_id="560"/>
</EVENT_MENTION>
<EVENT_MENTION m_id="31" factuality="" modality="" pred="" pos="" aspect="" certainty="" comment="" class="EMOTIONS-EVALUATIONS" tense="" polarity=""  >
<token_anchor t_id="165"/>
<token_anchor t_id="166"/>
<token_anchor t_id="167"/>
<token_anchor t_id="168"/>
</EVENT_MENTION>
<EVENT_MENTION m_id="63" factuality="" modality="" pred="" pos="" aspect="" certainty="" comment="" class="EMOTIONS-EVALUATIONS" tense="" polarity=""  >
<token_anchor t_id="345"/>
<token_anchor t_id="346"/>
<token_anchor t_id="347"/>
<token_anchor t_id="348"/>
</EVENT_MENTION>
<EVENT_MENTION m_id="95" factuality="" modality="" pred="" pos="" aspect="" certainty="" comment="" class="SPACE-MOVEMENT" tense="" polarity=""  >
<token_anchor t_id="568"/>
<token_anchor t_id="569"/>
</EVENT_MENTION>
<EVENT_MENTION m_id="32" factuality="" modality="" pred="" pos="" aspect="" certainty="" comment="" class="COMMUNICATION" tense="" polarity=""  >
<token_anchor t_id="172"/>
</EVENT_MENTION>
<EVENT_MENTION m_id="64" factuality="" modality="" pred="" pos="" aspect="" certainty="" comment="" class="COMMUNICATION" tense="" polarity=""  >
<token_anchor t_id="359"/>
<token_anchor t_id="360"/>
</EVENT_MENTION>
<EVENT_MENTION m_id="96" factuality="" modality="" pred="" pos="" aspect="" certainty="" comment="" class="POSSESSION" tense="" polarity=""  >
<token_anchor t_id="571"/>
</EVENT_MENTION>


</Markables>

<Relations>
</Relations>
</Document>
