<Document doc_name="Englishman_Motor_Race.txt">
<token t_id="1" sentence="0" number="0">1902</token>
<token t_id="2" sentence="1" number="1">Englishman</token>
<token t_id="3" sentence="1" number="2">'s</token>
<token t_id="4" sentence="1" number="3">Motor</token>
<token t_id="5" sentence="1" number="4">Race</token>
<token t_id="6" sentence="2" number="5">PARIS</token>
<token t_id="7" sentence="2" number="6">.</token>
<token t_id="8" sentence="3" number="7">June</token>
<token t_id="9" sentence="3" number="8">28</token>
<token t_id="10" sentence="3" number="9">.</token>
<token t_id="11" sentence="4" number="10">—</token>
<token t_id="12" sentence="4" number="11">S.</token>
<token t_id="13" sentence="4" number="12">F.</token>
<token t_id="14" sentence="4" number="13">Edge</token>
<token t_id="15" sentence="4" number="14">,</token>
<token t_id="16" sentence="4" number="15">an</token>
<token t_id="17" sentence="4" number="16">Englishman</token>
<token t_id="18" sentence="4" number="17">,</token>
<token t_id="19" sentence="4" number="18">won</token>
<token t_id="20" sentence="4" number="19">the</token>
<token t_id="21" sentence="4" number="20">James</token>
<token t_id="22" sentence="4" number="21">Gordon</token>
<token t_id="23" sentence="4" number="22">Bennett</token>
<token t_id="24" sentence="4" number="23">Cup</token>
<token t_id="25" sentence="4" number="24">in</token>
<token t_id="26" sentence="4" number="25">the</token>
<token t_id="27" sentence="4" number="26">automobile</token>
<token t_id="28" sentence="4" number="27">contest</token>
<token t_id="29" sentence="4" number="28">,</token>
<token t_id="30" sentence="4" number="29">reaching</token>
<token t_id="31" sentence="4" number="30">Innspruck</token>
<token t_id="32" sentence="4" number="31">(</token>
<token t_id="33" sentence="4" number="32">Austria</token>
<token t_id="34" sentence="4" number="33">)</token>
<token t_id="35" sentence="4" number="34">ahead</token>
<token t_id="36" sentence="4" number="35">of</token>
<token t_id="37" sentence="4" number="36">his</token>
<token t_id="38" sentence="4" number="37">French</token>
<token t_id="39" sentence="4" number="38">competitors</token>
<token t_id="40" sentence="4" number="39">,</token>
<token t_id="41" sentence="4" number="40">including</token>
<token t_id="42" sentence="4" number="41">Knyff</token>
<token t_id="43" sentence="4" number="42">,</token>
<token t_id="44" sentence="4" number="43">who</token>
<token t_id="45" sentence="4" number="44">,</token>
<token t_id="46" sentence="4" number="45">after</token>
<token t_id="47" sentence="4" number="46">leading</token>
<token t_id="48" sentence="4" number="47">every</token>
<token t_id="49" sentence="4" number="48">one</token>
<token t_id="50" sentence="4" number="49">until</token>
<token t_id="51" sentence="4" number="50">he</token>
<token t_id="52" sentence="4" number="51">was</token>
<token t_id="53" sentence="4" number="52">twenty-five</token>
<token t_id="54" sentence="4" number="53">miles</token>
<token t_id="55" sentence="4" number="54">from</token>
<token t_id="56" sentence="4" number="55">Innspruck</token>
<token t_id="57" sentence="4" number="56">,</token>
<token t_id="58" sentence="4" number="57">broke</token>
<token t_id="59" sentence="4" number="58">down</token>
<token t_id="60" sentence="4" number="59">.</token>
<token t_id="61" sentence="5" number="60">This</token>
<token t_id="62" sentence="5" number="61">is</token>
<token t_id="63" sentence="5" number="62">the</token>
<token t_id="64" sentence="5" number="63">first</token>
<token t_id="65" sentence="5" number="64">time</token>
<token t_id="66" sentence="5" number="65">the</token>
<token t_id="67" sentence="5" number="66">cup</token>
<token t_id="68" sentence="5" number="67">will</token>
<token t_id="69" sentence="5" number="68">leave</token>
<token t_id="70" sentence="5" number="69">France</token>
<token t_id="71" sentence="5" number="70">.</token>
<token t_id="72" sentence="6" number="71">Mr.</token>
<token t_id="73" sentence="6" number="72">Edge</token>
<token t_id="74" sentence="6" number="73">'s</token>
<token t_id="75" sentence="6" number="74">time</token>
<token t_id="76" sentence="6" number="75">from</token>
<token t_id="77" sentence="6" number="76">Paris</token>
<token t_id="78" sentence="6" number="77">to</token>
<token t_id="79" sentence="6" number="78">Belfort</token>
<token t_id="80" sentence="6" number="79">and</token>
<token t_id="81" sentence="6" number="80">from</token>
<token t_id="82" sentence="6" number="81">Bregenz</token>
<token t_id="83" sentence="6" number="82">to</token>
<token t_id="84" sentence="6" number="83">Innspruck</token>
<token t_id="85" sentence="6" number="84">was</token>
<token t_id="86" sentence="6" number="85">10</token>
<token t_id="87" sentence="6" number="86">hours</token>
<token t_id="88" sentence="6" number="87">,</token>
<token t_id="89" sentence="6" number="88">41</token>
<token t_id="90" sentence="6" number="89">minutes</token>
<token t_id="91" sentence="6" number="90">,</token>
<token t_id="92" sentence="6" number="91">and</token>
<token t_id="93" sentence="6" number="92">58</token>
<token t_id="94" sentence="6" number="93">seconds</token>
<token t_id="95" sentence="6" number="94">.</token>
<token t_id="96" sentence="7" number="95">Baron</token>
<token t_id="97" sentence="7" number="96">de</token>
<token t_id="98" sentence="7" number="97">Forest</token>
<token t_id="99" sentence="7" number="98">arrived</token>
<token t_id="100" sentence="7" number="99">at</token>
<token t_id="101" sentence="7" number="100">Salzburg</token>
<token t_id="102" sentence="7" number="101">(</token>
<token t_id="103" sentence="7" number="102">the</token>
<token t_id="104" sentence="7" number="103">third</token>
<token t_id="105" sentence="7" number="104">stage</token>
<token t_id="106" sentence="7" number="105">of</token>
<token t_id="107" sentence="7" number="106">the</token>
<token t_id="108" sentence="7" number="107">international</token>
<token t_id="109" sentence="7" number="108">race</token>
<token t_id="110" sentence="7" number="109">from</token>
<token t_id="111" sentence="7" number="110">Paris</token>
<token t_id="112" sentence="7" number="111">to</token>
<token t_id="113" sentence="7" number="112">Vienna</token>
<token t_id="114" sentence="7" number="113">)</token>
<token t_id="115" sentence="7" number="114">first</token>
<token t_id="116" sentence="7" number="115">,</token>
<token t_id="117" sentence="7" number="116">at</token>
<token t_id="118" sentence="7" number="117">1:34:20</token>
<token t_id="119" sentence="7" number="118">P.</token>
<token t_id="120" sentence="7" number="119">M.</token>
<token t_id="121" sentence="7" number="120">His</token>
<token t_id="122" sentence="7" number="121">average</token>
<token t_id="123" sentence="7" number="122">speed</token>
<token t_id="124" sentence="7" number="123">from</token>
<token t_id="125" sentence="7" number="124">Bregenz</token>
<token t_id="126" sentence="7" number="125">to</token>
<token t_id="127" sentence="7" number="126">Salzburg</token>
<token t_id="128" sentence="7" number="127">was</token>
<token t_id="129" sentence="7" number="128">44</token>
<token t_id="130" sentence="7" number="129">½</token>
<token t_id="131" sentence="7" number="130">miles</token>
<token t_id="132" sentence="7" number="131">per</token>
<token t_id="133" sentence="7" number="132">hour</token>
<token t_id="134" sentence="7" number="133">.</token>
<token t_id="135" sentence="8" number="134">Many</token>
<token t_id="136" sentence="8" number="135">of</token>
<token t_id="137" sentence="8" number="136">the</token>
<token t_id="138" sentence="8" number="137">competitors</token>
<token t_id="139" sentence="8" number="138">met</token>
<token t_id="140" sentence="8" number="139">with</token>
<token t_id="141" sentence="8" number="140">slight</token>
<token t_id="142" sentence="8" number="141">accidents</token>
<token t_id="143" sentence="8" number="142">,</token>
<token t_id="144" sentence="8" number="143">owing</token>
<token t_id="145" sentence="8" number="144">to</token>
<token t_id="146" sentence="8" number="145">the</token>
<token t_id="147" sentence="8" number="146">rough</token>
<token t_id="148" sentence="8" number="147">condition</token>
<token t_id="149" sentence="8" number="148">of</token>
<token t_id="150" sentence="8" number="149">the</token>
<token t_id="151" sentence="8" number="150">roads</token>
<token t_id="152" sentence="8" number="151">.</token>
<token t_id="153" sentence="9" number="152">The</token>
<token t_id="154" sentence="9" number="153">Austrian</token>
<token t_id="155" sentence="9" number="154">Emperor</token>
<token t_id="156" sentence="9" number="155">’s</token>
<token t_id="157" sentence="9" number="156">brother</token>
<token t_id="158" sentence="9" number="157">,</token>
<token t_id="159" sentence="9" number="158">Archduke</token>
<token t_id="160" sentence="9" number="159">Ludwig</token>
<token t_id="161" sentence="9" number="160">,</token>
<token t_id="162" sentence="9" number="161">and</token>
<token t_id="163" sentence="9" number="162">Archdukes</token>
<token t_id="164" sentence="9" number="163">Leopold</token>
<token t_id="165" sentence="9" number="164">and</token>
<token t_id="166" sentence="9" number="165">Joseph</token>
<token t_id="167" sentence="9" number="166">Ferdinand</token>
<token t_id="168" sentence="9" number="167">and</token>
<token t_id="169" sentence="9" number="168">the</token>
<token t_id="170" sentence="9" number="169">local</token>
<token t_id="171" sentence="9" number="170">functionaries</token>
<token t_id="172" sentence="9" number="171">witnessed</token>
<token t_id="173" sentence="9" number="172">the</token>
<token t_id="174" sentence="9" number="173">arrival</token>
<token t_id="175" sentence="9" number="174">of</token>
<token t_id="176" sentence="9" number="175">the</token>
<token t_id="177" sentence="9" number="176">racers</token>
<token t_id="178" sentence="9" number="177">at</token>
<token t_id="179" sentence="9" number="178">Salzburg</token>
<token t_id="180" sentence="9" number="179">from</token>
<token t_id="181" sentence="9" number="180">the</token>
<token t_id="182" sentence="9" number="181">grand</token>
<token t_id="183" sentence="9" number="182">stand</token>
<token t_id="184" sentence="9" number="183">.</token>
<token t_id="185" sentence="10" number="184">The</token>
<token t_id="186" sentence="10" number="185">very</token>
<token t_id="187" sentence="10" number="186">large</token>
<token t_id="188" sentence="10" number="187">crowds</token>
<token t_id="189" sentence="10" number="188">of</token>
<token t_id="190" sentence="10" number="189">spectators</token>
<token t_id="191" sentence="10" number="190">gave</token>
<token t_id="192" sentence="10" number="191">Baron</token>
<token t_id="193" sentence="10" number="192">de</token>
<token t_id="194" sentence="10" number="193">Forest</token>
<token t_id="195" sentence="10" number="194">an</token>
<token t_id="196" sentence="10" number="195">ovation</token>
<token t_id="197" sentence="10" number="196">.</token>


<Markables>
<EVENT_MENTION m_id="1" factuality="" modality="" pred="" pos="" aspect="" certainty="" comment="" class="ENTERTAINMENT-ART" tense="" polarity=""  >
<token_anchor t_id="5"/>
</EVENT_MENTION>
<EVENT_MENTION m_id="2" factuality="" modality="" pred="" pos="" aspect="" certainty="" comment="" class="ENTERTAINMENT-ART" tense="" polarity=""  >
<token_anchor t_id="19"/>
</EVENT_MENTION>
<EVENT_MENTION m_id="3" factuality="" modality="" pred="" pos="" aspect="" certainty="" comment="" class="ENTERTAINMENT-ART" tense="" polarity=""  >
<token_anchor t_id="28"/>
</EVENT_MENTION>
<EVENT_MENTION m_id="4" factuality="" modality="" pred="" pos="" aspect="" certainty="" comment="" class="SPACE-MOVEMENT" tense="" polarity=""  >
<token_anchor t_id="30"/>
</EVENT_MENTION>
<EVENT_MENTION m_id="5" factuality="" modality="" pred="" pos="" aspect="" certainty="" comment="" class="ENTERTAINMENT-ART" tense="" polarity=""  >
<token_anchor t_id="47"/>
</EVENT_MENTION>
<EVENT_MENTION m_id="6" factuality="" modality="" pred="" pos="" aspect="" certainty="" comment="" class="EXISTENCE-CAUSATION" tense="" polarity=""  >
<token_anchor t_id="58"/>
<token_anchor t_id="59"/>
</EVENT_MENTION>
<EVENT_MENTION m_id="7" factuality="" modality="" pred="" pos="" aspect="" certainty="" comment="" class="TIME" tense="" polarity=""  >
<token_anchor t_id="62"/>
<token_anchor t_id="63"/>
<token_anchor t_id="64"/>
<token_anchor t_id="65"/>
</EVENT_MENTION>
<EVENT_MENTION m_id="8" factuality="" modality="" pred="" pos="" aspect="" certainty="" comment="" class="SPACE-MOVEMENT" tense="" polarity=""  >
<token_anchor t_id="69"/>
</EVENT_MENTION>
<EVENT_MENTION m_id="9" factuality="" modality="" pred="" pos="" aspect="" certainty="" comment="" class="TIME" tense="" polarity=""  >
<token_anchor t_id="85"/>
<token_anchor t_id="86"/>
<token_anchor t_id="87"/>
<token_anchor t_id="88"/>
<token_anchor t_id="89"/>
<token_anchor t_id="90"/>
<token_anchor t_id="91"/>
<token_anchor t_id="92"/>
<token_anchor t_id="93"/>
<token_anchor t_id="94"/>
</EVENT_MENTION>
<EVENT_MENTION m_id="10" factuality="" modality="" pred="" pos="" aspect="" certainty="" comment="" class="SPACE-MOVEMENT" tense="" polarity=""  >
<token_anchor t_id="99"/>
</EVENT_MENTION>
<EVENT_MENTION m_id="11" factuality="" modality="" pred="" pos="" aspect="" certainty="" comment="" class="ENTERTAINMENT-ART" tense="" polarity=""  >
<token_anchor t_id="109"/>
</EVENT_MENTION>
<EVENT_MENTION m_id="12" factuality="" modality="" pred="" pos="" aspect="" certainty="" comment="" class="MATTER" tense="" polarity=""  >
<token_anchor t_id="128"/>
<token_anchor t_id="129"/>
<token_anchor t_id="130"/>
<token_anchor t_id="131"/>
<token_anchor t_id="132"/>
<token_anchor t_id="133"/>
</EVENT_MENTION>
<EVENT_MENTION m_id="13" factuality="" modality="" pred="" pos="" aspect="" certainty="" comment="" class="EXISTENCE-CAUSATION" tense="" polarity=""  >
<token_anchor t_id="139"/>
<token_anchor t_id="140"/>
<token_anchor t_id="142"/>
</EVENT_MENTION>
<EVENT_MENTION m_id="14" factuality="" modality="" pred="" pos="" aspect="" certainty="" comment="" class="GENERAL" tense="" polarity=""  >
<token_anchor t_id="148"/>
</EVENT_MENTION>
<EVENT_MENTION m_id="15" factuality="" modality="" pred="" pos="" aspect="" certainty="" comment="" class="PHYSICAL SENSATIONS" tense="" polarity=""  >
<token_anchor t_id="172"/>
</EVENT_MENTION>
<EVENT_MENTION m_id="16" factuality="" modality="" pred="" pos="" aspect="" certainty="" comment="" class="SPACE-MOVEMENT" tense="" polarity=""  >
<token_anchor t_id="174"/>
</EVENT_MENTION>
<EVENT_MENTION m_id="17" factuality="" modality="" pred="" pos="" aspect="" certainty="" comment="" class="EMOTIONS-EVALUATIONS" tense="" polarity=""  >
<token_anchor t_id="191"/>
<token_anchor t_id="195"/>
<token_anchor t_id="196"/>
</EVENT_MENTION>
<EVENT_MENTION m_id="18" factuality="" modality="" pred="" pos="" aspect="" certainty="" comment="" class="SPACE-MOVEMENT" tense="" polarity=""  >
<token_anchor t_id="52"/>
<token_anchor t_id="53"/>
<token_anchor t_id="54"/>
</EVENT_MENTION>


</Markables>

<Relations>
</Relations>
</Document>
