<Document doc_name="Laborers_Strike_in_Rotterdam.txt">
<token t_id="1" sentence="0" number="0">May</token>
<token t_id="2" sentence="0" number="1">16</token>
<token t_id="3" sentence="0" number="2">,</token>
<token t_id="4" sentence="0" number="3">1896</token>
<token t_id="5" sentence="1" number="4">Laborers</token>
<token t_id="6" sentence="1" number="5">Strike</token>
<token t_id="7" sentence="1" number="6">in</token>
<token t_id="8" sentence="1" number="7">Rotterdam</token>
<token t_id="9" sentence="2" number="8">Military</token>
<token t_id="10" sentence="2" number="9">Ordered</token>
<token t_id="11" sentence="2" number="10">Out</token>
<token t_id="12" sentence="2" number="11">to</token>
<token t_id="13" sentence="2" number="12">Preserve</token>
<token t_id="14" sentence="2" number="13">the</token>
<token t_id="15" sentence="2" number="14">Peace</token>
<token t_id="16" sentence="3" number="15">Rotterdam</token>
<token t_id="17" sentence="3" number="16">,</token>
<token t_id="18" sentence="3" number="17">May</token>
<token t_id="19" sentence="3" number="18">16</token>
<token t_id="20" sentence="4" number="19">Six</token>
<token t_id="21" sentence="4" number="20">thousand</token>
<token t_id="22" sentence="4" number="21">dock</token>
<token t_id="23" sentence="4" number="22">laborers</token>
<token t_id="24" sentence="4" number="23">in</token>
<token t_id="25" sentence="4" number="24">this</token>
<token t_id="26" sentence="4" number="25">city</token>
<token t_id="27" sentence="4" number="26">have</token>
<token t_id="28" sentence="4" number="27">gone</token>
<token t_id="29" sentence="4" number="28">on</token>
<token t_id="30" sentence="4" number="29">strike</token>
<token t_id="31" sentence="4" number="30">because</token>
<token t_id="32" sentence="4" number="31">of</token>
<token t_id="33" sentence="4" number="32">a</token>
<token t_id="34" sentence="4" number="33">reduction</token>
<token t_id="35" sentence="4" number="34">in</token>
<token t_id="36" sentence="4" number="35">their</token>
<token t_id="37" sentence="4" number="36">wages</token>
<token t_id="38" sentence="4" number="37">,</token>
<token t_id="39" sentence="4" number="38">and</token>
<token t_id="40" sentence="4" number="39">four</token>
<token t_id="41" sentence="4" number="40">battalions</token>
<token t_id="42" sentence="4" number="41">of</token>
<token t_id="43" sentence="4" number="42">the</token>
<token t_id="44" sentence="4" number="43">National</token>
<token t_id="45" sentence="4" number="44">Guard</token>
<token t_id="46" sentence="4" number="45">have</token>
<token t_id="47" sentence="4" number="46">been</token>
<token t_id="48" sentence="4" number="47">called</token>
<token t_id="49" sentence="4" number="48">out</token>
<token t_id="50" sentence="4" number="49">as</token>
<token t_id="51" sentence="4" number="50">a</token>
<token t_id="52" sentence="4" number="51">precaution</token>
<token t_id="53" sentence="4" number="52">against</token>
<token t_id="54" sentence="4" number="53">any</token>
<token t_id="55" sentence="4" number="54">riotous</token>
<token t_id="56" sentence="4" number="55">demonstrations</token>
<token t_id="57" sentence="4" number="56">on</token>
<token t_id="58" sentence="4" number="57">the</token>
<token t_id="59" sentence="4" number="58">part</token>
<token t_id="60" sentence="4" number="59">of</token>
<token t_id="61" sentence="4" number="60">the</token>
<token t_id="62" sentence="4" number="61">strikers</token>
<token t_id="63" sentence="4" number="62">.</token>
<token t_id="64" sentence="5" number="63">Three</token>
<token t_id="65" sentence="5" number="64">gunboats</token>
<token t_id="66" sentence="5" number="65">are</token>
<token t_id="67" sentence="5" number="66">also</token>
<token t_id="68" sentence="5" number="67">lying</token>
<token t_id="69" sentence="5" number="68">opposite</token>
<token t_id="70" sentence="5" number="69">the</token>
<token t_id="71" sentence="5" number="70">city</token>
<token t_id="72" sentence="5" number="71">in</token>
<token t_id="73" sentence="5" number="72">readiness</token>
<token t_id="74" sentence="5" number="73">for</token>
<token t_id="75" sentence="5" number="74">action</token>
<token t_id="76" sentence="5" number="75">should</token>
<token t_id="77" sentence="5" number="76">their</token>
<token t_id="78" sentence="5" number="77">services</token>
<token t_id="79" sentence="5" number="78">be</token>
<token t_id="80" sentence="5" number="79">required</token>
<token t_id="81" sentence="5" number="80">to</token>
<token t_id="82" sentence="5" number="81">protect</token>
<token t_id="83" sentence="5" number="82">the</token>
<token t_id="84" sentence="5" number="83">shipping</token>
<token t_id="85" sentence="5" number="84">.</token>
<token t_id="86" sentence="6" number="85">Mr.</token>
<token t_id="87" sentence="6" number="86">Joseph</token>
<token t_id="88" sentence="6" number="87">Havelock</token>
<token t_id="89" sentence="6" number="88">Wilson</token>
<token t_id="90" sentence="6" number="89">,</token>
<token t_id="91" sentence="6" number="90">member</token>
<token t_id="92" sentence="6" number="91">of</token>
<token t_id="93" sentence="6" number="92">the</token>
<token t_id="94" sentence="6" number="93">British</token>
<token t_id="95" sentence="6" number="94">House</token>
<token t_id="96" sentence="6" number="95">of</token>
<token t_id="97" sentence="6" number="96">Commons</token>
<token t_id="98" sentence="6" number="97">for</token>
<token t_id="99" sentence="6" number="98">Middleborough</token>
<token t_id="100" sentence="6" number="99">,</token>
<token t_id="101" sentence="6" number="100">who</token>
<token t_id="102" sentence="6" number="101">is</token>
<token t_id="103" sentence="6" number="102">now</token>
<token t_id="104" sentence="6" number="103">in</token>
<token t_id="105" sentence="6" number="104">Rotterdam</token>
<token t_id="106" sentence="6" number="105">,</token>
<token t_id="107" sentence="6" number="106">escorted</token>
<token t_id="108" sentence="6" number="107">by</token>
<token t_id="109" sentence="6" number="108">a</token>
<token t_id="110" sentence="6" number="109">detachment</token>
<token t_id="111" sentence="6" number="110">of</token>
<token t_id="112" sentence="6" number="111">soldiers</token>
<token t_id="113" sentence="6" number="112">,</token>
<token t_id="114" sentence="6" number="113">had</token>
<token t_id="115" sentence="6" number="114">an</token>
<token t_id="116" sentence="6" number="115">interview</token>
<token t_id="117" sentence="6" number="116">with</token>
<token t_id="118" sentence="6" number="117">the</token>
<token t_id="119" sentence="6" number="118">Mayor</token>
<token t_id="120" sentence="6" number="119">and</token>
<token t_id="121" sentence="6" number="120">Chief</token>
<token t_id="122" sentence="6" number="121">of</token>
<token t_id="123" sentence="6" number="122">Police</token>
<token t_id="124" sentence="6" number="123">this</token>
<token t_id="125" sentence="6" number="124">morning</token>
<token t_id="126" sentence="6" number="125">.</token>
<token t_id="127" sentence="7" number="126">The</token>
<token t_id="128" sentence="7" number="127">seamen</token>
<token t_id="129" sentence="7" number="128">on</token>
<token t_id="130" sentence="7" number="129">board</token>
<token t_id="131" sentence="7" number="130">the</token>
<token t_id="132" sentence="7" number="131">British</token>
<token t_id="133" sentence="7" number="132">vessels</token>
<token t_id="134" sentence="7" number="133">lying</token>
<token t_id="135" sentence="7" number="134">at</token>
<token t_id="136" sentence="7" number="135">this</token>
<token t_id="137" sentence="7" number="136">port</token>
<token t_id="138" sentence="7" number="137">last</token>
<token t_id="139" sentence="7" number="138">evening</token>
<token t_id="140" sentence="7" number="139">resolved</token>
<token t_id="141" sentence="7" number="140">that</token>
<token t_id="142" sentence="7" number="141">they</token>
<token t_id="143" sentence="7" number="142">would</token>
<token t_id="144" sentence="7" number="143">refuse</token>
<token t_id="145" sentence="7" number="144">to</token>
<token t_id="146" sentence="7" number="145">comply</token>
<token t_id="147" sentence="7" number="146">with</token>
<token t_id="148" sentence="7" number="147">the</token>
<token t_id="149" sentence="7" number="148">demand</token>
<token t_id="150" sentence="7" number="149">they</token>
<token t_id="151" sentence="7" number="150">perform</token>
<token t_id="152" sentence="7" number="151">the</token>
<token t_id="153" sentence="7" number="152">work</token>
<token t_id="154" sentence="7" number="153">of</token>
<token t_id="155" sentence="7" number="154">the</token>
<token t_id="156" sentence="7" number="155">strikers</token>
<token t_id="157" sentence="7" number="156">in</token>
<token t_id="158" sentence="7" number="157">loading</token>
<token t_id="159" sentence="7" number="158">and</token>
<token t_id="160" sentence="7" number="159">discharging</token>
<token t_id="161" sentence="7" number="160">cargo</token>
<token t_id="162" sentence="7" number="161">,</token>
<token t_id="163" sentence="7" number="162">and</token>
<token t_id="164" sentence="7" number="163">the</token>
<token t_id="165" sentence="7" number="164">consequence</token>
<token t_id="166" sentence="7" number="165">is</token>
<token t_id="167" sentence="7" number="166">that</token>
<token t_id="168" sentence="7" number="167">fifty</token>
<token t_id="169" sentence="7" number="168">steamers</token>
<token t_id="170" sentence="7" number="169">are</token>
<token t_id="171" sentence="7" number="170">detained</token>
<token t_id="172" sentence="7" number="171">here</token>
<token t_id="173" sentence="7" number="172">.</token>


<Markables>
<EVENT_MENTION m_id="1" factuality="" modality="" pred="" pos="" aspect="" certainty="" comment="" class="TRADE-WORK" tense="" polarity=""  >
<token_anchor t_id="6"/>
</EVENT_MENTION>
<EVENT_MENTION m_id="2" factuality="" modality="" pred="" pos="" aspect="" certainty="" comment="" class="AUTHORITY-LAW" tense="" polarity=""  >
<token_anchor t_id="10"/>
</EVENT_MENTION>
<EVENT_MENTION m_id="3" factuality="" modality="" pred="" pos="" aspect="" certainty="" comment="" class="GENERAL" tense="" polarity=""  >
<token_anchor t_id="13"/>
</EVENT_MENTION>
<EVENT_MENTION m_id="4" factuality="" modality="" pred="" pos="" aspect="" certainty="" comment="" class="HOSTILITY" tense="" polarity=""  >
<token_anchor t_id="15"/>
</EVENT_MENTION>
<EVENT_MENTION m_id="5" factuality="" modality="" pred="" pos="" aspect="" certainty="" comment="" class="TRADE-WORK" tense="" polarity=""  >
<token_anchor t_id="28"/>
<token_anchor t_id="29"/>
<token_anchor t_id="30"/>
</EVENT_MENTION>
<EVENT_MENTION m_id="6" factuality="" modality="" pred="" pos="" aspect="" certainty="" comment="" class="MEASURE" tense="" polarity=""  >
<token_anchor t_id="34"/>
</EVENT_MENTION>
<EVENT_MENTION m_id="7" factuality="" modality="" pred="" pos="" aspect="" certainty="" comment="" class="COMMUNICATION" tense="" polarity=""  >
<token_anchor t_id="48"/>
<token_anchor t_id="49"/>
</EVENT_MENTION>
<EVENT_MENTION m_id="8" factuality="" modality="" pred="" pos="" aspect="" certainty="" comment="" class="GENERAL" tense="" polarity=""  >
<token_anchor t_id="52"/>
</EVENT_MENTION>
<EVENT_MENTION m_id="9" factuality="" modality="" pred="" pos="" aspect="" certainty="" comment="" class="HOSTILITY" tense="" polarity=""  >
<token_anchor t_id="56"/>
</EVENT_MENTION>
<EVENT_MENTION m_id="10" factuality="" modality="" pred="" pos="" aspect="" certainty="" comment="" class="SPACE-MOVEMENT" tense="" polarity=""  >
<token_anchor t_id="68"/>
</EVENT_MENTION>
<EVENT_MENTION m_id="11" factuality="" modality="" pred="" pos="" aspect="" certainty="" comment="" class="GENERAL" tense="" polarity=""  >
<token_anchor t_id="75"/>
</EVENT_MENTION>
<EVENT_MENTION m_id="12" factuality="" modality="" pred="" pos="" aspect="" certainty="" comment="" class="MENTAL" tense="" polarity=""  >
<token_anchor t_id="80"/>
</EVENT_MENTION>
<EVENT_MENTION m_id="13" factuality="" modality="" pred="" pos="" aspect="" certainty="" comment="" class="GENERAL" tense="" polarity=""  >
<token_anchor t_id="82"/>
</EVENT_MENTION>
<EVENT_MENTION m_id="14" factuality="" modality="" pred="" pos="" aspect="" certainty="" comment="" class="TRADE-WORK" tense="" polarity=""  >
<token_anchor t_id="84"/>
</EVENT_MENTION>
<EVENT_MENTION m_id="15" factuality="" modality="" pred="" pos="" aspect="" certainty="" comment="" class="EXISTENCE-CAUSATION" tense="" polarity=""  >
<token_anchor t_id="102"/>
</EVENT_MENTION>
<EVENT_MENTION m_id="16" factuality="" modality="" pred="" pos="" aspect="" certainty="" comment="" class="SPACE-MOVEMENT" tense="" polarity=""  >
<token_anchor t_id="107"/>
</EVENT_MENTION>
<EVENT_MENTION m_id="17" factuality="" modality="" pred="" pos="" aspect="" certainty="" comment="" class="COMMUNICATION" tense="" polarity=""  >
<token_anchor t_id="114"/>
<token_anchor t_id="115"/>
<token_anchor t_id="116"/>
</EVENT_MENTION>
<EVENT_MENTION m_id="18" factuality="" modality="" pred="" pos="" aspect="" certainty="" comment="" class="SPACE-MOVEMENT" tense="" polarity=""  >
<token_anchor t_id="134"/>
</EVENT_MENTION>
<EVENT_MENTION m_id="19" factuality="" modality="" pred="" pos="" aspect="" certainty="" comment="" class="COMMUNICATION" tense="" polarity=""  >
<token_anchor t_id="140"/>
</EVENT_MENTION>
<EVENT_MENTION m_id="20" factuality="" modality="" pred="" pos="" aspect="" certainty="" comment="" class="MENTAL" tense="" polarity=""  >
<token_anchor t_id="144"/>
</EVENT_MENTION>
<EVENT_MENTION m_id="21" factuality="" modality="" pred="" pos="" aspect="" certainty="" comment="" class="AUTHORITY-LAW" tense="" polarity=""  >
<token_anchor t_id="146"/>
<token_anchor t_id="147"/>
</EVENT_MENTION>
<EVENT_MENTION m_id="22" factuality="" modality="" pred="" pos="" aspect="" certainty="" comment="" class="GENERAL" tense="" polarity=""  >
<token_anchor t_id="151"/>
</EVENT_MENTION>
<EVENT_MENTION m_id="23" factuality="" modality="" pred="" pos="" aspect="" certainty="" comment="" class="TRADE-WORK" tense="" polarity=""  >
<token_anchor t_id="153"/>
</EVENT_MENTION>
<EVENT_MENTION m_id="24" factuality="" modality="" pred="" pos="" aspect="" certainty="" comment="" class="SPACE-MOVEMENT" tense="" polarity=""  >
<token_anchor t_id="158"/>
</EVENT_MENTION>
<EVENT_MENTION m_id="25" factuality="" modality="" pred="" pos="" aspect="" certainty="" comment="" class="SPACE-MOVEMENT" tense="" polarity=""  >
<token_anchor t_id="160"/>
</EVENT_MENTION>
<EVENT_MENTION m_id="26" factuality="" modality="" pred="" pos="" aspect="" certainty="" comment="" class="AUTHORITY-LAW" tense="" polarity=""  >
<token_anchor t_id="171"/>
</EVENT_MENTION>


</Markables>

<Relations>
</Relations>
</Document>
