<Document doc_name="Laundry_Car_over_Cliff.txt">
<token t_id="1" sentence="0" number="0">March</token>
<token t_id="2" sentence="0" number="1">6</token>
<token t_id="3" sentence="0" number="2">,</token>
<token t_id="4" sentence="0" number="3">1918</token>
<token t_id="5" sentence="1" number="4">Laundry</token>
<token t_id="6" sentence="1" number="5">Car</token>
<token t_id="7" sentence="1" number="6">over</token>
<token t_id="8" sentence="1" number="7">Cliff</token>
<token t_id="9" sentence="2" number="8">Laundry</token>
<token t_id="10" sentence="2" number="9">strike</token>
<token t_id="11" sentence="2" number="10">sympathizers</token>
<token t_id="12" sentence="2" number="11">drove</token>
<token t_id="13" sentence="2" number="12">a</token>
<token t_id="14" sentence="2" number="13">Walker</token>
<token t_id="15" sentence="2" number="14">Laundry</token>
<token t_id="16" sentence="2" number="15">Company</token>
<token t_id="17" sentence="2" number="16">motor</token>
<token t_id="18" sentence="2" number="17">truck</token>
<token t_id="19" sentence="2" number="18">over</token>
<token t_id="20" sentence="2" number="19">Cliff</token>
<token t_id="21" sentence="2" number="20">Drive</token>
<token t_id="22" sentence="2" number="21">hill</token>
<token t_id="23" sentence="2" number="22">at</token>
<token t_id="24" sentence="2" number="23">Hardesty</token>
<token t_id="25" sentence="2" number="24">Avenue</token>
<token t_id="26" sentence="2" number="25">late</token>
<token t_id="27" sentence="2" number="26">this</token>
<token t_id="28" sentence="2" number="27">afternoon</token>
<token t_id="29" sentence="2" number="28">,</token>
<token t_id="30" sentence="2" number="29">after</token>
<token t_id="31" sentence="2" number="30">capturing</token>
<token t_id="32" sentence="2" number="31">the</token>
<token t_id="33" sentence="2" number="32">car</token>
<token t_id="34" sentence="2" number="33">and</token>
<token t_id="35" sentence="2" number="34">routing</token>
<token t_id="36" sentence="2" number="35">the</token>
<token t_id="37" sentence="2" number="36">driver</token>
<token t_id="38" sentence="2" number="37">and</token>
<token t_id="39" sentence="2" number="38">two</token>
<token t_id="40" sentence="2" number="39">special</token>
<token t_id="41" sentence="2" number="40">officers</token>
<token t_id="42" sentence="2" number="41">at</token>
<token t_id="43" sentence="2" number="42">Fourteenth</token>
<token t_id="44" sentence="2" number="43">Street</token>
<token t_id="45" sentence="2" number="44">and</token>
<token t_id="46" sentence="2" number="45">Euclid</token>
<token t_id="47" sentence="2" number="46">Avenue</token>
<token t_id="48" sentence="2" number="47">.</token>
<token t_id="49" sentence="3" number="48">One</token>
<token t_id="50" sentence="3" number="49">of</token>
<token t_id="51" sentence="3" number="50">the</token>
<token t_id="52" sentence="3" number="51">special</token>
<token t_id="53" sentence="3" number="52">officers</token>
<token t_id="54" sentence="3" number="53">fired</token>
<token t_id="55" sentence="3" number="54">a</token>
<token t_id="56" sentence="3" number="55">shot</token>
<token t_id="57" sentence="3" number="56">into</token>
<token t_id="58" sentence="3" number="57">the</token>
<token t_id="59" sentence="3" number="58">crowd</token>
<token t_id="60" sentence="3" number="59">before</token>
<token t_id="61" sentence="3" number="60">fleeing</token>
<token t_id="62" sentence="3" number="61">from</token>
<token t_id="63" sentence="3" number="62">the</token>
<token t_id="64" sentence="3" number="63">rain</token>
<token t_id="65" sentence="3" number="64">of</token>
<token t_id="66" sentence="3" number="65">bricks</token>
<token t_id="67" sentence="3" number="66">and</token>
<token t_id="68" sentence="3" number="67">stones</token>
<token t_id="69" sentence="3" number="68">.</token>
<token t_id="70" sentence="4" number="69">No</token>
<token t_id="71" sentence="4" number="70">one</token>
<token t_id="72" sentence="4" number="71">was</token>
<token t_id="73" sentence="4" number="72">injured</token>
<token t_id="74" sentence="4" number="73">.</token>
<token t_id="75" sentence="5" number="74">Homer</token>
<token t_id="76" sentence="5" number="75">Maze</token>
<token t_id="77" sentence="5" number="76">,</token>
<token t_id="78" sentence="5" number="77">5106</token>
<token t_id="79" sentence="5" number="78">East</token>
<token t_id="80" sentence="5" number="79">Twenty-fourth</token>
<token t_id="81" sentence="5" number="80">Street</token>
<token t_id="82" sentence="5" number="81">,</token>
<token t_id="83" sentence="5" number="82">was</token>
<token t_id="84" sentence="5" number="83">driving</token>
<token t_id="85" sentence="5" number="84">the</token>
<token t_id="86" sentence="5" number="85">laundry</token>
<token t_id="87" sentence="5" number="86">truck</token>
<token t_id="88" sentence="5" number="87">.</token>
<token t_id="89" sentence="6" number="88">Guarding</token>
<token t_id="90" sentence="6" number="89">him</token>
<token t_id="91" sentence="6" number="90">were</token>
<token t_id="92" sentence="6" number="91">two</token>
<token t_id="93" sentence="6" number="92">special</token>
<token t_id="94" sentence="6" number="93">officers</token>
<token t_id="95" sentence="6" number="94">,</token>
<token t_id="96" sentence="6" number="95">Sam</token>
<token t_id="97" sentence="6" number="96">Seaman</token>
<token t_id="98" sentence="6" number="97">,</token>
<token t_id="99" sentence="6" number="98">2700</token>
<token t_id="100" sentence="6" number="99">East</token>
<token t_id="101" sentence="6" number="100">Twenty-seventh</token>
<token t_id="102" sentence="6" number="101">Street</token>
<token t_id="103" sentence="6" number="102">,</token>
<token t_id="104" sentence="6" number="103">and</token>
<token t_id="105" sentence="6" number="104">C.L.</token>
<token t_id="106" sentence="6" number="105">Winner</token>
<token t_id="107" sentence="6" number="106">,</token>
<token t_id="108" sentence="6" number="107">717</token>
<token t_id="109" sentence="6" number="108">East</token>
<token t_id="110" sentence="6" number="109">Eleventh</token>
<token t_id="111" sentence="6" number="110">Street</token>
<token t_id="112" sentence="6" number="111">.</token>
<token t_id="113" sentence="7" number="112">Maze</token>
<token t_id="114" sentence="7" number="113">was</token>
<token t_id="115" sentence="7" number="114">making</token>
<token t_id="116" sentence="7" number="115">a</token>
<token t_id="117" sentence="7" number="116">delivery</token>
<token t_id="118" sentence="7" number="117">at</token>
<token t_id="119" sentence="7" number="118">Fourteenth</token>
<token t_id="120" sentence="7" number="119">street</token>
<token t_id="121" sentence="7" number="120">and</token>
<token t_id="122" sentence="7" number="121">Euclid</token>
<token t_id="123" sentence="7" number="122">Avenue</token>
<token t_id="124" sentence="7" number="123">when</token>
<token t_id="125" sentence="7" number="124">a</token>
<token t_id="126" sentence="7" number="125">crowd</token>
<token t_id="127" sentence="7" number="126">of</token>
<token t_id="128" sentence="7" number="127">about</token>
<token t_id="129" sentence="7" number="128">twenty-five</token>
<token t_id="130" sentence="7" number="129">man</token>
<token t_id="131" sentence="7" number="130">and</token>
<token t_id="132" sentence="7" number="131">women</token>
<token t_id="133" sentence="7" number="132">approached</token>
<token t_id="134" sentence="7" number="133">from</token>
<token t_id="135" sentence="7" number="134">the</token>
<token t_id="136" sentence="7" number="135">west</token>
<token t_id="137" sentence="7" number="136">and</token>
<token t_id="138" sentence="7" number="137">opened</token>
<token t_id="139" sentence="7" number="138">fire</token>
<token t_id="140" sentence="7" number="139">of</token>
<token t_id="141" sentence="7" number="140">rocks</token>
<token t_id="142" sentence="7" number="141">and</token>
<token t_id="143" sentence="7" number="142">stones</token>
<token t_id="144" sentence="7" number="143">on</token>
<token t_id="145" sentence="7" number="144">the</token>
<token t_id="146" sentence="7" number="145">standing</token>
<token t_id="147" sentence="7" number="146">car</token>
<token t_id="148" sentence="7" number="147">.</token>
<token t_id="149" sentence="8" number="148">Maze</token>
<token t_id="150" sentence="8" number="149">came</token>
<token t_id="151" sentence="8" number="150">from</token>
<token t_id="152" sentence="8" number="151">the</token>
<token t_id="153" sentence="8" number="152">house</token>
<token t_id="154" sentence="8" number="153">and</token>
<token t_id="155" sentence="8" number="154">made</token>
<token t_id="156" sentence="8" number="155">a</token>
<token t_id="157" sentence="8" number="156">run</token>
<token t_id="158" sentence="8" number="157">to</token>
<token t_id="159" sentence="8" number="158">join</token>
<token t_id="160" sentence="8" number="159">the</token>
<token t_id="161" sentence="8" number="160">special</token>
<token t_id="162" sentence="8" number="161">officers</token>
<token t_id="163" sentence="8" number="162">.</token>
<token t_id="164" sentence="9" number="163">After</token>
<token t_id="165" sentence="9" number="164">several</token>
<token t_id="166" sentence="9" number="165">minutes</token>
<token t_id="167" sentence="9" number="166">of</token>
<token t_id="168" sentence="9" number="167">fusillading</token>
<token t_id="169" sentence="9" number="168">stones</token>
<token t_id="170" sentence="9" number="169">,</token>
<token t_id="171" sentence="9" number="170">the</token>
<token t_id="172" sentence="9" number="171">officers</token>
<token t_id="173" sentence="9" number="172">and</token>
<token t_id="174" sentence="9" number="173">Maze</token>
<token t_id="175" sentence="9" number="174">deserted</token>
<token t_id="176" sentence="9" number="175">the</token>
<token t_id="177" sentence="9" number="176">car</token>
<token t_id="178" sentence="9" number="177">and</token>
<token t_id="179" sentence="9" number="178">reported</token>
<token t_id="180" sentence="9" number="179">the</token>
<token t_id="181" sentence="9" number="180">disturbance</token>
<token t_id="182" sentence="9" number="181">at</token>
<token t_id="183" sentence="9" number="182">the</token>
<token t_id="184" sentence="9" number="183">Flora</token>
<token t_id="185" sentence="9" number="184">Avenue</token>
<token t_id="186" sentence="9" number="185">Police</token>
<token t_id="187" sentence="9" number="186">Station</token>
<token t_id="188" sentence="9" number="187">.</token>
<token t_id="189" sentence="10" number="188">Seaman</token>
<token t_id="190" sentence="10" number="189">,</token>
<token t_id="191" sentence="10" number="190">one</token>
<token t_id="192" sentence="10" number="191">of</token>
<token t_id="193" sentence="10" number="192">the</token>
<token t_id="194" sentence="10" number="193">special</token>
<token t_id="195" sentence="10" number="194">officers</token>
<token t_id="196" sentence="10" number="195">,</token>
<token t_id="197" sentence="10" number="196">told</token>
<token t_id="198" sentence="10" number="197">of</token>
<token t_id="199" sentence="10" number="198">firing</token>
<token t_id="200" sentence="10" number="199">a</token>
<token t_id="201" sentence="10" number="200">shot</token>
<token t_id="202" sentence="10" number="201">toward</token>
<token t_id="203" sentence="10" number="202">the</token>
<token t_id="204" sentence="10" number="203">crowd</token>
<token t_id="205" sentence="10" number="204">,</token>
<token t_id="206" sentence="10" number="205">attempting</token>
<token t_id="207" sentence="10" number="206">to</token>
<token t_id="208" sentence="10" number="207">disperse</token>
<token t_id="209" sentence="10" number="208">the</token>
<token t_id="210" sentence="10" number="209">strike</token>
<token t_id="211" sentence="10" number="210">sympathizers</token>
<token t_id="212" sentence="10" number="211">.</token>
<token t_id="213" sentence="11" number="212">Re-enforcements</token>
<token t_id="214" sentence="11" number="213">joining</token>
<token t_id="215" sentence="11" number="214">the</token>
<token t_id="216" sentence="11" number="215">attacking</token>
<token t_id="217" sentence="11" number="216">party</token>
<token t_id="218" sentence="11" number="217">seemed</token>
<token t_id="219" sentence="11" number="218">to</token>
<token t_id="220" sentence="11" number="219">arrive</token>
<token t_id="221" sentence="11" number="220">steadily</token>
<token t_id="222" sentence="11" number="221">,</token>
<token t_id="223" sentence="11" number="222">they</token>
<token t_id="224" sentence="11" number="223">said</token>
<token t_id="225" sentence="11" number="224">,</token>
<token t_id="226" sentence="11" number="225">so</token>
<token t_id="227" sentence="11" number="226">they</token>
<token t_id="228" sentence="11" number="227">gave</token>
<token t_id="229" sentence="11" number="228">up</token>
<token t_id="230" sentence="11" number="229">the</token>
<token t_id="231" sentence="11" number="230">car</token>
<token t_id="232" sentence="11" number="231">to</token>
<token t_id="233" sentence="11" number="232">the</token>
<token t_id="234" sentence="11" number="233">crowd</token>
<token t_id="235" sentence="11" number="234">.</token>
<token t_id="236" sentence="12" number="235">When</token>
<token t_id="237" sentence="12" number="236">the</token>
<token t_id="238" sentence="12" number="237">police</token>
<token t_id="239" sentence="12" number="238">arrived</token>
<token t_id="240" sentence="12" number="239">at</token>
<token t_id="241" sentence="12" number="240">the</token>
<token t_id="242" sentence="12" number="241">scene</token>
<token t_id="243" sentence="12" number="242">of</token>
<token t_id="244" sentence="12" number="243">the</token>
<token t_id="245" sentence="12" number="244">disturbance</token>
<token t_id="246" sentence="12" number="245">a</token>
<token t_id="247" sentence="12" number="246">part</token>
<token t_id="248" sentence="12" number="247">of</token>
<token t_id="249" sentence="12" number="248">the</token>
<token t_id="250" sentence="12" number="249">crowd</token>
<token t_id="251" sentence="12" number="250">was</token>
<token t_id="252" sentence="12" number="251">yet</token>
<token t_id="253" sentence="12" number="252">there</token>
<token t_id="254" sentence="12" number="253">.</token>
<token t_id="255" sentence="13" number="254">Six</token>
<token t_id="256" sentence="13" number="255">men</token>
<token t_id="257" sentence="13" number="256">and</token>
<token t_id="258" sentence="13" number="257">one</token>
<token t_id="259" sentence="13" number="258">woman</token>
<token t_id="260" sentence="13" number="259">were</token>
<token t_id="261" sentence="13" number="260">arrested</token>
<token t_id="262" sentence="13" number="261">.</token>
<token t_id="263" sentence="14" number="262">The</token>
<token t_id="264" sentence="14" number="263">men</token>
<token t_id="265" sentence="14" number="264">could</token>
<token t_id="266" sentence="14" number="265">not</token>
<token t_id="267" sentence="14" number="266">be</token>
<token t_id="268" sentence="14" number="267">identified</token>
<token t_id="269" sentence="14" number="268">by</token>
<token t_id="270" sentence="14" number="269">Maze</token>
<token t_id="271" sentence="14" number="270">or</token>
<token t_id="272" sentence="14" number="271">the</token>
<token t_id="273" sentence="14" number="272">special</token>
<token t_id="274" sentence="14" number="273">officers</token>
<token t_id="275" sentence="14" number="274">as</token>
<token t_id="276" sentence="14" number="275">having</token>
<token t_id="277" sentence="14" number="276">thrown</token>
<token t_id="278" sentence="14" number="277">stones</token>
<token t_id="279" sentence="14" number="278">.</token>
<token t_id="280" sentence="15" number="279">The</token>
<token t_id="281" sentence="15" number="280">woman</token>
<token t_id="282" sentence="15" number="281">,</token>
<token t_id="283" sentence="15" number="282">Julia</token>
<token t_id="284" sentence="15" number="283">Anderson</token>
<token t_id="285" sentence="15" number="284">,</token>
<token t_id="286" sentence="15" number="285">1711</token>
<token t_id="287" sentence="15" number="286">We</token>
<token t_id="288" sentence="15" number="287">st</token>
<token t_id="289" sentence="15" number="288">Prospect</token>
<token t_id="290" sentence="15" number="289">Place</token>
<token t_id="291" sentence="15" number="290">,</token>
<token t_id="292" sentence="15" number="291">was</token>
<token t_id="293" sentence="15" number="292">identified</token>
<token t_id="294" sentence="15" number="293">by</token>
<token t_id="295" sentence="15" number="294">them</token>
<token t_id="296" sentence="15" number="295">and</token>
<token t_id="297" sentence="15" number="296">was</token>
<token t_id="298" sentence="15" number="297">held</token>
<token t_id="299" sentence="15" number="298">on</token>
<token t_id="300" sentence="15" number="299">a</token>
<token t_id="301" sentence="15" number="300">$</token>
<token t_id="302" sentence="15" number="301">51</token>
<token t_id="303" sentence="15" number="302">cash</token>
<token t_id="304" sentence="15" number="303">bond</token>
<token t_id="305" sentence="15" number="304">.</token>
<token t_id="306" sentence="16" number="305">She</token>
<token t_id="307" sentence="16" number="306">denies</token>
<token t_id="308" sentence="16" number="307">having</token>
<token t_id="309" sentence="16" number="308">thrown</token>
<token t_id="310" sentence="16" number="309">anything</token>
<token t_id="311" sentence="16" number="310">.</token>
<token t_id="312" sentence="17" number="311">The</token>
<token t_id="313" sentence="17" number="312">truck</token>
<token t_id="314" sentence="17" number="313">was</token>
<token t_id="315" sentence="17" number="314">found</token>
<token t_id="316" sentence="17" number="315">after</token>
<token t_id="317" sentence="17" number="316">a</token>
<token t_id="318" sentence="17" number="317">search</token>
<token t_id="319" sentence="17" number="318">,</token>
<token t_id="320" sentence="17" number="319">but</token>
<token t_id="321" sentence="17" number="320">is</token>
<token t_id="322" sentence="17" number="321">practically</token>
<token t_id="323" sentence="17" number="322">demolished</token>
<token t_id="324" sentence="17" number="323">.</token>
<token t_id="325" sentence="18" number="324">A</token>
<token t_id="326" sentence="18" number="325">second</token>
<token t_id="327" sentence="18" number="326">``</token>
<token t_id="328" sentence="18" number="327">wrecking</token>
<token t_id="329" sentence="18" number="328">party</token>
<token t_id="330" sentence="18" number="329">was</token>
<token t_id="331" sentence="18" number="330">reported</token>
<token t_id="332" sentence="18" number="331">from</token>
<token t_id="333" sentence="18" number="332">Eleventh</token>
<token t_id="334" sentence="18" number="333">Street</token>
<token t_id="335" sentence="18" number="334">and</token>
<token t_id="336" sentence="18" number="335">Chestnut</token>
<token t_id="337" sentence="18" number="336">Avenue</token>
<token t_id="338" sentence="18" number="337">.</token>
<token t_id="339" sentence="19" number="338">B.</token>
<token t_id="340" sentence="19" number="339">L.</token>
<token t_id="341" sentence="19" number="340">Ferguson</token>
<token t_id="342" sentence="19" number="341">,</token>
<token t_id="343" sentence="19" number="342">6424</token>
<token t_id="344" sentence="19" number="343">Lee</token>
<token t_id="345" sentence="19" number="344">Street</token>
<token t_id="346" sentence="19" number="345">,</token>
<token t_id="347" sentence="19" number="346">driver</token>
<token t_id="348" sentence="19" number="347">of</token>
<token t_id="349" sentence="19" number="348">a</token>
<token t_id="350" sentence="19" number="349">Kansas</token>
<token t_id="351" sentence="19" number="350">City</token>
<token t_id="352" sentence="19" number="351">Laundry</token>
<token t_id="353" sentence="19" number="352">Company</token>
<token t_id="354" sentence="19" number="353">truck</token>
<token t_id="355" sentence="19" number="354">,</token>
<token t_id="356" sentence="19" number="355">and</token>
<token t_id="357" sentence="19" number="356">a</token>
<token t_id="358" sentence="19" number="357">special</token>
<token t_id="359" sentence="19" number="358">officer</token>
<token t_id="360" sentence="19" number="359">,</token>
<token t_id="361" sentence="19" number="360">Salvator</token>
<token t_id="362" sentence="19" number="361">Schira</token>
<token t_id="363" sentence="19" number="362">,</token>
<token t_id="364" sentence="19" number="363">1911</token>
<token t_id="365" sentence="19" number="364">Missouri</token>
<token t_id="366" sentence="19" number="365">Avenue</token>
<token t_id="367" sentence="19" number="366">,</token>
<token t_id="368" sentence="19" number="367">were</token>
<token t_id="369" sentence="19" number="368">attacked</token>
<token t_id="370" sentence="19" number="369">by</token>
<token t_id="371" sentence="19" number="370">fifteen</token>
<token t_id="372" sentence="19" number="371">men</token>
<token t_id="373" sentence="19" number="372">and</token>
<token t_id="374" sentence="19" number="373">twelve</token>
<token t_id="375" sentence="19" number="374">women</token>
<token t_id="376" sentence="19" number="375">.</token>
<token t_id="377" sentence="20" number="376">A</token>
<token t_id="378" sentence="20" number="377">stone</token>
<token t_id="379" sentence="20" number="378">thrown</token>
<token t_id="380" sentence="20" number="379">by</token>
<token t_id="381" sentence="20" number="380">one</token>
<token t_id="382" sentence="20" number="381">of</token>
<token t_id="383" sentence="20" number="382">the</token>
<token t_id="384" sentence="20" number="383">striking</token>
<token t_id="385" sentence="20" number="384">laundry</token>
<token t_id="386" sentence="20" number="385">workers</token>
<token t_id="387" sentence="20" number="386">struck</token>
<token t_id="388" sentence="20" number="387">Ferguson</token>
<token t_id="389" sentence="20" number="388">on</token>
<token t_id="390" sentence="20" number="389">the</token>
<token t_id="391" sentence="20" number="390">cheek</token>
<token t_id="392" sentence="20" number="391">,</token>
<token t_id="393" sentence="20" number="392">another</token>
<token t_id="394" sentence="20" number="393">on</token>
<token t_id="395" sentence="20" number="394">the</token>
<token t_id="396" sentence="20" number="395">right</token>
<token t_id="397" sentence="20" number="396">hand</token>
<token t_id="398" sentence="20" number="397">.</token>
<token t_id="399" sentence="21" number="398">His</token>
<token t_id="400" sentence="21" number="399">injuries</token>
<token t_id="401" sentence="21" number="400">are</token>
<token t_id="402" sentence="21" number="401">not</token>
<token t_id="403" sentence="21" number="402">severe</token>
<token t_id="404" sentence="21" number="403">.</token>


<Markables>
<EVENT_MENTION m_id="33" factuality="" modality="" pred="" pos="" aspect="" certainty="" comment="" class="COMMUNICATION" tense="" polarity=""  >
<token_anchor t_id="224"/>
</EVENT_MENTION>
<EVENT_MENTION m_id="1" factuality="" modality="" pred="" pos="" aspect="" certainty="" comment="" class="TRADE-WORK" tense="" polarity=""  >
<token_anchor t_id="10"/>
</EVENT_MENTION>
<EVENT_MENTION m_id="34" factuality="" modality="" pred="" pos="" aspect="" certainty="" comment="" class="SPACE-MOVEMENT" tense="" polarity=""  >
<token_anchor t_id="228"/>
<token_anchor t_id="229"/>
</EVENT_MENTION>
<EVENT_MENTION m_id="2" factuality="" modality="" pred="" pos="" aspect="" certainty="" comment="" class="SPACE-MOVEMENT" tense="" polarity=""  >
<token_anchor t_id="12"/>
</EVENT_MENTION>
<EVENT_MENTION m_id="35" factuality="" modality="" pred="" pos="" aspect="" certainty="" comment="" class="SPACE-MOVEMENT" tense="" polarity=""  >
<token_anchor t_id="239"/>
</EVENT_MENTION>
<EVENT_MENTION m_id="3" factuality="" modality="" pred="" pos="" aspect="" certainty="" comment="" class="POSSESSION" tense="" polarity=""  >
<token_anchor t_id="31"/>
</EVENT_MENTION>
<EVENT_MENTION m_id="36" factuality="" modality="" pred="" pos="" aspect="" certainty="" comment="" class="HOSTILITY" tense="" polarity=""  >
<token_anchor t_id="245"/>
</EVENT_MENTION>
<EVENT_MENTION m_id="4" factuality="" modality="" pred="" pos="" aspect="" certainty="" comment="" class="SPACE-MOVEMENT" tense="" polarity=""  >
<token_anchor t_id="35"/>
</EVENT_MENTION>
<EVENT_MENTION m_id="37" factuality="" modality="" pred="" pos="" aspect="" certainty="" comment="" class="EXISTENCE-CAUSATION" tense="" polarity=""  >
<token_anchor t_id="251"/>
</EVENT_MENTION>
<EVENT_MENTION m_id="5" factuality="" modality="" pred="" pos="" aspect="" certainty="" comment="" class="HOSTILITY" tense="" polarity=""  >
<token_anchor t_id="54"/>
</EVENT_MENTION>
<EVENT_MENTION m_id="38" factuality="" modality="" pred="" pos="" aspect="" certainty="" comment="" class="AUTHORITY-LAW" tense="" polarity=""  >
<token_anchor t_id="261"/>
</EVENT_MENTION>
<EVENT_MENTION m_id="6" factuality="" modality="" pred="" pos="" aspect="" certainty="" comment="" class="HOSTILITY" tense="" polarity=""  >
<token_anchor t_id="56"/>
</EVENT_MENTION>
<EVENT_MENTION m_id="39" factuality="" modality="" pred="" pos="" aspect="" certainty="" comment="" class="MENTAL" tense="" polarity=""  >
<token_anchor t_id="268"/>
</EVENT_MENTION>
<EVENT_MENTION m_id="7" factuality="" modality="" pred="" pos="" aspect="" certainty="" comment="" class="SPACE-MOVEMENT" tense="" polarity=""  >
<token_anchor t_id="61"/>
</EVENT_MENTION>
<EVENT_MENTION m_id="40" factuality="" modality="" pred="" pos="" aspect="" certainty="" comment="" class="SPACE-MOVEMENT" tense="" polarity=""  >
<token_anchor t_id="277"/>
</EVENT_MENTION>
<EVENT_MENTION m_id="8" factuality="" modality="" pred="" pos="" aspect="" certainty="" comment="" class="LIFE-HEALTH" tense="" polarity=""  >
<token_anchor t_id="73"/>
</EVENT_MENTION>
<EVENT_MENTION m_id="41" factuality="" modality="" pred="" pos="" aspect="" certainty="" comment="" class="MENTAL" tense="" polarity=""  >
<token_anchor t_id="293"/>
</EVENT_MENTION>
<EVENT_MENTION m_id="9" factuality="" modality="" pred="" pos="" aspect="" certainty="" comment="" class="SPACE-MOVEMENT" tense="" polarity=""  >
<token_anchor t_id="84"/>
</EVENT_MENTION>
<EVENT_MENTION m_id="42" factuality="" modality="" pred="" pos="" aspect="" certainty="" comment="" class="COMMUNICATION" tense="" polarity=""  >
<token_anchor t_id="307"/>
</EVENT_MENTION>
<EVENT_MENTION m_id="10" factuality="" modality="" pred="" pos="" aspect="" certainty="" comment="" class="SPACE-MOVEMENT" tense="" polarity=""  >
<token_anchor t_id="115"/>
<token_anchor t_id="116"/>
<token_anchor t_id="117"/>
</EVENT_MENTION>
<EVENT_MENTION m_id="43" factuality="" modality="" pred="" pos="" aspect="" certainty="" comment="" class="SPACE-MOVEMENT" tense="" polarity=""  >
<token_anchor t_id="309"/>
</EVENT_MENTION>
<EVENT_MENTION m_id="11" factuality="" modality="" pred="" pos="" aspect="" certainty="" comment="" class="SPACE-MOVEMENT" tense="" polarity=""  >
<token_anchor t_id="133"/>
</EVENT_MENTION>
<EVENT_MENTION m_id="44" factuality="" modality="" pred="" pos="" aspect="" certainty="" comment="" class="GENERAL" tense="" polarity=""  >
<token_anchor t_id="315"/>
</EVENT_MENTION>
<EVENT_MENTION m_id="12" factuality="" modality="" pred="" pos="" aspect="" certainty="" comment="" class="HOSTILITY" tense="" polarity=""  >
<token_anchor t_id="138"/>
<token_anchor t_id="139"/>
</EVENT_MENTION>
<EVENT_MENTION m_id="45" factuality="" modality="" pred="" pos="" aspect="" certainty="" comment="" class="GENERAL" tense="" polarity=""  >
<token_anchor t_id="318"/>
</EVENT_MENTION>
<EVENT_MENTION m_id="13" factuality="" modality="" pred="" pos="" aspect="" certainty="" comment="" class="SPACE-MOVEMENT" tense="" polarity=""  >
<token_anchor t_id="146"/>
</EVENT_MENTION>
<EVENT_MENTION m_id="46" factuality="" modality="" pred="" pos="" aspect="" certainty="" comment="" class="EXISTENCE-CAUSATION" tense="" polarity=""  >
<token_anchor t_id="323"/>
</EVENT_MENTION>
<EVENT_MENTION m_id="14" factuality="" modality="" pred="" pos="" aspect="" certainty="" comment="" class="AUTHORITY-LAW" tense="" polarity=""  >
<token_anchor t_id="89"/>
</EVENT_MENTION>
<EVENT_MENTION m_id="47" factuality="" modality="" pred="" pos="" aspect="" certainty="" comment="" class="EXISTENCE-CAUSATION" tense="" polarity=""  >
<token_anchor t_id="328"/>
</EVENT_MENTION>
<EVENT_MENTION m_id="15" factuality="" modality="" pred="" pos="" aspect="" certainty="" comment="" class="EXISTENCE-CAUSATION" tense="" polarity=""  >
<token_anchor t_id="91"/>
</EVENT_MENTION>
<EVENT_MENTION m_id="48" factuality="" modality="" pred="" pos="" aspect="" certainty="" comment="" class="COMMUNICATION" tense="" polarity=""  >
<token_anchor t_id="331"/>
</EVENT_MENTION>
<EVENT_MENTION m_id="16" factuality="" modality="" pred="" pos="" aspect="" certainty="" comment="" class="SPACE-MOVEMENT" tense="" polarity=""  >
<token_anchor t_id="155"/>
<token_anchor t_id="156"/>
<token_anchor t_id="157"/>
</EVENT_MENTION>
<EVENT_MENTION m_id="49" factuality="" modality="" pred="" pos="" aspect="" certainty="" comment="" class="HOSTILITY" tense="" polarity=""  >
<token_anchor t_id="369"/>
</EVENT_MENTION>
<EVENT_MENTION m_id="17" factuality="" modality="" pred="" pos="" aspect="" certainty="" comment="" class="SOCIAL" tense="" polarity=""  >
<token_anchor t_id="159"/>
</EVENT_MENTION>
<EVENT_MENTION m_id="50" factuality="" modality="" pred="" pos="" aspect="" certainty="" comment="" class="SPACE-MOVEMENT" tense="" polarity=""  >
<token_anchor t_id="379"/>
</EVENT_MENTION>
<EVENT_MENTION m_id="18" factuality="" modality="" pred="" pos="" aspect="" certainty="" comment="" class="SPACE-MOVEMENT" tense="" polarity=""  >
<token_anchor t_id="150"/>
</EVENT_MENTION>
<EVENT_MENTION m_id="51" factuality="" modality="" pred="" pos="" aspect="" certainty="" comment="" class="TRADE-WORK" tense="" polarity=""  >
<token_anchor t_id="384"/>
</EVENT_MENTION>
<EVENT_MENTION m_id="19" factuality="" modality="" pred="" pos="" aspect="" certainty="" comment="" class="HOSTILITY" tense="" polarity=""  >
<token_anchor t_id="168"/>
</EVENT_MENTION>
<EVENT_MENTION m_id="20" factuality="" modality="" pred="" pos="" aspect="" certainty="" comment="" class="POSSESSION" tense="" polarity=""  >
<token_anchor t_id="175"/>
</EVENT_MENTION>
<EVENT_MENTION m_id="52" factuality="" modality="" pred="" pos="" aspect="" certainty="" comment="" class="SPACE-MOVEMENT" tense="" polarity=""  >
<token_anchor t_id="387"/>
</EVENT_MENTION>
<EVENT_MENTION m_id="21" factuality="" modality="" pred="" pos="" aspect="" certainty="" comment="" class="COMMUNICATION" tense="" polarity=""  >
<token_anchor t_id="179"/>
</EVENT_MENTION>
<EVENT_MENTION m_id="53" factuality="" modality="" pred="" pos="" aspect="" certainty="" comment="" class="EMOTIONS-EVALUATIONS" tense="" polarity=""  >
<token_anchor t_id="401"/>
<token_anchor t_id="402"/>
<token_anchor t_id="403"/>
</EVENT_MENTION>
<EVENT_MENTION m_id="22" factuality="" modality="" pred="" pos="" aspect="" certainty="" comment="" class="HOSTILITY" tense="" polarity=""  >
<token_anchor t_id="181"/>
</EVENT_MENTION>
<EVENT_MENTION m_id="54" factuality="" modality="" pred="" pos="" aspect="" certainty="" comment="" class="GENERAL" tense="" polarity=""  >
<token_anchor t_id="298"/>
</EVENT_MENTION>
<EVENT_MENTION m_id="23" factuality="" modality="" pred="" pos="" aspect="" certainty="" comment="" class="COMMUNICATION" tense="" polarity=""  >
<token_anchor t_id="197"/>
</EVENT_MENTION>
<EVENT_MENTION m_id="24" factuality="" modality="" pred="" pos="" aspect="" certainty="" comment="" class="HOSTILITY" tense="" polarity=""  >
<token_anchor t_id="199"/>
</EVENT_MENTION>
<EVENT_MENTION m_id="25" factuality="" modality="" pred="" pos="" aspect="" certainty="" comment="" class="HOSTILITY" tense="" polarity=""  >
<token_anchor t_id="201"/>
</EVENT_MENTION>
<EVENT_MENTION m_id="26" factuality="" modality="" pred="" pos="" aspect="" certainty="" comment="" class="MENTAL" tense="" polarity=""  >
<token_anchor t_id="206"/>
</EVENT_MENTION>
<EVENT_MENTION m_id="27" factuality="" modality="" pred="" pos="" aspect="" certainty="" comment="" class="SPACE-MOVEMENT" tense="" polarity=""  >
<token_anchor t_id="208"/>
</EVENT_MENTION>
<EVENT_MENTION m_id="28" factuality="" modality="" pred="" pos="" aspect="" certainty="" comment="" class="TRADE-WORK" tense="" polarity=""  >
<token_anchor t_id="210"/>
</EVENT_MENTION>
<EVENT_MENTION m_id="29" factuality="" modality="" pred="" pos="" aspect="" certainty="" comment="" class="SOCIAL" tense="" polarity=""  >
<token_anchor t_id="214"/>
</EVENT_MENTION>
<EVENT_MENTION m_id="30" factuality="" modality="" pred="" pos="" aspect="" certainty="" comment="" class="HOSTILITY" tense="" polarity=""  >
<token_anchor t_id="216"/>
</EVENT_MENTION>
<EVENT_MENTION m_id="31" factuality="" modality="" pred="" pos="" aspect="" certainty="" comment="" class="MENTAL" tense="" polarity=""  >
<token_anchor t_id="218"/>
</EVENT_MENTION>
<EVENT_MENTION m_id="32" factuality="" modality="" pred="" pos="" aspect="" certainty="" comment="" class="SPACE-MOVEMENT" tense="" polarity=""  >
<token_anchor t_id="220"/>
</EVENT_MENTION>


</Markables>

<Relations>
</Relations>
</Document>
