<Document doc_name="Mark_Twain_here.txt">
<token t_id="1" sentence="0" number="0">April</token>
<token t_id="2" sentence="0" number="1">25</token>
<token t_id="3" sentence="0" number="2">,</token>
<token t_id="4" sentence="0" number="3">1907</token>
<token t_id="5" sentence="1" number="4">Mark</token>
<token t_id="6" sentence="1" number="5">Twain</token>
<token t_id="7" sentence="1" number="6">here</token>
<token t_id="8" sentence="1" number="7">with</token>
<token t_id="9" sentence="1" number="8">H.</token>
<token t_id="10" sentence="1" number="9">H.</token>
<token t_id="11" sentence="1" number="10">Rogers</token>
<token t_id="12" sentence="2" number="11">A</token>
<token t_id="13" sentence="2" number="12">luxurious</token>
<token t_id="14" sentence="2" number="13">mahogany</token>
<token t_id="15" sentence="2" number="14">tender</token>
<token t_id="16" sentence="2" number="15">bearing</token>
<token t_id="17" sentence="2" number="16">the</token>
<token t_id="18" sentence="2" number="17">name</token>
<token t_id="19" sentence="2" number="18">Kanawha</token>
<token t_id="20" sentence="2" number="19">lay</token>
<token t_id="21" sentence="2" number="20">wallowing</token>
<token t_id="22" sentence="2" number="21">in</token>
<token t_id="23" sentence="2" number="22">the</token>
<token t_id="24" sentence="2" number="23">slip</token>
<token t_id="25" sentence="2" number="24">adjoining</token>
<token t_id="26" sentence="2" number="25">the</token>
<token t_id="27" sentence="2" number="26">Norfolk-Portsmouth</token>
<token t_id="28" sentence="2" number="27">ferry</token>
<token t_id="29" sentence="2" number="28">pier</token>
<token t_id="30" sentence="2" number="29">this</token>
<token t_id="31" sentence="2" number="30">afternoon</token>
<token t_id="32" sentence="2" number="31">.</token>
<token t_id="33" sentence="3" number="32">Off</token>
<token t_id="34" sentence="3" number="33">shore</token>
<token t_id="35" sentence="3" number="34">lay</token>
<token t_id="36" sentence="3" number="35">a</token>
<token t_id="37" sentence="3" number="36">great</token>
<token t_id="38" sentence="3" number="37">white</token>
<token t_id="39" sentence="3" number="38">steam</token>
<token t_id="40" sentence="3" number="39">yacht</token>
<token t_id="41" sentence="3" number="40">,</token>
<token t_id="42" sentence="3" number="41">while</token>
<token t_id="43" sentence="3" number="42">o</token>
<token t_id="44" sentence="3" number="43">the</token>
<token t_id="45" sentence="3" number="44">pier</token>
<token t_id="46" sentence="3" number="45">an</token>
<token t_id="47" sentence="3" number="46">inquisitive</token>
<token t_id="48" sentence="3" number="47">person</token>
<token t_id="49" sentence="3" number="48">connected</token>
<token t_id="50" sentence="3" number="49">with</token>
<token t_id="51" sentence="3" number="50">the</token>
<token t_id="52" sentence="3" number="51">local</token>
<token t_id="53" sentence="3" number="52">newspaper</token>
<token t_id="54" sentence="3" number="53">sought</token>
<token t_id="55" sentence="3" number="54">to</token>
<token t_id="56" sentence="3" number="55">pump</token>
<token t_id="57" sentence="3" number="56">out</token>
<token t_id="58" sentence="3" number="57">of</token>
<token t_id="59" sentence="3" number="58">the</token>
<token t_id="60" sentence="3" number="59">head</token>
<token t_id="61" sentence="3" number="60">man</token>
<token t_id="62" sentence="3" number="61">on</token>
<token t_id="63" sentence="3" number="62">the</token>
<token t_id="64" sentence="3" number="63">yacht</token>
<token t_id="65" sentence="3" number="64">tender</token>
<token t_id="66" sentence="3" number="65">whether</token>
<token t_id="67" sentence="3" number="66">Norfolk</token>
<token t_id="68" sentence="3" number="67">'s</token>
<token t_id="69" sentence="3" number="68">greatest</token>
<token t_id="70" sentence="3" number="69">benefactor</token>
<token t_id="71" sentence="3" number="70">Henry</token>
<token t_id="72" sentence="3" number="71">H.</token>
<token t_id="73" sentence="3" number="72">Rogers</token>
<token t_id="74" sentence="3" number="73">,</token>
<token t_id="75" sentence="3" number="74">was</token>
<token t_id="76" sentence="3" number="75">aboard</token>
<token t_id="77" sentence="3" number="76">his</token>
<token t_id="78" sentence="3" number="77">yacht</token>
<token t_id="79" sentence="3" number="78">or</token>
<token t_id="80" sentence="3" number="79">to</token>
<token t_id="81" sentence="3" number="80">the</token>
<token t_id="82" sentence="3" number="81">best</token>
<token t_id="83" sentence="3" number="82">of</token>
<token t_id="84" sentence="3" number="83">his</token>
<token t_id="85" sentence="3" number="84">knowledge</token>
<token t_id="86" sentence="3" number="85">and</token>
<token t_id="87" sentence="3" number="86">belief</token>
<token t_id="88" sentence="3" number="87">ever</token>
<token t_id="89" sentence="3" number="88">had</token>
<token t_id="90" sentence="3" number="89">been</token>
<token t_id="91" sentence="3" number="90">aboard</token>
<token t_id="92" sentence="3" number="91">and</token>
<token t_id="93" sentence="3" number="92">failed</token>
<token t_id="94" sentence="3" number="93">completely</token>
<token t_id="95" sentence="3" number="94">.</token>
<token t_id="96" sentence="4" number="95">Then</token>
<token t_id="97" sentence="4" number="96">a</token>
<token t_id="98" sentence="4" number="97">figure</token>
<token t_id="99" sentence="4" number="98">in</token>
<token t_id="100" sentence="4" number="99">ghostly</token>
<token t_id="101" sentence="4" number="100">garb</token>
<token t_id="102" sentence="4" number="101">,</token>
<token t_id="103" sentence="4" number="102">which</token>
<token t_id="104" sentence="4" number="103">recently</token>
<token t_id="105" sentence="4" number="104">with</token>
<token t_id="106" sentence="4" number="105">rare</token>
<token t_id="107" sentence="4" number="106">humor</token>
<token t_id="108" sentence="4" number="107">announced</token>
<token t_id="109" sentence="4" number="108">that</token>
<token t_id="110" sentence="4" number="109">it</token>
<token t_id="111" sentence="4" number="110">had</token>
<token t_id="112" sentence="4" number="111">just</token>
<token t_id="113" sentence="4" number="112">rounded</token>
<token t_id="114" sentence="4" number="113">"</token>
<token t_id="115" sentence="4" number="114">pier</token>
<token t_id="116" sentence="4" number="115">70</token>
<token t_id="117" sentence="4" number="116">,</token>
<token t_id="118" sentence="4" number="117">"</token>
<token t_id="119" sentence="4" number="118">and</token>
<token t_id="120" sentence="4" number="119">did</token>
<token t_id="121" sentence="4" number="120">all</token>
<token t_id="122" sentence="4" number="121">its</token>
<token t_id="123" sentence="4" number="122">work</token>
<token t_id="124" sentence="4" number="123">of</token>
<token t_id="125" sentence="4" number="124">illuminating</token>
<token t_id="126" sentence="4" number="125">the</token>
<token t_id="127" sentence="4" number="126">world</token>
<token t_id="128" sentence="4" number="127">in</token>
<token t_id="129" sentence="4" number="128">bed</token>
<token t_id="130" sentence="4" number="129">,</token>
<token t_id="131" sentence="4" number="130">came</token>
<token t_id="132" sentence="4" number="131">down</token>
<token t_id="133" sentence="4" number="132">the</token>
<token t_id="134" sentence="4" number="133">pier</token>
<token t_id="135" sentence="4" number="134">from</token>
<token t_id="136" sentence="4" number="135">the</token>
<token t_id="137" sentence="4" number="136">connected</token>
<token t_id="138" sentence="4" number="137">end</token>
<token t_id="139" sentence="4" number="138">and</token>
<token t_id="140" sentence="4" number="139">the</token>
<token t_id="141" sentence="4" number="140">inquisite</token>
<token t_id="142" sentence="4" number="141">person</token>
<token t_id="143" sentence="4" number="142">instantly</token>
<token t_id="144" sentence="4" number="143">concluded</token>
<token t_id="145" sentence="4" number="144">,</token>
<token t_id="146" sentence="4" number="145">it</token>
<token t_id="147" sentence="4" number="146">seems</token>
<token t_id="148" sentence="4" number="147">,</token>
<token t_id="149" sentence="4" number="148">that</token>
<token t_id="150" sentence="4" number="149">it</token>
<token t_id="151" sentence="4" number="150">was</token>
<token t_id="152" sentence="4" number="151">the</token>
<token t_id="153" sentence="4" number="152">head</token>
<token t_id="154" sentence="4" number="153">of</token>
<token t_id="155" sentence="4" number="154">the</token>
<token t_id="156" sentence="4" number="155">Standard</token>
<token t_id="157" sentence="4" number="156">Oil</token>
<token t_id="158" sentence="4" number="157">Company</token>
<token t_id="159" sentence="4" number="158">.</token>
<token t_id="160" sentence="5" number="159">It</token>
<token t_id="161" sentence="5" number="160">was</token>
<token t_id="162" sentence="5" number="161">escorted</token>
<token t_id="163" sentence="5" number="162">by</token>
<token t_id="164" sentence="5" number="163">Walter</token>
<token t_id="165" sentence="5" number="164">H.</token>
<token t_id="166" sentence="5" number="165">Taylor</token>
<token t_id="167" sentence="5" number="166">,</token>
<token t_id="168" sentence="5" number="167">attorney</token>
<token t_id="169" sentence="5" number="168">for</token>
<token t_id="170" sentence="5" number="169">the</token>
<token t_id="171" sentence="5" number="170">Virginian</token>
<token t_id="172" sentence="5" number="171">railway</token>
<token t_id="173" sentence="5" number="172">company</token>
<token t_id="174" sentence="5" number="173">,</token>
<token t_id="175" sentence="5" number="174">and</token>
<token t_id="176" sentence="5" number="175">H.</token>
<token t_id="177" sentence="5" number="176">P.</token>
<token t_id="178" sentence="5" number="177">Reigart</token>
<token t_id="179" sentence="5" number="178">,</token>
<token t_id="180" sentence="5" number="179">purchasing</token>
<token t_id="181" sentence="5" number="180">agent</token>
<token t_id="182" sentence="5" number="181">for</token>
<token t_id="183" sentence="5" number="182">the</token>
<token t_id="184" sentence="5" number="183">same</token>
<token t_id="185" sentence="5" number="184">road</token>
<token t_id="186" sentence="5" number="185">,</token>
<token t_id="187" sentence="5" number="186">formerly</token>
<token t_id="188" sentence="5" number="187">the</token>
<token t_id="189" sentence="5" number="188">Tidewater-Deepwater</token>
<token t_id="190" sentence="5" number="189">.</token>
<token t_id="191" sentence="6" number="190">Its</token>
<token t_id="192" sentence="6" number="191">locks</token>
<token t_id="193" sentence="6" number="192">were</token>
<token t_id="194" sentence="6" number="193">white</token>
<token t_id="195" sentence="6" number="194">as</token>
<token t_id="196" sentence="6" number="195">the</token>
<token t_id="197" sentence="6" number="196">fleece</token>
<token t_id="198" sentence="6" number="197">of</token>
<token t_id="199" sentence="6" number="198">that</token>
<token t_id="200" sentence="6" number="199">Angora</token>
<token t_id="201" sentence="6" number="200">goat</token>
<token t_id="202" sentence="6" number="201">from</token>
<token t_id="203" sentence="6" number="202">the</token>
<token t_id="204" sentence="6" number="203">raising</token>
<token t_id="205" sentence="6" number="204">of</token>
<token t_id="206" sentence="6" number="205">which</token>
<token t_id="207" sentence="6" number="206">more</token>
<token t_id="208" sentence="6" number="207">profit</token>
<token t_id="209" sentence="6" number="208">is</token>
<token t_id="210" sentence="6" number="209">derived</token>
<token t_id="211" sentence="6" number="210">by</token>
<token t_id="212" sentence="6" number="211">amateurs</token>
<token t_id="213" sentence="6" number="212">than</token>
<token t_id="214" sentence="6" number="213">is</token>
<token t_id="215" sentence="6" number="214">from</token>
<token t_id="216" sentence="6" number="215">raising</token>
<token t_id="217" sentence="6" number="216">chickens</token>
<token t_id="218" sentence="6" number="217">,</token>
<token t_id="219" sentence="6" number="218">and</token>
<token t_id="220" sentence="6" number="219">it</token>
<token t_id="221" sentence="6" number="220">was</token>
<token t_id="222" sentence="6" number="221">clothed</token>
<token t_id="223" sentence="6" number="222">in</token>
<token t_id="224" sentence="6" number="223">a</token>
<token t_id="225" sentence="6" number="224">sort</token>
<token t_id="226" sentence="6" number="225">of</token>
<token t_id="227" sentence="6" number="226">light</token>
<token t_id="228" sentence="6" number="227">grey</token>
<token t_id="229" sentence="6" number="228">cloth</token>
<token t_id="230" sentence="6" number="229">of</token>
<token t_id="231" sentence="6" number="230">almost</token>
<token t_id="232" sentence="6" number="231">an</token>
<token t_id="233" sentence="6" number="232">ice</token>
<token t_id="234" sentence="6" number="233">cream</token>
<token t_id="235" sentence="6" number="234">hue</token>
<token t_id="236" sentence="6" number="235">.</token>
<token t_id="237" sentence="7" number="236">Mark</token>
<token t_id="238" sentence="7" number="237">Twain</token>
<token t_id="239" sentence="7" number="238">;</token>
<token t_id="240" sentence="7" number="239">Not</token>
<token t_id="241" sentence="7" number="240">Rogers</token>
<token t_id="242" sentence="8" number="241">This</token>
<token t_id="243" sentence="8" number="242">distinguished</token>
<token t_id="244" sentence="8" number="243">figure</token>
<token t_id="245" sentence="8" number="244">was</token>
<token t_id="246" sentence="8" number="245">introduced</token>
<token t_id="247" sentence="8" number="246">to</token>
<token t_id="248" sentence="8" number="247">the</token>
<token t_id="249" sentence="8" number="248">inquisite</token>
<token t_id="250" sentence="8" number="249">person</token>
<token t_id="251" sentence="8" number="250">as</token>
<token t_id="252" sentence="8" number="251">Mr.</token>
<token t_id="253" sentence="8" number="252">Rogers</token>
<token t_id="254" sentence="8" number="253">,</token>
<token t_id="255" sentence="8" number="254">but</token>
<token t_id="256" sentence="8" number="255">MR.</token>
<token t_id="257" sentence="8" number="256">Taylor</token>
<token t_id="258" sentence="8" number="257">gave</token>
<token t_id="259" sentence="8" number="258">proof</token>
<token t_id="260" sentence="8" number="259">that</token>
<token t_id="261" sentence="8" number="260">he</token>
<token t_id="262" sentence="8" number="261">has</token>
<token t_id="263" sentence="8" number="262">a</token>
<token t_id="264" sentence="8" number="263">conscience</token>
<token t_id="265" sentence="8" number="264">by</token>
<token t_id="266" sentence="8" number="265">explaining</token>
<token t_id="267" sentence="8" number="266">subsequently</token>
<token t_id="268" sentence="8" number="267">that</token>
<token t_id="269" sentence="8" number="268">it</token>
<token t_id="270" sentence="8" number="269">was</token>
<token t_id="271" sentence="8" number="270">Mr.</token>
<token t_id="272" sentence="8" number="271">Clemens</token>
<token t_id="273" sentence="8" number="272">.</token>
<token t_id="274" sentence="9" number="273">Then</token>
<token t_id="275" sentence="9" number="274">everybody</token>
<token t_id="276" sentence="9" number="275">did</token>
<token t_id="277" sentence="9" number="276">what</token>
<token t_id="278" sentence="9" number="277">all</token>
<token t_id="279" sentence="9" number="278">the</token>
<token t_id="280" sentence="9" number="279">world</token>
<token t_id="281" sentence="9" number="280">does</token>
<token t_id="282" sentence="9" number="281">when</token>
<token t_id="283" sentence="9" number="282">Mr.</token>
<token t_id="284" sentence="9" number="283">Clemens</token>
<token t_id="285" sentence="9" number="284">wills</token>
<token t_id="286" sentence="9" number="285">with</token>
<token t_id="287" sentence="9" number="286">words</token>
<token t_id="288" sentence="9" number="287">.</token>
<token t_id="289" sentence="10" number="288">They</token>
<token t_id="290" sentence="10" number="289">laughed</token>
<token t_id="291" sentence="10" number="290">.</token>
<token t_id="292" sentence="11" number="291">Mark</token>
<token t_id="293" sentence="11" number="292">Twain</token>
<token t_id="294" sentence="11" number="293">then</token>
<token t_id="295" sentence="11" number="294">told</token>
<token t_id="296" sentence="11" number="295">who</token>
<token t_id="297" sentence="11" number="296">was</token>
<token t_id="298" sentence="11" number="297">aboard</token>
<token t_id="299" sentence="11" number="298">the</token>
<token t_id="300" sentence="11" number="299">Kanawha</token>
<token t_id="301" sentence="11" number="300">,</token>
<token t_id="302" sentence="11" number="301">saying</token>
<token t_id="303" sentence="11" number="302">that</token>
<token t_id="304" sentence="11" number="303">Henry</token>
<token t_id="305" sentence="11" number="304">H.</token>
<token t_id="306" sentence="11" number="305">Rogers</token>
<token t_id="307" sentence="11" number="306">was</token>
<token t_id="308" sentence="11" number="307">brought</token>
<token t_id="309" sentence="11" number="308">along</token>
<token t_id="310" sentence="11" number="309">because</token>
<token t_id="311" sentence="11" number="310">he</token>
<token t_id="312" sentence="11" number="311">owns</token>
<token t_id="313" sentence="11" number="312">the</token>
<token t_id="314" sentence="11" number="313">yacht</token>
<token t_id="315" sentence="11" number="314">and</token>
<token t_id="316" sentence="11" number="315">pays</token>
<token t_id="317" sentence="11" number="316">the</token>
<token t_id="318" sentence="11" number="317">freight</token>
<token t_id="319" sentence="11" number="318">,</token>
<token t_id="320" sentence="11" number="319">that</token>
<token t_id="321" sentence="11" number="320">Mr.</token>
<token t_id="322" sentence="11" number="321">Rogers</token>
<token t_id="323" sentence="11" number="322">son</token>
<token t_id="324" sentence="11" number="323">,</token>
<token t_id="325" sentence="11" number="324">Henry</token>
<token t_id="326" sentence="11" number="325">H.</token>
<token t_id="327" sentence="11" number="326">Rogers</token>
<token t_id="328" sentence="11" number="327">,</token>
<token t_id="329" sentence="11" number="328">Jr.</token>
<token t_id="330" sentence="11" number="329">,</token>
<token t_id="331" sentence="11" number="330">Messrs.</token>
<token t_id="332" sentence="11" number="331">W.</token>
<token t_id="333" sentence="11" number="332">E.</token>
<token t_id="334" sentence="11" number="333">Benjamin</token>
<token t_id="335" sentence="11" number="334">and</token>
<token t_id="336" sentence="11" number="335">Urban</token>
<token t_id="337" sentence="11" number="336">Broughton</token>
<token t_id="338" sentence="11" number="337">,</token>
<token t_id="339" sentence="11" number="338">his</token>
<token t_id="340" sentence="11" number="339">sons-in-law</token>
<token t_id="341" sentence="11" number="340">,</token>
<token t_id="342" sentence="11" number="341">and</token>
<token t_id="343" sentence="11" number="342">Mr.</token>
<token t_id="344" sentence="11" number="343">Lancaster</token>
<token t_id="345" sentence="11" number="344">,</token>
<token t_id="346" sentence="11" number="345">an</token>
<token t_id="347" sentence="11" number="346">English</token>
<token t_id="348" sentence="11" number="347">gentleman</token>
<token t_id="349" sentence="11" number="348">,</token>
<token t_id="350" sentence="11" number="349">were</token>
<token t_id="351" sentence="11" number="350">along</token>
<token t_id="352" sentence="11" number="351">.</token>
<token t_id="353" sentence="12" number="352">He</token>
<token t_id="354" sentence="12" number="353">said</token>
<token t_id="355" sentence="12" number="354">that</token>
<token t_id="356" sentence="12" number="355">all</token>
<token t_id="357" sentence="12" number="356">the</token>
<token t_id="358" sentence="12" number="357">others</token>
<token t_id="359" sentence="12" number="358">went</token>
<token t_id="360" sentence="12" number="359">out</token>
<token t_id="361" sentence="12" number="360">on</token>
<token t_id="362" sentence="12" number="361">the</token>
<token t_id="363" sentence="12" number="362">Tidewater</token>
<token t_id="364" sentence="12" number="363">this</token>
<token t_id="365" sentence="12" number="364">morning</token>
<token t_id="366" sentence="12" number="365">to</token>
<token t_id="367" sentence="12" number="366">inspect</token>
<token t_id="368" sentence="12" number="367">the</token>
<token t_id="369" sentence="12" number="368">line</token>
<token t_id="370" sentence="12" number="369">and</token>
<token t_id="371" sentence="12" number="370">that</token>
<token t_id="372" sentence="12" number="371">the</token>
<token t_id="373" sentence="12" number="372">party</token>
<token t_id="374" sentence="12" number="373">will</token>
<token t_id="375" sentence="12" number="374">stay</token>
<token t_id="376" sentence="12" number="375">here</token>
<token t_id="377" sentence="12" number="376">over</token>
<token t_id="378" sentence="12" number="377">tomorrow</token>
<token t_id="379" sentence="12" number="378">,</token>
<token t_id="380" sentence="12" number="379">at</token>
<token t_id="381" sentence="12" number="380">least</token>
<token t_id="382" sentence="12" number="381">,</token>
<token t_id="383" sentence="12" number="382">to</token>
<token t_id="384" sentence="12" number="383">see</token>
<token t_id="385" sentence="12" number="384">the</token>
<token t_id="386" sentence="12" number="385">ceremonies</token>
<token t_id="387" sentence="12" number="386">incident</token>
<token t_id="388" sentence="12" number="387">to</token>
<token t_id="389" sentence="12" number="388">opening</token>
<token t_id="390" sentence="12" number="389">the</token>
<token t_id="391" sentence="12" number="390">Jamestown</token>
<token t_id="392" sentence="12" number="391">Exposition</token>
<token t_id="393" sentence="12" number="392">.</token>
<token t_id="394" sentence="13" number="393">He</token>
<token t_id="395" sentence="13" number="394">said</token>
<token t_id="396" sentence="13" number="395">he</token>
<token t_id="397" sentence="13" number="396">had</token>
<token t_id="398" sentence="13" number="397">no</token>
<token t_id="399" sentence="13" number="398">impressions</token>
<token t_id="400" sentence="13" number="399">fit</token>
<token t_id="401" sentence="13" number="400">for</token>
<token t_id="402" sentence="13" number="401">publication</token>
<token t_id="403" sentence="13" number="402">and</token>
<token t_id="404" sentence="13" number="403">immediately</token>
<token t_id="405" sentence="13" number="404">afterward</token>
<token t_id="406" sentence="13" number="405">said</token>
<token t_id="407" sentence="13" number="406">that</token>
<token t_id="408" sentence="13" number="407">the</token>
<token t_id="409" sentence="13" number="408">fleet</token>
<token t_id="410" sentence="13" number="409">in</token>
<token t_id="411" sentence="13" number="410">Hampton</token>
<token t_id="412" sentence="13" number="411">Roads</token>
<token t_id="413" sentence="13" number="412">this</token>
<token t_id="414" sentence="13" number="413">morning</token>
<token t_id="415" sentence="13" number="414">was</token>
<token t_id="416" sentence="13" number="415">a</token>
<token t_id="417" sentence="13" number="416">pretty</token>
<token t_id="418" sentence="13" number="417">sight</token>
<token t_id="419" sentence="13" number="418">.</token>
<token t_id="420" sentence="14" number="419">Speed</token>
<token t_id="421" sentence="14" number="420">of</token>
<token t_id="422" sentence="14" number="421">Sound</token>
<token t_id="423" sentence="14" number="422">.</token>
<token t_id="424" sentence="15" number="423">Then</token>
<token t_id="425" sentence="15" number="424">he</token>
<token t_id="426" sentence="15" number="425">started</token>
<token t_id="427" sentence="15" number="426">to</token>
<token t_id="428" sentence="15" number="427">tell</token>
<token t_id="429" sentence="15" number="428">,</token>
<token t_id="430" sentence="15" number="429">in</token>
<token t_id="431" sentence="15" number="430">a</token>
<token t_id="432" sentence="15" number="431">story</token>
<token t_id="433" sentence="15" number="432">which</token>
<token t_id="434" sentence="15" number="433">stretched</token>
<token t_id="435" sentence="15" number="434">from</token>
<token t_id="436" sentence="15" number="435">the</token>
<token t_id="437" sentence="15" number="436">ferry</token>
<token t_id="438" sentence="15" number="437">landing</token>
<token t_id="439" sentence="15" number="438">almost</token>
<token t_id="440" sentence="15" number="439">to</token>
<token t_id="441" sentence="15" number="440">the</token>
<token t_id="442" sentence="15" number="441">Monticello</token>
<token t_id="443" sentence="15" number="442">Hotel</token>
<token t_id="444" sentence="15" number="443">,</token>
<token t_id="445" sentence="15" number="444">sometimes</token>
<token t_id="446" sentence="15" number="445">taking</token>
<token t_id="447" sentence="15" number="446">long</token>
<token t_id="448" sentence="15" number="447">strides</token>
<token t_id="449" sentence="15" number="448">and</token>
<token t_id="450" sentence="15" number="449">occasionally</token>
<token t_id="451" sentence="15" number="450">halting</token>
<token t_id="452" sentence="15" number="451">,</token>
<token t_id="453" sentence="15" number="452">how</token>
<token t_id="454" sentence="15" number="453">he</token>
<token t_id="455" sentence="15" number="454">counted</token>
<token t_id="456" sentence="15" number="455">the</token>
<token t_id="457" sentence="15" number="456">guns</token>
<token t_id="458" sentence="15" number="457">which</token>
<token t_id="459" sentence="15" number="458">were</token>
<token t_id="460" sentence="15" number="459">fired</token>
<token t_id="461" sentence="15" number="460">from</token>
<token t_id="462" sentence="15" number="461">our</token>
<token t_id="463" sentence="15" number="462">warships</token>
<token t_id="464" sentence="15" number="463">this</token>
<token t_id="465" sentence="15" number="464">morning</token>
<token t_id="466" sentence="15" number="465">when</token>
<token t_id="467" sentence="15" number="466">the</token>
<token t_id="468" sentence="15" number="467">British</token>
<token t_id="469" sentence="15" number="468">and</token>
<token t_id="470" sentence="15" number="469">Austrian</token>
<token t_id="471" sentence="15" number="470">squadrons</token>
<token t_id="472" sentence="15" number="471">came</token>
<token t_id="473" sentence="15" number="472">in</token>
<token t_id="474" sentence="15" number="473">from</token>
<token t_id="475" sentence="15" number="474">sea</token>
<token t_id="476" sentence="15" number="475">;</token>
<token t_id="477" sentence="15" number="476">that</token>
<token t_id="478" sentence="15" number="477">he</token>
<token t_id="479" sentence="15" number="478">counted</token>
<token t_id="480" sentence="15" number="479">eight</token>
<token t_id="481" sentence="15" number="480">between</token>
<token t_id="482" sentence="15" number="481">the</token>
<token t_id="483" sentence="15" number="482">flash</token>
<token t_id="484" sentence="15" number="483">of</token>
<token t_id="485" sentence="15" number="484">fire</token>
<token t_id="486" sentence="15" number="485">and</token>
<token t_id="487" sentence="15" number="486">the</token>
<token t_id="488" sentence="15" number="487">sound</token>
<token t_id="489" sentence="15" number="488">which</token>
<token t_id="490" sentence="15" number="489">reached</token>
<token t_id="491" sentence="15" number="490">the</token>
<token t_id="492" sentence="15" number="491">Kanawha</token>
<token t_id="493" sentence="15" number="492">and</token>
<token t_id="494" sentence="15" number="493">estimated</token>
<token t_id="495" sentence="15" number="494">that</token>
<token t_id="496" sentence="15" number="495">the</token>
<token t_id="497" sentence="15" number="496">firing</token>
<token t_id="498" sentence="15" number="497">ships</token>
<token t_id="499" sentence="15" number="498">were</token>
<token t_id="500" sentence="15" number="499">eight-elevenths</token>
<token t_id="501" sentence="15" number="500">of</token>
<token t_id="502" sentence="15" number="501">a</token>
<token t_id="503" sentence="15" number="502">mile</token>
<token t_id="504" sentence="15" number="503">away</token>
<token t_id="505" sentence="15" number="504">.</token>
<token t_id="506" sentence="16" number="505">At</token>
<token t_id="507" sentence="16" number="506">intervals</token>
<token t_id="508" sentence="16" number="507">afterward</token>
<token t_id="509" sentence="16" number="508">,</token>
<token t_id="510" sentence="16" number="509">while</token>
<token t_id="511" sentence="16" number="510">his</token>
<token t_id="512" sentence="16" number="511">brain</token>
<token t_id="513" sentence="16" number="512">was</token>
<token t_id="514" sentence="16" number="513">chewing</token>
<token t_id="515" sentence="16" number="514">away</token>
<token t_id="516" sentence="16" number="515">upon</token>
<token t_id="517" sentence="16" number="516">this</token>
<token t_id="518" sentence="16" number="517">problem</token>
<token t_id="519" sentence="16" number="518">and</token>
<token t_id="520" sentence="16" number="519">his</token>
<token t_id="521" sentence="16" number="520">lips</token>
<token t_id="522" sentence="16" number="521">occasionally</token>
<token t_id="523" sentence="16" number="522">expressed</token>
<token t_id="524" sentence="16" number="523">aloud</token>
<token t_id="525" sentence="16" number="524">the</token>
<token t_id="526" sentence="16" number="525">fear</token>
<token t_id="527" sentence="16" number="526">that</token>
<token t_id="528" sentence="16" number="527">the</token>
<token t_id="529" sentence="16" number="528">brain</token>
<token t_id="530" sentence="16" number="529">was</token>
<token t_id="531" sentence="16" number="530">not</token>
<token t_id="532" sentence="16" number="531">telling</token>
<token t_id="533" sentence="16" number="532">the</token>
<token t_id="534" sentence="16" number="533">truth</token>
<token t_id="535" sentence="16" number="534">,</token>
<token t_id="536" sentence="16" number="535">and</token>
<token t_id="537" sentence="16" number="536">the</token>
<token t_id="538" sentence="16" number="537">wish</token>
<token t_id="539" sentence="16" number="538">that</token>
<token t_id="540" sentence="16" number="539">he</token>
<token t_id="541" sentence="16" number="540">could</token>
<token t_id="542" sentence="16" number="541">have</token>
<token t_id="543" sentence="16" number="542">a</token>
<token t_id="544" sentence="16" number="543">look</token>
<token t_id="545" sentence="16" number="544">into</token>
<token t_id="546" sentence="16" number="545">the</token>
<token t_id="547" sentence="16" number="546">encyclopedia</token>
<token t_id="548" sentence="16" number="547">in</token>
<token t_id="549" sentence="16" number="548">order</token>
<token t_id="550" sentence="16" number="549">to</token>
<token t_id="551" sentence="16" number="550">verify</token>
<token t_id="552" sentence="16" number="551">the</token>
<token t_id="553" sentence="16" number="552">impression</token>
<token t_id="554" sentence="16" number="553">gained</token>
<token t_id="555" sentence="16" number="554">therefrom</token>
<token t_id="556" sentence="16" number="555">some</token>
<token t_id="557" sentence="16" number="556">thirty</token>
<token t_id="558" sentence="16" number="557">years</token>
<token t_id="559" sentence="16" number="558">ago</token>
<token t_id="560" sentence="16" number="559">the</token>
<token t_id="561" sentence="16" number="560">only</token>
<token t_id="562" sentence="16" number="561">one</token>
<token t_id="563" sentence="16" number="562">made</token>
<token t_id="564" sentence="16" number="563">side</token>
<token t_id="565" sentence="16" number="564">remarks</token>
<token t_id="566" sentence="16" number="565">.</token>
<token t_id="567" sentence="17" number="566">Then</token>
<token t_id="568" sentence="17" number="567">he</token>
<token t_id="569" sentence="17" number="568">,</token>
<token t_id="570" sentence="17" number="569">and</token>
<token t_id="571" sentence="17" number="570">Messrs.</token>
<token t_id="572" sentence="17" number="571">Taylor</token>
<token t_id="573" sentence="17" number="572">and</token>
<token t_id="574" sentence="17" number="573">Reigard</token>
<token t_id="575" sentence="17" number="574">,</token>
<token t_id="576" sentence="17" number="575">his</token>
<token t_id="577" sentence="17" number="576">entertainers</token>
<token t_id="578" sentence="17" number="577">,</token>
<token t_id="579" sentence="17" number="578">sailed</token>
<token t_id="580" sentence="17" number="579">for</token>
<token t_id="581" sentence="17" number="580">the</token>
<token t_id="582" sentence="17" number="581">exposition</token>
<token t_id="583" sentence="17" number="582">grounds</token>
<token t_id="584" sentence="17" number="583">in</token>
<token t_id="585" sentence="17" number="584">an</token>
<token t_id="586" sentence="17" number="585">automobile</token>
<token t_id="587" sentence="17" number="586">.</token>
<token t_id="588" sentence="18" number="587">As</token>
<token t_id="589" sentence="18" number="588">the</token>
<token t_id="590" sentence="18" number="589">infernal</token>
<token t_id="591" sentence="18" number="590">machine</token>
<token t_id="592" sentence="18" number="591">made</token>
<token t_id="593" sentence="18" number="592">the</token>
<token t_id="594" sentence="18" number="593">preliminary</token>
<token t_id="595" sentence="18" number="594">thundering</token>
<token t_id="596" sentence="18" number="595">noise</token>
<token t_id="597" sentence="18" number="596">preparatory</token>
<token t_id="598" sentence="18" number="597">to</token>
<token t_id="599" sentence="18" number="598">starting</token>
<token t_id="600" sentence="18" number="599">he</token>
<token t_id="601" sentence="18" number="600">shouted</token>
<token t_id="602" sentence="18" number="601">that</token>
<token t_id="603" sentence="18" number="602">all</token>
<token t_id="604" sentence="18" number="603">he</token>
<token t_id="605" sentence="18" number="604">wanted</token>
<token t_id="606" sentence="18" number="605">to</token>
<token t_id="607" sentence="18" number="606">know</token>
<token t_id="608" sentence="18" number="607">was</token>
<token t_id="609" sentence="18" number="608">how</token>
<token t_id="610" sentence="18" number="609">far</token>
<token t_id="611" sentence="18" number="610">sound</token>
<token t_id="612" sentence="18" number="611">travels</token>
<token t_id="613" sentence="18" number="612">in</token>
<token t_id="614" sentence="18" number="613">a</token>
<token t_id="615" sentence="18" number="614">second</token>
<token t_id="616" sentence="18" number="615">;</token>
<token t_id="617" sentence="18" number="616">that</token>
<token t_id="618" sentence="18" number="617">he</token>
<token t_id="619" sentence="18" number="618">thought</token>
<token t_id="620" sentence="18" number="619">then</token>
<token t_id="621" sentence="18" number="620">it</token>
<token t_id="622" sentence="18" number="621">was</token>
<token t_id="623" sentence="18" number="622">1,100</token>
<token t_id="624" sentence="18" number="623">feet</token>
<token t_id="625" sentence="18" number="624">and</token>
<token t_id="626" sentence="18" number="625">his</token>
<token t_id="627" sentence="18" number="626">seconds</token>
<token t_id="628" sentence="18" number="627">in</token>
<token t_id="629" sentence="18" number="628">the</token>
<token t_id="630" sentence="18" number="629">opening</token>
<token t_id="631" sentence="18" number="630">chapter</token>
<token t_id="632" sentence="18" number="631">of</token>
<token t_id="633" sentence="18" number="632">this</token>
<token t_id="634" sentence="18" number="633">story</token>
<token t_id="635" sentence="18" number="634">were</token>
<token t_id="636" sentence="18" number="635">much</token>
<token t_id="637" sentence="18" number="636">too</token>
<token t_id="638" sentence="18" number="637">short</token>
<token t_id="639" sentence="18" number="638">.</token>


<Markables>
<EVENT_MENTION m_id="33" factuality="" modality="" pred="" pos="" aspect="" certainty="" comment="" class="EXISTENCE-CAUSATION" tense="" polarity=""  >
<token_anchor t_id="270"/>
</EVENT_MENTION>
<EVENT_MENTION m_id="65" factuality="" modality="" pred="" pos="" aspect="" certainty="" comment="" class="SPACE-MOVEMENT" tense="" polarity=""  >
<token_anchor t_id="434"/>
</EVENT_MENTION>
<EVENT_MENTION m_id="1" factuality="" modality="" pred="" pos="" aspect="" certainty="" comment="" class="COMMUNICATION" tense="" polarity=""  >
<token_anchor t_id="16"/>
<token_anchor t_id="17"/>
<token_anchor t_id="18"/>
</EVENT_MENTION>
<EVENT_MENTION m_id="34" factuality="" modality="" pred="" pos="" aspect="" certainty="" comment="" class="GENERAL" tense="" polarity=""  >
<token_anchor t_id="276"/>
</EVENT_MENTION>
<EVENT_MENTION m_id="66" factuality="" modality="" pred="" pos="" aspect="" certainty="" comment="" class="SPACE-MOVEMENT" tense="" polarity=""  >
<token_anchor t_id="438"/>
</EVENT_MENTION>
<EVENT_MENTION m_id="2" factuality="" modality="" pred="" pos="" aspect="" certainty="" comment="" class="SPACE-MOVEMENT" tense="" polarity=""  >
<token_anchor t_id="20"/>
</EVENT_MENTION>
<EVENT_MENTION m_id="35" factuality="" modality="" pred="" pos="" aspect="" certainty="" comment="" class="GENERAL" tense="" polarity=""  >
<token_anchor t_id="281"/>
</EVENT_MENTION>
<EVENT_MENTION m_id="67" factuality="" modality="" pred="" pos="" aspect="" certainty="" comment="" class="SPACE-MOVEMENT" tense="" polarity=""  >
<token_anchor t_id="451"/>
</EVENT_MENTION>
<EVENT_MENTION m_id="3" factuality="" modality="" pred="" pos="" aspect="" certainty="" comment="" class="SPACE-MOVEMENT" tense="" polarity=""  >
<token_anchor t_id="21"/>
</EVENT_MENTION>
<EVENT_MENTION m_id="36" factuality="" modality="" pred="" pos="" aspect="" certainty="" comment="" class="EMOTIONS-EVALUATIONS" tense="" polarity=""  >
<token_anchor t_id="290"/>
</EVENT_MENTION>
<EVENT_MENTION m_id="68" factuality="" modality="" pred="" pos="" aspect="" certainty="" comment="" class="SPACE-MOVEMENT" tense="" polarity=""  >
<token_anchor t_id="446"/>
<token_anchor t_id="447"/>
<token_anchor t_id="448"/>
</EVENT_MENTION>
<EVENT_MENTION m_id="4" factuality="" modality="" pred="" pos="" aspect="" certainty="" comment="" class="SPACE-MOVEMENT" tense="" polarity=""  >
<token_anchor t_id="25"/>
</EVENT_MENTION>
<EVENT_MENTION m_id="37" factuality="" modality="" pred="" pos="" aspect="" certainty="" comment="" class="COMMUNICATION" tense="" polarity=""  >
<token_anchor t_id="295"/>
</EVENT_MENTION>
<EVENT_MENTION m_id="69" factuality="" modality="" pred="" pos="" aspect="" certainty="" comment="" class="COMMUNICATION" tense="" polarity=""  >
<token_anchor t_id="523"/>
</EVENT_MENTION>
<EVENT_MENTION m_id="5" factuality="" modality="" pred="" pos="" aspect="" certainty="" comment="" class="SPACE-MOVEMENT" tense="" polarity=""  >
<token_anchor t_id="35"/>
</EVENT_MENTION>
<EVENT_MENTION m_id="38" factuality="" modality="" pred="" pos="" aspect="" certainty="" comment="" class="SPACE-MOVEMENT" tense="" polarity=""  >
<token_anchor t_id="297"/>
<token_anchor t_id="298"/>
</EVENT_MENTION>
<EVENT_MENTION m_id="70" factuality="" modality="" pred="" pos="" aspect="" certainty="" comment="" class="EMOTIONS-EVALUATIONS" tense="" polarity=""  >
<token_anchor t_id="526"/>
</EVENT_MENTION>
<EVENT_MENTION m_id="6" factuality="" modality="" pred="" pos="" aspect="" certainty="" comment="" class="TRADE-WORK" tense="" polarity=""  >
<token_anchor t_id="49"/>
</EVENT_MENTION>
<EVENT_MENTION m_id="39" factuality="" modality="" pred="" pos="" aspect="" certainty="" comment="" class="COMMUNICATION" tense="" polarity=""  >
<token_anchor t_id="302"/>
</EVENT_MENTION>
<EVENT_MENTION m_id="71" factuality="" modality="" pred="" pos="" aspect="" certainty="" comment="" class="COMMUNICATION" tense="" polarity=""  >
<token_anchor t_id="532"/>
</EVENT_MENTION>
<EVENT_MENTION m_id="7" factuality="" modality="" pred="" pos="" aspect="" certainty="" comment="" class="GENERAL" tense="" polarity=""  >
<token_anchor t_id="54"/>
</EVENT_MENTION>
<EVENT_MENTION m_id="40" factuality="" modality="" pred="" pos="" aspect="" certainty="" comment="" class="SOCIAL" tense="" polarity=""  >
<token_anchor t_id="308"/>
<token_anchor t_id="309"/>
</EVENT_MENTION>
<EVENT_MENTION m_id="72" factuality="" modality="" pred="" pos="" aspect="" certainty="" comment="" class="MENTAL" tense="" polarity=""  >
<token_anchor t_id="538"/>
</EVENT_MENTION>
<EVENT_MENTION m_id="8" factuality="" modality="" pred="" pos="" aspect="" certainty="" comment="" class="COMMUNICATION" tense="" polarity=""  >
<token_anchor t_id="56"/>
<token_anchor t_id="57"/>
</EVENT_MENTION>
<EVENT_MENTION m_id="41" factuality="" modality="" pred="" pos="" aspect="" certainty="" comment="" class="POSSESSION" tense="" polarity=""  >
<token_anchor t_id="312"/>
</EVENT_MENTION>
<EVENT_MENTION m_id="73" factuality="" modality="" pred="" pos="" aspect="" certainty="" comment="" class="PHYSICAL SENSATIONS" tense="" polarity=""  >
<token_anchor t_id="542"/>
<token_anchor t_id="543"/>
<token_anchor t_id="544"/>
</EVENT_MENTION>
<EVENT_MENTION m_id="9" factuality="" modality="" pred="" pos="" aspect="" certainty="" comment="" class="SPACE-MOVEMENT" tense="" polarity=""  >
<token_anchor t_id="75"/>
<token_anchor t_id="76"/>
</EVENT_MENTION>
<EVENT_MENTION m_id="42" factuality="" modality="" pred="" pos="" aspect="" certainty="" comment="" class="TRADE-WORK" tense="" polarity=""  >
<token_anchor t_id="316"/>
</EVENT_MENTION>
<EVENT_MENTION m_id="74" factuality="" modality="" pred="" pos="" aspect="" certainty="" comment="" class="MENTAL" tense="" polarity=""  >
<token_anchor t_id="551"/>
</EVENT_MENTION>
<EVENT_MENTION m_id="10" factuality="" modality="" pred="" pos="" aspect="" certainty="" comment="" class="SPACE-MOVEMENT" tense="" polarity=""  >
<token_anchor t_id="90"/>
<token_anchor t_id="91"/>
</EVENT_MENTION>
<EVENT_MENTION m_id="43" factuality="" modality="" pred="" pos="" aspect="" certainty="" comment="" class="SPACE-MOVEMENT" tense="" polarity=""  >
<token_anchor t_id="350"/>
<token_anchor t_id="351"/>
</EVENT_MENTION>
<EVENT_MENTION m_id="75" factuality="" modality="" pred="" pos="" aspect="" certainty="" comment="" class="POSSESSION" tense="" polarity=""  >
<token_anchor t_id="554"/>
</EVENT_MENTION>
<EVENT_MENTION m_id="11" factuality="" modality="" pred="" pos="" aspect="" certainty="" comment="" class="MENTAL" tense="" polarity=""  >
<token_anchor t_id="93"/>
</EVENT_MENTION>
<EVENT_MENTION m_id="44" factuality="" modality="" pred="" pos="" aspect="" certainty="" comment="" class="COMMUNICATION" tense="" polarity=""  >
<token_anchor t_id="354"/>
</EVENT_MENTION>
<EVENT_MENTION m_id="76" factuality="" modality="" pred="" pos="" aspect="" certainty="" comment="" class="COMMUNICATION" tense="" polarity=""  >
<token_anchor t_id="563"/>
<token_anchor t_id="564"/>
<token_anchor t_id="565"/>
</EVENT_MENTION>
<EVENT_MENTION m_id="12" factuality="" modality="" pred="" pos="" aspect="" certainty="" comment="" class="COMMUNICATION" tense="" polarity=""  >
<token_anchor t_id="108"/>
</EVENT_MENTION>
<EVENT_MENTION m_id="45" factuality="" modality="" pred="" pos="" aspect="" certainty="" comment="" class="SPACE-MOVEMENT" tense="" polarity=""  >
<token_anchor t_id="359"/>
<token_anchor t_id="360"/>
</EVENT_MENTION>
<EVENT_MENTION m_id="77" factuality="" modality="" pred="" pos="" aspect="" certainty="" comment="" class="MENTAL" tense="" polarity=""  >
<token_anchor t_id="514"/>
</EVENT_MENTION>
<EVENT_MENTION m_id="13" factuality="" modality="" pred="" pos="" aspect="" certainty="" comment="" class="SPACE-MOVEMENT" tense="" polarity=""  >
<token_anchor t_id="113"/>
</EVENT_MENTION>
<EVENT_MENTION m_id="46" factuality="" modality="" pred="" pos="" aspect="" certainty="" comment="" class="PHYSICAL SENSATIONS" tense="" polarity=""  >
<token_anchor t_id="367"/>
</EVENT_MENTION>
<EVENT_MENTION m_id="78" factuality="" modality="" pred="" pos="" aspect="" certainty="" comment="" class="SPACE-MOVEMENT" tense="" polarity=""  >
<token_anchor t_id="579"/>
</EVENT_MENTION>
<EVENT_MENTION m_id="14" factuality="" modality="" pred="" pos="" aspect="" certainty="" comment="" class="MATTER" tense="" polarity=""  >
<token_anchor t_id="125"/>
</EVENT_MENTION>
<EVENT_MENTION m_id="47" factuality="" modality="" pred="" pos="" aspect="" certainty="" comment="" class="SPACE-MOVEMENT" tense="" polarity=""  >
<token_anchor t_id="375"/>
</EVENT_MENTION>
<EVENT_MENTION m_id="79" factuality="" modality="" pred="" pos="" aspect="" certainty="" comment="" class="ENTERTAINMENT-ART" tense="" polarity=""  >
<token_anchor t_id="582"/>
</EVENT_MENTION>
<EVENT_MENTION m_id="15" factuality="" modality="" pred="" pos="" aspect="" certainty="" comment="" class="GENERAL" tense="" polarity=""  >
<token_anchor t_id="120"/>
</EVENT_MENTION>
<EVENT_MENTION m_id="48" factuality="" modality="" pred="" pos="" aspect="" certainty="" comment="" class="PHYSICAL SENSATIONS" tense="" polarity=""  >
<token_anchor t_id="384"/>
</EVENT_MENTION>
<EVENT_MENTION m_id="80" factuality="" modality="" pred="" pos="" aspect="" certainty="" comment="" class="PHYSICAL SENSATIONS" tense="" polarity=""  >
<token_anchor t_id="592"/>
<token_anchor t_id="596"/>
</EVENT_MENTION>
<EVENT_MENTION m_id="16" factuality="" modality="" pred="" pos="" aspect="" certainty="" comment="" class="TRADE-WORK" tense="" polarity=""  >
<token_anchor t_id="123"/>
</EVENT_MENTION>
<EVENT_MENTION m_id="49" factuality="" modality="" pred="" pos="" aspect="" certainty="" comment="" class="GENERAL" tense="" polarity=""  >
<token_anchor t_id="389"/>
</EVENT_MENTION>
<EVENT_MENTION m_id="81" factuality="" modality="" pred="" pos="" aspect="" certainty="" comment="" class="SPACE-MOVEMENT" tense="" polarity=""  >
<token_anchor t_id="599"/>
</EVENT_MENTION>
<EVENT_MENTION m_id="17" factuality="" modality="" pred="" pos="" aspect="" certainty="" comment="" class="SPACE-MOVEMENT" tense="" polarity=""  >
<token_anchor t_id="131"/>
<token_anchor t_id="132"/>
</EVENT_MENTION>
<EVENT_MENTION m_id="50" factuality="" modality="" pred="" pos="" aspect="" certainty="" comment="" class="ENTERTAINMENT-ART" tense="" polarity=""  >
<token_anchor t_id="386"/>
</EVENT_MENTION>
<EVENT_MENTION m_id="82" factuality="" modality="" pred="" pos="" aspect="" certainty="" comment="" class="COMMUNICATION" tense="" polarity=""  >
<token_anchor t_id="601"/>
</EVENT_MENTION>
<EVENT_MENTION m_id="18" factuality="" modality="" pred="" pos="" aspect="" certainty="" comment="" class="SPACE-MOVEMENT" tense="" polarity=""  >
<token_anchor t_id="137"/>
</EVENT_MENTION>
<EVENT_MENTION m_id="51" factuality="" modality="" pred="" pos="" aspect="" certainty="" comment="" class="COMMUNICATION" tense="" polarity=""  >
<token_anchor t_id="395"/>
</EVENT_MENTION>
<EVENT_MENTION m_id="83" factuality="" modality="" pred="" pos="" aspect="" certainty="" comment="" class="MENTAL" tense="" polarity=""  >
<token_anchor t_id="605"/>
</EVENT_MENTION>
<EVENT_MENTION m_id="19" factuality="" modality="" pred="" pos="" aspect="" certainty="" comment="" class="COMMUNICATION" tense="" polarity=""  >
<token_anchor t_id="144"/>
</EVENT_MENTION>
<EVENT_MENTION m_id="20" factuality="" modality="" pred="" pos="" aspect="" certainty="" comment="" class="MENTAL" tense="" polarity=""  >
<token_anchor t_id="147"/>
</EVENT_MENTION>
<EVENT_MENTION m_id="52" factuality="" modality="" pred="" pos="" aspect="" certainty="" comment="" class="COMMUNICATION" tense="" polarity=""  >
<token_anchor t_id="406"/>
</EVENT_MENTION>
<EVENT_MENTION m_id="84" factuality="" modality="" pred="" pos="" aspect="" certainty="" comment="" class="MENTAL" tense="" polarity=""  >
<token_anchor t_id="607"/>
</EVENT_MENTION>
<EVENT_MENTION m_id="21" factuality="" modality="" pred="" pos="" aspect="" certainty="" comment="" class="TRADE-WORK" tense="" polarity=""  >
<token_anchor t_id="151"/>
<token_anchor t_id="152"/>
<token_anchor t_id="153"/>
</EVENT_MENTION>
<EVENT_MENTION m_id="53" factuality="" modality="" pred="" pos="" aspect="" certainty="" comment="" class="PHYSICAL SENSATIONS" tense="" polarity=""  >
<token_anchor t_id="415"/>
<token_anchor t_id="416"/>
<token_anchor t_id="417"/>
<token_anchor t_id="418"/>
</EVENT_MENTION>
<EVENT_MENTION m_id="85" factuality="" modality="" pred="" pos="" aspect="" certainty="" comment="" class="SPACE-MOVEMENT" tense="" polarity=""  >
<token_anchor t_id="612"/>
</EVENT_MENTION>
<EVENT_MENTION m_id="22" factuality="" modality="" pred="" pos="" aspect="" certainty="" comment="" class="SOCIAL" tense="" polarity=""  >
<token_anchor t_id="162"/>
</EVENT_MENTION>
<EVENT_MENTION m_id="54" factuality="" modality="" pred="" pos="" aspect="" certainty="" comment="" class="POSSESSION" tense="" polarity=""  >
<token_anchor t_id="397"/>
</EVENT_MENTION>
<EVENT_MENTION m_id="86" factuality="" modality="" pred="" pos="" aspect="" certainty="" comment="" class="MENTAL" tense="" polarity=""  >
<token_anchor t_id="619"/>
</EVENT_MENTION>
<EVENT_MENTION m_id="23" factuality="" modality="" pred="" pos="" aspect="" certainty="" comment="" class="TRADE-WORK" tense="" polarity=""  >
<token_anchor t_id="180"/>
</EVENT_MENTION>
<EVENT_MENTION m_id="55" factuality="" modality="" pred="" pos="" aspect="" certainty="" comment="" class="COMMUNICATION" tense="" polarity=""  >
<token_anchor t_id="402"/>
</EVENT_MENTION>
<EVENT_MENTION m_id="87" factuality="" modality="" pred="" pos="" aspect="" certainty="" comment="" class="MEASURE" tense="" polarity=""  >
<token_anchor t_id="622"/>
<token_anchor t_id="623"/>
<token_anchor t_id="624"/>
</EVENT_MENTION>
<EVENT_MENTION m_id="24" factuality="" modality="" pred="" pos="" aspect="" certainty="" comment="" class="MATTER" tense="" polarity=""  >
<token_anchor t_id="193"/>
<token_anchor t_id="194"/>
</EVENT_MENTION>
<EVENT_MENTION m_id="56" factuality="" modality="" pred="" pos="" aspect="" certainty="" comment="" class="TIME" tense="" polarity=""  >
<token_anchor t_id="426"/>
</EVENT_MENTION>
<EVENT_MENTION m_id="88" factuality="" modality="" pred="" pos="" aspect="" certainty="" comment="" class="GENERAL" tense="" polarity=""  >
<token_anchor t_id="630"/>
</EVENT_MENTION>
<EVENT_MENTION m_id="25" factuality="" modality="" pred="" pos="" aspect="" certainty="" comment="" class="CLOTHES" tense="" polarity=""  >
<token_anchor t_id="222"/>
</EVENT_MENTION>
<EVENT_MENTION m_id="57" factuality="" modality="" pred="" pos="" aspect="" certainty="" comment="" class="COMMUNICATION" tense="" polarity=""  >
<token_anchor t_id="428"/>
</EVENT_MENTION>
<EVENT_MENTION m_id="89" factuality="" modality="" pred="" pos="" aspect="" certainty="" comment="" class="MEASURE" tense="" polarity=""  >
<token_anchor t_id="635"/>
<token_anchor t_id="636"/>
<token_anchor t_id="637"/>
<token_anchor t_id="638"/>
</EVENT_MENTION>
<EVENT_MENTION m_id="26" factuality="" modality="" pred="" pos="" aspect="" certainty="" comment="" class="FOOD-FARMING" tense="" polarity=""  >
<token_anchor t_id="204"/>
</EVENT_MENTION>
<EVENT_MENTION m_id="58" factuality="" modality="" pred="" pos="" aspect="" certainty="" comment="" class="MEASURE" tense="" polarity=""  >
<token_anchor t_id="455"/>
</EVENT_MENTION>
<EVENT_MENTION m_id="90" factuality="" modality="" pred="" pos="" aspect="" certainty="" comment="" class="GENERAL" tense="" polarity=""  >
<token_anchor t_id="518"/>
</EVENT_MENTION>
<EVENT_MENTION m_id="27" factuality="" modality="" pred="" pos="" aspect="" certainty="" comment="" class="GENERAL" tense="" polarity=""  >
<token_anchor t_id="210"/>
</EVENT_MENTION>
<EVENT_MENTION m_id="59" factuality="" modality="" pred="" pos="" aspect="" certainty="" comment="" class="HOSTILITY" tense="" polarity=""  >
<token_anchor t_id="460"/>
</EVENT_MENTION>
<EVENT_MENTION m_id="91" factuality="" modality="" pred="" pos="" aspect="" certainty="" comment="" class="SPACE-MOVEMENT" tense="" polarity=""  >
<token_anchor t_id="499"/>
<token_anchor t_id="500"/>
<token_anchor t_id="501"/>
<token_anchor t_id="502"/>
<token_anchor t_id="503"/>
<token_anchor t_id="504"/>
</EVENT_MENTION>
<EVENT_MENTION m_id="28" factuality="" modality="" pred="" pos="" aspect="" certainty="" comment="" class="FOOD-FARMING" tense="" polarity=""  >
<token_anchor t_id="216"/>
</EVENT_MENTION>
<EVENT_MENTION m_id="60" factuality="" modality="" pred="" pos="" aspect="" certainty="" comment="" class="SPACE-MOVEMENT" tense="" polarity=""  >
<token_anchor t_id="472"/>
<token_anchor t_id="473"/>
</EVENT_MENTION>
<EVENT_MENTION m_id="29" factuality="" modality="" pred="" pos="" aspect="" certainty="" comment="" class="COMMUNICATION" tense="" polarity=""  >
<token_anchor t_id="246"/>
</EVENT_MENTION>
<EVENT_MENTION m_id="61" factuality="" modality="" pred="" pos="" aspect="" certainty="" comment="" class="MEASURE" tense="" polarity=""  >
<token_anchor t_id="479"/>
</EVENT_MENTION>
<EVENT_MENTION m_id="30" factuality="" modality="" pred="" pos="" aspect="" certainty="" comment="" class="COMMUNICATION" tense="" polarity=""  >
<token_anchor t_id="258"/>
<token_anchor t_id="259"/>
</EVENT_MENTION>
<EVENT_MENTION m_id="62" factuality="" modality="" pred="" pos="" aspect="" certainty="" comment="" class="SPACE-MOVEMENT" tense="" polarity=""  >
<token_anchor t_id="490"/>
</EVENT_MENTION>
<EVENT_MENTION m_id="31" factuality="" modality="" pred="" pos="" aspect="" certainty="" comment="" class="POSSESSION" tense="" polarity=""  >
<token_anchor t_id="262"/>
</EVENT_MENTION>
<EVENT_MENTION m_id="63" factuality="" modality="" pred="" pos="" aspect="" certainty="" comment="" class="MENTAL" tense="" polarity=""  >
<token_anchor t_id="494"/>
</EVENT_MENTION>
<EVENT_MENTION m_id="32" factuality="" modality="" pred="" pos="" aspect="" certainty="" comment="" class="COMMUNICATION" tense="" polarity=""  >
<token_anchor t_id="266"/>
</EVENT_MENTION>
<EVENT_MENTION m_id="64" factuality="" modality="" pred="" pos="" aspect="" certainty="" comment="" class="HOSTILITY" tense="" polarity=""  >
<token_anchor t_id="497"/>
</EVENT_MENTION>


</Markables>

<Relations>
</Relations>
</Document>
