<Document doc_name="MORE_FRENCH_WORKMEN_ARRIVE.txt">
<token t_id="1" sentence="0" number="0">September</token>
<token t_id="2" sentence="0" number="1">23</token>
<token t_id="3" sentence="0" number="2">,</token>
<token t_id="4" sentence="0" number="3">1893</token>
<token t_id="5" sentence="1" number="4">MORE</token>
<token t_id="6" sentence="1" number="5">FRENCH</token>
<token t_id="7" sentence="1" number="6">WORKMEN</token>
<token t_id="8" sentence="1" number="7">ARRIVE</token>
<token t_id="9" sentence="1" number="8">.</token>
<token t_id="10" sentence="2" number="9">They</token>
<token t_id="11" sentence="2" number="10">Come</token>
<token t_id="12" sentence="2" number="11">to</token>
<token t_id="13" sentence="2" number="12">Study</token>
<token t_id="14" sentence="2" number="13">the</token>
<token t_id="15" sentence="2" number="14">Fair</token>
<token t_id="16" sentence="2" number="15">and</token>
<token t_id="17" sentence="2" number="16">Are</token>
<token t_id="18" sentence="2" number="17">Met</token>
<token t_id="19" sentence="2" number="18">by</token>
<token t_id="20" sentence="2" number="19">"</token>
<token t_id="21" sentence="2" number="20">Tommy</token>
<token t_id="22" sentence="2" number="21">"</token>
<token t_id="23" sentence="2" number="22">Morgan</token>
<token t_id="24" sentence="2" number="23">.</token>
<token t_id="25" sentence="3" number="24">The</token>
<token t_id="26" sentence="3" number="25">second</token>
<token t_id="27" sentence="3" number="26">delegation</token>
<token t_id="28" sentence="3" number="27">of</token>
<token t_id="29" sentence="3" number="28">French</token>
<token t_id="30" sentence="3" number="29">workmen</token>
<token t_id="31" sentence="3" number="30">to</token>
<token t_id="32" sentence="3" number="31">the</token>
<token t_id="33" sentence="3" number="32">Fair</token>
<token t_id="34" sentence="3" number="33">arrived</token>
<token t_id="35" sentence="3" number="34">over</token>
<token t_id="36" sentence="3" number="35">the</token>
<token t_id="37" sentence="3" number="36">Nickel</token>
<token t_id="38" sentence="3" number="37">Plate</token>
<token t_id="39" sentence="3" number="38">last</token>
<token t_id="40" sentence="3" number="39">night</token>
<token t_id="41" sentence="3" number="40">.</token>
<token t_id="42" sentence="4" number="41">Local</token>
<token t_id="43" sentence="4" number="42">labor</token>
<token t_id="44" sentence="4" number="43">men</token>
<token t_id="45" sentence="4" number="44">were</token>
<token t_id="46" sentence="4" number="45">represented</token>
<token t_id="47" sentence="4" number="46">by</token>
<token t_id="48" sentence="4" number="47">Thomas</token>
<token t_id="49" sentence="4" number="48">Morgan</token>
<token t_id="50" sentence="4" number="49">and</token>
<token t_id="51" sentence="4" number="50">James</token>
<token t_id="52" sentence="4" number="51">Linchan</token>
<token t_id="53" sentence="4" number="52">,</token>
<token t_id="54" sentence="4" number="53">who</token>
<token t_id="55" sentence="4" number="54">took</token>
<token t_id="56" sentence="4" number="55">charge</token>
<token t_id="57" sentence="4" number="56">of</token>
<token t_id="58" sentence="4" number="57">the</token>
<token t_id="59" sentence="4" number="58">party</token>
<token t_id="60" sentence="4" number="59">.</token>
<token t_id="61" sentence="5" number="60">The</token>
<token t_id="62" sentence="5" number="61">object</token>
<token t_id="63" sentence="5" number="62">of</token>
<token t_id="64" sentence="5" number="63">the</token>
<token t_id="65" sentence="5" number="64">visit</token>
<token t_id="66" sentence="5" number="65">is</token>
<token t_id="67" sentence="5" number="66">to</token>
<token t_id="68" sentence="5" number="67">study</token>
<token t_id="69" sentence="5" number="68">the</token>
<token t_id="70" sentence="5" number="69">Fair</token>
<token t_id="71" sentence="5" number="70">and</token>
<token t_id="72" sentence="5" number="71">the</token>
<token t_id="73" sentence="5" number="72">methods</token>
<token t_id="74" sentence="5" number="73">of</token>
<token t_id="75" sentence="5" number="74">American</token>
<token t_id="76" sentence="5" number="75">workmen</token>
<token t_id="77" sentence="5" number="76">.</token>
<token t_id="78" sentence="6" number="77">These</token>
<token t_id="79" sentence="6" number="78">Paris</token>
<token t_id="80" sentence="6" number="79">delegates</token>
<token t_id="81" sentence="6" number="80">are</token>
<token t_id="82" sentence="6" number="81">thirty-five</token>
<token t_id="83" sentence="6" number="82">in</token>
<token t_id="84" sentence="6" number="83">number</token>
<token t_id="85" sentence="6" number="84">and</token>
<token t_id="86" sentence="6" number="85">each</token>
<token t_id="87" sentence="6" number="86">wears</token>
<token t_id="88" sentence="6" number="87">a</token>
<token t_id="89" sentence="6" number="88">bow</token>
<token t_id="90" sentence="6" number="89">of</token>
<token t_id="91" sentence="6" number="90">tricolored</token>
<token t_id="92" sentence="6" number="91">ribbon</token>
<token t_id="93" sentence="6" number="92">in</token>
<token t_id="94" sentence="6" number="93">his</token>
<token t_id="95" sentence="6" number="94">buttonhole</token>
<token t_id="96" sentence="6" number="95">.</token>
<token t_id="97" sentence="7" number="96">Each</token>
<token t_id="98" sentence="7" number="97">is</token>
<token t_id="99" sentence="7" number="98">supplied</token>
<token t_id="100" sentence="7" number="99">with</token>
<token t_id="101" sentence="7" number="100">$</token>
<token t_id="102" sentence="7" number="101">606</token>
<token t_id="103" sentence="7" number="102">by</token>
<token t_id="104" sentence="7" number="103">the</token>
<token t_id="105" sentence="7" number="104">municipality</token>
<token t_id="106" sentence="7" number="105">of</token>
<token t_id="107" sentence="7" number="106">Paris</token>
<token t_id="108" sentence="7" number="107">for</token>
<token t_id="109" sentence="7" number="108">expenses</token>
<token t_id="110" sentence="7" number="109">during</token>
<token t_id="111" sentence="7" number="110">the</token>
<token t_id="112" sentence="7" number="111">few</token>
<token t_id="113" sentence="7" number="112">weeks</token>
<token t_id="114" sentence="7" number="113">'</token>
<token t_id="115" sentence="7" number="114">stay</token>
<token t_id="116" sentence="7" number="115">.</token>
<token t_id="117" sentence="8" number="116">M.</token>
<token t_id="118" sentence="8" number="117">Laroche</token>
<token t_id="119" sentence="8" number="118">is</token>
<token t_id="120" sentence="8" number="119">the</token>
<token t_id="121" sentence="8" number="120">Secretary</token>
<token t_id="122" sentence="8" number="121">and</token>
<token t_id="123" sentence="8" number="122">M.</token>
<token t_id="124" sentence="8" number="123">Legrand</token>
<token t_id="125" sentence="8" number="124">the</token>
<token t_id="126" sentence="8" number="125">Treasurer</token>
<token t_id="127" sentence="8" number="126">.</token>
<token t_id="128" sentence="9" number="127">Laroche</token>
<token t_id="129" sentence="9" number="128">is</token>
<token t_id="130" sentence="9" number="129">a</token>
<token t_id="131" sentence="9" number="130">photographer</token>
<token t_id="132" sentence="9" number="131">and</token>
<token t_id="133" sentence="9" number="132">Legrand</token>
<token t_id="134" sentence="9" number="133">an</token>
<token t_id="135" sentence="9" number="134">actor</token>
<token t_id="136" sentence="9" number="135">.</token>
<token t_id="137" sentence="10" number="136">Each</token>
<token t_id="138" sentence="10" number="137">member</token>
<token t_id="139" sentence="10" number="138">of</token>
<token t_id="140" sentence="10" number="139">the</token>
<token t_id="141" sentence="10" number="140">party</token>
<token t_id="142" sentence="10" number="141">is</token>
<token t_id="143" sentence="10" number="142">to</token>
<token t_id="144" sentence="10" number="143">make</token>
<token t_id="145" sentence="10" number="144">a</token>
<token t_id="146" sentence="10" number="145">report</token>
<token t_id="147" sentence="10" number="146">to</token>
<token t_id="148" sentence="10" number="147">the</token>
<token t_id="149" sentence="10" number="148">Municipal</token>
<token t_id="150" sentence="10" number="149">Council</token>
<token t_id="151" sentence="10" number="150">in</token>
<token t_id="152" sentence="10" number="151">the</token>
<token t_id="153" sentence="10" number="152">form</token>
<token t_id="154" sentence="10" number="153">of</token>
<token t_id="155" sentence="10" number="154">replies</token>
<token t_id="156" sentence="10" number="155">to</token>
<token t_id="157" sentence="10" number="156">printed</token>
<token t_id="158" sentence="10" number="157">questions</token>
<token t_id="159" sentence="10" number="158">.</token>
<token t_id="160" sentence="11" number="159">There</token>
<token t_id="161" sentence="11" number="160">are</token>
<token t_id="162" sentence="11" number="161">fifty</token>
<token t_id="163" sentence="11" number="162">of</token>
<token t_id="164" sentence="11" number="163">these</token>
<token t_id="165" sentence="11" number="164">questions</token>
<token t_id="166" sentence="11" number="165">printed</token>
<token t_id="167" sentence="11" number="166">on</token>
<token t_id="168" sentence="11" number="167">linen</token>
<token t_id="169" sentence="11" number="168">paper</token>
<token t_id="170" sentence="11" number="169">.</token>
<token t_id="171" sentence="12" number="170">Remy</token>
<token t_id="172" sentence="12" number="171">Larcher</token>
<token t_id="173" sentence="12" number="172">is</token>
<token t_id="174" sentence="12" number="173">a</token>
<token t_id="175" sentence="12" number="174">locksmith</token>
<token t_id="176" sentence="12" number="175">and</token>
<token t_id="177" sentence="12" number="176">a</token>
<token t_id="178" sentence="12" number="177">technical</token>
<token t_id="179" sentence="12" number="178">professor</token>
<token t_id="180" sentence="12" number="179">at</token>
<token t_id="181" sentence="12" number="180">the</token>
<token t_id="182" sentence="12" number="181">Diderot</token>
<token t_id="183" sentence="12" number="182">School</token>
<token t_id="184" sentence="12" number="183">for</token>
<token t_id="185" sentence="12" number="184">Artisans</token>
<token t_id="186" sentence="12" number="185">in</token>
<token t_id="187" sentence="12" number="186">Paris</token>
<token t_id="188" sentence="12" number="187">.</token>
<token t_id="189" sentence="13" number="188">M</token>
<token t_id="190" sentence="13" number="189">Aubrey</token>
<token t_id="191" sentence="13" number="190">is</token>
<token t_id="192" sentence="13" number="191">a</token>
<token t_id="193" sentence="13" number="192">molder</token>
<token t_id="194" sentence="13" number="193">,</token>
<token t_id="195" sentence="13" number="194">and</token>
<token t_id="196" sentence="13" number="195">M.</token>
<token t_id="197" sentence="13" number="196">Ouny</token>
<token t_id="198" sentence="13" number="197">is</token>
<token t_id="199" sentence="13" number="198">a</token>
<token t_id="200" sentence="13" number="199">jeweler</token>
<token t_id="201" sentence="13" number="200">.</token>
<token t_id="202" sentence="14" number="201">M.</token>
<token t_id="203" sentence="14" number="202">Musey</token>
<token t_id="204" sentence="14" number="203">is</token>
<token t_id="205" sentence="14" number="204">a</token>
<token t_id="206" sentence="14" number="205">Superintendent</token>
<token t_id="207" sentence="14" number="206">of</token>
<token t_id="208" sentence="14" number="207">the</token>
<token t_id="209" sentence="14" number="208">Street</token>
<token t_id="210" sentence="14" number="209">Cleaning</token>
<token t_id="211" sentence="14" number="210">Bureau</token>
<token t_id="212" sentence="14" number="211">of</token>
<token t_id="213" sentence="14" number="212">Paris</token>
<token t_id="214" sentence="14" number="213">.</token>


<Markables>
<EVENT_MENTION m_id="1" factuality="" modality="" pred="" pos="" aspect="" certainty="" comment="" class="SPACE-MOVEMENT" tense="" polarity=""  >
<token_anchor t_id="8"/>
</EVENT_MENTION>
<EVENT_MENTION m_id="2" factuality="" modality="" pred="" pos="" aspect="" certainty="" comment="" class="SPACE-MOVEMENT" tense="" polarity=""  >
<token_anchor t_id="11"/>
</EVENT_MENTION>
<EVENT_MENTION m_id="3" factuality="" modality="" pred="" pos="" aspect="" certainty="" comment="" class="EDUCATION" tense="" polarity=""  >
<token_anchor t_id="13"/>
</EVENT_MENTION>
<EVENT_MENTION m_id="4" factuality="" modality="" pred="" pos="" aspect="" certainty="" comment="" class="SOCIAL" tense="" polarity=""  >
<token_anchor t_id="18"/>
</EVENT_MENTION>
<EVENT_MENTION m_id="5" factuality="" modality="" pred="" pos="" aspect="" certainty="" comment="" class="SPACE-MOVEMENT" tense="" polarity=""  >
<token_anchor t_id="34"/>
</EVENT_MENTION>
<EVENT_MENTION m_id="6" factuality="" modality="" pred="" pos="" aspect="" certainty="" comment="" class="AUTHORITY-LAW" tense="" polarity=""  >
<token_anchor t_id="46"/>
</EVENT_MENTION>
<EVENT_MENTION m_id="7" factuality="" modality="" pred="" pos="" aspect="" certainty="" comment="" class="AUTHORITY-LAW" tense="" polarity=""  >
<token_anchor t_id="55"/>
<token_anchor t_id="56"/>
</EVENT_MENTION>
<EVENT_MENTION m_id="8" factuality="" modality="" pred="" pos="" aspect="" certainty="" comment="" class="EXISTENCE-CAUSATION" tense="" polarity=""  >
<token_anchor t_id="66"/>
</EVENT_MENTION>
<EVENT_MENTION m_id="9" factuality="" modality="" pred="" pos="" aspect="" certainty="" comment="" class="EDUCATION" tense="" polarity=""  >
<token_anchor t_id="68"/>
</EVENT_MENTION>
<EVENT_MENTION m_id="10" factuality="" modality="" pred="" pos="" aspect="" certainty="" comment="" class="MEASURE" tense="" polarity=""  >
<token_anchor t_id="81"/>
<token_anchor t_id="82"/>
</EVENT_MENTION>
<EVENT_MENTION m_id="11" factuality="" modality="" pred="" pos="" aspect="" certainty="" comment="" class="CLOTHES" tense="" polarity=""  >
<token_anchor t_id="87"/>
</EVENT_MENTION>
<EVENT_MENTION m_id="12" factuality="" modality="" pred="" pos="" aspect="" certainty="" comment="" class="POSSESSION" tense="" polarity=""  >
<token_anchor t_id="99"/>
</EVENT_MENTION>
<EVENT_MENTION m_id="13" factuality="" modality="" pred="" pos="" aspect="" certainty="" comment="" class="SPACE-MOVEMENT" tense="" polarity=""  >
<token_anchor t_id="115"/>
</EVENT_MENTION>
<EVENT_MENTION m_id="14" factuality="" modality="" pred="" pos="" aspect="" certainty="" comment="" class="TRADE-WORK" tense="" polarity=""  >
<token_anchor t_id="119"/>
<token_anchor t_id="120"/>
<token_anchor t_id="121"/>
</EVENT_MENTION>
<EVENT_MENTION m_id="15" factuality="" modality="" pred="" pos="" aspect="" certainty="" comment="" class="TRADE-WORK" tense="" polarity=""  >
<token_anchor t_id="129"/>
<token_anchor t_id="130"/>
<token_anchor t_id="131"/>
</EVENT_MENTION>
<EVENT_MENTION m_id="16" factuality="" modality="" pred="" pos="" aspect="" certainty="" comment="" class="EXISTENCE-CAUSATION" tense="" polarity=""  >
<token_anchor t_id="142"/>
</EVENT_MENTION>
<EVENT_MENTION m_id="17" factuality="" modality="" pred="" pos="" aspect="" certainty="" comment="" class="COMMUNICATION" tense="" polarity=""  >
<token_anchor t_id="144"/>
<token_anchor t_id="145"/>
<token_anchor t_id="146"/>
</EVENT_MENTION>
<EVENT_MENTION m_id="18" factuality="" modality="" pred="" pos="" aspect="" certainty="" comment="" class="COMMUNICATION" tense="" polarity=""  >
<token_anchor t_id="157"/>
</EVENT_MENTION>
<EVENT_MENTION m_id="19" factuality="" modality="" pred="" pos="" aspect="" certainty="" comment="" class="EXISTENCE-CAUSATION" tense="" polarity=""  >
<token_anchor t_id="161"/>
</EVENT_MENTION>
<EVENT_MENTION m_id="20" factuality="" modality="" pred="" pos="" aspect="" certainty="" comment="" class="COMMUNICATION" tense="" polarity=""  >
<token_anchor t_id="166"/>
</EVENT_MENTION>
<EVENT_MENTION m_id="21" factuality="" modality="" pred="" pos="" aspect="" certainty="" comment="" class="TRADE-WORK" tense="" polarity=""  >
<token_anchor t_id="173"/>
<token_anchor t_id="174"/>
<token_anchor t_id="175"/>
<token_anchor t_id="176"/>
<token_anchor t_id="177"/>
<token_anchor t_id="178"/>
<token_anchor t_id="179"/>
</EVENT_MENTION>
<EVENT_MENTION m_id="22" factuality="" modality="" pred="" pos="" aspect="" certainty="" comment="" class="TRADE-WORK" tense="" polarity=""  >
<token_anchor t_id="191"/>
<token_anchor t_id="192"/>
<token_anchor t_id="193"/>
</EVENT_MENTION>
<EVENT_MENTION m_id="23" factuality="" modality="" pred="" pos="" aspect="" certainty="" comment="" class="TRADE-WORK" tense="" polarity=""  >
<token_anchor t_id="198"/>
<token_anchor t_id="199"/>
<token_anchor t_id="200"/>
</EVENT_MENTION>
<EVENT_MENTION m_id="24" factuality="" modality="" pred="" pos="" aspect="" certainty="" comment="" class="TRADE-WORK" tense="" polarity=""  >
<token_anchor t_id="204"/>
<token_anchor t_id="205"/>
<token_anchor t_id="206"/>
</EVENT_MENTION>
<EVENT_MENTION m_id="25" factuality="" modality="" pred="" pos="" aspect="" certainty="" comment="" class="TRADE-WORK" tense="" polarity=""  >
<token_anchor t_id="15"/>
</EVENT_MENTION>
<EVENT_MENTION m_id="26" factuality="" modality="" pred="" pos="" aspect="" certainty="" comment="" class="TRADE-WORK" tense="" polarity=""  >
<token_anchor t_id="33"/>
</EVENT_MENTION>
<EVENT_MENTION m_id="27" factuality="" modality="" pred="" pos="" aspect="" certainty="" comment="" class="SPACE-MOVEMENT" tense="" polarity=""  >
<token_anchor t_id="65"/>
</EVENT_MENTION>


</Markables>

<Relations>
</Relations>
</Document>
