<Document doc_name="MURDER_IN_WESTMINSTER.txt">
<token t_id="1" sentence="0" number="0">MONDAY</token>
<token t_id="2" sentence="0" number="1">,</token>
<token t_id="3" sentence="0" number="2">OCTOBER</token>
<token t_id="4" sentence="0" number="3">1</token>
<token t_id="5" sentence="0" number="4">,</token>
<token t_id="6" sentence="0" number="5">1888</token>
<token t_id="7" sentence="1" number="6">MURDER</token>
<token t_id="8" sentence="1" number="7">IN</token>
<token t_id="9" sentence="1" number="8">WESTMINSTER</token>
<token t_id="10" sentence="2" number="9">Shortly</token>
<token t_id="11" sentence="2" number="10">before</token>
<token t_id="12" sentence="2" number="11">eleven</token>
<token t_id="13" sentence="2" number="12">o'clock</token>
<token t_id="14" sentence="2" number="13">,</token>
<token t_id="15" sentence="2" number="14">on</token>
<token t_id="16" sentence="2" number="15">Saturday</token>
<token t_id="17" sentence="2" number="16">night</token>
<token t_id="18" sentence="2" number="17">,</token>
<token t_id="19" sentence="2" number="18">a</token>
<token t_id="20" sentence="2" number="19">man</token>
<token t_id="21" sentence="2" number="20">named</token>
<token t_id="22" sentence="2" number="21">John</token>
<token t_id="23" sentence="2" number="22">Brown</token>
<token t_id="24" sentence="2" number="23">murdered</token>
<token t_id="25" sentence="2" number="24">his</token>
<token t_id="26" sentence="2" number="25">wife</token>
<token t_id="27" sentence="2" number="26">Sarah</token>
<token t_id="28" sentence="2" number="27">by</token>
<token t_id="29" sentence="2" number="28">cutting</token>
<token t_id="30" sentence="2" number="29">her</token>
<token t_id="31" sentence="2" number="30">head</token>
<token t_id="32" sentence="2" number="31">nearly</token>
<token t_id="33" sentence="2" number="32">off</token>
<token t_id="34" sentence="2" number="33">,</token>
<token t_id="35" sentence="2" number="34">at</token>
<token t_id="36" sentence="2" number="35">the</token>
<token t_id="37" sentence="2" number="36">house</token>
<token t_id="38" sentence="2" number="37">at</token>
<token t_id="39" sentence="2" number="38">which</token>
<token t_id="40" sentence="2" number="39">they</token>
<token t_id="41" sentence="2" number="40">lived</token>
<token t_id="42" sentence="2" number="41">,</token>
<token t_id="43" sentence="2" number="42">No.</token>
<token t_id="44" sentence="2" number="43">11</token>
<token t_id="45" sentence="2" number="44">,</token>
<token t_id="46" sentence="2" number="45">Regent-gardens</token>
<token t_id="47" sentence="2" number="46">,</token>
<token t_id="48" sentence="2" number="47">Regency-street</token>
<token t_id="49" sentence="2" number="48">,</token>
<token t_id="50" sentence="2" number="49">Westminster</token>
<token t_id="51" sentence="2" number="50">.</token>
<token t_id="52" sentence="3" number="51">The</token>
<token t_id="53" sentence="3" number="52">deceased</token>
<token t_id="54" sentence="3" number="53">was</token>
<token t_id="55" sentence="3" number="54">a</token>
<token t_id="56" sentence="3" number="55">laundress</token>
<token t_id="57" sentence="3" number="56">,</token>
<token t_id="58" sentence="3" number="57">and</token>
<token t_id="59" sentence="3" number="58">her</token>
<token t_id="60" sentence="3" number="59">husband</token>
<token t_id="61" sentence="3" number="60">is</token>
<token t_id="62" sentence="3" number="61">employed</token>
<token t_id="63" sentence="3" number="62">as</token>
<token t_id="64" sentence="3" number="63">a</token>
<token t_id="65" sentence="3" number="64">roadman</token>
<token t_id="66" sentence="3" number="65">in</token>
<token t_id="67" sentence="3" number="66">St.</token>
<token t_id="68" sentence="3" number="67">James</token>
<token t_id="69" sentence="3" number="68">'s</token>
<token t_id="70" sentence="3" number="69">Park</token>
<token t_id="71" sentence="3" number="70">.</token>
<token t_id="72" sentence="4" number="71">On</token>
<token t_id="73" sentence="4" number="72">the</token>
<token t_id="74" sentence="4" number="73">17th</token>
<token t_id="75" sentence="4" number="74">ult</token>
<token t_id="76" sentence="4" number="75">.</token>
<token t_id="77" sentence="4" number="76">she</token>
<token t_id="78" sentence="4" number="77">summoned</token>
<token t_id="79" sentence="4" number="78">him</token>
<token t_id="80" sentence="4" number="79">to</token>
<token t_id="81" sentence="4" number="80">the</token>
<token t_id="82" sentence="4" number="81">Westminster</token>
<token t_id="83" sentence="4" number="82">Police-court</token>
<token t_id="84" sentence="4" number="83">,</token>
<token t_id="85" sentence="4" number="84">before</token>
<token t_id="86" sentence="4" number="85">Mr.</token>
<token t_id="87" sentence="4" number="86">D'Eyncourt</token>
<token t_id="88" sentence="4" number="87">,</token>
<token t_id="89" sentence="4" number="88">for</token>
<token t_id="90" sentence="4" number="89">maintenance</token>
<token t_id="91" sentence="4" number="90">,</token>
<token t_id="92" sentence="4" number="91">on</token>
<token t_id="93" sentence="4" number="92">the</token>
<token t_id="94" sentence="4" number="93">ground</token>
<token t_id="95" sentence="4" number="94">of</token>
<token t_id="96" sentence="4" number="95">having</token>
<token t_id="97" sentence="4" number="96">been</token>
<token t_id="98" sentence="4" number="97">deserted</token>
<token t_id="99" sentence="4" number="98">for</token>
<token t_id="100" sentence="4" number="99">a</token>
<token t_id="101" sentence="4" number="100">period</token>
<token t_id="102" sentence="4" number="101">of</token>
<token t_id="103" sentence="4" number="102">six</token>
<token t_id="104" sentence="4" number="103">weeks</token>
<token t_id="105" sentence="4" number="104">.</token>
<token t_id="106" sentence="5" number="105">The</token>
<token t_id="107" sentence="5" number="106">deceased</token>
<token t_id="108" sentence="5" number="107">then</token>
<token t_id="109" sentence="5" number="108">produced</token>
<token t_id="110" sentence="5" number="109">a</token>
<token t_id="111" sentence="5" number="110">medical</token>
<token t_id="112" sentence="5" number="111">certificate</token>
<token t_id="113" sentence="5" number="112">to</token>
<token t_id="114" sentence="5" number="113">the</token>
<token t_id="115" sentence="5" number="114">effect</token>
<token t_id="116" sentence="5" number="115">that</token>
<token t_id="117" sentence="5" number="116">her</token>
<token t_id="118" sentence="5" number="117">husband</token>
<token t_id="119" sentence="5" number="118">'s</token>
<token t_id="120" sentence="5" number="119">violent</token>
<token t_id="121" sentence="5" number="120">conduct</token>
<token t_id="122" sentence="5" number="121">and</token>
<token t_id="123" sentence="5" number="122">excitable</token>
<token t_id="124" sentence="5" number="123">temperament</token>
<token t_id="125" sentence="5" number="124">justified</token>
<token t_id="126" sentence="5" number="125">her</token>
<token t_id="127" sentence="5" number="126">in</token>
<token t_id="128" sentence="5" number="127">refusing</token>
<token t_id="129" sentence="5" number="128">to</token>
<token t_id="130" sentence="5" number="129">cohabit</token>
<token t_id="131" sentence="5" number="130">with</token>
<token t_id="132" sentence="5" number="131">him</token>
<token t_id="133" sentence="5" number="132">.</token>
<token t_id="134" sentence="6" number="133">The</token>
<token t_id="135" sentence="6" number="134">magistrate</token>
<token t_id="136" sentence="6" number="135">made</token>
<token t_id="137" sentence="6" number="136">no</token>
<token t_id="138" sentence="6" number="137">order</token>
<token t_id="139" sentence="6" number="138">for</token>
<token t_id="140" sentence="6" number="139">support</token>
<token t_id="141" sentence="6" number="140">,</token>
<token t_id="142" sentence="6" number="141">and</token>
<token t_id="143" sentence="6" number="142">the</token>
<token t_id="144" sentence="6" number="143">woman</token>
<token t_id="145" sentence="6" number="144">seems</token>
<token t_id="146" sentence="6" number="145">shortly</token>
<token t_id="147" sentence="6" number="146">afterwards</token>
<token t_id="148" sentence="6" number="147">to</token>
<token t_id="149" sentence="6" number="148">have</token>
<token t_id="150" sentence="6" number="149">very</token>
<token t_id="151" sentence="6" number="150">reluctantly</token>
<token t_id="152" sentence="6" number="151">resumed</token>
<token t_id="153" sentence="6" number="152">cohabitation</token>
<token t_id="154" sentence="6" number="153">with</token>
<token t_id="155" sentence="6" number="154">her</token>
<token t_id="156" sentence="6" number="155">husband</token>
<token t_id="157" sentence="6" number="156">,</token>
<token t_id="158" sentence="6" number="157">who</token>
<token t_id="159" sentence="6" number="158">was</token>
<token t_id="160" sentence="6" number="159">very</token>
<token t_id="161" sentence="6" number="160">jealous</token>
<token t_id="162" sentence="6" number="161">of</token>
<token t_id="163" sentence="6" number="162">her</token>
<token t_id="164" sentence="6" number="163">,</token>
<token t_id="165" sentence="6" number="164">and</token>
<token t_id="166" sentence="6" number="165">has</token>
<token t_id="167" sentence="6" number="166">frequently</token>
<token t_id="168" sentence="6" number="167">been</token>
<token t_id="169" sentence="6" number="168">heard</token>
<token t_id="170" sentence="6" number="169">to</token>
<token t_id="171" sentence="6" number="170">threaten</token>
<token t_id="172" sentence="6" number="171">her</token>
<token t_id="173" sentence="6" number="172">,</token>
<token t_id="174" sentence="6" number="173">asserting</token>
<token t_id="175" sentence="6" number="174">that</token>
<token t_id="176" sentence="6" number="175">she</token>
<token t_id="177" sentence="6" number="176">had</token>
<token t_id="178" sentence="6" number="177">been</token>
<token t_id="179" sentence="6" number="178">unfaithful</token>
<token t_id="180" sentence="6" number="179">-</token>
<token t_id="181" sentence="6" number="180">a</token>
<token t_id="182" sentence="6" number="181">statement</token>
<token t_id="183" sentence="6" number="182">for</token>
<token t_id="184" sentence="6" number="183">which</token>
<token t_id="185" sentence="6" number="184">there</token>
<token t_id="186" sentence="6" number="185">did</token>
<token t_id="187" sentence="6" number="186">not</token>
<token t_id="188" sentence="6" number="187">appear</token>
<token t_id="189" sentence="6" number="188">to</token>
<token t_id="190" sentence="6" number="189">be</token>
<token t_id="191" sentence="6" number="190">the</token>
<token t_id="192" sentence="6" number="191">slightest</token>
<token t_id="193" sentence="6" number="192">foundation</token>
<token t_id="194" sentence="6" number="193">.</token>
<token t_id="195" sentence="7" number="194">On</token>
<token t_id="196" sentence="7" number="195">Saturday</token>
<token t_id="197" sentence="7" number="196">night</token>
<token t_id="198" sentence="7" number="197">,</token>
<token t_id="199" sentence="7" number="198">at</token>
<token t_id="200" sentence="7" number="199">ten</token>
<token t_id="201" sentence="7" number="200">minutes</token>
<token t_id="202" sentence="7" number="201">to</token>
<token t_id="203" sentence="7" number="202">eleven</token>
<token t_id="204" sentence="7" number="203">,</token>
<token t_id="205" sentence="7" number="204">a</token>
<token t_id="206" sentence="7" number="205">next-door</token>
<token t_id="207" sentence="7" number="206">neighbour</token>
<token t_id="208" sentence="7" number="207">heard</token>
<token t_id="209" sentence="7" number="208">the</token>
<token t_id="210" sentence="7" number="209">pair</token>
<token t_id="211" sentence="7" number="210">quarrelling</token>
<token t_id="212" sentence="7" number="211">in</token>
<token t_id="213" sentence="7" number="212">their</token>
<token t_id="214" sentence="7" number="213">room</token>
<token t_id="215" sentence="7" number="214">,</token>
<token t_id="216" sentence="7" number="215">which</token>
<token t_id="217" sentence="7" number="216">was</token>
<token t_id="218" sentence="7" number="217">a</token>
<token t_id="219" sentence="7" number="218">front</token>
<token t_id="220" sentence="7" number="219">apartment</token>
<token t_id="221" sentence="7" number="220">on</token>
<token t_id="222" sentence="7" number="221">the</token>
<token t_id="223" sentence="7" number="222">ground</token>
<token t_id="224" sentence="7" number="223">floor</token>
<token t_id="225" sentence="7" number="224">.</token>
<token t_id="226" sentence="8" number="225">The</token>
<token t_id="227" sentence="8" number="226">noise</token>
<token t_id="228" sentence="8" number="227">suddenly</token>
<token t_id="229" sentence="8" number="228">ceased</token>
<token t_id="230" sentence="8" number="229">,</token>
<token t_id="231" sentence="8" number="230">and</token>
<token t_id="232" sentence="8" number="231">a</token>
<token t_id="233" sentence="8" number="232">minute</token>
<token t_id="234" sentence="8" number="233">or</token>
<token t_id="235" sentence="8" number="234">two</token>
<token t_id="236" sentence="8" number="235">afterwards</token>
<token t_id="237" sentence="8" number="236">the</token>
<token t_id="238" sentence="8" number="237">man</token>
<token t_id="239" sentence="8" number="238">left</token>
<token t_id="240" sentence="8" number="239">the</token>
<token t_id="241" sentence="8" number="240">house</token>
<token t_id="242" sentence="8" number="241">hurriedly</token>
<token t_id="243" sentence="8" number="242">,</token>
<token t_id="244" sentence="8" number="243">loudly</token>
<token t_id="245" sentence="8" number="244">slamming</token>
<token t_id="246" sentence="8" number="245">the</token>
<token t_id="247" sentence="8" number="246">front</token>
<token t_id="248" sentence="8" number="247">door</token>
<token t_id="249" sentence="8" number="248">,</token>
<token t_id="250" sentence="8" number="249">and</token>
<token t_id="251" sentence="8" number="250">walked</token>
<token t_id="252" sentence="8" number="251">at</token>
<token t_id="253" sentence="8" number="252">once</token>
<token t_id="254" sentence="8" number="253">to</token>
<token t_id="255" sentence="8" number="254">the</token>
<token t_id="256" sentence="8" number="255">Rochester-row</token>
<token t_id="257" sentence="8" number="256">Police-station</token>
<token t_id="258" sentence="8" number="257">,</token>
<token t_id="259" sentence="8" number="258">where</token>
<token t_id="260" sentence="8" number="259">he</token>
<token t_id="261" sentence="8" number="260">told</token>
<token t_id="262" sentence="8" number="261">Inspector</token>
<token t_id="263" sentence="8" number="262">Fairey</token>
<token t_id="264" sentence="8" number="263">,</token>
<token t_id="265" sentence="8" number="264">A</token>
<token t_id="266" sentence="8" number="265">Division</token>
<token t_id="267" sentence="8" number="266">,</token>
<token t_id="268" sentence="8" number="267">who</token>
<token t_id="269" sentence="8" number="268">was</token>
<token t_id="270" sentence="8" number="269">on</token>
<token t_id="271" sentence="8" number="270">duty</token>
<token t_id="272" sentence="8" number="271">,</token>
<token t_id="273" sentence="8" number="272">that</token>
<token t_id="274" sentence="8" number="273">he</token>
<token t_id="275" sentence="8" number="274">had</token>
<token t_id="276" sentence="8" number="275">murdered</token>
<token t_id="277" sentence="8" number="276">his</token>
<token t_id="278" sentence="8" number="277">wife</token>
<token t_id="279" sentence="8" number="278">by</token>
<token t_id="280" sentence="8" number="279">cutting</token>
<token t_id="281" sentence="8" number="280">her</token>
<token t_id="282" sentence="8" number="281">throat</token>
<token t_id="283" sentence="8" number="282">.</token>
<token t_id="284" sentence="9" number="283">He</token>
<token t_id="285" sentence="9" number="284">handed</token>
<token t_id="286" sentence="9" number="285">the</token>
<token t_id="287" sentence="9" number="286">inspector</token>
<token t_id="288" sentence="9" number="287">a</token>
<token t_id="289" sentence="9" number="288">large</token>
<token t_id="290" sentence="9" number="289">spring-backed</token>
<token t_id="291" sentence="9" number="290">clasp-knife</token>
<token t_id="292" sentence="9" number="291">,</token>
<token t_id="293" sentence="9" number="292">which</token>
<token t_id="294" sentence="9" number="293">had</token>
<token t_id="295" sentence="9" number="294">marks</token>
<token t_id="296" sentence="9" number="295">of</token>
<token t_id="297" sentence="9" number="296">blood</token>
<token t_id="298" sentence="9" number="297">on</token>
<token t_id="299" sentence="9" number="298">it</token>
<token t_id="300" sentence="9" number="299">,</token>
<token t_id="301" sentence="9" number="300">as</token>
<token t_id="302" sentence="9" number="301">also</token>
<token t_id="303" sentence="9" number="302">had</token>
<token t_id="304" sentence="9" number="303">his</token>
<token t_id="305" sentence="9" number="304">clothes</token>
<token t_id="306" sentence="9" number="305">,</token>
<token t_id="307" sentence="9" number="306">and</token>
<token t_id="308" sentence="9" number="307">described</token>
<token t_id="309" sentence="9" number="308">how</token>
<token t_id="310" sentence="9" number="309">he</token>
<token t_id="311" sentence="9" number="310">had</token>
<token t_id="312" sentence="9" number="311">twice</token>
<token t_id="313" sentence="9" number="312">stabbed</token>
<token t_id="314" sentence="9" number="313">the</token>
<token t_id="315" sentence="9" number="314">woman</token>
<token t_id="316" sentence="9" number="315">in</token>
<token t_id="317" sentence="9" number="316">the</token>
<token t_id="318" sentence="9" number="317">neck</token>
<token t_id="319" sentence="9" number="318">.</token>
<token t_id="320" sentence="10" number="319">Detective-sergeant</token>
<token t_id="321" sentence="10" number="320">Waldock</token>
<token t_id="322" sentence="10" number="321">,</token>
<token t_id="323" sentence="10" number="322">of</token>
<token t_id="324" sentence="10" number="323">the</token>
<token t_id="325" sentence="10" number="324">Criminal</token>
<token t_id="326" sentence="10" number="325">Investigation</token>
<token t_id="327" sentence="10" number="326">Department</token>
<token t_id="328" sentence="10" number="327">,</token>
<token t_id="329" sentence="10" number="328">was</token>
<token t_id="330" sentence="10" number="329">at</token>
<token t_id="331" sentence="10" number="330">once</token>
<token t_id="332" sentence="10" number="331">despatched</token>
<token t_id="333" sentence="10" number="332">to</token>
<token t_id="334" sentence="10" number="333">investigate</token>
<token t_id="335" sentence="10" number="334">the</token>
<token t_id="336" sentence="10" number="335">matter</token>
<token t_id="337" sentence="10" number="336">,</token>
<token t_id="338" sentence="10" number="337">and</token>
<token t_id="339" sentence="10" number="338">found</token>
<token t_id="340" sentence="10" number="339">the</token>
<token t_id="341" sentence="10" number="340">deceased</token>
<token t_id="342" sentence="10" number="341">with</token>
<token t_id="343" sentence="10" number="342">her</token>
<token t_id="344" sentence="10" number="343">head</token>
<token t_id="345" sentence="10" number="344">nearly</token>
<token t_id="346" sentence="10" number="345">cut</token>
<token t_id="347" sentence="10" number="346">from</token>
<token t_id="348" sentence="10" number="347">her</token>
<token t_id="349" sentence="10" number="348">body</token>
<token t_id="350" sentence="10" number="349">in</token>
<token t_id="351" sentence="10" number="350">a</token>
<token t_id="352" sentence="10" number="351">pool</token>
<token t_id="353" sentence="10" number="352">of</token>
<token t_id="354" sentence="10" number="353">blood</token>
<token t_id="355" sentence="10" number="354">near</token>
<token t_id="356" sentence="10" number="355">the</token>
<token t_id="357" sentence="10" number="356">fireplace</token>
<token t_id="358" sentence="10" number="357">in</token>
<token t_id="359" sentence="10" number="358">the</token>
<token t_id="360" sentence="10" number="359">room</token>
<token t_id="361" sentence="10" number="360">.</token>
<token t_id="362" sentence="11" number="361">Dr.</token>
<token t_id="363" sentence="11" number="362">Archer</token>
<token t_id="364" sentence="11" number="363">,</token>
<token t_id="365" sentence="11" number="364">of</token>
<token t_id="366" sentence="11" number="365">Vincent-square</token>
<token t_id="367" sentence="11" number="366">,</token>
<token t_id="368" sentence="11" number="367">Westminster</token>
<token t_id="369" sentence="11" number="368">,</token>
<token t_id="370" sentence="11" number="369">was</token>
<token t_id="371" sentence="11" number="370">sent</token>
<token t_id="372" sentence="11" number="371">for</token>
<token t_id="373" sentence="11" number="372">,</token>
<token t_id="374" sentence="11" number="373">and</token>
<token t_id="375" sentence="11" number="374">he</token>
<token t_id="376" sentence="11" number="375">found</token>
<token t_id="377" sentence="11" number="376">the</token>
<token t_id="378" sentence="11" number="377">body</token>
<token t_id="379" sentence="11" number="378">still</token>
<token t_id="380" sentence="11" number="379">warm</token>
<token t_id="381" sentence="11" number="380">,</token>
<token t_id="382" sentence="11" number="381">but</token>
<token t_id="383" sentence="11" number="382">life</token>
<token t_id="384" sentence="11" number="383">was</token>
<token t_id="385" sentence="11" number="384">extinct</token>
<token t_id="386" sentence="11" number="385">.</token>
<token t_id="387" sentence="12" number="386">The</token>
<token t_id="388" sentence="12" number="387">doctor</token>
<token t_id="389" sentence="12" number="388">expressed</token>
<token t_id="390" sentence="12" number="389">the</token>
<token t_id="391" sentence="12" number="390">opinion</token>
<token t_id="392" sentence="12" number="391">that</token>
<token t_id="393" sentence="12" number="392">great</token>
<token t_id="394" sentence="12" number="393">force</token>
<token t_id="395" sentence="12" number="394">must</token>
<token t_id="396" sentence="12" number="395">have</token>
<token t_id="397" sentence="12" number="396">been</token>
<token t_id="398" sentence="12" number="397">employed</token>
<token t_id="399" sentence="12" number="398">to</token>
<token t_id="400" sentence="12" number="399">have</token>
<token t_id="401" sentence="12" number="400">cut</token>
<token t_id="402" sentence="12" number="401">the</token>
<token t_id="403" sentence="12" number="402">woman</token>
<token t_id="404" sentence="12" number="403">'s</token>
<token t_id="405" sentence="12" number="404">throat</token>
<token t_id="406" sentence="12" number="405">in</token>
<token t_id="407" sentence="12" number="406">such</token>
<token t_id="408" sentence="12" number="407">a</token>
<token t_id="409" sentence="12" number="408">shocking</token>
<token t_id="410" sentence="12" number="409">way</token>
<token t_id="411" sentence="12" number="410">,</token>
<token t_id="412" sentence="12" number="411">for</token>
<token t_id="413" sentence="12" number="412">there</token>
<token t_id="414" sentence="12" number="413">were</token>
<token t_id="415" sentence="12" number="414">two</token>
<token t_id="416" sentence="12" number="415">distinct</token>
<token t_id="417" sentence="12" number="416">gashes</token>
<token t_id="418" sentence="12" number="417">,</token>
<token t_id="419" sentence="12" number="418">and</token>
<token t_id="420" sentence="12" number="419">the</token>
<token t_id="421" sentence="12" number="420">wind-pipe</token>
<token t_id="422" sentence="12" number="421">was</token>
<token t_id="423" sentence="12" number="422">severed</token>
<token t_id="424" sentence="12" number="423">.</token>
<token t_id="425" sentence="13" number="424">The</token>
<token t_id="426" sentence="13" number="425">two</token>
<token t_id="427" sentence="13" number="426">little</token>
<token t_id="428" sentence="13" number="427">children</token>
<token t_id="429" sentence="13" number="428">belonging</token>
<token t_id="430" sentence="13" number="429">to</token>
<token t_id="431" sentence="13" number="430">the</token>
<token t_id="432" sentence="13" number="431">deceased</token>
<token t_id="433" sentence="13" number="432">were</token>
<token t_id="434" sentence="13" number="433">crying</token>
<token t_id="435" sentence="13" number="434">in</token>
<token t_id="436" sentence="13" number="435">the</token>
<token t_id="437" sentence="13" number="436">passage</token>
<token t_id="438" sentence="13" number="437">,</token>
<token t_id="439" sentence="13" number="438">and</token>
<token t_id="440" sentence="13" number="439">were</token>
<token t_id="441" sentence="13" number="440">taken</token>
<token t_id="442" sentence="13" number="441">away</token>
<token t_id="443" sentence="13" number="442">by</token>
<token t_id="444" sentence="13" number="443">neighbours</token>
<token t_id="445" sentence="13" number="444">.</token>
<token t_id="446" sentence="14" number="445">The</token>
<token t_id="447" sentence="14" number="446">man</token>
<token t_id="448" sentence="14" number="447">Brown</token>
<token t_id="449" sentence="14" number="448">,</token>
<token t_id="450" sentence="14" number="449">who</token>
<token t_id="451" sentence="14" number="450">is</token>
<token t_id="452" sentence="14" number="451">forty-five</token>
<token t_id="453" sentence="14" number="452">years</token>
<token t_id="454" sentence="14" number="453">of</token>
<token t_id="455" sentence="14" number="454">age</token>
<token t_id="456" sentence="14" number="455">,</token>
<token t_id="457" sentence="14" number="456">a</token>
<token t_id="458" sentence="14" number="457">little</token>
<token t_id="459" sentence="14" number="458">older</token>
<token t_id="460" sentence="14" number="459">than</token>
<token t_id="461" sentence="14" number="460">the</token>
<token t_id="462" sentence="14" number="461">deceased</token>
<token t_id="463" sentence="14" number="462">,</token>
<token t_id="464" sentence="14" number="463">was</token>
<token t_id="465" sentence="14" number="464">subsequently</token>
<token t_id="466" sentence="14" number="465">formally</token>
<token t_id="467" sentence="14" number="466">charged</token>
<token t_id="468" sentence="14" number="467">with</token>
<token t_id="469" sentence="14" number="468">wilful</token>
<token t_id="470" sentence="14" number="469">murder</token>
<token t_id="471" sentence="14" number="470">,</token>
<token t_id="472" sentence="14" number="471">and</token>
<token t_id="473" sentence="14" number="472">he</token>
<token t_id="474" sentence="14" number="473">will</token>
<token t_id="475" sentence="14" number="474">be</token>
<token t_id="476" sentence="14" number="475">brought</token>
<token t_id="477" sentence="14" number="476">before</token>
<token t_id="478" sentence="14" number="477">the</token>
<token t_id="479" sentence="14" number="478">magistrate</token>
<token t_id="480" sentence="14" number="479">at</token>
<token t_id="481" sentence="14" number="480">the</token>
<token t_id="482" sentence="14" number="481">Westminster</token>
<token t_id="483" sentence="14" number="482">Police-court</token>
<token t_id="484" sentence="14" number="483">this</token>
<token t_id="485" sentence="14" number="484">morning</token>
<token t_id="486" sentence="14" number="485">.</token>


<Markables>
<EVENT_MENTION m_id="33" factuality="" modality="" pred="" pos="" aspect="" certainty="" comment="" class="SPACE-MOVEMENT" tense="" polarity=""  >
<token_anchor t_id="251"/>
</EVENT_MENTION>
<EVENT_MENTION m_id="1" factuality="" modality="" pred="" pos="" aspect="" certainty="" comment="" class="LIFE-HEALTH" tense="" polarity=""  >
<token_anchor t_id="7"/>
</EVENT_MENTION>
<EVENT_MENTION m_id="34" factuality="" modality="" pred="" pos="" aspect="" certainty="" comment="" class="COMMUNICATION" tense="" polarity=""  >
<token_anchor t_id="261"/>
</EVENT_MENTION>
<EVENT_MENTION m_id="2" factuality="" modality="" pred="" pos="" aspect="" certainty="" comment="" class="COMMUNICATION" tense="" polarity=""  >
<token_anchor t_id="21"/>
</EVENT_MENTION>
<EVENT_MENTION m_id="35" factuality="" modality="" pred="" pos="" aspect="" certainty="" comment="" class="AUTHORITY-LAW" tense="" polarity=""  >
<token_anchor t_id="269"/>
<token_anchor t_id="270"/>
<token_anchor t_id="271"/>
</EVENT_MENTION>
<EVENT_MENTION m_id="3" factuality="" modality="" pred="" pos="" aspect="" certainty="" comment="" class="LIFE-HEALTH" tense="" polarity=""  >
<token_anchor t_id="24"/>
</EVENT_MENTION>
<EVENT_MENTION m_id="36" factuality="" modality="" pred="" pos="" aspect="" certainty="" comment="" class="LIFE-HEALTH" tense="" polarity=""  >
<token_anchor t_id="276"/>
</EVENT_MENTION>
<EVENT_MENTION m_id="4" factuality="" modality="" pred="" pos="" aspect="" certainty="" comment="" class="GENERAL" tense="" polarity=""  >
<token_anchor t_id="29"/>
<token_anchor t_id="33"/>
</EVENT_MENTION>
<EVENT_MENTION m_id="37" factuality="" modality="" pred="" pos="" aspect="" certainty="" comment="" class="GENERAL" tense="" polarity=""  >
<token_anchor t_id="280"/>
</EVENT_MENTION>
<EVENT_MENTION m_id="5" factuality="" modality="" pred="" pos="" aspect="" certainty="" comment="" class="LIFE-HEALTH" tense="" polarity=""  >
<token_anchor t_id="41"/>
</EVENT_MENTION>
<EVENT_MENTION m_id="38" factuality="" modality="" pred="" pos="" aspect="" certainty="" comment="" class="POSSESSION" tense="" polarity=""  >
<token_anchor t_id="285"/>
</EVENT_MENTION>
<EVENT_MENTION m_id="6" factuality="" modality="" pred="" pos="" aspect="" certainty="" comment="" class="TRADE-WORK" tense="" polarity=""  >
<token_anchor t_id="54"/>
<token_anchor t_id="55"/>
<token_anchor t_id="56"/>
</EVENT_MENTION>
<EVENT_MENTION m_id="39" factuality="" modality="" pred="" pos="" aspect="" certainty="" comment="" class="POSSESSION" tense="" polarity=""  >
<token_anchor t_id="294"/>
</EVENT_MENTION>
<EVENT_MENTION m_id="7" factuality="" modality="" pred="" pos="" aspect="" certainty="" comment="" class="TRADE-WORK" tense="" polarity=""  >
<token_anchor t_id="62"/>
</EVENT_MENTION>
<EVENT_MENTION m_id="40" factuality="" modality="" pred="" pos="" aspect="" certainty="" comment="" class="POSSESSION" tense="" polarity=""  >
<token_anchor t_id="303"/>
</EVENT_MENTION>
<EVENT_MENTION m_id="8" factuality="" modality="" pred="" pos="" aspect="" certainty="" comment="" class="AUTHORITY-LAW" tense="" polarity=""  >
<token_anchor t_id="78"/>
</EVENT_MENTION>
<EVENT_MENTION m_id="41" factuality="" modality="" pred="" pos="" aspect="" certainty="" comment="" class="COMMUNICATION" tense="" polarity=""  >
<token_anchor t_id="308"/>
</EVENT_MENTION>
<EVENT_MENTION m_id="9" factuality="" modality="" pred="" pos="" aspect="" certainty="" comment="" class="TRADE-WORK" tense="" polarity=""  >
<token_anchor t_id="90"/>
</EVENT_MENTION>
<EVENT_MENTION m_id="42" factuality="" modality="" pred="" pos="" aspect="" certainty="" comment="" class="LIFE-HEALTH" tense="" polarity=""  >
<token_anchor t_id="313"/>
</EVENT_MENTION>
<EVENT_MENTION m_id="10" factuality="" modality="" pred="" pos="" aspect="" certainty="" comment="" class="SPACE-MOVEMENT" tense="" polarity=""  >
<token_anchor t_id="98"/>
</EVENT_MENTION>
<EVENT_MENTION m_id="43" factuality="" modality="" pred="" pos="" aspect="" certainty="" comment="" class="SPACE-MOVEMENT" tense="" polarity=""  >
<token_anchor t_id="332"/>
</EVENT_MENTION>
<EVENT_MENTION m_id="11" factuality="" modality="" pred="" pos="" aspect="" certainty="" comment="" class="GENERAL" tense="" polarity=""  >
<token_anchor t_id="109"/>
</EVENT_MENTION>
<EVENT_MENTION m_id="44" factuality="" modality="" pred="" pos="" aspect="" certainty="" comment="" class="AUTHORITY-LAW" tense="" polarity=""  >
<token_anchor t_id="334"/>
</EVENT_MENTION>
<EVENT_MENTION m_id="12" factuality="" modality="" pred="" pos="" aspect="" certainty="" comment="" class="GENERAL" tense="" polarity=""  >
<token_anchor t_id="121"/>
</EVENT_MENTION>
<EVENT_MENTION m_id="45" factuality="" modality="" pred="" pos="" aspect="" certainty="" comment="" class="GENERAL" tense="" polarity=""  >
<token_anchor t_id="336"/>
</EVENT_MENTION>
<EVENT_MENTION m_id="13" factuality="" modality="" pred="" pos="" aspect="" certainty="" comment="" class="MENTAL" tense="" polarity=""  >
<token_anchor t_id="125"/>
</EVENT_MENTION>
<EVENT_MENTION m_id="46" factuality="" modality="" pred="" pos="" aspect="" certainty="" comment="" class="GENERAL" tense="" polarity=""  >
<token_anchor t_id="339"/>
</EVENT_MENTION>
<EVENT_MENTION m_id="14" factuality="" modality="" pred="" pos="" aspect="" certainty="" comment="" class="MENTAL" tense="" polarity=""  >
<token_anchor t_id="128"/>
</EVENT_MENTION>
<EVENT_MENTION m_id="47" factuality="" modality="" pred="" pos="" aspect="" certainty="" comment="" class="GENERAL" tense="" polarity=""  >
<token_anchor t_id="346"/>
</EVENT_MENTION>
<EVENT_MENTION m_id="15" factuality="" modality="" pred="" pos="" aspect="" certainty="" comment="" class="SPACE-MOVEMENT" tense="" polarity=""  >
<token_anchor t_id="130"/>
</EVENT_MENTION>
<EVENT_MENTION m_id="48" factuality="" modality="" pred="" pos="" aspect="" certainty="" comment="" class="SPACE-MOVEMENT" tense="" polarity=""  >
<token_anchor t_id="371"/>
<token_anchor t_id="372"/>
</EVENT_MENTION>
<EVENT_MENTION m_id="16" factuality="" modality="" pred="" pos="" aspect="" certainty="" comment="" class="MENTAL" tense="" polarity=""  >
<token_anchor t_id="145"/>
</EVENT_MENTION>
<EVENT_MENTION m_id="49" factuality="" modality="" pred="" pos="" aspect="" certainty="" comment="" class="GENERAL" tense="" polarity=""  >
<token_anchor t_id="376"/>
</EVENT_MENTION>
<EVENT_MENTION m_id="17" factuality="" modality="" pred="" pos="" aspect="" certainty="" comment="" class="GENERAL" tense="" polarity=""  >
<token_anchor t_id="152"/>
</EVENT_MENTION>
<EVENT_MENTION m_id="50" factuality="" modality="" pred="" pos="" aspect="" certainty="" comment="" class="LIFE-HEALTH" tense="" polarity=""  >
<token_anchor t_id="383"/>
</EVENT_MENTION>
<EVENT_MENTION m_id="18" factuality="" modality="" pred="" pos="" aspect="" certainty="" comment="" class="SPACE-MOVEMENT" tense="" polarity=""  >
<token_anchor t_id="153"/>
</EVENT_MENTION>
<EVENT_MENTION m_id="51" factuality="" modality="" pred="" pos="" aspect="" certainty="" comment="" class="LIFE-HEALTH" tense="" polarity=""  >
<token_anchor t_id="385"/>
</EVENT_MENTION>
<EVENT_MENTION m_id="19" factuality="" modality="" pred="" pos="" aspect="" certainty="" comment="" class="EMOTIONS-EVALUATIONS" tense="" polarity=""  >
<token_anchor t_id="159"/>
<token_anchor t_id="160"/>
<token_anchor t_id="161"/>
</EVENT_MENTION>
<EVENT_MENTION m_id="20" factuality="" modality="" pred="" pos="" aspect="" certainty="" comment="" class="PHYSICAL SENSATIONS" tense="" polarity=""  >
<token_anchor t_id="169"/>
</EVENT_MENTION>
<EVENT_MENTION m_id="52" factuality="" modality="" pred="" pos="" aspect="" certainty="" comment="" class="COMMUNICATION" tense="" polarity=""  >
<token_anchor t_id="389"/>
</EVENT_MENTION>
<EVENT_MENTION m_id="21" factuality="" modality="" pred="" pos="" aspect="" certainty="" comment="" class="EMOTIONS-EVALUATIONS" tense="" polarity=""  >
<token_anchor t_id="171"/>
</EVENT_MENTION>
<EVENT_MENTION m_id="53" factuality="" modality="" pred="" pos="" aspect="" certainty="" comment="" class="GENERAL" tense="" polarity=""  >
<token_anchor t_id="398"/>
</EVENT_MENTION>
<EVENT_MENTION m_id="22" factuality="" modality="" pred="" pos="" aspect="" certainty="" comment="" class="COMMUNICATION" tense="" polarity=""  >
<token_anchor t_id="174"/>
</EVENT_MENTION>
<EVENT_MENTION m_id="54" factuality="" modality="" pred="" pos="" aspect="" certainty="" comment="" class="GENERAL" tense="" polarity=""  >
<token_anchor t_id="401"/>
</EVENT_MENTION>
<EVENT_MENTION m_id="23" factuality="" modality="" pred="" pos="" aspect="" certainty="" comment="" class="EMOTIONS-EVALUATIONS" tense="" polarity=""  >
<token_anchor t_id="178"/>
<token_anchor t_id="179"/>
</EVENT_MENTION>
<EVENT_MENTION m_id="55" factuality="" modality="" pred="" pos="" aspect="" certainty="" comment="" class="EXISTENCE-CAUSATION" tense="" polarity=""  >
<token_anchor t_id="414"/>
</EVENT_MENTION>
<EVENT_MENTION m_id="24" factuality="" modality="" pred="" pos="" aspect="" certainty="" comment="" class="MENTAL" tense="" polarity=""  >
<token_anchor t_id="188"/>
</EVENT_MENTION>
<EVENT_MENTION m_id="56" factuality="" modality="" pred="" pos="" aspect="" certainty="" comment="" class="SPACE-MOVEMENT" tense="" polarity=""  >
<token_anchor t_id="422"/>
<token_anchor t_id="423"/>
</EVENT_MENTION>
<EVENT_MENTION m_id="25" factuality="" modality="" pred="" pos="" aspect="" certainty="" comment="" class="EXISTENCE-CAUSATION" tense="" polarity=""  >
<token_anchor t_id="190"/>
</EVENT_MENTION>
<EVENT_MENTION m_id="57" factuality="" modality="" pred="" pos="" aspect="" certainty="" comment="" class="POSSESSION" tense="" polarity=""  >
<token_anchor t_id="429"/>
</EVENT_MENTION>
<EVENT_MENTION m_id="26" factuality="" modality="" pred="" pos="" aspect="" certainty="" comment="" class="EXISTENCE-CAUSATION" tense="" polarity=""  >
<token_anchor t_id="136"/>
</EVENT_MENTION>
<EVENT_MENTION m_id="58" factuality="" modality="" pred="" pos="" aspect="" certainty="" comment="" class="EMOTIONS-EVALUATIONS" tense="" polarity=""  >
<token_anchor t_id="434"/>
</EVENT_MENTION>
<EVENT_MENTION m_id="27" factuality="" modality="" pred="" pos="" aspect="" certainty="" comment="" class="PHYSICAL SENSATIONS" tense="" polarity=""  >
<token_anchor t_id="208"/>
</EVENT_MENTION>
<EVENT_MENTION m_id="59" factuality="" modality="" pred="" pos="" aspect="" certainty="" comment="" class="SPACE-MOVEMENT" tense="" polarity=""  >
<token_anchor t_id="441"/>
<token_anchor t_id="442"/>
</EVENT_MENTION>
<EVENT_MENTION m_id="28" factuality="" modality="" pred="" pos="" aspect="" certainty="" comment="" class="COMMUNICATION" tense="" polarity=""  >
<token_anchor t_id="211"/>
</EVENT_MENTION>
<EVENT_MENTION m_id="60" factuality="" modality="" pred="" pos="" aspect="" certainty="" comment="" class="TIME" tense="" polarity=""  >
<token_anchor t_id="451"/>
<token_anchor t_id="452"/>
<token_anchor t_id="453"/>
</EVENT_MENTION>
<EVENT_MENTION m_id="29" factuality="" modality="" pred="" pos="" aspect="" certainty="" comment="" class="EXISTENCE-CAUSATION" tense="" polarity=""  >
<token_anchor t_id="217"/>
</EVENT_MENTION>
<EVENT_MENTION m_id="61" factuality="" modality="" pred="" pos="" aspect="" certainty="" comment="" class="AUTHORITY-LAW" tense="" polarity=""  >
<token_anchor t_id="467"/>
</EVENT_MENTION>
<EVENT_MENTION m_id="30" factuality="" modality="" pred="" pos="" aspect="" certainty="" comment="" class="TIME" tense="" polarity=""  >
<token_anchor t_id="229"/>
</EVENT_MENTION>
<EVENT_MENTION m_id="62" factuality="" modality="" pred="" pos="" aspect="" certainty="" comment="" class="LIFE-HEALTH" tense="" polarity=""  >
<token_anchor t_id="470"/>
</EVENT_MENTION>
<EVENT_MENTION m_id="31" factuality="" modality="" pred="" pos="" aspect="" certainty="" comment="" class="SPACE-MOVEMENT" tense="" polarity=""  >
<token_anchor t_id="239"/>
</EVENT_MENTION>
<EVENT_MENTION m_id="63" factuality="" modality="" pred="" pos="" aspect="" certainty="" comment="" class="SPACE-MOVEMENT" tense="" polarity=""  >
<token_anchor t_id="476"/>
</EVENT_MENTION>
<EVENT_MENTION m_id="32" factuality="" modality="" pred="" pos="" aspect="" certainty="" comment="" class="SPACE-MOVEMENT" tense="" polarity=""  >
<token_anchor t_id="245"/>
</EVENT_MENTION>
<EVENT_MENTION m_id="64" factuality="" modality="" pred="" pos="" aspect="" certainty="" comment="" class="PHYSICAL SENSATIONS" tense="" polarity=""  >
<token_anchor t_id="227"/>
</EVENT_MENTION>


</Markables>

<Relations>
</Relations>
</Document>
