<Document doc_name="New_Lyon_King_of_Arms.txt">
<token t_id="1" sentence="0" number="0">Tuesday</token>
<token t_id="2" sentence="0" number="1">,</token>
<token t_id="3" sentence="0" number="2">Sep</token>
<token t_id="4" sentence="0" number="3">14</token>
<token t_id="5" sentence="0" number="4">,</token>
<token t_id="6" sentence="0" number="5">1926</token>
<token t_id="7" sentence="1" number="6">NEW</token>
<token t_id="8" sentence="1" number="7">LYON</token>
<token t_id="9" sentence="1" number="8">KING</token>
<token t_id="10" sentence="1" number="9">OF</token>
<token t_id="11" sentence="1" number="10">ARMS</token>
<token t_id="12" sentence="2" number="11">The</token>
<token t_id="13" sentence="2" number="12">King</token>
<token t_id="14" sentence="2" number="13">has</token>
<token t_id="15" sentence="2" number="14">been</token>
<token t_id="16" sentence="2" number="15">pleased</token>
<token t_id="17" sentence="2" number="16">,</token>
<token t_id="18" sentence="2" number="17">on</token>
<token t_id="19" sentence="2" number="18">the</token>
<token t_id="20" sentence="2" number="19">recommendation</token>
<token t_id="21" sentence="2" number="20">of</token>
<token t_id="22" sentence="2" number="21">the</token>
<token t_id="23" sentence="2" number="22">Secretary</token>
<token t_id="24" sentence="2" number="23">of</token>
<token t_id="25" sentence="2" number="24">State</token>
<token t_id="26" sentence="2" number="25">for</token>
<token t_id="27" sentence="2" number="26">Scotland</token>
<token t_id="28" sentence="2" number="27">,</token>
<token t_id="29" sentence="2" number="28">to</token>
<token t_id="30" sentence="2" number="29">approve</token>
<token t_id="31" sentence="2" number="30">of</token>
<token t_id="32" sentence="2" number="31">the</token>
<token t_id="33" sentence="2" number="32">appointment</token>
<token t_id="34" sentence="2" number="33">of</token>
<token t_id="35" sentence="2" number="34">Captain</token>
<token t_id="36" sentence="2" number="35">George</token>
<token t_id="37" sentence="2" number="36">Sitwell</token>
<token t_id="38" sentence="2" number="37">Campbell</token>
<token t_id="39" sentence="2" number="38">Swinton</token>
<token t_id="40" sentence="2" number="39">,</token>
<token t_id="41" sentence="2" number="40">at</token>
<token t_id="42" sentence="2" number="41">present</token>
<token t_id="43" sentence="2" number="42">Albany</token>
<token t_id="44" sentence="2" number="43">Herald</token>
<token t_id="45" sentence="2" number="44">to</token>
<token t_id="46" sentence="2" number="45">be</token>
<token t_id="47" sentence="2" number="46">Lyon</token>
<token t_id="48" sentence="2" number="47">King</token>
<token t_id="49" sentence="2" number="48">of</token>
<token t_id="50" sentence="2" number="49">Arms</token>
<token t_id="51" sentence="2" number="50">in</token>
<token t_id="52" sentence="2" number="51">Scotland</token>
<token t_id="53" sentence="2" number="52">and</token>
<token t_id="54" sentence="2" number="53">Secretary</token>
<token t_id="55" sentence="2" number="54">to</token>
<token t_id="56" sentence="2" number="55">the</token>
<token t_id="57" sentence="2" number="56">Order</token>
<token t_id="58" sentence="2" number="57">of</token>
<token t_id="59" sentence="2" number="58">the</token>
<token t_id="60" sentence="2" number="59">Thistle</token>
<token t_id="61" sentence="2" number="60">in</token>
<token t_id="62" sentence="2" number="61">succession</token>
<token t_id="63" sentence="2" number="62">to</token>
<token t_id="64" sentence="2" number="63">Sir</token>
<token t_id="65" sentence="2" number="64">James</token>
<token t_id="66" sentence="2" number="65">Balfour</token>
<token t_id="67" sentence="2" number="66">Paul</token>
<token t_id="68" sentence="2" number="67">,</token>
<token t_id="69" sentence="2" number="68">K.C.V.O.</token>
<token t_id="70" sentence="2" number="69">,</token>
<token t_id="71" sentence="2" number="70">LL.D.</token>
<token t_id="72" sentence="2" number="71">,</token>
<token t_id="73" sentence="2" number="72">whose</token>
<token t_id="74" sentence="2" number="73">resignation</token>
<token t_id="75" sentence="2" number="74">takes</token>
<token t_id="76" sentence="2" number="75">effect</token>
<token t_id="77" sentence="2" number="76">as</token>
<token t_id="78" sentence="2" number="77">from</token>
<token t_id="79" sentence="2" number="78">December</token>
<token t_id="80" sentence="2" number="79">31</token>
<token t_id="81" sentence="2" number="80">,</token>
<token t_id="82" sentence="2" number="81">1926</token>
<token t_id="83" sentence="2" number="82">.</token>
<token t_id="84" sentence="3" number="83">Sir</token>
<token t_id="85" sentence="3" number="84">James</token>
<token t_id="86" sentence="3" number="85">Balfour</token>
<token t_id="87" sentence="3" number="86">Paul</token>
<token t_id="88" sentence="3" number="87">,</token>
<token t_id="89" sentence="3" number="88">who</token>
<token t_id="90" sentence="3" number="89">will</token>
<token t_id="91" sentence="3" number="90">be</token>
<token t_id="92" sentence="3" number="91">80</token>
<token t_id="93" sentence="3" number="92">next</token>
<token t_id="94" sentence="3" number="93">November</token>
<token t_id="95" sentence="3" number="94">,</token>
<token t_id="96" sentence="3" number="95">has</token>
<token t_id="97" sentence="3" number="96">been</token>
<token t_id="98" sentence="3" number="97">Lyon</token>
<token t_id="99" sentence="3" number="98">King</token>
<token t_id="100" sentence="3" number="99">since</token>
<token t_id="101" sentence="3" number="100">1890</token>
<token t_id="102" sentence="3" number="101">.</token>
<token t_id="103" sentence="4" number="102">The</token>
<token t_id="104" sentence="4" number="103">great</token>
<token t_id="105" sentence="4" number="104">improvement</token>
<token t_id="106" sentence="4" number="105">in</token>
<token t_id="107" sentence="4" number="106">Scottish</token>
<token t_id="108" sentence="4" number="107">heraldic</token>
<token t_id="109" sentence="4" number="108">art</token>
<token t_id="110" sentence="4" number="109">is</token>
<token t_id="111" sentence="4" number="110">due</token>
<token t_id="112" sentence="4" number="111">largely</token>
<token t_id="113" sentence="4" number="112">to</token>
<token t_id="114" sentence="4" number="113">his</token>
<token t_id="115" sentence="4" number="114">wise</token>
<token t_id="116" sentence="4" number="115">encouragement</token>
<token t_id="117" sentence="4" number="116">of</token>
<token t_id="118" sentence="4" number="117">Mr.</token>
<token t_id="119" sentence="4" number="118">Grahame</token>
<token t_id="120" sentence="4" number="119">Johnston</token>
<token t_id="121" sentence="4" number="120">,</token>
<token t_id="122" sentence="4" number="121">the</token>
<token t_id="123" sentence="4" number="122">Herald</token>
<token t_id="124" sentence="4" number="123">Painter</token>
<token t_id="125" sentence="4" number="124">to</token>
<token t_id="126" sentence="4" number="125">his</token>
<token t_id="127" sentence="4" number="126">Court</token>
<token t_id="128" sentence="4" number="127">,</token>
<token t_id="129" sentence="4" number="128">Mr.</token>
<token t_id="130" sentence="4" number="129">Law</token>
<token t_id="131" sentence="4" number="130">Samson.</token>
<token t_id="132" sentence="4" number="131">,</token>
<token t_id="133" sentence="4" number="132">and</token>
<token t_id="134" sentence="4" number="133">other</token>
<token t_id="135" sentence="4" number="134">artists</token>
<token t_id="136" sentence="4" number="135">in</token>
<token t_id="137" sentence="4" number="136">according</token>
<token t_id="138" sentence="4" number="137">to</token>
<token t_id="139" sentence="4" number="138">the</token>
<token t_id="140" sentence="4" number="139">armorial</token>
<token t_id="141" sentence="4" number="140">designs</token>
<token t_id="142" sentence="4" number="141">issued</token>
<token t_id="143" sentence="4" number="142">by</token>
<token t_id="144" sentence="4" number="143">the</token>
<token t_id="145" sentence="4" number="144">Lyon</token>
<token t_id="146" sentence="4" number="145">Office</token>
<token t_id="147" sentence="4" number="146">a</token>
<token t_id="148" sentence="4" number="147">vigour</token>
<token t_id="149" sentence="4" number="148">of</token>
<token t_id="150" sentence="4" number="149">treatment</token>
<token t_id="151" sentence="4" number="150">reminiscent</token>
<token t_id="152" sentence="4" number="151">of</token>
<token t_id="153" sentence="4" number="152">the</token>
<token t_id="154" sentence="4" number="153">best</token>
<token t_id="155" sentence="4" number="154">period</token>
<token t_id="156" sentence="4" number="155">of</token>
<token t_id="157" sentence="4" number="156">heraldry</token>
<token t_id="158" sentence="4" number="157">.</token>
<token t_id="159" sentence="5" number="158">He</token>
<token t_id="160" sentence="5" number="159">is</token>
<token t_id="161" sentence="5" number="160">deeply</token>
<token t_id="162" sentence="5" number="161">learned</token>
<token t_id="163" sentence="5" number="162">and</token>
<token t_id="164" sentence="5" number="163">scholarly</token>
<token t_id="165" sentence="5" number="164">antiquary</token>
<token t_id="166" sentence="5" number="165">,</token>
<token t_id="167" sentence="5" number="166">as</token>
<token t_id="168" sentence="5" number="167">his</token>
<token t_id="169" sentence="5" number="168">published</token>
<token t_id="170" sentence="5" number="169">works</token>
<token t_id="171" sentence="5" number="170">prove</token>
<token t_id="172" sentence="5" number="171">.</token>
<token t_id="173" sentence="6" number="172">Captain</token>
<token t_id="174" sentence="6" number="173">Swinton</token>
<token t_id="175" sentence="6" number="174">,</token>
<token t_id="176" sentence="6" number="175">formerly</token>
<token t_id="177" sentence="6" number="176">March</token>
<token t_id="178" sentence="6" number="177">Pursuivant</token>
<token t_id="179" sentence="6" number="178">of</token>
<token t_id="180" sentence="6" number="179">Arms</token>
<token t_id="181" sentence="6" number="180">,</token>
<token t_id="182" sentence="6" number="181">has</token>
<token t_id="183" sentence="6" number="182">been</token>
<token t_id="184" sentence="6" number="183">Albany</token>
<token t_id="185" sentence="6" number="184">Herald</token>
<token t_id="186" sentence="6" number="185">since</token>
<token t_id="187" sentence="6" number="186">1923</token>
<token t_id="188" sentence="6" number="187">,</token>
<token t_id="189" sentence="6" number="188">and</token>
<token t_id="190" sentence="6" number="189">is</token>
<token t_id="191" sentence="6" number="190">well</token>
<token t_id="192" sentence="6" number="191">qualified</token>
<token t_id="193" sentence="6" number="192">for</token>
<token t_id="194" sentence="6" number="193">the</token>
<token t_id="195" sentence="6" number="194">difficult</token>
<token t_id="196" sentence="6" number="195">task</token>
<token t_id="197" sentence="6" number="196">of</token>
<token t_id="198" sentence="6" number="197">succeeding</token>
<token t_id="199" sentence="6" number="198">Sir</token>
<token t_id="200" sentence="6" number="199">James</token>
<token t_id="201" sentence="6" number="200">Balfour</token>
<token t_id="202" sentence="6" number="201">Paul</token>
<token t_id="203" sentence="6" number="202">.</token>
<token t_id="204" sentence="7" number="203">He</token>
<token t_id="205" sentence="7" number="204">has</token>
<token t_id="206" sentence="7" number="205">served</token>
<token t_id="207" sentence="7" number="206">a</token>
<token t_id="208" sentence="7" number="207">long</token>
<token t_id="209" sentence="7" number="208">time</token>
<token t_id="210" sentence="7" number="209">on</token>
<token t_id="211" sentence="7" number="210">the</token>
<token t_id="212" sentence="7" number="211">L.C.C.</token>
<token t_id="213" sentence="7" number="212">,</token>
<token t_id="214" sentence="7" number="213">was</token>
<token t_id="215" sentence="7" number="214">chairman</token>
<token t_id="216" sentence="7" number="215">of</token>
<token t_id="217" sentence="7" number="216">the</token>
<token t_id="218" sentence="7" number="217">Town</token>
<token t_id="219" sentence="7" number="218">Planning</token>
<token t_id="220" sentence="7" number="219">Committee</token>
<token t_id="221" sentence="7" number="220">of</token>
<token t_id="222" sentence="7" number="221">the</token>
<token t_id="223" sentence="7" number="222">new</token>
<token t_id="224" sentence="7" number="223">Delhi</token>
<token t_id="225" sentence="7" number="224">,</token>
<token t_id="226" sentence="7" number="225">and</token>
<token t_id="227" sentence="7" number="226">was</token>
<token t_id="228" sentence="7" number="227">hon.</token>
<token t_id="229" sentence="7" number="228">secretary</token>
<token t_id="230" sentence="7" number="229">of</token>
<token t_id="231" sentence="7" number="230">the</token>
<token t_id="232" sentence="7" number="231">Scottish</token>
<token t_id="233" sentence="7" number="232">National</token>
<token t_id="234" sentence="7" number="233">War</token>
<token t_id="235" sentence="7" number="234">Memorial</token>
<token t_id="236" sentence="7" number="235">Committee</token>
<token t_id="237" sentence="7" number="236">in</token>
<token t_id="238" sentence="7" number="237">1918</token>
<token t_id="239" sentence="7" number="238">.</token>


<Markables>
<EVENT_MENTION m_id="1" factuality="" modality="" pred="" pos="" aspect="" certainty="" comment="" class="EMOTIONS-EVALUATIONS" tense="" polarity=""  >
<token_anchor t_id="16"/>
</EVENT_MENTION>
<EVENT_MENTION m_id="2" factuality="" modality="" pred="" pos="" aspect="" certainty="" comment="" class="COMMUNICATION" tense="" polarity=""  >
<token_anchor t_id="30"/>
</EVENT_MENTION>
<EVENT_MENTION m_id="3" factuality="" modality="" pred="" pos="" aspect="" certainty="" comment="" class="EXISTENCE-CAUSATION" tense="" polarity=""  >
<token_anchor t_id="46"/>
</EVENT_MENTION>
<EVENT_MENTION m_id="4" factuality="" modality="" pred="" pos="" aspect="" certainty="" comment="" class="TIME" tense="" polarity=""  >
<token_anchor t_id="62"/>
</EVENT_MENTION>
<EVENT_MENTION m_id="5" factuality="" modality="" pred="" pos="" aspect="" certainty="" comment="" class="AUTHORITY-LAW" tense="" polarity=""  >
<token_anchor t_id="74"/>
</EVENT_MENTION>
<EVENT_MENTION m_id="6" factuality="" modality="" pred="" pos="" aspect="" certainty="" comment="" class="GENERAL" tense="" polarity=""  >
<token_anchor t_id="75"/>
<token_anchor t_id="76"/>
</EVENT_MENTION>
<EVENT_MENTION m_id="7" factuality="" modality="" pred="" pos="" aspect="" certainty="" comment="" class="COMMUNICATION" tense="" polarity=""  >
<token_anchor t_id="20"/>
</EVENT_MENTION>
<EVENT_MENTION m_id="8" factuality="" modality="" pred="" pos="" aspect="" certainty="" comment="" class="AUTHORITY-LAW" tense="" polarity=""  >
<token_anchor t_id="33"/>
</EVENT_MENTION>
<EVENT_MENTION m_id="9" factuality="" modality="" pred="" pos="" aspect="" certainty="" comment="" class="TIME" tense="" polarity=""  >
<token_anchor t_id="91"/>
<token_anchor t_id="92"/>
</EVENT_MENTION>
<EVENT_MENTION m_id="10" factuality="" modality="" pred="" pos="" aspect="" certainty="" comment="" class="EXISTENCE-CAUSATION" tense="" polarity=""  >
<token_anchor t_id="97"/>
</EVENT_MENTION>
<EVENT_MENTION m_id="11" factuality="" modality="" pred="" pos="" aspect="" certainty="" comment="" class="GENERAL" tense="" polarity=""  >
<token_anchor t_id="105"/>
</EVENT_MENTION>
<EVENT_MENTION m_id="12" factuality="" modality="" pred="" pos="" aspect="" certainty="" comment="" class="MENTAL" tense="" polarity=""  >
<token_anchor t_id="110"/>
<token_anchor t_id="111"/>
</EVENT_MENTION>
<EVENT_MENTION m_id="13" factuality="" modality="" pred="" pos="" aspect="" certainty="" comment="" class="MENTAL" tense="" polarity=""  >
<token_anchor t_id="116"/>
</EVENT_MENTION>
<EVENT_MENTION m_id="14" factuality="" modality="" pred="" pos="" aspect="" certainty="" comment="" class="GENERAL" tense="" polarity=""  >
<token_anchor t_id="142"/>
</EVENT_MENTION>
<EVENT_MENTION m_id="15" factuality="" modality="" pred="" pos="" aspect="" certainty="" comment="" class="GENERAL" tense="" polarity=""  >
<token_anchor t_id="150"/>
</EVENT_MENTION>
<EVENT_MENTION m_id="16" factuality="" modality="" pred="" pos="" aspect="" certainty="" comment="" class="EDUCATION" tense="" polarity=""  >
<token_anchor t_id="160"/>
<token_anchor t_id="161"/>
<token_anchor t_id="162"/>
<token_anchor t_id="163"/>
<token_anchor t_id="164"/>
<token_anchor t_id="165"/>
</EVENT_MENTION>
<EVENT_MENTION m_id="17" factuality="" modality="" pred="" pos="" aspect="" certainty="" comment="" class="COMMUNICATION" tense="" polarity=""  >
<token_anchor t_id="169"/>
</EVENT_MENTION>
<EVENT_MENTION m_id="18" factuality="" modality="" pred="" pos="" aspect="" certainty="" comment="" class="MENTAL" tense="" polarity=""  >
<token_anchor t_id="171"/>
</EVENT_MENTION>
<EVENT_MENTION m_id="19" factuality="" modality="" pred="" pos="" aspect="" certainty="" comment="" class="EXISTENCE-CAUSATION" tense="" polarity=""  >
<token_anchor t_id="183"/>
</EVENT_MENTION>
<EVENT_MENTION m_id="20" factuality="" modality="" pred="" pos="" aspect="" certainty="" comment="" class="EDUCATION" tense="" polarity=""  >
<token_anchor t_id="190"/>
<token_anchor t_id="191"/>
<token_anchor t_id="192"/>
</EVENT_MENTION>
<EVENT_MENTION m_id="21" factuality="" modality="" pred="" pos="" aspect="" certainty="" comment="" class="GENERAL" tense="" polarity=""  >
<token_anchor t_id="196"/>
</EVENT_MENTION>
<EVENT_MENTION m_id="22" factuality="" modality="" pred="" pos="" aspect="" certainty="" comment="" class="TIME" tense="" polarity=""  >
<token_anchor t_id="198"/>
</EVENT_MENTION>
<EVENT_MENTION m_id="23" factuality="" modality="" pred="" pos="" aspect="" certainty="" comment="" class="AUTHORITY-LAW" tense="" polarity=""  >
<token_anchor t_id="206"/>
</EVENT_MENTION>
<EVENT_MENTION m_id="24" factuality="" modality="" pred="" pos="" aspect="" certainty="" comment="" class="AUTHORITY-LAW" tense="" polarity=""  >
<token_anchor t_id="214"/>
<token_anchor t_id="215"/>
</EVENT_MENTION>


</Markables>

<Relations>
</Relations>
</Document>
