<Document doc_name="NO_LONGER_AN_EDITOR.txt">
<token t_id="1" sentence="0" number="0">December</token>
<token t_id="2" sentence="0" number="1">11</token>
<token t_id="3" sentence="0" number="2">,</token>
<token t_id="4" sentence="0" number="3">1883</token>
<token t_id="5" sentence="0" number="4">.</token>
<token t_id="6" sentence="1" number="5">NO</token>
<token t_id="7" sentence="1" number="6">LONGER</token>
<token t_id="8" sentence="1" number="7">AN</token>
<token t_id="9" sentence="1" number="8">EDITOR</token>
<token t_id="10" sentence="1" number="9">.</token>
<token t_id="11" sentence="2" number="10">“</token>
<token t_id="12" sentence="2" number="11">Yes</token>
<token t_id="13" sentence="2" number="12">,</token>
<token t_id="14" sentence="2" number="13">that</token>
<token t_id="15" sentence="2" number="14">is</token>
<token t_id="16" sentence="2" number="15">true</token>
<token t_id="17" sentence="2" number="16">,</token>
<token t_id="18" sentence="2" number="17">”</token>
<token t_id="19" sentence="2" number="18">said</token>
<token t_id="20" sentence="2" number="19">the</token>
<token t_id="21" sentence="2" number="20">Hon.</token>
<token t_id="22" sentence="2" number="21">Carl</token>
<token t_id="23" sentence="2" number="22">Schurz</token>
<token t_id="24" sentence="2" number="23">last</token>
<token t_id="25" sentence="2" number="24">evening</token>
<token t_id="26" sentence="2" number="25">,</token>
<token t_id="27" sentence="2" number="26">after</token>
<token t_id="28" sentence="2" number="27">reading</token>
<token t_id="29" sentence="2" number="28">the</token>
<token t_id="30" sentence="2" number="29">announcement</token>
<token t_id="31" sentence="2" number="30">in</token>
<token t_id="32" sentence="2" number="31">the</token>
<token t_id="33" sentence="2" number="32">Evening</token>
<token t_id="34" sentence="2" number="33">Post</token>
<token t_id="35" sentence="2" number="34">that</token>
<token t_id="36" sentence="2" number="35">he</token>
<token t_id="37" sentence="2" number="36">had</token>
<token t_id="38" sentence="2" number="37">permanently</token>
<token t_id="39" sentence="2" number="38">dissolved</token>
<token t_id="40" sentence="2" number="39">his</token>
<token t_id="41" sentence="2" number="40">connection</token>
<token t_id="42" sentence="2" number="41">with</token>
<token t_id="43" sentence="2" number="42">that</token>
<token t_id="44" sentence="2" number="43">paper</token>
<token t_id="45" sentence="2" number="44">“</token>
<token t_id="46" sentence="2" number="45">in</token>
<token t_id="47" sentence="2" number="46">consequence</token>
<token t_id="48" sentence="2" number="47">of</token>
<token t_id="49" sentence="2" number="48">serious</token>
<token t_id="50" sentence="2" number="49">differences</token>
<token t_id="51" sentence="2" number="50">of</token>
<token t_id="52" sentence="2" number="51">opinion</token>
<token t_id="53" sentence="2" number="52">between</token>
<token t_id="54" sentence="2" number="53">himself</token>
<token t_id="55" sentence="2" number="54">and</token>
<token t_id="56" sentence="2" number="55">his</token>
<token t_id="57" sentence="2" number="56">associates</token>
<token t_id="58" sentence="2" number="57">concerning</token>
<token t_id="59" sentence="2" number="58">the</token>
<token t_id="60" sentence="2" number="59">treatment</token>
<token t_id="61" sentence="2" number="60">of</token>
<token t_id="62" sentence="2" number="61">important</token>
<token t_id="63" sentence="2" number="62">public</token>
<token t_id="64" sentence="2" number="63">questions</token>
<token t_id="65" sentence="2" number="64">in</token>
<token t_id="66" sentence="2" number="65">the</token>
<token t_id="67" sentence="2" number="66">editorial</token>
<token t_id="68" sentence="2" number="67">columns</token>
<token t_id="69" sentence="2" number="68">.</token>
<token t_id="70" sentence="2" number="69">”</token>
<token t_id="71" sentence="3" number="70">“</token>
<token t_id="72" sentence="3" number="71">Do</token>
<token t_id="73" sentence="3" number="72">you</token>
<token t_id="74" sentence="3" number="73">feel</token>
<token t_id="75" sentence="3" number="74">at</token>
<token t_id="76" sentence="3" number="75">liberty</token>
<token t_id="77" sentence="3" number="76">to</token>
<token t_id="78" sentence="3" number="77">state</token>
<token t_id="79" sentence="3" number="78">the</token>
<token t_id="80" sentence="3" number="79">nature</token>
<token t_id="81" sentence="3" number="80">of</token>
<token t_id="82" sentence="3" number="81">the</token>
<token t_id="83" sentence="3" number="82">differences</token>
<token t_id="84" sentence="3" number="83">that</token>
<token t_id="85" sentence="3" number="84">arose</token>
<token t_id="86" sentence="3" number="85">between</token>
<token t_id="87" sentence="3" number="86">your</token>
<token t_id="88" sentence="3" number="87">associates</token>
<token t_id="89" sentence="3" number="88">and</token>
<token t_id="90" sentence="3" number="89">yourself</token>
<token t_id="91" sentence="3" number="90">?</token>
<token t_id="92" sentence="3" number="91">”</token>
<token t_id="93" sentence="3" number="92">asked</token>
<token t_id="94" sentence="3" number="93">the</token>
<token t_id="95" sentence="3" number="94">reporter</token>
<token t_id="96" sentence="3" number="95">.</token>
<token t_id="97" sentence="4" number="96">“</token>
<token t_id="98" sentence="4" number="97">It</token>
<token t_id="99" sentence="4" number="98">was</token>
<token t_id="100" sentence="4" number="99">in</token>
<token t_id="101" sentence="4" number="100">the</token>
<token t_id="102" sentence="4" number="101">matter</token>
<token t_id="103" sentence="4" number="102">of</token>
<token t_id="104" sentence="4" number="103">the</token>
<token t_id="105" sentence="4" number="104">relations</token>
<token t_id="106" sentence="4" number="105">between</token>
<token t_id="107" sentence="4" number="106">corporations</token>
<token t_id="108" sentence="4" number="107">and</token>
<token t_id="109" sentence="4" number="108">their</token>
<token t_id="110" sentence="4" number="109">employes</token>
<token t_id="111" sentence="4" number="110">and</token>
<token t_id="112" sentence="4" number="111">kindred</token>
<token t_id="113" sentence="4" number="112">questions</token>
<token t_id="114" sentence="4" number="113">,</token>
<token t_id="115" sentence="4" number="114">”</token>
<token t_id="116" sentence="4" number="115">answered</token>
<token t_id="117" sentence="4" number="116">Mr.</token>
<token t_id="118" sentence="4" number="117">Schurz</token>
<token t_id="119" sentence="4" number="118">,</token>
<token t_id="120" sentence="4" number="119">“</token>
<token t_id="121" sentence="4" number="120">things</token>
<token t_id="122" sentence="4" number="121">that</token>
<token t_id="123" sentence="4" number="122">I</token>
<token t_id="124" sentence="4" number="123">regard</token>
<token t_id="125" sentence="4" number="124">as</token>
<token t_id="126" sentence="4" number="125">of</token>
<token t_id="127" sentence="4" number="126">constantly</token>
<token t_id="128" sentence="4" number="127">increasing</token>
<token t_id="129" sentence="4" number="128">importance</token>
<token t_id="130" sentence="4" number="129">.</token>
<token t_id="131" sentence="5" number="130">At</token>
<token t_id="132" sentence="5" number="131">the</token>
<token t_id="133" sentence="5" number="132">time</token>
<token t_id="134" sentence="5" number="133">of</token>
<token t_id="135" sentence="5" number="134">the</token>
<token t_id="136" sentence="5" number="135">strike</token>
<token t_id="137" sentence="5" number="136">of</token>
<token t_id="138" sentence="5" number="137">the</token>
<token t_id="139" sentence="5" number="138">telegraph</token>
<token t_id="140" sentence="5" number="139">operators</token>
<token t_id="141" sentence="5" number="140">last</token>
<token t_id="142" sentence="5" number="141">Summer</token>
<token t_id="143" sentence="5" number="142">,</token>
<token t_id="144" sentence="5" number="143">it</token>
<token t_id="145" sentence="5" number="144">may</token>
<token t_id="146" sentence="5" number="145">have</token>
<token t_id="147" sentence="5" number="146">been</token>
<token t_id="148" sentence="5" number="147">noticed</token>
<token t_id="149" sentence="5" number="148">by</token>
<token t_id="150" sentence="5" number="149">the</token>
<token t_id="151" sentence="5" number="150">readers</token>
<token t_id="152" sentence="5" number="151">of</token>
<token t_id="153" sentence="5" number="152">the</token>
<token t_id="154" sentence="5" number="153">Evening</token>
<token t_id="155" sentence="5" number="154">Post</token>
<token t_id="156" sentence="5" number="155">that</token>
<token t_id="157" sentence="5" number="156">there</token>
<token t_id="158" sentence="5" number="157">were</token>
<token t_id="159" sentence="5" number="158">two</token>
<token t_id="160" sentence="5" number="159">different</token>
<token t_id="161" sentence="5" number="160">currents</token>
<token t_id="162" sentence="5" number="161">of</token>
<token t_id="163" sentence="5" number="162">opinion</token>
<token t_id="164" sentence="5" number="163">in</token>
<token t_id="165" sentence="5" number="164">the</token>
<token t_id="166" sentence="5" number="165">editorial</token>
<token t_id="167" sentence="5" number="166">columns</token>
<token t_id="168" sentence="5" number="167">on</token>
<token t_id="169" sentence="5" number="168">the</token>
<token t_id="170" sentence="5" number="169">general</token>
<token t_id="171" sentence="5" number="170">subject</token>
<token t_id="172" sentence="5" number="171">.</token>
<token t_id="173" sentence="6" number="172">After</token>
<token t_id="174" sentence="6" number="173">I</token>
<token t_id="175" sentence="6" number="174">had</token>
<token t_id="176" sentence="6" number="175">gone</token>
<token t_id="177" sentence="6" number="176">on</token>
<token t_id="178" sentence="6" number="177">my</token>
<token t_id="179" sentence="6" number="178">Summer</token>
<token t_id="180" sentence="6" number="179">vacation</token>
<token t_id="181" sentence="6" number="180">,</token>
<token t_id="182" sentence="6" number="181">about</token>
<token t_id="183" sentence="6" number="182">Aug.</token>
<token t_id="184" sentence="6" number="183">1</token>
<token t_id="185" sentence="6" number="184">,</token>
<token t_id="186" sentence="6" number="185">some</token>
<token t_id="187" sentence="6" number="186">articles</token>
<token t_id="188" sentence="6" number="187">appeared</token>
<token t_id="189" sentence="6" number="188">involving</token>
<token t_id="190" sentence="6" number="189">doctrines</token>
<token t_id="191" sentence="6" number="190">against</token>
<token t_id="192" sentence="6" number="191">which</token>
<token t_id="193" sentence="6" number="192">I</token>
<token t_id="194" sentence="6" number="193">protested</token>
<token t_id="195" sentence="6" number="194">,</token>
<token t_id="196" sentence="6" number="195">and</token>
<token t_id="197" sentence="6" number="196">for</token>
<token t_id="198" sentence="6" number="197">which</token>
<token t_id="199" sentence="6" number="198">I</token>
<token t_id="200" sentence="6" number="199">informed</token>
<token t_id="201" sentence="6" number="200">my</token>
<token t_id="202" sentence="6" number="201">associate</token>
<token t_id="203" sentence="6" number="202">in</token>
<token t_id="204" sentence="6" number="203">charge</token>
<token t_id="205" sentence="6" number="204">that</token>
<token t_id="206" sentence="6" number="205">I</token>
<token t_id="207" sentence="6" number="206">could</token>
<token t_id="208" sentence="6" number="207">not</token>
<token t_id="209" sentence="6" number="208">take</token>
<token t_id="210" sentence="6" number="209">any</token>
<token t_id="211" sentence="6" number="210">responsibility</token>
<token t_id="212" sentence="6" number="211">.</token>
<token t_id="213" sentence="7" number="212">I</token>
<token t_id="214" sentence="7" number="213">have</token>
<token t_id="215" sentence="7" number="214">since</token>
<token t_id="216" sentence="7" number="215">then</token>
<token t_id="217" sentence="7" number="216">withheld</token>
<token t_id="218" sentence="7" number="217">myself</token>
<token t_id="219" sentence="7" number="218">from</token>
<token t_id="220" sentence="7" number="219">taking</token>
<token t_id="221" sentence="7" number="220">part</token>
<token t_id="222" sentence="7" number="221">in</token>
<token t_id="223" sentence="7" number="222">the</token>
<token t_id="224" sentence="7" number="223">editorial</token>
<token t_id="225" sentence="7" number="224">conduct</token>
<token t_id="226" sentence="7" number="225">of</token>
<token t_id="227" sentence="7" number="226">the</token>
<token t_id="228" sentence="7" number="227">paper</token>
<token t_id="229" sentence="7" number="228">.</token>
<token t_id="230" sentence="7" number="229">”</token>
<token t_id="231" sentence="8" number="230">Mr.</token>
<token t_id="232" sentence="8" number="231">Schurz</token>
<token t_id="233" sentence="8" number="232">was</token>
<token t_id="234" sentence="8" number="233">not</token>
<token t_id="235" sentence="8" number="234">prepared</token>
<token t_id="236" sentence="8" number="235">to</token>
<token t_id="237" sentence="8" number="236">say</token>
<token t_id="238" sentence="8" number="237">anything</token>
<token t_id="239" sentence="8" number="238">regarding</token>
<token t_id="240" sentence="8" number="239">his</token>
<token t_id="241" sentence="8" number="240">future</token>
<token t_id="242" sentence="8" number="241">course</token>
<token t_id="243" sentence="8" number="242">of</token>
<token t_id="244" sentence="8" number="243">action</token>
<token t_id="245" sentence="8" number="244">.</token>
<token t_id="246" sentence="9" number="245">He</token>
<token t_id="247" sentence="9" number="246">was</token>
<token t_id="248" sentence="9" number="247">asked</token>
<token t_id="249" sentence="9" number="248">if</token>
<token t_id="250" sentence="9" number="249">it</token>
<token t_id="251" sentence="9" number="250">was</token>
<token t_id="252" sentence="9" number="251">true</token>
<token t_id="253" sentence="9" number="252">that</token>
<token t_id="254" sentence="9" number="253">Attorney-General</token>
<token t_id="255" sentence="9" number="254">Brewster</token>
<token t_id="256" sentence="9" number="255">had</token>
<token t_id="257" sentence="9" number="256">instructed</token>
<token t_id="258" sentence="9" number="257">the</token>
<token t_id="259" sentence="9" number="258">United</token>
<token t_id="260" sentence="9" number="259">States</token>
<token t_id="261" sentence="9" number="260">District</token>
<token t_id="262" sentence="9" number="261">Attorney</token>
<token t_id="263" sentence="9" number="262">to</token>
<token t_id="264" sentence="9" number="263">appear</token>
<token t_id="265" sentence="9" number="264">for</token>
<token t_id="266" sentence="9" number="265">him</token>
<token t_id="267" sentence="9" number="266">(</token>
<token t_id="268" sentence="9" number="267">Mr.</token>
<token t_id="269" sentence="9" number="268">Schurz</token>
<token t_id="270" sentence="9" number="269">)</token>
<token t_id="271" sentence="9" number="270">in</token>
<token t_id="272" sentence="9" number="271">the</token>
<token t_id="273" sentence="9" number="272">suit</token>
<token t_id="274" sentence="9" number="273">brought</token>
<token t_id="275" sentence="9" number="274">against</token>
<token t_id="276" sentence="9" number="275">him</token>
<token t_id="277" sentence="9" number="276">by</token>
<token t_id="278" sentence="9" number="277">Charles</token>
<token t_id="279" sentence="9" number="278">D.</token>
<token t_id="280" sentence="9" number="279">Gilmore</token>
<token t_id="281" sentence="9" number="280">for</token>
<token t_id="282" sentence="9" number="281">$</token>
<token t_id="283" sentence="9" number="282">300,000</token>
<token t_id="284" sentence="9" number="283">damages</token>
<token t_id="285" sentence="9" number="284">.</token>
<token t_id="286" sentence="10" number="285">Mr.</token>
<token t_id="287" sentence="10" number="286">Gilmore</token>
<token t_id="288" sentence="10" number="287">was</token>
<token t_id="289" sentence="10" number="288">disbarred</token>
<token t_id="290" sentence="10" number="289">by</token>
<token t_id="291" sentence="10" number="290">Mr.</token>
<token t_id="292" sentence="10" number="291">Schurz</token>
<token t_id="293" sentence="10" number="292">when</token>
<token t_id="294" sentence="10" number="293">the</token>
<token t_id="295" sentence="10" number="294">latter</token>
<token t_id="296" sentence="10" number="295">was</token>
<token t_id="297" sentence="10" number="296">Secretary</token>
<token t_id="298" sentence="10" number="297">of</token>
<token t_id="299" sentence="10" number="298">the</token>
<token t_id="300" sentence="10" number="299">Interior</token>
<token t_id="301" sentence="10" number="300">.</token>
<token t_id="302" sentence="11" number="301">“</token>
<token t_id="303" sentence="11" number="302">I</token>
<token t_id="304" sentence="11" number="303">was</token>
<token t_id="305" sentence="11" number="304">informed</token>
<token t_id="306" sentence="11" number="305">the</token>
<token t_id="307" sentence="11" number="306">day</token>
<token t_id="308" sentence="11" number="307">before</token>
<token t_id="309" sentence="11" number="308">yesterday</token>
<token t_id="310" sentence="11" number="309">,</token>
<token t_id="311" sentence="11" number="310">”</token>
<token t_id="312" sentence="11" number="311">said</token>
<token t_id="313" sentence="11" number="312">the</token>
<token t_id="314" sentence="11" number="313">ex-Secretary</token>
<token t_id="315" sentence="11" number="314">,</token>
<token t_id="316" sentence="11" number="315">“</token>
<token t_id="317" sentence="11" number="316">that</token>
<token t_id="318" sentence="11" number="317">the</token>
<token t_id="319" sentence="11" number="318">District</token>
<token t_id="320" sentence="11" number="319">Attorney</token>
<token t_id="321" sentence="11" number="320">had</token>
<token t_id="322" sentence="11" number="321">received</token>
<token t_id="323" sentence="11" number="322">directions</token>
<token t_id="324" sentence="11" number="323">to</token>
<token t_id="325" sentence="11" number="324">appear</token>
<token t_id="326" sentence="11" number="325">for</token>
<token t_id="327" sentence="11" number="326">me</token>
<token t_id="328" sentence="11" number="327">.</token>
<token t_id="329" sentence="12" number="328">The</token>
<token t_id="330" sentence="12" number="329">questions</token>
<token t_id="331" sentence="12" number="330">involve</token>
<token t_id="332" sentence="12" number="331">the</token>
<token t_id="333" sentence="12" number="332">power</token>
<token t_id="334" sentence="12" number="333">of</token>
<token t_id="335" sentence="12" number="334">the</token>
<token t_id="336" sentence="12" number="335">heads</token>
<token t_id="337" sentence="12" number="336">of</token>
<token t_id="338" sentence="12" number="337">departments</token>
<token t_id="339" sentence="12" number="338">to</token>
<token t_id="340" sentence="12" number="339">regulate</token>
<token t_id="341" sentence="12" number="340">the</token>
<token t_id="342" sentence="12" number="341">appearance</token>
<token t_id="343" sentence="12" number="342">of</token>
<token t_id="344" sentence="12" number="343">counsel</token>
<token t_id="345" sentence="12" number="344">in</token>
<token t_id="346" sentence="12" number="345">those</token>
<token t_id="347" sentence="12" number="346">departments</token>
<token t_id="348" sentence="12" number="347">and</token>
<token t_id="349" sentence="12" number="348">to</token>
<token t_id="350" sentence="12" number="349">disbar</token>
<token t_id="351" sentence="12" number="350">them</token>
<token t_id="352" sentence="12" number="351">for</token>
<token t_id="353" sentence="12" number="352">good</token>
<token t_id="354" sentence="12" number="353">cause</token>
<token t_id="355" sentence="12" number="354">;</token>
<token t_id="356" sentence="12" number="355">and</token>
<token t_id="357" sentence="12" number="356">no</token>
<token t_id="358" sentence="12" number="357">Secretary</token>
<token t_id="359" sentence="12" number="358">can</token>
<token t_id="360" sentence="12" number="359">keep</token>
<token t_id="361" sentence="12" number="360">his</token>
<token t_id="362" sentence="12" number="361">department</token>
<token t_id="363" sentence="12" number="362">clear</token>
<token t_id="364" sentence="12" number="363">of</token>
<token t_id="365" sentence="12" number="364">illegitimate</token>
<token t_id="366" sentence="12" number="365">practices</token>
<token t_id="367" sentence="12" number="366">if</token>
<token t_id="368" sentence="12" number="367">he</token>
<token t_id="369" sentence="12" number="368">is</token>
<token t_id="370" sentence="12" number="369">obliged</token>
<token t_id="371" sentence="12" number="370">to</token>
<token t_id="372" sentence="12" number="371">permit</token>
<token t_id="373" sentence="12" number="372">everybody</token>
<token t_id="374" sentence="12" number="373">to</token>
<token t_id="375" sentence="12" number="374">transact</token>
<token t_id="376" sentence="12" number="375">business</token>
<token t_id="377" sentence="12" number="376">there</token>
<token t_id="378" sentence="12" number="377">as</token>
<token t_id="379" sentence="12" number="378">an</token>
<token t_id="380" sentence="12" number="379">attorney</token>
<token t_id="381" sentence="12" number="380">,</token>
<token t_id="382" sentence="12" number="381">no</token>
<token t_id="383" sentence="12" number="382">matter</token>
<token t_id="384" sentence="12" number="383">what</token>
<token t_id="385" sentence="12" number="384">tricks</token>
<token t_id="386" sentence="12" number="385">the</token>
<token t_id="387" sentence="12" number="386">attorney</token>
<token t_id="388" sentence="12" number="387">may</token>
<token t_id="389" sentence="12" number="388">resort</token>
<token t_id="390" sentence="12" number="389">to</token>
<token t_id="391" sentence="12" number="390">.</token>
<token t_id="392" sentence="12" number="391">”</token>
<token t_id="393" sentence="13" number="392">“</token>
<token t_id="394" sentence="13" number="393">For</token>
<token t_id="395" sentence="13" number="394">what</token>
<token t_id="396" sentence="13" number="395">reason</token>
<token t_id="397" sentence="13" number="396">did</token>
<token t_id="398" sentence="13" number="397">you</token>
<token t_id="399" sentence="13" number="398">disbar</token>
<token t_id="400" sentence="13" number="399">Mr.</token>
<token t_id="401" sentence="13" number="400">Gilmore</token>
<token t_id="402" sentence="13" number="401">?</token>
<token t_id="403" sentence="13" number="402">”</token>
<token t_id="404" sentence="14" number="403">“</token>
<token t_id="405" sentence="14" number="404">The</token>
<token t_id="406" sentence="14" number="405">records</token>
<token t_id="407" sentence="14" number="406">of</token>
<token t_id="408" sentence="14" number="407">the</token>
<token t_id="409" sentence="14" number="408">Department</token>
<token t_id="410" sentence="14" number="409">of</token>
<token t_id="411" sentence="14" number="410">the</token>
<token t_id="412" sentence="14" number="411">Interior</token>
<token t_id="413" sentence="14" number="412">will</token>
<token t_id="414" sentence="14" number="413">show</token>
<token t_id="415" sentence="14" number="414">that</token>
<token t_id="416" sentence="14" number="415">it</token>
<token t_id="417" sentence="14" number="416">was</token>
<token t_id="418" sentence="14" number="417">a</token>
<token t_id="419" sentence="14" number="418">simple</token>
<token t_id="420" sentence="14" number="419">performance</token>
<token t_id="421" sentence="14" number="420">of</token>
<token t_id="422" sentence="14" number="421">duty</token>
<token t_id="423" sentence="14" number="422">on</token>
<token t_id="424" sentence="14" number="423">my</token>
<token t_id="425" sentence="14" number="424">part</token>
<token t_id="426" sentence="14" number="425">to</token>
<token t_id="427" sentence="14" number="426">do</token>
<token t_id="428" sentence="14" number="427">so</token>
<token t_id="429" sentence="14" number="428">.</token>
<token t_id="430" sentence="15" number="429">Perhaps</token>
<token t_id="431" sentence="15" number="430">the</token>
<token t_id="432" sentence="15" number="431">particulars</token>
<token t_id="433" sentence="15" number="432">might</token>
<token t_id="434" sentence="15" number="433">be</token>
<token t_id="435" sentence="15" number="434">obtained</token>
<token t_id="436" sentence="15" number="435">there</token>
<token t_id="437" sentence="15" number="436">.</token>
<token t_id="438" sentence="16" number="437">I</token>
<token t_id="439" sentence="16" number="438">disbarred</token>
<token t_id="440" sentence="16" number="439">scores</token>
<token t_id="441" sentence="16" number="440">of</token>
<token t_id="442" sentence="16" number="441">attorneys</token>
<token t_id="443" sentence="16" number="442">during</token>
<token t_id="444" sentence="16" number="443">the</token>
<token t_id="445" sentence="16" number="444">four</token>
<token t_id="446" sentence="16" number="445">years</token>
<token t_id="447" sentence="16" number="446">of</token>
<token t_id="448" sentence="16" number="447">my</token>
<token t_id="449" sentence="16" number="448">term</token>
<token t_id="450" sentence="16" number="449">as</token>
<token t_id="451" sentence="16" number="450">Secretary</token>
<token t_id="452" sentence="16" number="451">.</token>
<token t_id="453" sentence="17" number="452">Pension</token>
<token t_id="454" sentence="17" number="453">attorneys</token>
<token t_id="455" sentence="17" number="454">and</token>
<token t_id="456" sentence="17" number="455">others</token>
<token t_id="457" sentence="17" number="456">were</token>
<token t_id="458" sentence="17" number="457">disbarred</token>
<token t_id="459" sentence="17" number="458">for</token>
<token t_id="460" sentence="17" number="459">malpractice</token>
<token t_id="461" sentence="17" number="460">;</token>
<token t_id="462" sentence="17" number="461">and</token>
<token t_id="463" sentence="17" number="462">it</token>
<token t_id="464" sentence="17" number="463">would</token>
<token t_id="465" sentence="17" number="464">be</token>
<token t_id="466" sentence="17" number="465">an</token>
<token t_id="467" sentence="17" number="466">impossibility</token>
<token t_id="468" sentence="17" number="467">for</token>
<token t_id="469" sentence="17" number="468">anybody</token>
<token t_id="470" sentence="17" number="469">to</token>
<token t_id="471" sentence="17" number="470">take</token>
<token t_id="472" sentence="17" number="471">charge</token>
<token t_id="473" sentence="17" number="472">of</token>
<token t_id="474" sentence="17" number="473">a</token>
<token t_id="475" sentence="17" number="474">department</token>
<token t_id="476" sentence="17" number="475">if</token>
<token t_id="477" sentence="17" number="476">all</token>
<token t_id="478" sentence="17" number="477">such</token>
<token t_id="479" sentence="17" number="478">disbarred</token>
<token t_id="480" sentence="17" number="479">attorneys</token>
<token t_id="481" sentence="17" number="480">could</token>
<token t_id="482" sentence="17" number="481">come</token>
<token t_id="483" sentence="17" number="482">and</token>
<token t_id="484" sentence="17" number="483">receive</token>
<token t_id="485" sentence="17" number="484">damages</token>
<token t_id="486" sentence="17" number="485">from</token>
<token t_id="487" sentence="17" number="486">him</token>
<token t_id="488" sentence="17" number="487">.</token>
<token t_id="489" sentence="18" number="488">I</token>
<token t_id="490" sentence="18" number="489">suppose</token>
<token t_id="491" sentence="18" number="490">,</token>
<token t_id="492" sentence="18" number="491">therefore</token>
<token t_id="493" sentence="18" number="492">,</token>
<token t_id="494" sentence="18" number="493">that</token>
<token t_id="495" sentence="18" number="494">this</token>
<token t_id="496" sentence="18" number="495">case</token>
<token t_id="497" sentence="18" number="496">is</token>
<token t_id="498" sentence="18" number="497">of</token>
<token t_id="499" sentence="18" number="498">considerable</token>
<token t_id="500" sentence="18" number="499">interest</token>
<token t_id="501" sentence="18" number="500">to</token>
<token t_id="502" sentence="18" number="501">the</token>
<token t_id="503" sentence="18" number="502">present</token>
<token t_id="504" sentence="18" number="503">Secretary</token>
<token t_id="505" sentence="18" number="504">of</token>
<token t_id="506" sentence="18" number="505">the</token>
<token t_id="507" sentence="18" number="506">Interior</token>
<token t_id="508" sentence="18" number="507">in</token>
<token t_id="509" sentence="18" number="508">his</token>
<token t_id="510" sentence="18" number="509">wrestle</token>
<token t_id="511" sentence="18" number="510">with</token>
<token t_id="512" sentence="18" number="511">the</token>
<token t_id="513" sentence="18" number="512">pension</token>
<token t_id="514" sentence="18" number="513">attorneys</token>
<token t_id="515" sentence="18" number="514">.</token>
<token t_id="516" sentence="19" number="515">Mr.</token>
<token t_id="517" sentence="19" number="516">Gilmore</token>
<token t_id="518" sentence="19" number="517">had</token>
<token t_id="519" sentence="19" number="518">a</token>
<token t_id="520" sentence="19" number="519">large</token>
<token t_id="521" sentence="19" number="520">practice</token>
<token t_id="522" sentence="19" number="521">,</token>
<token t_id="523" sentence="19" number="522">was</token>
<token t_id="524" sentence="19" number="523">supposed</token>
<token t_id="525" sentence="19" number="524">to</token>
<token t_id="526" sentence="19" number="525">be</token>
<token t_id="527" sentence="19" number="526">wealthy</token>
<token t_id="528" sentence="19" number="527">,</token>
<token t_id="529" sentence="19" number="528">and</token>
<token t_id="530" sentence="19" number="529">is</token>
<token t_id="531" sentence="19" number="530">a</token>
<token t_id="532" sentence="19" number="531">sort</token>
<token t_id="533" sentence="19" number="532">of</token>
<token t_id="534" sentence="19" number="533">representative</token>
<token t_id="535" sentence="19" number="534">man</token>
<token t_id="536" sentence="19" number="535">among</token>
<token t_id="537" sentence="19" number="536">them</token>
<token t_id="538" sentence="19" number="537">.</token>
<token t_id="539" sentence="19" number="538">”</token>


<Markables>
<EVENT_MENTION m_id="33" factuality="" modality="" pred="" pos="" aspect="" certainty="" comment="" class="SPACE-MOVEMENT" tense="" polarity=""  >
<token_anchor t_id="274"/>
</EVENT_MENTION>
<EVENT_MENTION m_id="65" factuality="" modality="" pred="" pos="" aspect="" certainty="" comment="" class="HOSTILITY" tense="" polarity=""  >
<token_anchor t_id="510"/>
</EVENT_MENTION>
<EVENT_MENTION m_id="1" factuality="" modality="" pred="" pos="" aspect="" certainty="" comment="" class="MENTAL" tense="" polarity=""  >
<token_anchor t_id="15"/>
<token_anchor t_id="16"/>
</EVENT_MENTION>
<EVENT_MENTION m_id="34" factuality="" modality="" pred="" pos="" aspect="" certainty="" comment="" class="AUTHORITY-LAW" tense="" polarity=""  >
<token_anchor t_id="289"/>
</EVENT_MENTION>
<EVENT_MENTION m_id="66" factuality="" modality="" pred="" pos="" aspect="" certainty="" comment="" class="GENERAL" tense="" polarity=""  >
<token_anchor t_id="496"/>
</EVENT_MENTION>
<EVENT_MENTION m_id="2" factuality="" modality="" pred="" pos="" aspect="" certainty="" comment="" class="COMMUNICATION" tense="" polarity=""  >
<token_anchor t_id="19"/>
</EVENT_MENTION>
<EVENT_MENTION m_id="35" factuality="" modality="" pred="" pos="" aspect="" certainty="" comment="" class="AUTHORITY-LAW" tense="" polarity=""  >
<token_anchor t_id="296"/>
<token_anchor t_id="297"/>
</EVENT_MENTION>
<EVENT_MENTION m_id="67" factuality="" modality="" pred="" pos="" aspect="" certainty="" comment="" class="POSSESSION" tense="" polarity=""  >
<token_anchor t_id="518"/>
</EVENT_MENTION>
<EVENT_MENTION m_id="3" factuality="" modality="" pred="" pos="" aspect="" certainty="" comment="" class="COMMUNICATION" tense="" polarity=""  >
<token_anchor t_id="28"/>
</EVENT_MENTION>
<EVENT_MENTION m_id="36" factuality="" modality="" pred="" pos="" aspect="" certainty="" comment="" class="COMMUNICATION" tense="" polarity=""  >
<token_anchor t_id="305"/>
</EVENT_MENTION>
<EVENT_MENTION m_id="68" factuality="" modality="" pred="" pos="" aspect="" certainty="" comment="" class="MENTAL" tense="" polarity=""  >
<token_anchor t_id="524"/>
</EVENT_MENTION>
<EVENT_MENTION m_id="4" factuality="" modality="" pred="" pos="" aspect="" certainty="" comment="" class="EXISTENCE-CAUSATION" tense="" polarity=""  >
<token_anchor t_id="39"/>
</EVENT_MENTION>
<EVENT_MENTION m_id="37" factuality="" modality="" pred="" pos="" aspect="" certainty="" comment="" class="COMMUNICATION" tense="" polarity=""  >
<token_anchor t_id="312"/>
</EVENT_MENTION>
<EVENT_MENTION m_id="69" factuality="" modality="" pred="" pos="" aspect="" certainty="" comment="" class="POSSESSION" tense="" polarity=""  >
<token_anchor t_id="526"/>
<token_anchor t_id="527"/>
</EVENT_MENTION>
<EVENT_MENTION m_id="5" factuality="" modality="" pred="" pos="" aspect="" certainty="" comment="" class="GENERAL" tense="" polarity=""  >
<token_anchor t_id="60"/>
</EVENT_MENTION>
<EVENT_MENTION m_id="38" factuality="" modality="" pred="" pos="" aspect="" certainty="" comment="" class="POSSESSION" tense="" polarity=""  >
<token_anchor t_id="322"/>
</EVENT_MENTION>
<EVENT_MENTION m_id="70" factuality="" modality="" pred="" pos="" aspect="" certainty="" comment="" class="AUTHORITY-LAW" tense="" polarity=""  >
<token_anchor t_id="530"/>
<token_anchor t_id="531"/>
<token_anchor t_id="532"/>
<token_anchor t_id="533"/>
<token_anchor t_id="534"/>
</EVENT_MENTION>
<EVENT_MENTION m_id="6" factuality="" modality="" pred="" pos="" aspect="" certainty="" comment="" class="MENTAL" tense="" polarity=""  >
<token_anchor t_id="74"/>
</EVENT_MENTION>
<EVENT_MENTION m_id="39" factuality="" modality="" pred="" pos="" aspect="" certainty="" comment="" class="PHYSICAL SENSATIONS" tense="" polarity=""  >
<token_anchor t_id="325"/>
</EVENT_MENTION>
<EVENT_MENTION m_id="71" factuality="" modality="" pred="" pos="" aspect="" certainty="" comment="" class="AUTHORITY-LAW" tense="" polarity=""  >
<token_anchor t_id="273"/>
</EVENT_MENTION>
<EVENT_MENTION m_id="7" factuality="" modality="" pred="" pos="" aspect="" certainty="" comment="" class="COMMUNICATION" tense="" polarity=""  >
<token_anchor t_id="78"/>
</EVENT_MENTION>
<EVENT_MENTION m_id="40" factuality="" modality="" pred="" pos="" aspect="" certainty="" comment="" class="GENERAL" tense="" polarity=""  >
<token_anchor t_id="331"/>
</EVENT_MENTION>
<EVENT_MENTION m_id="8" factuality="" modality="" pred="" pos="" aspect="" certainty="" comment="" class="SPACE-MOVEMENT" tense="" polarity=""  >
<token_anchor t_id="85"/>
</EVENT_MENTION>
<EVENT_MENTION m_id="41" factuality="" modality="" pred="" pos="" aspect="" certainty="" comment="" class="AUTHORITY-LAW" tense="" polarity=""  >
<token_anchor t_id="340"/>
</EVENT_MENTION>
<EVENT_MENTION m_id="9" factuality="" modality="" pred="" pos="" aspect="" certainty="" comment="" class="COMMUNICATION" tense="" polarity=""  >
<token_anchor t_id="93"/>
</EVENT_MENTION>
<EVENT_MENTION m_id="42" factuality="" modality="" pred="" pos="" aspect="" certainty="" comment="" class="PHYSICAL SENSATIONS" tense="" polarity=""  >
<token_anchor t_id="342"/>
</EVENT_MENTION>
<EVENT_MENTION m_id="10" factuality="" modality="" pred="" pos="" aspect="" certainty="" comment="" class="EXISTENCE-CAUSATION" tense="" polarity=""  >
<token_anchor t_id="99"/>
</EVENT_MENTION>
<EVENT_MENTION m_id="43" factuality="" modality="" pred="" pos="" aspect="" certainty="" comment="" class="EXISTENCE-CAUSATION" tense="" polarity=""  >
<token_anchor t_id="360"/>
<token_anchor t_id="363"/>
</EVENT_MENTION>
<EVENT_MENTION m_id="11" factuality="" modality="" pred="" pos="" aspect="" certainty="" comment="" class="COMMUNICATION" tense="" polarity=""  >
<token_anchor t_id="116"/>
</EVENT_MENTION>
<EVENT_MENTION m_id="44" factuality="" modality="" pred="" pos="" aspect="" certainty="" comment="" class="GENERAL" tense="" polarity=""  >
<token_anchor t_id="366"/>
</EVENT_MENTION>
<EVENT_MENTION m_id="12" factuality="" modality="" pred="" pos="" aspect="" certainty="" comment="" class="MENTAL" tense="" polarity=""  >
<token_anchor t_id="124"/>
</EVENT_MENTION>
<EVENT_MENTION m_id="45" factuality="" modality="" pred="" pos="" aspect="" certainty="" comment="" class="MENTAL" tense="" polarity=""  >
<token_anchor t_id="370"/>
</EVENT_MENTION>
<EVENT_MENTION m_id="13" factuality="" modality="" pred="" pos="" aspect="" certainty="" comment="" class="MEASURE" tense="" polarity=""  >
<token_anchor t_id="128"/>
</EVENT_MENTION>
<EVENT_MENTION m_id="46" factuality="" modality="" pred="" pos="" aspect="" certainty="" comment="" class="MENTAL" tense="" polarity=""  >
<token_anchor t_id="372"/>
</EVENT_MENTION>
<EVENT_MENTION m_id="14" factuality="" modality="" pred="" pos="" aspect="" certainty="" comment="" class="SOCIAL" tense="" polarity=""  >
<token_anchor t_id="105"/>
</EVENT_MENTION>
<EVENT_MENTION m_id="47" factuality="" modality="" pred="" pos="" aspect="" certainty="" comment="" class="TRADE-WORK" tense="" polarity=""  >
<token_anchor t_id="375"/>
</EVENT_MENTION>
<EVENT_MENTION m_id="15" factuality="" modality="" pred="" pos="" aspect="" certainty="" comment="" class="TRADE-WORK" tense="" polarity=""  >
<token_anchor t_id="136"/>
</EVENT_MENTION>
<EVENT_MENTION m_id="48" factuality="" modality="" pred="" pos="" aspect="" certainty="" comment="" class="MENTAL" tense="" polarity=""  >
<token_anchor t_id="385"/>
</EVENT_MENTION>
<EVENT_MENTION m_id="16" factuality="" modality="" pred="" pos="" aspect="" certainty="" comment="" class="PHYSICAL SENSATIONS" tense="" polarity=""  >
<token_anchor t_id="148"/>
</EVENT_MENTION>
<EVENT_MENTION m_id="49" factuality="" modality="" pred="" pos="" aspect="" certainty="" comment="" class="GENERAL" tense="" polarity=""  >
<token_anchor t_id="389"/>
<token_anchor t_id="390"/>
</EVENT_MENTION>
<EVENT_MENTION m_id="17" factuality="" modality="" pred="" pos="" aspect="" certainty="" comment="" class="EXISTENCE-CAUSATION" tense="" polarity=""  >
<token_anchor t_id="158"/>
</EVENT_MENTION>
<EVENT_MENTION m_id="50" factuality="" modality="" pred="" pos="" aspect="" certainty="" comment="" class="AUTHORITY-LAW" tense="" polarity=""  >
<token_anchor t_id="399"/>
</EVENT_MENTION>
<EVENT_MENTION m_id="18" factuality="" modality="" pred="" pos="" aspect="" certainty="" comment="" class="SPACE-MOVEMENT" tense="" polarity=""  >
<token_anchor t_id="176"/>
</EVENT_MENTION>
<EVENT_MENTION m_id="51" factuality="" modality="" pred="" pos="" aspect="" certainty="" comment="" class="PHYSICAL SENSATIONS" tense="" polarity=""  >
<token_anchor t_id="414"/>
</EVENT_MENTION>
<EVENT_MENTION m_id="19" factuality="" modality="" pred="" pos="" aspect="" certainty="" comment="" class="ENTERTAINMENT-ART" tense="" polarity=""  >
<token_anchor t_id="180"/>
</EVENT_MENTION>
<EVENT_MENTION m_id="20" factuality="" modality="" pred="" pos="" aspect="" certainty="" comment="" class="PHYSICAL SENSATIONS" tense="" polarity=""  >
<token_anchor t_id="188"/>
</EVENT_MENTION>
<EVENT_MENTION m_id="52" factuality="" modality="" pred="" pos="" aspect="" certainty="" comment="" class="GENERAL" tense="" polarity=""  >
<token_anchor t_id="427"/>
</EVENT_MENTION>
<EVENT_MENTION m_id="21" factuality="" modality="" pred="" pos="" aspect="" certainty="" comment="" class="COMMUNICATION" tense="" polarity=""  >
<token_anchor t_id="194"/>
</EVENT_MENTION>
<EVENT_MENTION m_id="53" factuality="" modality="" pred="" pos="" aspect="" certainty="" comment="" class="GENERAL" tense="" polarity=""  >
<token_anchor t_id="417"/>
<token_anchor t_id="418"/>
<token_anchor t_id="419"/>
<token_anchor t_id="420"/>
</EVENT_MENTION>
<EVENT_MENTION m_id="22" factuality="" modality="" pred="" pos="" aspect="" certainty="" comment="" class="COMMUNICATION" tense="" polarity=""  >
<token_anchor t_id="200"/>
</EVENT_MENTION>
<EVENT_MENTION m_id="54" factuality="" modality="" pred="" pos="" aspect="" certainty="" comment="" class="POSSESSION" tense="" polarity=""  >
<token_anchor t_id="435"/>
</EVENT_MENTION>
<EVENT_MENTION m_id="23" factuality="" modality="" pred="" pos="" aspect="" certainty="" comment="" class="MENTAL" tense="" polarity=""  >
<token_anchor t_id="209"/>
<token_anchor t_id="210"/>
<token_anchor t_id="211"/>
</EVENT_MENTION>
<EVENT_MENTION m_id="55" factuality="" modality="" pred="" pos="" aspect="" certainty="" comment="" class="AUTHORITY-LAW" tense="" polarity=""  >
<token_anchor t_id="439"/>
</EVENT_MENTION>
<EVENT_MENTION m_id="24" factuality="" modality="" pred="" pos="" aspect="" certainty="" comment="" class="GENERAL" tense="" polarity=""  >
<token_anchor t_id="220"/>
<token_anchor t_id="221"/>
</EVENT_MENTION>
<EVENT_MENTION m_id="56" factuality="" modality="" pred="" pos="" aspect="" certainty="" comment="" class="AUTHORITY-LAW" tense="" polarity=""  >
<token_anchor t_id="458"/>
</EVENT_MENTION>
<EVENT_MENTION m_id="25" factuality="" modality="" pred="" pos="" aspect="" certainty="" comment="" class="COMMUNICATION" tense="" polarity=""  >
<token_anchor t_id="217"/>
</EVENT_MENTION>
<EVENT_MENTION m_id="57" factuality="" modality="" pred="" pos="" aspect="" certainty="" comment="" class="AUTHORITY-LAW" tense="" polarity=""  >
<token_anchor t_id="460"/>
</EVENT_MENTION>
<EVENT_MENTION m_id="26" factuality="" modality="" pred="" pos="" aspect="" certainty="" comment="" class="MENTAL" tense="" polarity=""  >
<token_anchor t_id="233"/>
<token_anchor t_id="234"/>
<token_anchor t_id="235"/>
</EVENT_MENTION>
<EVENT_MENTION m_id="58" factuality="" modality="" pred="" pos="" aspect="" certainty="" comment="" class="AUTHORITY-LAW" tense="" polarity=""  >
<token_anchor t_id="471"/>
<token_anchor t_id="472"/>
</EVENT_MENTION>
<EVENT_MENTION m_id="27" factuality="" modality="" pred="" pos="" aspect="" certainty="" comment="" class="COMMUNICATION" tense="" polarity=""  >
<token_anchor t_id="237"/>
</EVENT_MENTION>
<EVENT_MENTION m_id="59" factuality="" modality="" pred="" pos="" aspect="" certainty="" comment="" class="AUTHORITY-LAW" tense="" polarity=""  >
<token_anchor t_id="479"/>
</EVENT_MENTION>
<EVENT_MENTION m_id="28" factuality="" modality="" pred="" pos="" aspect="" certainty="" comment="" class="GENERAL" tense="" polarity=""  >
<token_anchor t_id="244"/>
</EVENT_MENTION>
<EVENT_MENTION m_id="60" factuality="" modality="" pred="" pos="" aspect="" certainty="" comment="" class="SPACE-MOVEMENT" tense="" polarity=""  >
<token_anchor t_id="482"/>
</EVENT_MENTION>
<EVENT_MENTION m_id="29" factuality="" modality="" pred="" pos="" aspect="" certainty="" comment="" class="COMMUNICATION" tense="" polarity=""  >
<token_anchor t_id="248"/>
</EVENT_MENTION>
<EVENT_MENTION m_id="61" factuality="" modality="" pred="" pos="" aspect="" certainty="" comment="" class="POSSESSION" tense="" polarity=""  >
<token_anchor t_id="484"/>
</EVENT_MENTION>
<EVENT_MENTION m_id="30" factuality="" modality="" pred="" pos="" aspect="" certainty="" comment="" class="MENTAL" tense="" polarity=""  >
<token_anchor t_id="251"/>
<token_anchor t_id="252"/>
</EVENT_MENTION>
<EVENT_MENTION m_id="62" factuality="" modality="" pred="" pos="" aspect="" certainty="" comment="" class="EXISTENCE-CAUSATION" tense="" polarity=""  >
<token_anchor t_id="465"/>
</EVENT_MENTION>
<EVENT_MENTION m_id="31" factuality="" modality="" pred="" pos="" aspect="" certainty="" comment="" class="COMMUNICATION" tense="" polarity=""  >
<token_anchor t_id="257"/>
</EVENT_MENTION>
<EVENT_MENTION m_id="63" factuality="" modality="" pred="" pos="" aspect="" certainty="" comment="" class="MENTAL" tense="" polarity=""  >
<token_anchor t_id="490"/>
</EVENT_MENTION>
<EVENT_MENTION m_id="32" factuality="" modality="" pred="" pos="" aspect="" certainty="" comment="" class="PHYSICAL SENSATIONS" tense="" polarity=""  >
<token_anchor t_id="264"/>
</EVENT_MENTION>
<EVENT_MENTION m_id="64" factuality="" modality="" pred="" pos="" aspect="" certainty="" comment="" class="EMOTIONS-EVALUATIONS" tense="" polarity=""  >
<token_anchor t_id="497"/>
<token_anchor t_id="498"/>
<token_anchor t_id="499"/>
<token_anchor t_id="500"/>
</EVENT_MENTION>


</Markables>

<Relations>
</Relations>
</Document>
