<Document doc_name="NURSES_STUCK_TO_POST.txt">
<token t_id="1" sentence="0" number="0">Sept.</token>
<token t_id="2" sentence="0" number="1">4</token>
<token t_id="3" sentence="0" number="2">,</token>
<token t_id="4" sentence="0" number="3">1919</token>
<token t_id="5" sentence="0" number="4">.</token>
<token t_id="6" sentence="1" number="5">NURSES</token>
<token t_id="7" sentence="1" number="6">STUCK</token>
<token t_id="8" sentence="1" number="7">TO</token>
<token t_id="9" sentence="1" number="8">POST</token>
<token t_id="10" sentence="2" number="9">American</token>
<token t_id="11" sentence="2" number="10">Girls</token>
<token t_id="12" sentence="2" number="11">Refused</token>
<token t_id="13" sentence="2" number="12">to</token>
<token t_id="14" sentence="2" number="13">Abandon</token>
<token t_id="15" sentence="2" number="14">Charges</token>
<token t_id="16" sentence="2" number="15">After</token>
<token t_id="17" sentence="2" number="16">Armenian</token>
<token t_id="18" sentence="2" number="17">Massacre</token>
<token t_id="19" sentence="2" number="18">.</token>
<token t_id="20" sentence="3" number="19">CONSTANTINOPLE</token>
<token t_id="21" sentence="3" number="20">,</token>
<token t_id="22" sentence="3" number="21">Aug</token>
<token t_id="23" sentence="3" number="22">12</token>
<token t_id="24" sentence="3" number="23">.</token>
<token t_id="25" sentence="4" number="24">(</token>
<token t_id="26" sentence="4" number="25">Correspondence</token>
<token t_id="27" sentence="4" number="26">of</token>
<token t_id="28" sentence="4" number="27">Associated</token>
<token t_id="29" sentence="4" number="28">Press</token>
<token t_id="30" sentence="4" number="29">.</token>
<token t_id="31" sentence="4" number="30">)</token>
<token t_id="32" sentence="5" number="31">—</token>
<token t_id="33" sentence="5" number="32">Two</token>
<token t_id="34" sentence="5" number="33">American</token>
<token t_id="35" sentence="5" number="34">nurses</token>
<token t_id="36" sentence="5" number="35">,</token>
<token t_id="37" sentence="5" number="36">Miss</token>
<token t_id="38" sentence="5" number="37">Margaret</token>
<token t_id="39" sentence="5" number="38">Mack</token>
<token t_id="40" sentence="5" number="39">of</token>
<token t_id="41" sentence="5" number="40">Hillburn</token>
<token t_id="42" sentence="5" number="41">,</token>
<token t_id="43" sentence="5" number="42">N.</token>
<token t_id="44" sentence="5" number="43">Y.</token>
<token t_id="45" sentence="5" number="44">,</token>
<token t_id="46" sentence="5" number="45">and</token>
<token t_id="47" sentence="5" number="46">Miss</token>
<token t_id="48" sentence="5" number="47">Ruth</token>
<token t_id="49" sentence="5" number="48">Stuart</token>
<token t_id="50" sentence="5" number="49">of</token>
<token t_id="51" sentence="5" number="50">New</token>
<token t_id="52" sentence="5" number="51">York</token>
<token t_id="53" sentence="5" number="52">City</token>
<token t_id="54" sentence="5" number="53">,</token>
<token t_id="55" sentence="5" number="54">working</token>
<token t_id="56" sentence="5" number="55">for</token>
<token t_id="57" sentence="5" number="56">the</token>
<token t_id="58" sentence="5" number="57">American</token>
<token t_id="59" sentence="5" number="58">Commission</token>
<token t_id="60" sentence="5" number="59">for</token>
<token t_id="61" sentence="5" number="60">Relief</token>
<token t_id="62" sentence="5" number="61">in</token>
<token t_id="63" sentence="5" number="62">the</token>
<token t_id="64" sentence="5" number="63">Near</token>
<token t_id="65" sentence="5" number="64">East</token>
<token t_id="66" sentence="5" number="65">,</token>
<token t_id="67" sentence="5" number="66">declined</token>
<token t_id="68" sentence="5" number="67">to</token>
<token t_id="69" sentence="5" number="68">abandon</token>
<token t_id="70" sentence="5" number="69">the</token>
<token t_id="71" sentence="5" number="70">sick</token>
<token t_id="72" sentence="5" number="71">and</token>
<token t_id="73" sentence="5" number="72">wounded</token>
<token t_id="74" sentence="5" number="73">at</token>
<token t_id="75" sentence="5" number="74">Shusha</token>
<token t_id="76" sentence="5" number="75">,</token>
<token t_id="77" sentence="5" number="76">Armenia</token>
<token t_id="78" sentence="5" number="77">,</token>
<token t_id="79" sentence="5" number="78">after</token>
<token t_id="80" sentence="5" number="79">having</token>
<token t_id="81" sentence="5" number="80">survived</token>
<token t_id="82" sentence="5" number="81">a</token>
<token t_id="83" sentence="5" number="82">massacre</token>
<token t_id="84" sentence="5" number="83">by</token>
<token t_id="85" sentence="5" number="84">Tartars</token>
<token t_id="86" sentence="5" number="85">of</token>
<token t_id="87" sentence="5" number="86">700</token>
<token t_id="88" sentence="5" number="87">of</token>
<token t_id="89" sentence="5" number="88">the</token>
<token t_id="90" sentence="5" number="89">Christian</token>
<token t_id="91" sentence="5" number="90">inhabitants</token>
<token t_id="92" sentence="5" number="91">of</token>
<token t_id="93" sentence="5" number="92">the</token>
<token t_id="94" sentence="5" number="93">town</token>
<token t_id="95" sentence="5" number="94">,</token>
<token t_id="96" sentence="5" number="95">according</token>
<token t_id="97" sentence="5" number="96">to</token>
<token t_id="98" sentence="5" number="97">a</token>
<token t_id="99" sentence="5" number="98">letter</token>
<token t_id="100" sentence="5" number="99">just</token>
<token t_id="101" sentence="5" number="100">received</token>
<token t_id="102" sentence="5" number="101">here</token>
<token t_id="103" sentence="5" number="102">by</token>
<token t_id="104" sentence="5" number="103">Major</token>
<token t_id="105" sentence="5" number="104">David</token>
<token t_id="106" sentence="5" number="105">G.</token>
<token t_id="107" sentence="5" number="106">Arnold</token>
<token t_id="108" sentence="5" number="107">of</token>
<token t_id="109" sentence="5" number="108">Providence</token>
<token t_id="110" sentence="5" number="109">,</token>
<token t_id="111" sentence="5" number="110">R.</token>
<token t_id="112" sentence="5" number="111">I.</token>
<token t_id="113" sentence="5" number="112">,</token>
<token t_id="114" sentence="5" number="113">Director</token>
<token t_id="115" sentence="5" number="114">of</token>
<token t_id="116" sentence="5" number="115">the</token>
<token t_id="117" sentence="5" number="116">commission</token>
<token t_id="118" sentence="5" number="117">.</token>
<token t_id="119" sentence="6" number="118">The</token>
<token t_id="120" sentence="6" number="119">letter</token>
<token t_id="121" sentence="6" number="120">read</token>
<token t_id="122" sentence="6" number="121">:</token>
<token t_id="123" sentence="7" number="122">"</token>
<token t_id="124" sentence="7" number="123">Our</token>
<token t_id="125" sentence="7" number="124">doctors</token>
<token t_id="126" sentence="7" number="125">and</token>
<token t_id="127" sentence="7" number="126">nurses</token>
<token t_id="128" sentence="7" number="127">were</token>
<token t_id="129" sentence="7" number="128">in</token>
<token t_id="130" sentence="7" number="129">the</token>
<token t_id="131" sentence="7" number="130">midst</token>
<token t_id="132" sentence="7" number="131">of</token>
<token t_id="133" sentence="7" number="132">the</token>
<token t_id="134" sentence="7" number="133">fight</token>
<token t_id="135" sentence="7" number="134">,</token>
<token t_id="136" sentence="7" number="135">but</token>
<token t_id="137" sentence="7" number="136">were</token>
<token t_id="138" sentence="7" number="137">unharmed</token>
<token t_id="139" sentence="7" number="138">.</token>
<token t_id="140" sentence="8" number="139">On</token>
<token t_id="141" sentence="8" number="140">advice</token>
<token t_id="142" sentence="8" number="141">from</token>
<token t_id="143" sentence="8" number="142">General</token>
<token t_id="144" sentence="8" number="143">Beach</token>
<token t_id="145" sentence="8" number="144">I</token>
<token t_id="146" sentence="8" number="145">recalled</token>
<token t_id="147" sentence="8" number="146">the</token>
<token t_id="148" sentence="8" number="147">two</token>
<token t_id="149" sentence="8" number="148">nurses</token>
<token t_id="150" sentence="8" number="149">.</token>
<token t_id="151" sentence="9" number="150">They</token>
<token t_id="152" sentence="9" number="151">came</token>
<token t_id="153" sentence="9" number="152">reluctantly</token>
<token t_id="154" sentence="9" number="153">,</token>
<token t_id="155" sentence="9" number="154">and</token>
<token t_id="156" sentence="9" number="155">begged</token>
<token t_id="157" sentence="9" number="156">to</token>
<token t_id="158" sentence="9" number="157">remain</token>
<token t_id="159" sentence="9" number="158">at</token>
<token t_id="160" sentence="9" number="159">their</token>
<token t_id="161" sentence="9" number="160">station</token>
<token t_id="162" sentence="9" number="161">,</token>
<token t_id="163" sentence="9" number="162">as</token>
<token t_id="164" sentence="9" number="163">there</token>
<token t_id="165" sentence="9" number="164">was</token>
<token t_id="166" sentence="9" number="165">an</token>
<token t_id="167" sentence="9" number="166">urgent</token>
<token t_id="168" sentence="9" number="167">need</token>
<token t_id="169" sentence="9" number="168">for</token>
<token t_id="170" sentence="9" number="169">them</token>
<token t_id="171" sentence="9" number="170">among</token>
<token t_id="172" sentence="9" number="171">the</token>
<token t_id="173" sentence="9" number="172">survivors</token>
<token t_id="174" sentence="9" number="173">.</token>
<token t_id="175" sentence="10" number="174">The</token>
<token t_id="176" sentence="10" number="175">spirit</token>
<token t_id="177" sentence="10" number="176">Miss</token>
<token t_id="178" sentence="10" number="177">Mack</token>
<token t_id="179" sentence="10" number="178">and</token>
<token t_id="180" sentence="10" number="179">Miss</token>
<token t_id="181" sentence="10" number="180">Stuart</token>
<token t_id="182" sentence="10" number="181">have</token>
<token t_id="183" sentence="10" number="182">shown</token>
<token t_id="184" sentence="10" number="183">has</token>
<token t_id="185" sentence="10" number="184">been</token>
<token t_id="186" sentence="10" number="185">splendid</token>
<token t_id="187" sentence="10" number="186">,</token>
<token t_id="188" sentence="10" number="187">and</token>
<token t_id="189" sentence="10" number="188">I</token>
<token t_id="190" sentence="10" number="189">felt</token>
<token t_id="191" sentence="10" number="190">that</token>
<token t_id="192" sentence="10" number="191">they</token>
<token t_id="193" sentence="10" number="192">should</token>
<token t_id="194" sentence="10" number="193">be</token>
<token t_id="195" sentence="10" number="194">allowed</token>
<token t_id="196" sentence="10" number="195">to</token>
<token t_id="197" sentence="10" number="196">return</token>
<token t_id="198" sentence="10" number="197">if</token>
<token t_id="199" sentence="10" number="198">they</token>
<token t_id="200" sentence="10" number="199">went</token>
<token t_id="201" sentence="10" number="200">as</token>
<token t_id="202" sentence="10" number="201">volunteers</token>
<token t_id="203" sentence="10" number="202">,</token>
<token t_id="204" sentence="10" number="203">understanding</token>
<token t_id="205" sentence="10" number="204">the</token>
<token t_id="206" sentence="10" number="205">serious</token>
<token t_id="207" sentence="10" number="206">situation</token>
<token t_id="208" sentence="10" number="207">.</token>
<token t_id="209" sentence="11" number="208">They</token>
<token t_id="210" sentence="11" number="209">signed</token>
<token t_id="211" sentence="11" number="210">papers</token>
<token t_id="212" sentence="11" number="211">to</token>
<token t_id="213" sentence="11" number="212">the</token>
<token t_id="214" sentence="11" number="213">effect</token>
<token t_id="215" sentence="11" number="214">that</token>
<token t_id="216" sentence="11" number="215">they</token>
<token t_id="217" sentence="11" number="216">knew</token>
<token t_id="218" sentence="11" number="217">the</token>
<token t_id="219" sentence="11" number="218">danger</token>
<token t_id="220" sentence="11" number="219">,</token>
<token t_id="221" sentence="11" number="220">and</token>
<token t_id="222" sentence="11" number="221">that</token>
<token t_id="223" sentence="11" number="222">they</token>
<token t_id="224" sentence="11" number="223">were</token>
<token t_id="225" sentence="11" number="224">returning</token>
<token t_id="226" sentence="11" number="225">to</token>
<token t_id="227" sentence="11" number="226">their</token>
<token t_id="228" sentence="11" number="227">work</token>
<token t_id="229" sentence="11" number="228">at</token>
<token t_id="230" sentence="11" number="229">their</token>
<token t_id="231" sentence="11" number="230">own</token>
<token t_id="232" sentence="11" number="231">request</token>
<token t_id="233" sentence="11" number="232">.</token>
<token t_id="234" sentence="11" number="233">"</token>


<Markables>
<EVENT_MENTION m_id="33" factuality="" modality="" pred="" pos="" aspect="" certainty="" comment="" class="MENTAL" tense="" polarity=""  >
<token_anchor t_id="168"/>
</EVENT_MENTION>
<EVENT_MENTION m_id="1" factuality="" modality="" pred="" pos="" aspect="" certainty="" comment="" class="COMMUNICATION" tense="" polarity=""  >
<token_anchor t_id="12"/>
</EVENT_MENTION>
<EVENT_MENTION m_id="2" factuality="" modality="" pred="" pos="" aspect="" certainty="" comment="" class="LIFE-HEALTH" tense="" polarity=""  >
<token_anchor t_id="18"/>
</EVENT_MENTION>
<EVENT_MENTION m_id="3" factuality="" modality="" pred="" pos="" aspect="" certainty="" comment="" class="TRADE-WORK" tense="" polarity=""  >
<token_anchor t_id="55"/>
</EVENT_MENTION>
<EVENT_MENTION m_id="4" factuality="" modality="" pred="" pos="" aspect="" certainty="" comment="" class="COMMUNICATION" tense="" polarity=""  >
<token_anchor t_id="67"/>
</EVENT_MENTION>
<EVENT_MENTION m_id="5" factuality="" modality="" pred="" pos="" aspect="" certainty="" comment="" class="SPACE-MOVEMENT" tense="" polarity=""  >
<token_anchor t_id="69"/>
</EVENT_MENTION>
<EVENT_MENTION m_id="6" factuality="" modality="" pred="" pos="" aspect="" certainty="" comment="" class="LIFE-HEALTH" tense="" polarity=""  >
<token_anchor t_id="61"/>
</EVENT_MENTION>
<EVENT_MENTION m_id="7" factuality="" modality="" pred="" pos="" aspect="" certainty="" comment="" class="LIFE-HEALTH" tense="" polarity=""  >
<token_anchor t_id="81"/>
</EVENT_MENTION>
<EVENT_MENTION m_id="8" factuality="" modality="" pred="" pos="" aspect="" certainty="" comment="" class="LIFE-HEALTH" tense="" polarity=""  >
<token_anchor t_id="83"/>
</EVENT_MENTION>
<EVENT_MENTION m_id="9" factuality="" modality="" pred="" pos="" aspect="" certainty="" comment="" class="POSSESSION" tense="" polarity=""  >
<token_anchor t_id="101"/>
</EVENT_MENTION>
<EVENT_MENTION m_id="10" factuality="" modality="" pred="" pos="" aspect="" certainty="" comment="" class="COMMUNICATION" tense="" polarity=""  >
<token_anchor t_id="121"/>
</EVENT_MENTION>
<EVENT_MENTION m_id="11" factuality="" modality="" pred="" pos="" aspect="" certainty="" comment="" class="HOSTILITY" tense="" polarity=""  >
<token_anchor t_id="134"/>
</EVENT_MENTION>
<EVENT_MENTION m_id="12" factuality="" modality="" pred="" pos="" aspect="" certainty="" comment="" class="HOSTILITY" tense="" polarity=""  >
<token_anchor t_id="137"/>
<token_anchor t_id="138"/>
</EVENT_MENTION>
<EVENT_MENTION m_id="13" factuality="" modality="" pred="" pos="" aspect="" certainty="" comment="" class="EXISTENCE-CAUSATION" tense="" polarity=""  >
<token_anchor t_id="128"/>
</EVENT_MENTION>
<EVENT_MENTION m_id="14" factuality="" modality="" pred="" pos="" aspect="" certainty="" comment="" class="COMMUNICATION" tense="" polarity=""  >
<token_anchor t_id="146"/>
</EVENT_MENTION>
<EVENT_MENTION m_id="15" factuality="" modality="" pred="" pos="" aspect="" certainty="" comment="" class="SPACE-MOVEMENT" tense="" polarity=""  >
<token_anchor t_id="152"/>
</EVENT_MENTION>
<EVENT_MENTION m_id="16" factuality="" modality="" pred="" pos="" aspect="" certainty="" comment="" class="COMMUNICATION" tense="" polarity=""  >
<token_anchor t_id="156"/>
</EVENT_MENTION>
<EVENT_MENTION m_id="17" factuality="" modality="" pred="" pos="" aspect="" certainty="" comment="" class="SPACE-MOVEMENT" tense="" polarity=""  >
<token_anchor t_id="158"/>
</EVENT_MENTION>
<EVENT_MENTION m_id="18" factuality="" modality="" pred="" pos="" aspect="" certainty="" comment="" class="EXISTENCE-CAUSATION" tense="" polarity=""  >
<token_anchor t_id="165"/>
</EVENT_MENTION>
<EVENT_MENTION m_id="19" factuality="" modality="" pred="" pos="" aspect="" certainty="" comment="" class="PHYSICAL SENSATIONS" tense="" polarity=""  >
<token_anchor t_id="183"/>
</EVENT_MENTION>
<EVENT_MENTION m_id="20" factuality="" modality="" pred="" pos="" aspect="" certainty="" comment="" class="EMOTIONS-EVALUATIONS" tense="" polarity=""  >
<token_anchor t_id="185"/>
<token_anchor t_id="186"/>
</EVENT_MENTION>
<EVENT_MENTION m_id="21" factuality="" modality="" pred="" pos="" aspect="" certainty="" comment="" class="MENTAL" tense="" polarity=""  >
<token_anchor t_id="190"/>
</EVENT_MENTION>
<EVENT_MENTION m_id="22" factuality="" modality="" pred="" pos="" aspect="" certainty="" comment="" class="MENTAL" tense="" polarity=""  >
<token_anchor t_id="195"/>
</EVENT_MENTION>
<EVENT_MENTION m_id="23" factuality="" modality="" pred="" pos="" aspect="" certainty="" comment="" class="SPACE-MOVEMENT" tense="" polarity=""  >
<token_anchor t_id="197"/>
</EVENT_MENTION>
<EVENT_MENTION m_id="24" factuality="" modality="" pred="" pos="" aspect="" certainty="" comment="" class="SPACE-MOVEMENT" tense="" polarity=""  >
<token_anchor t_id="200"/>
</EVENT_MENTION>
<EVENT_MENTION m_id="25" factuality="" modality="" pred="" pos="" aspect="" certainty="" comment="" class="MENTAL" tense="" polarity=""  >
<token_anchor t_id="204"/>
</EVENT_MENTION>
<EVENT_MENTION m_id="26" factuality="" modality="" pred="" pos="" aspect="" certainty="" comment="" class="GENERAL" tense="" polarity=""  >
<token_anchor t_id="207"/>
</EVENT_MENTION>
<EVENT_MENTION m_id="27" factuality="" modality="" pred="" pos="" aspect="" certainty="" comment="" class="COMMUNICATION" tense="" polarity=""  >
<token_anchor t_id="210"/>
</EVENT_MENTION>
<EVENT_MENTION m_id="28" factuality="" modality="" pred="" pos="" aspect="" certainty="" comment="" class="MENTAL" tense="" polarity=""  >
<token_anchor t_id="217"/>
</EVENT_MENTION>
<EVENT_MENTION m_id="29" factuality="" modality="" pred="" pos="" aspect="" certainty="" comment="" class="GENERAL" tense="" polarity=""  >
<token_anchor t_id="219"/>
</EVENT_MENTION>
<EVENT_MENTION m_id="30" factuality="" modality="" pred="" pos="" aspect="" certainty="" comment="" class="SPACE-MOVEMENT" tense="" polarity=""  >
<token_anchor t_id="225"/>
</EVENT_MENTION>
<EVENT_MENTION m_id="31" factuality="" modality="" pred="" pos="" aspect="" certainty="" comment="" class="TRADE-WORK" tense="" polarity=""  >
<token_anchor t_id="228"/>
</EVENT_MENTION>
<EVENT_MENTION m_id="32" factuality="" modality="" pred="" pos="" aspect="" certainty="" comment="" class="COMMUNICATION" tense="" polarity=""  >
<token_anchor t_id="232"/>
</EVENT_MENTION>


</Markables>

<Relations>
</Relations>
</Document>
