<Document doc_name="Obituary_Cornelia_Augusta_Hewett_Crosse.txt">
<token t_id="1" sentence="0" number="0">Tuesday</token>
<token t_id="2" sentence="0" number="1">,</token>
<token t_id="3" sentence="0" number="2">Mar</token>
<token t_id="4" sentence="0" number="3">05</token>
<token t_id="5" sentence="0" number="4">,</token>
<token t_id="6" sentence="0" number="5">1895</token>
<token t_id="7" sentence="1" number="6">Obituary</token>
<token t_id="8" sentence="1" number="7">:</token>
<token t_id="9" sentence="1" number="8">Mrs.</token>
<token t_id="10" sentence="1" number="9">Andrew</token>
<token t_id="11" sentence="1" number="10">Crosse</token>
<token t_id="12" sentence="1" number="11">,</token>
<token t_id="13" sentence="1" number="12">née</token>
<token t_id="14" sentence="1" number="13">Berkeley</token>
<token t_id="15" sentence="2" number="14">A</token>
<token t_id="16" sentence="2" number="15">wide</token>
<token t_id="17" sentence="2" number="16">circle</token>
<token t_id="18" sentence="2" number="17">of</token>
<token t_id="19" sentence="2" number="18">scientific</token>
<token t_id="20" sentence="2" number="19">and</token>
<token t_id="21" sentence="2" number="20">literary</token>
<token t_id="22" sentence="2" number="21">friends</token>
<token t_id="23" sentence="2" number="22">will</token>
<token t_id="24" sentence="2" number="23">regret</token>
<token t_id="25" sentence="2" number="24">to</token>
<token t_id="26" sentence="2" number="25">learn</token>
<token t_id="27" sentence="2" number="26">that</token>
<token t_id="28" sentence="2" number="27">Mrs.</token>
<token t_id="29" sentence="2" number="28">Andrew</token>
<token t_id="30" sentence="2" number="29">Crosse</token>
<token t_id="31" sentence="2" number="30">died</token>
<token t_id="32" sentence="2" number="31">from</token>
<token t_id="33" sentence="2" number="32">syncope</token>
<token t_id="34" sentence="2" number="33">,</token>
<token t_id="35" sentence="2" number="34">resulting</token>
<token t_id="36" sentence="2" number="35">from</token>
<token t_id="37" sentence="2" number="36">influenza</token>
<token t_id="38" sentence="2" number="37">,</token>
<token t_id="39" sentence="2" number="38">on</token>
<token t_id="40" sentence="2" number="39">Saturday</token>
<token t_id="41" sentence="2" number="40">afternoon</token>
<token t_id="42" sentence="2" number="41">last</token>
<token t_id="43" sentence="2" number="42">,</token>
<token t_id="44" sentence="2" number="43">at</token>
<token t_id="45" sentence="2" number="44">the</token>
<token t_id="46" sentence="2" number="45">age</token>
<token t_id="47" sentence="2" number="46">of</token>
<token t_id="48" sentence="2" number="47">68</token>
<token t_id="49" sentence="2" number="48">.</token>
<token t_id="50" sentence="3" number="49">She</token>
<token t_id="51" sentence="3" number="50">was</token>
<token t_id="52" sentence="3" number="51">the</token>
<token t_id="53" sentence="3" number="52">widow</token>
<token t_id="54" sentence="3" number="53">of</token>
<token t_id="55" sentence="3" number="54">Andrew</token>
<token t_id="56" sentence="3" number="55">Crosse</token>
<token t_id="57" sentence="3" number="56">,</token>
<token t_id="58" sentence="3" number="57">the</token>
<token t_id="59" sentence="3" number="58">celebrated</token>
<token t_id="60" sentence="3" number="59">electrician</token>
<token t_id="61" sentence="3" number="60">,</token>
<token t_id="62" sentence="3" number="61">who</token>
<token t_id="63" sentence="3" number="62">would</token>
<token t_id="64" sentence="3" number="63">,</token>
<token t_id="65" sentence="3" number="64">were</token>
<token t_id="66" sentence="3" number="65">he</token>
<token t_id="67" sentence="3" number="66">alive</token>
<token t_id="68" sentence="3" number="67">now</token>
<token t_id="69" sentence="3" number="68">be</token>
<token t_id="70" sentence="3" number="69">in</token>
<token t_id="71" sentence="3" number="70">111th</token>
<token t_id="72" sentence="3" number="71">year</token>
<token t_id="73" sentence="3" number="72">.</token>
<token t_id="74" sentence="4" number="73">In</token>
<token t_id="75" sentence="4" number="74">July</token>
<token t_id="76" sentence="4" number="75">,</token>
<token t_id="77" sentence="4" number="76">1850</token>
<token t_id="78" sentence="4" number="77">,</token>
<token t_id="79" sentence="4" number="78">Mr.</token>
<token t_id="80" sentence="4" number="79">Crosse</token>
<token t_id="81" sentence="4" number="80">,</token>
<token t_id="82" sentence="4" number="81">already</token>
<token t_id="83" sentence="4" number="82">an</token>
<token t_id="84" sentence="4" number="83">elderly</token>
<token t_id="85" sentence="4" number="84">man</token>
<token t_id="86" sentence="4" number="85">,</token>
<token t_id="87" sentence="4" number="86">married</token>
<token t_id="88" sentence="4" number="87">Miss</token>
<token t_id="89" sentence="4" number="88">Cornelia</token>
<token t_id="90" sentence="4" number="89">A.</token>
<token t_id="91" sentence="4" number="90">H.</token>
<token t_id="92" sentence="4" number="91">Berkeley</token>
<token t_id="93" sentence="4" number="92">,</token>
<token t_id="94" sentence="4" number="93">then</token>
<token t_id="95" sentence="4" number="94">a</token>
<token t_id="96" sentence="4" number="95">great</token>
<token t_id="97" sentence="4" number="96">beauty</token>
<token t_id="98" sentence="4" number="97">,</token>
<token t_id="99" sentence="4" number="98">and</token>
<token t_id="100" sentence="4" number="99">in</token>
<token t_id="101" sentence="4" number="100">her</token>
<token t_id="102" sentence="4" number="101">23rd</token>
<token t_id="103" sentence="4" number="102">year</token>
<token t_id="104" sentence="4" number="103">.</token>
<token t_id="105" sentence="5" number="104">Five</token>
<token t_id="106" sentence="5" number="105">years</token>
<token t_id="107" sentence="5" number="106">later</token>
<token t_id="108" sentence="5" number="107">Mr.</token>
<token t_id="109" sentence="5" number="108">Crosse</token>
<token t_id="110" sentence="5" number="109">died</token>
<token t_id="111" sentence="5" number="110">,</token>
<token t_id="112" sentence="5" number="111">leaving</token>
<token t_id="113" sentence="5" number="112">a</token>
<token t_id="114" sentence="5" number="113">widow</token>
<token t_id="115" sentence="5" number="114">,</token>
<token t_id="116" sentence="5" number="115">with</token>
<token t_id="117" sentence="5" number="116">three</token>
<token t_id="118" sentence="5" number="117">little</token>
<token t_id="119" sentence="5" number="118">children</token>
<token t_id="120" sentence="5" number="119">.</token>
<token t_id="121" sentence="6" number="120">Mrs.</token>
<token t_id="122" sentence="6" number="121">Cross</token>
<token t_id="123" sentence="6" number="122">left</token>
<token t_id="124" sentence="6" number="123">Fyne</token>
<token t_id="125" sentence="6" number="124">Court</token>
<token t_id="126" sentence="6" number="125">,</token>
<token t_id="127" sentence="6" number="126">on</token>
<token t_id="128" sentence="6" number="127">the</token>
<token t_id="129" sentence="6" number="128">Quantock</token>
<token t_id="130" sentence="6" number="129">Hills</token>
<token t_id="131" sentence="6" number="130">,</token>
<token t_id="132" sentence="6" number="131">where</token>
<token t_id="133" sentence="6" number="132">her</token>
<token t_id="134" sentence="6" number="133">husband</token>
<token t_id="135" sentence="6" number="134">had</token>
<token t_id="136" sentence="6" number="135">been</token>
<token t_id="137" sentence="6" number="136">squire</token>
<token t_id="138" sentence="6" number="137">,</token>
<token t_id="139" sentence="6" number="138">and</token>
<token t_id="140" sentence="6" number="139">where</token>
<token t_id="141" sentence="6" number="140">his</token>
<token t_id="142" sentence="6" number="141">experiments</token>
<token t_id="143" sentence="6" number="142">had</token>
<token t_id="144" sentence="6" number="143">made</token>
<token t_id="145" sentence="6" number="144">him</token>
<token t_id="146" sentence="6" number="145">the</token>
<token t_id="147" sentence="6" number="146">legend</token>
<token t_id="148" sentence="6" number="147">of</token>
<token t_id="149" sentence="6" number="148">the</token>
<token t_id="150" sentence="6" number="149">neighbourhood</token>
<token t_id="151" sentence="6" number="150">,</token>
<token t_id="152" sentence="6" number="151">and</token>
<token t_id="153" sentence="6" number="152">resided</token>
<token t_id="154" sentence="6" number="153">at</token>
<token t_id="155" sentence="6" number="154">Comeytrowe-house</token>
<token t_id="156" sentence="6" number="155">,</token>
<token t_id="157" sentence="6" number="156">near</token>
<token t_id="158" sentence="6" number="157">Taunton</token>
<token t_id="159" sentence="6" number="158">.</token>
<token t_id="160" sentence="7" number="159">Encourage</token>
<token t_id="161" sentence="7" number="160">by</token>
<token t_id="162" sentence="7" number="161">Sir</token>
<token t_id="163" sentence="7" number="162">Roderick</token>
<token t_id="164" sentence="7" number="163">Murchison</token>
<token t_id="165" sentence="7" number="164">,</token>
<token t_id="166" sentence="7" number="165">she</token>
<token t_id="167" sentence="7" number="166">published</token>
<token t_id="168" sentence="7" number="167">,</token>
<token t_id="169" sentence="7" number="168">in</token>
<token t_id="170" sentence="7" number="169">1857</token>
<token t_id="171" sentence="7" number="170">,</token>
<token t_id="172" sentence="7" number="171">the</token>
<token t_id="173" sentence="7" number="172">"</token>
<token t_id="174" sentence="7" number="173">Memorials</token>
<token t_id="175" sentence="7" number="174">of</token>
<token t_id="176" sentence="7" number="175">Andrew</token>
<token t_id="177" sentence="7" number="176">Crosse</token>
<token t_id="178" sentence="7" number="177">,</token>
<token t_id="179" sentence="7" number="178">"</token>
<token t_id="180" sentence="7" number="179">a</token>
<token t_id="181" sentence="7" number="180">charming</token>
<token t_id="182" sentence="7" number="181">volume</token>
<token t_id="183" sentence="7" number="182">,</token>
<token t_id="184" sentence="7" number="183">full</token>
<token t_id="185" sentence="7" number="184">of</token>
<token t_id="186" sentence="7" number="185">graceful</token>
<token t_id="187" sentence="7" number="186">and</token>
<token t_id="188" sentence="7" number="187">vivacious</token>
<token t_id="189" sentence="7" number="188">reminiscences</token>
<token t_id="190" sentence="7" number="189">.</token>
<token t_id="191" sentence="8" number="190">The</token>
<token t_id="192" sentence="8" number="191">success</token>
<token t_id="193" sentence="8" number="192">of</token>
<token t_id="194" sentence="8" number="193">this</token>
<token t_id="195" sentence="8" number="194">biography</token>
<token t_id="196" sentence="8" number="195">did</token>
<token t_id="197" sentence="8" number="196">not</token>
<token t_id="198" sentence="8" number="197">tempt</token>
<token t_id="199" sentence="8" number="198">her</token>
<token t_id="200" sentence="8" number="199">,</token>
<token t_id="201" sentence="8" number="200">however</token>
<token t_id="202" sentence="8" number="201">,</token>
<token t_id="203" sentence="8" number="202">to</token>
<token t_id="204" sentence="8" number="203">very</token>
<token t_id="205" sentence="8" number="204">serious</token>
<token t_id="206" sentence="8" number="205">literary</token>
<token t_id="207" sentence="8" number="206">work</token>
<token t_id="208" sentence="8" number="207">until</token>
<token t_id="209" sentence="8" number="208">lately</token>
<token t_id="210" sentence="8" number="209">.</token>
<token t_id="211" sentence="9" number="210">She</token>
<token t_id="212" sentence="9" number="211">moved</token>
<token t_id="213" sentence="9" number="212">in</token>
<token t_id="214" sentence="9" number="213">all</token>
<token t_id="215" sentence="9" number="214">the</token>
<token t_id="216" sentence="9" number="215">best</token>
<token t_id="217" sentence="9" number="216">scientific</token>
<token t_id="218" sentence="9" number="217">society</token>
<token t_id="219" sentence="9" number="218">,</token>
<token t_id="220" sentence="9" number="219">wrote</token>
<token t_id="221" sentence="9" number="220">occasionally</token>
<token t_id="222" sentence="9" number="221">,</token>
<token t_id="223" sentence="9" number="222">and</token>
<token t_id="224" sentence="9" number="223">devoted</token>
<token t_id="225" sentence="9" number="224">herself</token>
<token t_id="226" sentence="9" number="225">to</token>
<token t_id="227" sentence="9" number="226">the</token>
<token t_id="228" sentence="9" number="227">education</token>
<token t_id="229" sentence="9" number="228">of</token>
<token t_id="230" sentence="9" number="229">her</token>
<token t_id="231" sentence="9" number="230">sons</token>
<token t_id="232" sentence="9" number="231">.</token>
<token t_id="233" sentence="10" number="232">For</token>
<token t_id="234" sentence="10" number="233">the</token>
<token t_id="235" sentence="10" number="234">last</token>
<token t_id="236" sentence="10" number="235">30</token>
<token t_id="237" sentence="10" number="236">years</token>
<token t_id="238" sentence="10" number="237">she</token>
<token t_id="239" sentence="10" number="238">had</token>
<token t_id="240" sentence="10" number="239">received</token>
<token t_id="241" sentence="10" number="240">a</token>
<token t_id="242" sentence="10" number="241">multitude</token>
<token t_id="243" sentence="10" number="242">of</token>
<token t_id="244" sentence="10" number="243">friends</token>
<token t_id="245" sentence="10" number="244">at</token>
<token t_id="246" sentence="10" number="245">her</token>
<token t_id="247" sentence="10" number="246">house</token>
<token t_id="248" sentence="10" number="247">in</token>
<token t_id="249" sentence="10" number="248">Delamere-terrace</token>
<token t_id="250" sentence="10" number="249">.</token>
<token t_id="251" sentence="11" number="250">Of</token>
<token t_id="252" sentence="11" number="251">late</token>
<token t_id="253" sentence="11" number="252">she</token>
<token t_id="254" sentence="11" number="253">has</token>
<token t_id="255" sentence="11" number="254">been</token>
<token t_id="256" sentence="11" number="255">persuaded</token>
<token t_id="257" sentence="11" number="256">by</token>
<token t_id="258" sentence="11" number="257">Mr.</token>
<token t_id="259" sentence="11" number="258">Bentley</token>
<token t_id="260" sentence="11" number="259">to</token>
<token t_id="261" sentence="11" number="260">contribute</token>
<token t_id="262" sentence="11" number="261">to</token>
<token t_id="263" sentence="11" number="262">Temple</token>
<token t_id="264" sentence="11" number="263">Bar</token>
<token t_id="265" sentence="11" number="264">articles</token>
<token t_id="266" sentence="11" number="265">on</token>
<token t_id="267" sentence="11" number="266">the</token>
<token t_id="268" sentence="11" number="267">distinguished</token>
<token t_id="269" sentence="11" number="268">friends</token>
<token t_id="270" sentence="11" number="269">with</token>
<token t_id="271" sentence="11" number="270">whom</token>
<token t_id="272" sentence="11" number="271">she</token>
<token t_id="273" sentence="11" number="272">had</token>
<token t_id="274" sentence="11" number="273">in</token>
<token t_id="275" sentence="11" number="274">earlier</token>
<token t_id="276" sentence="11" number="275">days</token>
<token t_id="277" sentence="11" number="276">been</token>
<token t_id="278" sentence="11" number="277">intimate</token>
<token t_id="279" sentence="11" number="278">—</token>
<token t_id="280" sentence="11" number="279">Faraday</token>
<token t_id="281" sentence="11" number="280">,</token>
<token t_id="282" sentence="11" number="281">Babbage</token>
<token t_id="283" sentence="11" number="282">,</token>
<token t_id="284" sentence="11" number="283">Walter</token>
<token t_id="285" sentence="11" number="284">Savage</token>
<token t_id="286" sentence="11" number="285">Landor</token>
<token t_id="287" sentence="11" number="286">,</token>
<token t_id="288" sentence="11" number="287">Robert</token>
<token t_id="289" sentence="11" number="288">and</token>
<token t_id="290" sentence="11" number="289">Elizabeth</token>
<token t_id="291" sentence="11" number="290">Browning</token>
<token t_id="292" sentence="11" number="291">,</token>
<token t_id="293" sentence="11" number="292">Kenyon</token>
<token t_id="294" sentence="11" number="293">and</token>
<token t_id="295" sentence="11" number="294">Kinglake</token>
<token t_id="296" sentence="11" number="295">,</token>
<token t_id="297" sentence="11" number="296">and</token>
<token t_id="298" sentence="11" number="297">others</token>
<token t_id="299" sentence="11" number="298">.</token>
<token t_id="300" sentence="12" number="299">These</token>
<token t_id="301" sentence="12" number="300">were</token>
<token t_id="302" sentence="12" number="301">collected</token>
<token t_id="303" sentence="12" number="302">into</token>
<token t_id="304" sentence="12" number="303">two</token>
<token t_id="305" sentence="12" number="304">volumes</token>
<token t_id="306" sentence="12" number="305">,</token>
<token t_id="307" sentence="12" number="306">in</token>
<token t_id="308" sentence="12" number="307">1892</token>
<token t_id="309" sentence="12" number="308">,</token>
<token t_id="310" sentence="12" number="309">under</token>
<token t_id="311" sentence="12" number="310">the</token>
<token t_id="312" sentence="12" number="311">title</token>
<token t_id="313" sentence="12" number="312">of</token>
<token t_id="314" sentence="12" number="313">"</token>
<token t_id="315" sentence="12" number="314">Red-letter</token>
<token t_id="316" sentence="12" number="315">Days</token>
<token t_id="317" sentence="12" number="316">of</token>
<token t_id="318" sentence="12" number="317">my</token>
<token t_id="319" sentence="12" number="318">Life</token>
<token t_id="320" sentence="12" number="319">,</token>
<token t_id="321" sentence="12" number="320">"</token>
<token t_id="322" sentence="12" number="321">and</token>
<token t_id="323" sentence="12" number="322">achieved</token>
<token t_id="324" sentence="12" number="323">a</token>
<token t_id="325" sentence="12" number="324">great</token>
<token t_id="326" sentence="12" number="325">success</token>
<token t_id="327" sentence="12" number="326">.</token>
<token t_id="328" sentence="13" number="327">Up</token>
<token t_id="329" sentence="13" number="328">to</token>
<token t_id="330" sentence="13" number="329">within</token>
<token t_id="331" sentence="13" number="330">a</token>
<token t_id="332" sentence="13" number="331">few</token>
<token t_id="333" sentence="13" number="332">weeks</token>
<token t_id="334" sentence="13" number="333">of</token>
<token t_id="335" sentence="13" number="334">her</token>
<token t_id="336" sentence="13" number="335">death</token>
<token t_id="337" sentence="13" number="336">,</token>
<token t_id="338" sentence="13" number="337">Mrs.</token>
<token t_id="339" sentence="13" number="338">Crosse</token>
<token t_id="340" sentence="13" number="339">was</token>
<token t_id="341" sentence="13" number="340">engaged</token>
<token t_id="342" sentence="13" number="341">on</token>
<token t_id="343" sentence="13" number="342">a</token>
<token t_id="344" sentence="13" number="343">second</token>
<token t_id="345" sentence="13" number="344">series</token>
<token t_id="346" sentence="13" number="345">of</token>
<token t_id="347" sentence="13" number="346">scientific</token>
<token t_id="348" sentence="13" number="347">reminiscences</token>
<token t_id="349" sentence="13" number="348">,</token>
<token t_id="350" sentence="13" number="349">which</token>
<token t_id="351" sentence="13" number="350">,</token>
<token t_id="352" sentence="13" number="351">it</token>
<token t_id="353" sentence="13" number="352">is</token>
<token t_id="354" sentence="13" number="353">hoped</token>
<token t_id="355" sentence="13" number="354">,</token>
<token t_id="356" sentence="13" number="355">were</token>
<token t_id="357" sentence="13" number="356">far</token>
<token t_id="358" sentence="13" number="357">enough</token>
<token t_id="359" sentence="13" number="358">carried</token>
<token t_id="360" sentence="13" number="359">to</token>
<token t_id="361" sentence="13" number="360">be</token>
<token t_id="362" sentence="13" number="361">bear</token>
<token t_id="363" sentence="13" number="362">publication</token>
<token t_id="364" sentence="13" number="363">.</token>
<token t_id="365" sentence="14" number="364">She</token>
<token t_id="366" sentence="14" number="365">was</token>
<token t_id="367" sentence="14" number="366">a</token>
<token t_id="368" sentence="14" number="367">women</token>
<token t_id="369" sentence="14" number="368">of</token>
<token t_id="370" sentence="14" number="369">remarkable</token>
<token t_id="371" sentence="14" number="370">social</token>
<token t_id="372" sentence="14" number="371">charm</token>
<token t_id="373" sentence="14" number="372">and</token>
<token t_id="374" sentence="14" number="373">sympathetic</token>
<token t_id="375" sentence="14" number="374">intelligence</token>
<token t_id="376" sentence="14" number="375">,</token>
<token t_id="377" sentence="14" number="376">knew</token>
<token t_id="378" sentence="14" number="377">a</token>
<token t_id="379" sentence="14" number="378">good</token>
<token t_id="380" sentence="14" number="379">story</token>
<token t_id="381" sentence="14" number="380">when</token>
<token t_id="382" sentence="14" number="381">she</token>
<token t_id="383" sentence="14" number="382">met</token>
<token t_id="384" sentence="14" number="383">with</token>
<token t_id="385" sentence="14" number="384">one</token>
<token t_id="386" sentence="14" number="385">,</token>
<token t_id="387" sentence="14" number="386">and</token>
<token t_id="388" sentence="14" number="387">could</token>
<token t_id="389" sentence="14" number="388">repeat</token>
<token t_id="390" sentence="14" number="389">it</token>
<token t_id="391" sentence="14" number="390">,</token>
<token t_id="392" sentence="14" number="391">either</token>
<token t_id="393" sentence="14" number="392">in</token>
<token t_id="394" sentence="14" number="393">conversation</token>
<token t_id="395" sentence="14" number="394">or</token>
<token t_id="396" sentence="14" number="395">in</token>
<token t_id="397" sentence="14" number="396">writing</token>
<token t_id="398" sentence="14" number="397">,</token>
<token t_id="399" sentence="14" number="398">with</token>
<token t_id="400" sentence="14" number="399">excellent</token>
<token t_id="401" sentence="14" number="400">effect</token>
<token t_id="402" sentence="14" number="401">.</token>


<Markables>
<EVENT_MENTION m_id="33" factuality="" modality="" pred="" pos="" aspect="" certainty="" comment="" class="SPACE-MOVEMENT" tense="" polarity=""  >
<token_anchor t_id="359"/>
</EVENT_MENTION>
<EVENT_MENTION m_id="1" factuality="" modality="" pred="" pos="" aspect="" certainty="" comment="" class="EMOTIONS-EVALUATIONS" tense="" polarity=""  >
<token_anchor t_id="24"/>
</EVENT_MENTION>
<EVENT_MENTION m_id="34" factuality="" modality="" pred="" pos="" aspect="" certainty="" comment="" class="EXISTENCE-CAUSATION" tense="" polarity=""  >
<token_anchor t_id="362"/>
</EVENT_MENTION>
<EVENT_MENTION m_id="2" factuality="" modality="" pred="" pos="" aspect="" certainty="" comment="" class="EDUCATION" tense="" polarity=""  >
<token_anchor t_id="26"/>
</EVENT_MENTION>
<EVENT_MENTION m_id="35" factuality="" modality="" pred="" pos="" aspect="" certainty="" comment="" class="COMMUNICATION" tense="" polarity=""  >
<token_anchor t_id="363"/>
</EVENT_MENTION>
<EVENT_MENTION m_id="3" factuality="" modality="" pred="" pos="" aspect="" certainty="" comment="" class="LIFE-HEALTH" tense="" polarity=""  >
<token_anchor t_id="31"/>
</EVENT_MENTION>
<EVENT_MENTION m_id="36" factuality="" modality="" pred="" pos="" aspect="" certainty="" comment="" class="LIFE-HEALTH" tense="" polarity=""  >
<token_anchor t_id="366"/>
<token_anchor t_id="367"/>
<token_anchor t_id="368"/>
</EVENT_MENTION>
<EVENT_MENTION m_id="4" factuality="" modality="" pred="" pos="" aspect="" certainty="" comment="" class="LIFE-HEALTH" tense="" polarity=""  >
<token_anchor t_id="33"/>
</EVENT_MENTION>
<EVENT_MENTION m_id="37" factuality="" modality="" pred="" pos="" aspect="" certainty="" comment="" class="MENTAL" tense="" polarity=""  >
<token_anchor t_id="377"/>
</EVENT_MENTION>
<EVENT_MENTION m_id="5" factuality="" modality="" pred="" pos="" aspect="" certainty="" comment="" class="EXISTENCE-CAUSATION" tense="" polarity=""  >
<token_anchor t_id="35"/>
</EVENT_MENTION>
<EVENT_MENTION m_id="38" factuality="" modality="" pred="" pos="" aspect="" certainty="" comment="" class="SOCIAL" tense="" polarity=""  >
<token_anchor t_id="383"/>
</EVENT_MENTION>
<EVENT_MENTION m_id="6" factuality="" modality="" pred="" pos="" aspect="" certainty="" comment="" class="LIFE-HEALTH" tense="" polarity=""  >
<token_anchor t_id="37"/>
</EVENT_MENTION>
<EVENT_MENTION m_id="39" factuality="" modality="" pred="" pos="" aspect="" certainty="" comment="" class="COMMUNICATION" tense="" polarity=""  >
<token_anchor t_id="389"/>
</EVENT_MENTION>
<EVENT_MENTION m_id="7" factuality="" modality="" pred="" pos="" aspect="" certainty="" comment="" class="SOCIAL" tense="" polarity=""  >
<token_anchor t_id="51"/>
<token_anchor t_id="52"/>
<token_anchor t_id="53"/>
</EVENT_MENTION>
<EVENT_MENTION m_id="40" factuality="" modality="" pred="" pos="" aspect="" certainty="" comment="" class="COMMUNICATION" tense="" polarity=""  >
<token_anchor t_id="394"/>
</EVENT_MENTION>
<EVENT_MENTION m_id="8" factuality="" modality="" pred="" pos="" aspect="" certainty="" comment="" class="LIFE-HEALTH" tense="" polarity=""  >
<token_anchor t_id="67"/>
</EVENT_MENTION>
<EVENT_MENTION m_id="41" factuality="" modality="" pred="" pos="" aspect="" certainty="" comment="" class="COMMUNICATION" tense="" polarity=""  >
<token_anchor t_id="397"/>
</EVENT_MENTION>
<EVENT_MENTION m_id="9" factuality="" modality="" pred="" pos="" aspect="" certainty="" comment="" class="LIFE-HEALTH" tense="" polarity=""  >
<token_anchor t_id="69"/>
</EVENT_MENTION>
<EVENT_MENTION m_id="10" factuality="" modality="" pred="" pos="" aspect="" certainty="" comment="" class="SOCIAL" tense="" polarity=""  >
<token_anchor t_id="87"/>
</EVENT_MENTION>
<EVENT_MENTION m_id="11" factuality="" modality="" pred="" pos="" aspect="" certainty="" comment="" class="LIFE-HEALTH" tense="" polarity=""  >
<token_anchor t_id="110"/>
</EVENT_MENTION>
<EVENT_MENTION m_id="12" factuality="" modality="" pred="" pos="" aspect="" certainty="" comment="" class="POSSESSION" tense="" polarity=""  >
<token_anchor t_id="112"/>
</EVENT_MENTION>
<EVENT_MENTION m_id="13" factuality="" modality="" pred="" pos="" aspect="" certainty="" comment="" class="SPACE-MOVEMENT" tense="" polarity=""  >
<token_anchor t_id="123"/>
</EVENT_MENTION>
<EVENT_MENTION m_id="14" factuality="" modality="" pred="" pos="" aspect="" certainty="" comment="" class="TRADE-WORK" tense="" polarity=""  >
<token_anchor t_id="136"/>
<token_anchor t_id="137"/>
</EVENT_MENTION>
<EVENT_MENTION m_id="15" factuality="" modality="" pred="" pos="" aspect="" certainty="" comment="" class="MATTER" tense="" polarity=""  >
<token_anchor t_id="142"/>
</EVENT_MENTION>
<EVENT_MENTION m_id="16" factuality="" modality="" pred="" pos="" aspect="" certainty="" comment="" class="EXISTENCE-CAUSATION" tense="" polarity=""  >
<token_anchor t_id="144"/>
</EVENT_MENTION>
<EVENT_MENTION m_id="17" factuality="" modality="" pred="" pos="" aspect="" certainty="" comment="" class="SPACE-MOVEMENT" tense="" polarity=""  >
<token_anchor t_id="153"/>
</EVENT_MENTION>
<EVENT_MENTION m_id="18" factuality="" modality="" pred="" pos="" aspect="" certainty="" comment="" class="MENTAL" tense="" polarity=""  >
<token_anchor t_id="160"/>
</EVENT_MENTION>
<EVENT_MENTION m_id="19" factuality="" modality="" pred="" pos="" aspect="" certainty="" comment="" class="COMMUNICATION" tense="" polarity=""  >
<token_anchor t_id="167"/>
</EVENT_MENTION>
<EVENT_MENTION m_id="20" factuality="" modality="" pred="" pos="" aspect="" certainty="" comment="" class="MENTAL" tense="" polarity=""  >
<token_anchor t_id="198"/>
</EVENT_MENTION>
<EVENT_MENTION m_id="21" factuality="" modality="" pred="" pos="" aspect="" certainty="" comment="" class="SPACE-MOVEMENT" tense="" polarity=""  >
<token_anchor t_id="212"/>
</EVENT_MENTION>
<EVENT_MENTION m_id="22" factuality="" modality="" pred="" pos="" aspect="" certainty="" comment="" class="COMMUNICATION" tense="" polarity=""  >
<token_anchor t_id="220"/>
</EVENT_MENTION>
<EVENT_MENTION m_id="23" factuality="" modality="" pred="" pos="" aspect="" certainty="" comment="" class="GENERAL" tense="" polarity=""  >
<token_anchor t_id="224"/>
</EVENT_MENTION>
<EVENT_MENTION m_id="24" factuality="" modality="" pred="" pos="" aspect="" certainty="" comment="" class="EDUCATION" tense="" polarity=""  >
<token_anchor t_id="228"/>
</EVENT_MENTION>
<EVENT_MENTION m_id="25" factuality="" modality="" pred="" pos="" aspect="" certainty="" comment="" class="SOCIAL" tense="" polarity=""  >
<token_anchor t_id="240"/>
</EVENT_MENTION>
<EVENT_MENTION m_id="26" factuality="" modality="" pred="" pos="" aspect="" certainty="" comment="" class="COMMUNICATION" tense="" polarity=""  >
<token_anchor t_id="256"/>
</EVENT_MENTION>
<EVENT_MENTION m_id="27" factuality="" modality="" pred="" pos="" aspect="" certainty="" comment="" class="GENERAL" tense="" polarity=""  >
<token_anchor t_id="261"/>
</EVENT_MENTION>
<EVENT_MENTION m_id="28" factuality="" modality="" pred="" pos="" aspect="" certainty="" comment="" class="SOCIAL" tense="" polarity=""  >
<token_anchor t_id="277"/>
<token_anchor t_id="278"/>
</EVENT_MENTION>
<EVENT_MENTION m_id="29" factuality="" modality="" pred="" pos="" aspect="" certainty="" comment="" class="GENERAL" tense="" polarity=""  >
<token_anchor t_id="302"/>
</EVENT_MENTION>
<EVENT_MENTION m_id="30" factuality="" modality="" pred="" pos="" aspect="" certainty="" comment="" class="POSSESSION" tense="" polarity=""  >
<token_anchor t_id="323"/>
</EVENT_MENTION>
<EVENT_MENTION m_id="31" factuality="" modality="" pred="" pos="" aspect="" certainty="" comment="" class="GENERAL" tense="" polarity=""  >
<token_anchor t_id="341"/>
</EVENT_MENTION>
<EVENT_MENTION m_id="32" factuality="" modality="" pred="" pos="" aspect="" certainty="" comment="" class="MENTAL" tense="" polarity=""  >
<token_anchor t_id="354"/>
</EVENT_MENTION>


</Markables>

<Relations>
</Relations>
</Document>
