<Document doc_name="Obituary_Mark_Twain.txt">
<token t_id="1" sentence="0" number="0">April</token>
<token t_id="2" sentence="0" number="1">22</token>
<token t_id="3" sentence="0" number="2">,</token>
<token t_id="4" sentence="0" number="3">1910</token>
<token t_id="5" sentence="0" number="4">.</token>
<token t_id="6" sentence="1" number="5">Obituary</token>
<token t_id="7" sentence="1" number="6">:</token>
<token t_id="8" sentence="1" number="7">Mark</token>
<token t_id="9" sentence="1" number="8">Twain</token>
<token t_id="10" sentence="2" number="9">That</token>
<token t_id="11" sentence="2" number="10">Samuel</token>
<token t_id="12" sentence="2" number="11">L.</token>
<token t_id="13" sentence="2" number="12">Clemens</token>
<token t_id="14" sentence="2" number="13">was</token>
<token t_id="15" sentence="2" number="14">the</token>
<token t_id="16" sentence="2" number="15">greatest</token>
<token t_id="17" sentence="2" number="16">American</token>
<token t_id="18" sentence="2" number="17">humorist</token>
<token t_id="19" sentence="2" number="18">of</token>
<token t_id="20" sentence="2" number="19">his</token>
<token t_id="21" sentence="2" number="20">age</token>
<token t_id="22" sentence="2" number="21">nobody</token>
<token t_id="23" sentence="2" number="22">will</token>
<token t_id="24" sentence="2" number="23">deny</token>
<token t_id="25" sentence="2" number="24">.</token>
<token t_id="26" sentence="3" number="25">Posterity</token>
<token t_id="27" sentence="3" number="26">will</token>
<token t_id="28" sentence="3" number="27">be</token>
<token t_id="29" sentence="3" number="28">left</token>
<token t_id="30" sentence="3" number="29">to</token>
<token t_id="31" sentence="3" number="30">decide</token>
<token t_id="32" sentence="3" number="31">his</token>
<token t_id="33" sentence="3" number="32">relative</token>
<token t_id="34" sentence="3" number="33">position</token>
<token t_id="35" sentence="3" number="34">,</token>
<token t_id="36" sentence="3" number="35">in</token>
<token t_id="37" sentence="3" number="36">letters</token>
<token t_id="38" sentence="3" number="37">among</token>
<token t_id="39" sentence="3" number="38">the</token>
<token t_id="40" sentence="3" number="39">humorists</token>
<token t_id="41" sentence="3" number="40">of</token>
<token t_id="42" sentence="3" number="41">English</token>
<token t_id="43" sentence="3" number="42">literature</token>
<token t_id="44" sentence="3" number="43">.</token>
<token t_id="45" sentence="4" number="44">It</token>
<token t_id="46" sentence="4" number="45">is</token>
<token t_id="47" sentence="4" number="46">certain</token>
<token t_id="48" sentence="4" number="47">that</token>
<token t_id="49" sentence="4" number="48">his</token>
<token t_id="50" sentence="4" number="49">contemporary</token>
<token t_id="51" sentence="4" number="50">fame</token>
<token t_id="52" sentence="4" number="51">abroad</token>
<token t_id="53" sentence="4" number="52">was</token>
<token t_id="54" sentence="4" number="53">equal</token>
<token t_id="55" sentence="4" number="54">to</token>
<token t_id="56" sentence="4" number="55">his</token>
<token t_id="57" sentence="4" number="56">fame</token>
<token t_id="58" sentence="4" number="57">at</token>
<token t_id="59" sentence="4" number="58">home</token>
<token t_id="60" sentence="4" number="59">.</token>
<token t_id="61" sentence="5" number="60">All</token>
<token t_id="62" sentence="5" number="61">Europe</token>
<token t_id="63" sentence="5" number="62">recognized</token>
<token t_id="64" sentence="5" number="63">his</token>
<token t_id="65" sentence="5" number="64">genius</token>
<token t_id="66" sentence="5" number="65">,</token>
<token t_id="67" sentence="5" number="66">the</token>
<token t_id="68" sentence="5" number="67">English</token>
<token t_id="69" sentence="5" number="68">people</token>
<token t_id="70" sentence="5" number="69">appreciated</token>
<token t_id="71" sentence="5" number="70">him</token>
<token t_id="72" sentence="5" number="71">at</token>
<token t_id="73" sentence="5" number="72">his</token>
<token t_id="74" sentence="5" number="73">own</token>
<token t_id="75" sentence="5" number="74">worth</token>
<token t_id="76" sentence="5" number="75">,</token>
<token t_id="77" sentence="5" number="76">and</token>
<token t_id="78" sentence="5" number="77">the</token>
<token t_id="79" sentence="5" number="78">University</token>
<token t_id="80" sentence="5" number="79">of</token>
<token t_id="81" sentence="5" number="80">Oxford</token>
<token t_id="82" sentence="5" number="81">honored</token>
<token t_id="83" sentence="5" number="82">him</token>
<token t_id="84" sentence="5" number="83">with</token>
<token t_id="85" sentence="5" number="84">a</token>
<token t_id="86" sentence="5" number="85">degree</token>
<token t_id="87" sentence="5" number="86">.</token>
<token t_id="88" sentence="6" number="87">His</token>
<token t_id="89" sentence="6" number="88">writings</token>
<token t_id="90" sentence="6" number="89">commanded</token>
<token t_id="91" sentence="6" number="90">a</token>
<token t_id="92" sentence="6" number="91">higher</token>
<token t_id="93" sentence="6" number="92">price</token>
<token t_id="94" sentence="6" number="93">in</token>
<token t_id="95" sentence="6" number="94">the</token>
<token t_id="96" sentence="6" number="95">market</token>
<token t_id="97" sentence="6" number="96">than</token>
<token t_id="98" sentence="6" number="97">those</token>
<token t_id="99" sentence="6" number="98">of</token>
<token t_id="100" sentence="6" number="99">any</token>
<token t_id="101" sentence="6" number="100">other</token>
<token t_id="102" sentence="6" number="101">contemporary</token>
<token t_id="103" sentence="6" number="102">whose</token>
<token t_id="104" sentence="6" number="103">career</token>
<token t_id="105" sentence="6" number="104">was</token>
<token t_id="106" sentence="6" number="105">solely</token>
<token t_id="107" sentence="6" number="106">devoted</token>
<token t_id="108" sentence="6" number="107">to</token>
<token t_id="109" sentence="6" number="108">literature</token>
<token t_id="110" sentence="6" number="109">.</token>
<token t_id="111" sentence="7" number="110">His</token>
<token t_id="112" sentence="7" number="111">"</token>
<token t_id="113" sentence="7" number="112">public</token>
<token t_id="114" sentence="7" number="113">"</token>
<token t_id="115" sentence="7" number="114">was</token>
<token t_id="116" sentence="7" number="115">of</token>
<token t_id="117" sentence="7" number="116">enormous</token>
<token t_id="118" sentence="7" number="117">extent</token>
<token t_id="119" sentence="7" number="118">.</token>
<token t_id="120" sentence="8" number="119">From</token>
<token t_id="121" sentence="8" number="120">"</token>
<token t_id="122" sentence="8" number="121">The</token>
<token t_id="123" sentence="8" number="122">Jumping</token>
<token t_id="124" sentence="8" number="123">Frog</token>
<token t_id="125" sentence="8" number="124">"</token>
<token t_id="126" sentence="8" number="125">to</token>
<token t_id="127" sentence="8" number="126">the</token>
<token t_id="128" sentence="8" number="127">"</token>
<token t_id="129" sentence="8" number="128">Diary</token>
<token t_id="130" sentence="8" number="129">of</token>
<token t_id="131" sentence="8" number="130">Adam</token>
<token t_id="132" sentence="8" number="131">"</token>
<token t_id="133" sentence="8" number="132">everything</token>
<token t_id="134" sentence="8" number="133">that</token>
<token t_id="135" sentence="8" number="134">came</token>
<token t_id="136" sentence="8" number="135">from</token>
<token t_id="137" sentence="8" number="136">his</token>
<token t_id="138" sentence="8" number="137">pen</token>
<token t_id="139" sentence="8" number="138">was</token>
<token t_id="140" sentence="8" number="139">eagerly</token>
<token t_id="141" sentence="8" number="140">read</token>
<token t_id="142" sentence="8" number="141">and</token>
<token t_id="143" sentence="8" number="142">heartily</token>
<token t_id="144" sentence="8" number="143">enjoyed</token>
<token t_id="145" sentence="8" number="144">by</token>
<token t_id="146" sentence="8" number="145">multitudes</token>
<token t_id="147" sentence="8" number="146">.</token>
<token t_id="148" sentence="9" number="147">Much</token>
<token t_id="149" sentence="9" number="148">that</token>
<token t_id="150" sentence="9" number="149">he</token>
<token t_id="151" sentence="9" number="150">wrote</token>
<token t_id="152" sentence="9" number="151">has</token>
<token t_id="153" sentence="9" number="152">already</token>
<token t_id="154" sentence="9" number="153">been</token>
<token t_id="155" sentence="9" number="154">forgotten</token>
<token t_id="156" sentence="9" number="155">,</token>
<token t_id="157" sentence="9" number="156">inevitably</token>
<token t_id="158" sentence="9" number="157">,</token>
<token t_id="159" sentence="9" number="158">and</token>
<token t_id="160" sentence="9" number="159">in</token>
<token t_id="161" sentence="9" number="160">spite</token>
<token t_id="162" sentence="9" number="161">of</token>
<token t_id="163" sentence="9" number="162">definitive</token>
<token t_id="164" sentence="9" number="163">editions</token>
<token t_id="165" sentence="9" number="164">and</token>
<token t_id="166" sentence="9" number="165">the</token>
<token t_id="167" sentence="9" number="166">admirably</token>
<token t_id="168" sentence="9" number="167">practical</token>
<token t_id="169" sentence="9" number="168">management</token>
<token t_id="170" sentence="9" number="169">of</token>
<token t_id="171" sentence="9" number="170">his</token>
<token t_id="172" sentence="9" number="171">business</token>
<token t_id="173" sentence="9" number="172">in</token>
<token t_id="174" sentence="9" number="173">the</token>
<token t_id="175" sentence="9" number="174">later</token>
<token t_id="176" sentence="9" number="175">years</token>
<token t_id="177" sentence="9" number="176">of</token>
<token t_id="178" sentence="9" number="177">his</token>
<token t_id="179" sentence="9" number="178">career</token>
<token t_id="180" sentence="9" number="179">.</token>
<token t_id="181" sentence="10" number="180">But</token>
<token t_id="182" sentence="10" number="181">nearly</token>
<token t_id="183" sentence="10" number="182">all</token>
<token t_id="184" sentence="10" number="183">that</token>
<token t_id="185" sentence="10" number="184">Jonathan</token>
<token t_id="186" sentence="10" number="185">Swift</token>
<token t_id="187" sentence="10" number="186">,</token>
<token t_id="188" sentence="10" number="187">Fielding</token>
<token t_id="189" sentence="10" number="188">,</token>
<token t_id="190" sentence="10" number="189">Sterne</token>
<token t_id="191" sentence="10" number="190">,</token>
<token t_id="192" sentence="10" number="191">and</token>
<token t_id="193" sentence="10" number="192">Smollett</token>
<token t_id="194" sentence="10" number="193">wrote</token>
<token t_id="195" sentence="10" number="194">has</token>
<token t_id="196" sentence="10" number="195">been</token>
<token t_id="197" sentence="10" number="196">forgotten</token>
<token t_id="198" sentence="10" number="197">,</token>
<token t_id="199" sentence="10" number="198">though</token>
<token t_id="200" sentence="10" number="199">their</token>
<token t_id="201" sentence="10" number="200">fame</token>
<token t_id="202" sentence="10" number="201">,</token>
<token t_id="203" sentence="10" number="202">resting</token>
<token t_id="204" sentence="10" number="203">on</token>
<token t_id="205" sentence="10" number="204">a</token>
<token t_id="206" sentence="10" number="205">few</token>
<token t_id="207" sentence="10" number="206">books</token>
<token t_id="208" sentence="10" number="207">,</token>
<token t_id="209" sentence="10" number="208">still</token>
<token t_id="210" sentence="10" number="209">lives</token>
<token t_id="211" sentence="10" number="210">.</token>
<token t_id="212" sentence="11" number="211">Artemus</token>
<token t_id="213" sentence="11" number="212">Ward</token>
<token t_id="214" sentence="11" number="213">,</token>
<token t_id="215" sentence="11" number="214">Mark</token>
<token t_id="216" sentence="11" number="215">Twain</token>
<token t_id="217" sentence="11" number="216">'s</token>
<token t_id="218" sentence="11" number="217">greatest</token>
<token t_id="219" sentence="11" number="218">predecessor</token>
<token t_id="220" sentence="11" number="219">as</token>
<token t_id="221" sentence="11" number="220">a</token>
<token t_id="222" sentence="11" number="221">National</token>
<token t_id="223" sentence="11" number="222">jester</token>
<token t_id="224" sentence="11" number="223">,</token>
<token t_id="225" sentence="11" number="224">is</token>
<token t_id="226" sentence="11" number="225">now</token>
<token t_id="227" sentence="11" number="226">little</token>
<token t_id="228" sentence="11" number="227">more</token>
<token t_id="229" sentence="11" number="228">than</token>
<token t_id="230" sentence="11" number="229">a</token>
<token t_id="231" sentence="11" number="230">name</token>
<token t_id="232" sentence="11" number="231">.</token>
<token t_id="233" sentence="12" number="232">Nasby</token>
<token t_id="234" sentence="12" number="233">belonged</token>
<token t_id="235" sentence="12" number="234">exclusively</token>
<token t_id="236" sentence="12" number="235">to</token>
<token t_id="237" sentence="12" number="236">the</token>
<token t_id="238" sentence="12" number="237">Reconstruction</token>
<token t_id="239" sentence="12" number="238">period</token>
<token t_id="240" sentence="12" number="239">.</token>
<token t_id="241" sentence="13" number="240">For</token>
<token t_id="242" sentence="13" number="241">any</token>
<token t_id="243" sentence="13" number="242">American</token>
<token t_id="244" sentence="13" number="243">humorous</token>
<token t_id="245" sentence="13" number="244">writer</token>
<token t_id="246" sentence="13" number="245">it</token>
<token t_id="247" sentence="13" number="246">would</token>
<token t_id="248" sentence="13" number="247">be</token>
<token t_id="249" sentence="13" number="248">fit</token>
<token t_id="250" sentence="13" number="249">to</token>
<token t_id="251" sentence="13" number="250">compare</token>
<token t_id="252" sentence="13" number="251">with</token>
<token t_id="253" sentence="13" number="252">Mark</token>
<token t_id="254" sentence="13" number="253">Twain</token>
<token t_id="255" sentence="13" number="254">we</token>
<token t_id="256" sentence="13" number="255">must</token>
<token t_id="257" sentence="13" number="256">go</token>
<token t_id="258" sentence="13" number="257">back</token>
<token t_id="259" sentence="13" number="258">to</token>
<token t_id="260" sentence="13" number="259">Washington</token>
<token t_id="261" sentence="13" number="260">Irving</token>
<token t_id="262" sentence="13" number="261">.</token>
<token t_id="263" sentence="14" number="262">But</token>
<token t_id="264" sentence="14" number="263">the</token>
<token t_id="265" sentence="14" number="264">author</token>
<token t_id="266" sentence="14" number="265">of</token>
<token t_id="267" sentence="14" number="266">Knickerbocker</token>
<token t_id="268" sentence="14" number="267">'s</token>
<token t_id="269" sentence="14" number="268">ironical</token>
<token t_id="270" sentence="14" number="269">history</token>
<token t_id="271" sentence="14" number="270">and</token>
<token t_id="272" sentence="14" number="271">the</token>
<token t_id="273" sentence="14" number="272">Sleepy</token>
<token t_id="274" sentence="14" number="273">Hollow</token>
<token t_id="275" sentence="14" number="274">legend</token>
<token t_id="276" sentence="14" number="275">did</token>
<token t_id="277" sentence="14" number="276">not</token>
<token t_id="278" sentence="14" number="277">surpass</token>
<token t_id="279" sentence="14" number="278">,</token>
<token t_id="280" sentence="14" number="279">in</token>
<token t_id="281" sentence="14" number="280">those</token>
<token t_id="282" sentence="14" number="281">denotements</token>
<token t_id="283" sentence="14" number="282">of</token>
<token t_id="284" sentence="14" number="283">the</token>
<token t_id="285" sentence="14" number="284">humorous</token>
<token t_id="286" sentence="14" number="285">genius</token>
<token t_id="287" sentence="14" number="286">,</token>
<token t_id="288" sentence="14" number="287">the</token>
<token t_id="289" sentence="14" number="288">author</token>
<token t_id="290" sentence="14" number="289">of</token>
<token t_id="291" sentence="14" number="290">"</token>
<token t_id="292" sentence="14" number="291">The</token>
<token t_id="293" sentence="14" number="292">Adventures</token>
<token t_id="294" sentence="14" number="293">of</token>
<token t_id="295" sentence="14" number="294">a</token>
<token t_id="296" sentence="14" number="295">Cub</token>
<token t_id="297" sentence="14" number="296">Pilot</token>
<token t_id="298" sentence="14" number="297">on</token>
<token t_id="299" sentence="14" number="298">the</token>
<token t_id="300" sentence="14" number="299">Mississippi</token>
<token t_id="301" sentence="14" number="300">"</token>
<token t_id="302" sentence="14" number="301">and</token>
<token t_id="303" sentence="14" number="302">"</token>
<token t_id="304" sentence="14" number="303">Huckleberry</token>
<token t_id="305" sentence="14" number="304">Finn</token>
<token t_id="306" sentence="14" number="305">.</token>
<token t_id="307" sentence="14" number="306">"</token>
<token t_id="308" sentence="15" number="307">Indeed</token>
<token t_id="309" sentence="15" number="308">,</token>
<token t_id="310" sentence="15" number="309">it</token>
<token t_id="311" sentence="15" number="310">is</token>
<token t_id="312" sentence="15" number="311">hard</token>
<token t_id="313" sentence="15" number="312">to</token>
<token t_id="314" sentence="15" number="313">say</token>
<token t_id="315" sentence="15" number="314">that</token>
<token t_id="316" sentence="15" number="315">Irving</token>
<token t_id="317" sentence="15" number="316">ever</token>
<token t_id="318" sentence="15" number="317">surpassed</token>
<token t_id="319" sentence="15" number="318">Clemens</token>
<token t_id="320" sentence="15" number="319">.</token>
<token t_id="321" sentence="16" number="320">Without</token>
<token t_id="322" sentence="16" number="321">belittling</token>
<token t_id="323" sentence="16" number="322">the</token>
<token t_id="324" sentence="16" number="323">first</token>
<token t_id="325" sentence="16" number="324">great</token>
<token t_id="326" sentence="16" number="325">American</token>
<token t_id="327" sentence="16" number="326">prose</token>
<token t_id="328" sentence="16" number="327">writer</token>
<token t_id="329" sentence="16" number="328">we</token>
<token t_id="330" sentence="16" number="329">are</token>
<token t_id="331" sentence="16" number="330">compelled</token>
<token t_id="332" sentence="16" number="331">to</token>
<token t_id="333" sentence="16" number="332">doubt</token>
<token t_id="334" sentence="16" number="333">if</token>
<token t_id="335" sentence="16" number="334">posterity</token>
<token t_id="336" sentence="16" number="335">will</token>
<token t_id="337" sentence="16" number="336">name</token>
<token t_id="338" sentence="16" number="337">him</token>
<token t_id="339" sentence="16" number="338">in</token>
<token t_id="340" sentence="16" number="339">the</token>
<token t_id="341" sentence="16" number="340">same</token>
<token t_id="342" sentence="16" number="341">breath</token>
<token t_id="343" sentence="16" number="342">with</token>
<token t_id="344" sentence="16" number="343">the</token>
<token t_id="345" sentence="16" number="344">humorist</token>
<token t_id="346" sentence="16" number="345">who</token>
<token t_id="347" sentence="16" number="346">has</token>
<token t_id="348" sentence="16" number="347">just</token>
<token t_id="349" sentence="16" number="348">passed</token>
<token t_id="350" sentence="16" number="349">away</token>
<token t_id="351" sentence="16" number="350">.</token>
<token t_id="352" sentence="17" number="351">The</token>
<token t_id="353" sentence="17" number="352">"</token>
<token t_id="354" sentence="17" number="353">Innocents</token>
<token t_id="355" sentence="17" number="354">Abroad</token>
<token t_id="356" sentence="17" number="355">"</token>
<token t_id="357" sentence="17" number="356">and</token>
<token t_id="358" sentence="17" number="357">"</token>
<token t_id="359" sentence="17" number="358">A</token>
<token t_id="360" sentence="17" number="359">Tramp</token>
<token t_id="361" sentence="17" number="360">Abroad</token>
<token t_id="362" sentence="17" number="361">"</token>
<token t_id="363" sentence="17" number="362">are</token>
<token t_id="364" sentence="17" number="363">likely</token>
<token t_id="365" sentence="17" number="364">to</token>
<token t_id="366" sentence="17" number="365">be</token>
<token t_id="367" sentence="17" number="366">remembered</token>
<token t_id="368" sentence="17" number="367">among</token>
<token t_id="369" sentence="17" number="368">the</token>
<token t_id="370" sentence="17" number="369">great</token>
<token t_id="371" sentence="17" number="370">travel</token>
<token t_id="372" sentence="17" number="371">books</token>
<token t_id="373" sentence="17" number="372">of</token>
<token t_id="374" sentence="17" number="373">all</token>
<token t_id="375" sentence="17" number="374">time</token>
<token t_id="376" sentence="17" number="375">.</token>
<token t_id="377" sentence="18" number="376">Full</token>
<token t_id="378" sentence="18" number="377">of</token>
<token t_id="379" sentence="18" number="378">the</token>
<token t_id="380" sentence="18" number="379">audacity</token>
<token t_id="381" sentence="18" number="380">,</token>
<token t_id="382" sentence="18" number="381">the</token>
<token t_id="383" sentence="18" number="382">wild</token>
<token t_id="384" sentence="18" number="383">exaggeration</token>
<token t_id="385" sentence="18" number="384">and</token>
<token t_id="386" sentence="18" number="385">violent</token>
<token t_id="387" sentence="18" number="386">contrasts</token>
<token t_id="388" sentence="18" number="387">which</token>
<token t_id="389" sentence="18" number="388">distinguish</token>
<token t_id="390" sentence="18" number="389">the</token>
<token t_id="391" sentence="18" number="390">National</token>
<token t_id="392" sentence="18" number="391">humor</token>
<token t_id="393" sentence="18" number="392">,</token>
<token t_id="394" sentence="18" number="393">they</token>
<token t_id="395" sentence="18" number="394">are</token>
<token t_id="396" sentence="18" number="395">equally</token>
<token t_id="397" sentence="18" number="396">remarkable</token>
<token t_id="398" sentence="18" number="397">as</token>
<token t_id="399" sentence="18" number="398">the</token>
<token t_id="400" sentence="18" number="399">veracious</token>
<token t_id="401" sentence="18" number="400">record</token>
<token t_id="402" sentence="18" number="401">of</token>
<token t_id="403" sentence="18" number="402">fresh</token>
<token t_id="404" sentence="18" number="403">impressions</token>
<token t_id="405" sentence="18" number="404">on</token>
<token t_id="406" sentence="18" number="405">a</token>
<token t_id="407" sentence="18" number="406">fertile</token>
<token t_id="408" sentence="18" number="407">and</token>
<token t_id="409" sentence="18" number="408">responsive</token>
<token t_id="410" sentence="18" number="409">mind</token>
<token t_id="411" sentence="18" number="410">.</token>
<token t_id="412" sentence="19" number="411">Mr.</token>
<token t_id="413" sentence="19" number="412">Clemens</token>
<token t_id="414" sentence="19" number="413">'s</token>
<token t_id="415" sentence="19" number="414">more</token>
<token t_id="416" sentence="19" number="415">serious</token>
<token t_id="417" sentence="19" number="416">works</token>
<token t_id="418" sentence="19" number="417">,</token>
<token t_id="419" sentence="19" number="418">such</token>
<token t_id="420" sentence="19" number="419">as</token>
<token t_id="421" sentence="19" number="420">"</token>
<token t_id="422" sentence="19" number="421">The</token>
<token t_id="423" sentence="19" number="422">Prince</token>
<token t_id="424" sentence="19" number="423">and</token>
<token t_id="425" sentence="19" number="424">the</token>
<token t_id="426" sentence="19" number="425">Pauper</token>
<token t_id="427" sentence="19" number="426">,</token>
<token t_id="428" sentence="19" number="427">"</token>
<token t_id="429" sentence="19" number="428">an</token>
<token t_id="430" sentence="19" number="429">incursion</token>
<token t_id="431" sentence="19" number="430">into</token>
<token t_id="432" sentence="19" number="431">the</token>
<token t_id="433" sentence="19" number="432">field</token>
<token t_id="434" sentence="19" number="433">of</token>
<token t_id="435" sentence="19" number="434">historical</token>
<token t_id="436" sentence="19" number="435">romance</token>
<token t_id="437" sentence="19" number="436">;</token>
<token t_id="438" sentence="19" number="437">-</token>
<token t_id="439" sentence="19" number="438">"</token>
<token t_id="440" sentence="19" number="439">A</token>
<token t_id="441" sentence="19" number="440">Yankee</token>
<token t_id="442" sentence="19" number="441">at</token>
<token t_id="443" sentence="19" number="442">the</token>
<token t_id="444" sentence="19" number="443">Court</token>
<token t_id="445" sentence="19" number="444">of</token>
<token t_id="446" sentence="19" number="445">King</token>
<token t_id="447" sentence="19" number="446">Arthur</token>
<token t_id="448" sentence="19" number="447">,</token>
<token t_id="449" sentence="19" number="448">"</token>
<token t_id="450" sentence="19" number="449">and</token>
<token t_id="451" sentence="19" number="450">"</token>
<token t_id="452" sentence="19" number="451">Joan</token>
<token t_id="453" sentence="19" number="452">of</token>
<token t_id="454" sentence="19" number="453">Arc</token>
<token t_id="455" sentence="19" number="454">,</token>
<token t_id="456" sentence="19" number="455">"</token>
<token t_id="457" sentence="19" number="456">have</token>
<token t_id="458" sentence="19" number="457">been</token>
<token t_id="459" sentence="19" number="458">read</token>
<token t_id="460" sentence="19" number="459">by</token>
<token t_id="461" sentence="19" number="460">multitudes</token>
<token t_id="462" sentence="19" number="461">with</token>
<token t_id="463" sentence="19" number="462">great</token>
<token t_id="464" sentence="19" number="463">delight</token>
<token t_id="465" sentence="19" number="464">.</token>
<token t_id="466" sentence="20" number="465">He</token>
<token t_id="467" sentence="20" number="466">has</token>
<token t_id="468" sentence="20" number="467">been</token>
<token t_id="469" sentence="20" number="468">quoted</token>
<token t_id="470" sentence="20" number="469">in</token>
<token t_id="471" sentence="20" number="470">common</token>
<token t_id="472" sentence="20" number="471">conversation</token>
<token t_id="473" sentence="20" number="472">oftener</token>
<token t_id="474" sentence="20" number="473">,</token>
<token t_id="475" sentence="20" number="474">perhaps</token>
<token t_id="476" sentence="20" number="475">,</token>
<token t_id="477" sentence="20" number="476">than</token>
<token t_id="478" sentence="20" number="477">any</token>
<token t_id="479" sentence="20" number="478">of</token>
<token t_id="480" sentence="20" number="479">his</token>
<token t_id="481" sentence="20" number="480">fellow-countrymen</token>
<token t_id="482" sentence="20" number="481">,</token>
<token t_id="483" sentence="20" number="482">including</token>
<token t_id="484" sentence="20" number="483">Benjamin</token>
<token t_id="485" sentence="20" number="484">Franklin</token>
<token t_id="486" sentence="20" number="485">and</token>
<token t_id="487" sentence="20" number="486">Lincoln</token>
<token t_id="488" sentence="20" number="487">.</token>
<token t_id="489" sentence="21" number="488">He</token>
<token t_id="490" sentence="21" number="489">has</token>
<token t_id="491" sentence="21" number="490">been</token>
<token t_id="492" sentence="21" number="491">honored</token>
<token t_id="493" sentence="21" number="492">by</token>
<token t_id="494" sentence="21" number="493">misquotation</token>
<token t_id="495" sentence="21" number="494">,</token>
<token t_id="496" sentence="21" number="495">too</token>
<token t_id="497" sentence="21" number="496">,</token>
<token t_id="498" sentence="21" number="497">and</token>
<token t_id="499" sentence="21" number="498">the</token>
<token t_id="500" sentence="21" number="499">humorous</token>
<token t_id="501" sentence="21" number="500">sayings</token>
<token t_id="502" sentence="21" number="501">of</token>
<token t_id="503" sentence="21" number="502">the</token>
<token t_id="504" sentence="21" number="503">ancients</token>
<token t_id="505" sentence="21" number="504">have</token>
<token t_id="506" sentence="21" number="505">been</token>
<token t_id="507" sentence="21" number="506">attributed</token>
<token t_id="508" sentence="21" number="507">to</token>
<token t_id="509" sentence="21" number="508">him</token>
<token t_id="510" sentence="21" number="509">,</token>
<token t_id="511" sentence="21" number="510">though</token>
<token t_id="512" sentence="21" number="511">he</token>
<token t_id="513" sentence="21" number="512">never</token>
<token t_id="514" sentence="21" number="513">borrowed</token>
<token t_id="515" sentence="21" number="514">.</token>
<token t_id="516" sentence="22" number="515">His</token>
<token t_id="517" sentence="22" number="516">wit</token>
<token t_id="518" sentence="22" number="517">was</token>
<token t_id="519" sentence="22" number="518">his</token>
<token t_id="520" sentence="22" number="519">own</token>
<token t_id="521" sentence="22" number="520">,</token>
<token t_id="522" sentence="22" number="521">and</token>
<token t_id="523" sentence="22" number="522">so</token>
<token t_id="524" sentence="22" number="523">was</token>
<token t_id="525" sentence="22" number="524">his</token>
<token t_id="526" sentence="22" number="525">extravagance</token>
<token t_id="527" sentence="22" number="526">,</token>
<token t_id="528" sentence="22" number="527">and</token>
<token t_id="529" sentence="22" number="528">his</token>
<token t_id="530" sentence="22" number="529">powers</token>
<token t_id="531" sentence="22" number="530">of</token>
<token t_id="532" sentence="22" number="531">observation</token>
<token t_id="533" sentence="22" number="532">never</token>
<token t_id="534" sentence="22" number="533">failed</token>
<token t_id="535" sentence="22" number="534">him</token>
<token t_id="536" sentence="22" number="535">.</token>
<token t_id="537" sentence="23" number="536">We</token>
<token t_id="538" sentence="23" number="537">have</token>
<token t_id="539" sentence="23" number="538">called</token>
<token t_id="540" sentence="23" number="539">him</token>
<token t_id="541" sentence="23" number="540">the</token>
<token t_id="542" sentence="23" number="541">greatest</token>
<token t_id="543" sentence="23" number="542">American</token>
<token t_id="544" sentence="23" number="543">humorist</token>
<token t_id="545" sentence="23" number="544">.</token>
<token t_id="546" sentence="24" number="545">We</token>
<token t_id="547" sentence="24" number="546">may</token>
<token t_id="548" sentence="24" number="547">leave</token>
<token t_id="549" sentence="24" number="548">it</token>
<token t_id="550" sentence="24" number="549">an</token>
<token t_id="551" sentence="24" number="550">open</token>
<token t_id="552" sentence="24" number="551">question</token>
<token t_id="553" sentence="24" number="552">whether</token>
<token t_id="554" sentence="24" number="553">he</token>
<token t_id="555" sentence="24" number="554">was</token>
<token t_id="556" sentence="24" number="555">not</token>
<token t_id="557" sentence="24" number="556">also</token>
<token t_id="558" sentence="24" number="557">the</token>
<token t_id="559" sentence="24" number="558">greatest</token>
<token t_id="560" sentence="24" number="559">American</token>
<token t_id="561" sentence="24" number="560">writer</token>
<token t_id="562" sentence="24" number="561">of</token>
<token t_id="563" sentence="24" number="562">fiction</token>
<token t_id="564" sentence="24" number="563">.</token>
<token t_id="565" sentence="25" number="564">The</token>
<token t_id="566" sentence="25" number="565">creator</token>
<token t_id="567" sentence="25" number="566">of</token>
<token t_id="568" sentence="25" number="567">Mulberry</token>
<token t_id="569" sentence="25" number="568">Sellers</token>
<token t_id="570" sentence="25" number="569">and</token>
<token t_id="571" sentence="25" number="570">Pudd</token>
<token t_id="572" sentence="25" number="571">'</token>
<token t_id="573" sentence="25" number="572">nhead</token>
<token t_id="574" sentence="25" number="573">Wilson</token>
<token t_id="575" sentence="25" number="574">,</token>
<token t_id="576" sentence="25" number="575">the</token>
<token t_id="577" sentence="25" number="576">inventor</token>
<token t_id="578" sentence="25" number="577">of</token>
<token t_id="579" sentence="25" number="578">that</token>
<token t_id="580" sentence="25" number="579">Southwestern</token>
<token t_id="581" sentence="25" number="580">feud</token>
<token t_id="582" sentence="25" number="581">in</token>
<token t_id="583" sentence="25" number="582">"</token>
<token t_id="584" sentence="25" number="583">Huckleberry</token>
<token t_id="585" sentence="25" number="584">Finn</token>
<token t_id="586" sentence="25" number="585">,</token>
<token t_id="587" sentence="25" number="586">"</token>
<token t_id="588" sentence="25" number="587">which</token>
<token t_id="589" sentence="25" number="588">,</token>
<token t_id="590" sentence="25" number="589">with</token>
<token t_id="591" sentence="25" number="590">all</token>
<token t_id="592" sentence="25" number="591">its</token>
<token t_id="593" sentence="25" number="592">wildly</token>
<token t_id="594" sentence="25" number="593">imaginative</token>
<token t_id="595" sentence="25" number="594">details</token>
<token t_id="596" sentence="25" number="595">,</token>
<token t_id="597" sentence="25" number="596">is</token>
<token t_id="598" sentence="25" number="597">still</token>
<token t_id="599" sentence="25" number="598">infused</token>
<token t_id="600" sentence="25" number="599">with</token>
<token t_id="601" sentence="25" number="600">rare</token>
<token t_id="602" sentence="25" number="601">pathos</token>
<token t_id="603" sentence="25" number="602">,</token>
<token t_id="604" sentence="25" number="603">has</token>
<token t_id="605" sentence="25" number="604">certainly</token>
<token t_id="606" sentence="25" number="605">an</token>
<token t_id="607" sentence="25" number="606">undying</token>
<token t_id="608" sentence="25" number="607">vitality</token>
<token t_id="609" sentence="25" number="608">.</token>
<token t_id="610" sentence="26" number="609">An</token>
<token t_id="611" sentence="26" number="610">emotional</token>
<token t_id="612" sentence="26" number="611">and</token>
<token t_id="613" sentence="26" number="612">quite</token>
<token t_id="614" sentence="26" number="613">unconventional</token>
<token t_id="615" sentence="26" number="614">sort</token>
<token t_id="616" sentence="26" number="615">of</token>
<token t_id="617" sentence="26" number="616">man</token>
<token t_id="618" sentence="26" number="617">,</token>
<token t_id="619" sentence="26" number="618">Clemens</token>
<token t_id="620" sentence="26" number="619">was</token>
<token t_id="621" sentence="26" number="620">,</token>
<token t_id="622" sentence="26" number="621">whose</token>
<token t_id="623" sentence="26" number="622">early</token>
<token t_id="624" sentence="26" number="623">life</token>
<token t_id="625" sentence="26" number="624">was</token>
<token t_id="626" sentence="26" number="625">a</token>
<token t_id="627" sentence="26" number="626">hard</token>
<token t_id="628" sentence="26" number="627">struggle</token>
<token t_id="629" sentence="26" number="628">for</token>
<token t_id="630" sentence="26" number="629">existence</token>
<token t_id="631" sentence="26" number="630">.</token>
<token t_id="632" sentence="27" number="631">He</token>
<token t_id="633" sentence="27" number="632">obtained</token>
<token t_id="634" sentence="27" number="633">his</token>
<token t_id="635" sentence="27" number="634">education</token>
<token t_id="636" sentence="27" number="635">where</token>
<token t_id="637" sentence="27" number="636">he</token>
<token t_id="638" sentence="27" number="637">could</token>
<token t_id="639" sentence="27" number="638">get</token>
<token t_id="640" sentence="27" number="639">it</token>
<token t_id="641" sentence="27" number="640">.</token>
<token t_id="642" sentence="28" number="641">Presumably</token>
<token t_id="643" sentence="28" number="642">his</token>
<token t_id="644" sentence="28" number="643">faults</token>
<token t_id="645" sentence="28" number="644">were</token>
<token t_id="646" sentence="28" number="645">as</token>
<token t_id="647" sentence="28" number="646">large</token>
<token t_id="648" sentence="28" number="647">as</token>
<token t_id="649" sentence="28" number="648">his</token>
<token t_id="650" sentence="28" number="649">merits</token>
<token t_id="651" sentence="28" number="650">.</token>
<token t_id="652" sentence="29" number="651">Intellectually</token>
<token t_id="653" sentence="29" number="652">he</token>
<token t_id="654" sentence="29" number="653">was</token>
<token t_id="655" sentence="29" number="654">of</token>
<token t_id="656" sentence="29" number="655">Herculean</token>
<token t_id="657" sentence="29" number="656">proportions</token>
<token t_id="658" sentence="29" number="657">.</token>
<token t_id="659" sentence="30" number="658">His</token>
<token t_id="660" sentence="30" number="659">death</token>
<token t_id="661" sentence="30" number="660">will</token>
<token t_id="662" sentence="30" number="661">be</token>
<token t_id="663" sentence="30" number="662">mourned</token>
<token t_id="664" sentence="30" number="663">,</token>
<token t_id="665" sentence="30" number="664">everywhere</token>
<token t_id="666" sentence="30" number="665">,</token>
<token t_id="667" sentence="30" number="666">and</token>
<token t_id="668" sentence="30" number="667">smiles</token>
<token t_id="669" sentence="30" number="668">will</token>
<token t_id="670" sentence="30" number="669">break</token>
<token t_id="671" sentence="30" number="670">through</token>
<token t_id="672" sentence="30" number="671">the</token>
<token t_id="673" sentence="30" number="672">tears</token>
<token t_id="674" sentence="30" number="673">as</token>
<token t_id="675" sentence="30" number="674">remembrance</token>
<token t_id="676" sentence="30" number="675">of</token>
<token t_id="677" sentence="30" number="676">the</token>
<token t_id="678" sentence="30" number="677">man</token>
<token t_id="679" sentence="30" number="678">'s</token>
<token t_id="680" sentence="30" number="679">rich</token>
<token t_id="681" sentence="30" number="680">gift</token>
<token t_id="682" sentence="30" number="681">to</token>
<token t_id="683" sentence="30" number="682">his</token>
<token t_id="684" sentence="30" number="683">era</token>
<token t_id="685" sentence="30" number="684">comes</token>
<token t_id="686" sentence="30" number="685">to</token>
<token t_id="687" sentence="30" number="686">the</token>
<token t_id="688" sentence="30" number="687">mourners</token>
<token t_id="689" sentence="30" number="688">'</token>
<token t_id="690" sentence="30" number="689">minds</token>
<token t_id="691" sentence="30" number="690">.</token>
<token t_id="692" sentence="31" number="691">However</token>
<token t_id="693" sentence="31" number="692">his</token>
<token t_id="694" sentence="31" number="693">work</token>
<token t_id="695" sentence="31" number="694">may</token>
<token t_id="696" sentence="31" number="695">be</token>
<token t_id="697" sentence="31" number="696">judged</token>
<token t_id="698" sentence="31" number="697">by</token>
<token t_id="699" sentence="31" number="698">impartial</token>
<token t_id="700" sentence="31" number="699">and</token>
<token t_id="701" sentence="31" number="700">unprejudiced</token>
<token t_id="702" sentence="31" number="701">generations</token>
<token t_id="703" sentence="31" number="702">his</token>
<token t_id="704" sentence="31" number="703">fame</token>
<token t_id="705" sentence="31" number="704">is</token>
<token t_id="706" sentence="31" number="705">imperishable</token>
<token t_id="707" sentence="31" number="706">.</token>


<Markables>
<EVENT_MENTION m_id="33" factuality="" modality="" pred="" pos="" aspect="" certainty="" comment="" class="MENTAL" tense="" polarity=""  >
<token_anchor t_id="331"/>
</EVENT_MENTION>
<EVENT_MENTION m_id="65" factuality="" modality="" pred="" pos="" aspect="" certainty="" comment="" class="HOSTILITY" tense="" polarity=""  >
<token_anchor t_id="625"/>
<token_anchor t_id="626"/>
<token_anchor t_id="627"/>
<token_anchor t_id="628"/>
</EVENT_MENTION>
<EVENT_MENTION m_id="1" factuality="" modality="" pred="" pos="" aspect="" certainty="" comment="" class="COMMUNICATION" tense="" polarity=""  >
<token_anchor t_id="14"/>
<token_anchor t_id="15"/>
<token_anchor t_id="16"/>
<token_anchor t_id="17"/>
<token_anchor t_id="18"/>
</EVENT_MENTION>
<EVENT_MENTION m_id="34" factuality="" modality="" pred="" pos="" aspect="" certainty="" comment="" class="MENTAL" tense="" polarity=""  >
<token_anchor t_id="333"/>
</EVENT_MENTION>
<EVENT_MENTION m_id="66" factuality="" modality="" pred="" pos="" aspect="" certainty="" comment="" class="EXISTENCE-CAUSATION" tense="" polarity=""  >
<token_anchor t_id="630"/>
</EVENT_MENTION>
<EVENT_MENTION m_id="2" factuality="" modality="" pred="" pos="" aspect="" certainty="" comment="" class="COMMUNICATION" tense="" polarity=""  >
<token_anchor t_id="24"/>
</EVENT_MENTION>
<EVENT_MENTION m_id="35" factuality="" modality="" pred="" pos="" aspect="" certainty="" comment="" class="COMMUNICATION" tense="" polarity=""  >
<token_anchor t_id="337"/>
</EVENT_MENTION>
<EVENT_MENTION m_id="67" factuality="" modality="" pred="" pos="" aspect="" certainty="" comment="" class="POSSESSION" tense="" polarity=""  >
<token_anchor t_id="633"/>
</EVENT_MENTION>
<EVENT_MENTION m_id="3" factuality="" modality="" pred="" pos="" aspect="" certainty="" comment="" class="SPACE-MOVEMENT" tense="" polarity=""  >
<token_anchor t_id="29"/>
</EVENT_MENTION>
<EVENT_MENTION m_id="36" factuality="" modality="" pred="" pos="" aspect="" certainty="" comment="" class="LIFE-HEALTH" tense="" polarity=""  >
<token_anchor t_id="349"/>
<token_anchor t_id="350"/>
</EVENT_MENTION>
<EVENT_MENTION m_id="68" factuality="" modality="" pred="" pos="" aspect="" certainty="" comment="" class="POSSESSION" tense="" polarity=""  >
<token_anchor t_id="639"/>
</EVENT_MENTION>
<EVENT_MENTION m_id="4" factuality="" modality="" pred="" pos="" aspect="" certainty="" comment="" class="MENTAL" tense="" polarity=""  >
<token_anchor t_id="31"/>
</EVENT_MENTION>
<EVENT_MENTION m_id="37" factuality="" modality="" pred="" pos="" aspect="" certainty="" comment="" class="MENTAL" tense="" polarity=""  >
<token_anchor t_id="363"/>
<token_anchor t_id="364"/>
</EVENT_MENTION>
<EVENT_MENTION m_id="69" factuality="" modality="" pred="" pos="" aspect="" certainty="" comment="" class="EDUCATION" tense="" polarity=""  >
<token_anchor t_id="635"/>
</EVENT_MENTION>
<EVENT_MENTION m_id="5" factuality="" modality="" pred="" pos="" aspect="" certainty="" comment="" class="EMOTIONS-EVALUATIONS" tense="" polarity=""  >
<token_anchor t_id="46"/>
<token_anchor t_id="47"/>
</EVENT_MENTION>
<EVENT_MENTION m_id="38" factuality="" modality="" pred="" pos="" aspect="" certainty="" comment="" class="MENTAL" tense="" polarity=""  >
<token_anchor t_id="367"/>
</EVENT_MENTION>
<EVENT_MENTION m_id="70" factuality="" modality="" pred="" pos="" aspect="" certainty="" comment="" class="MEASURE" tense="" polarity=""  >
<token_anchor t_id="645"/>
<token_anchor t_id="646"/>
<token_anchor t_id="647"/>
</EVENT_MENTION>
<EVENT_MENTION m_id="6" factuality="" modality="" pred="" pos="" aspect="" certainty="" comment="" class="MEASURE" tense="" polarity=""  >
<token_anchor t_id="53"/>
<token_anchor t_id="54"/>
</EVENT_MENTION>
<EVENT_MENTION m_id="39" factuality="" modality="" pred="" pos="" aspect="" certainty="" comment="" class="SPACE-MOVEMENT" tense="" polarity=""  >
<token_anchor t_id="371"/>
</EVENT_MENTION>
<EVENT_MENTION m_id="71" factuality="" modality="" pred="" pos="" aspect="" certainty="" comment="" class="MEASURE" tense="" polarity=""  >
<token_anchor t_id="654"/>
<token_anchor t_id="655"/>
<token_anchor t_id="656"/>
<token_anchor t_id="657"/>
</EVENT_MENTION>
<EVENT_MENTION m_id="7" factuality="" modality="" pred="" pos="" aspect="" certainty="" comment="" class="MENTAL" tense="" polarity=""  >
<token_anchor t_id="63"/>
</EVENT_MENTION>
<EVENT_MENTION m_id="40" factuality="" modality="" pred="" pos="" aspect="" certainty="" comment="" class="MENTAL" tense="" polarity=""  >
<token_anchor t_id="389"/>
</EVENT_MENTION>
<EVENT_MENTION m_id="72" factuality="" modality="" pred="" pos="" aspect="" certainty="" comment="" class="LIFE-HEALTH" tense="" polarity=""  >
<token_anchor t_id="660"/>
</EVENT_MENTION>
<EVENT_MENTION m_id="8" factuality="" modality="" pred="" pos="" aspect="" certainty="" comment="" class="EMOTIONS-EVALUATIONS" tense="" polarity=""  >
<token_anchor t_id="70"/>
</EVENT_MENTION>
<EVENT_MENTION m_id="41" factuality="" modality="" pred="" pos="" aspect="" certainty="" comment="" class="EMOTIONS-EVALUATIONS" tense="" polarity=""  >
<token_anchor t_id="395"/>
<token_anchor t_id="396"/>
<token_anchor t_id="397"/>
</EVENT_MENTION>
<EVENT_MENTION m_id="73" factuality="" modality="" pred="" pos="" aspect="" certainty="" comment="" class="EMOTIONS-EVALUATIONS" tense="" polarity=""  >
<token_anchor t_id="663"/>
</EVENT_MENTION>
<EVENT_MENTION m_id="9" factuality="" modality="" pred="" pos="" aspect="" certainty="" comment="" class="MENTAL" tense="" polarity=""  >
<token_anchor t_id="82"/>
</EVENT_MENTION>
<EVENT_MENTION m_id="42" factuality="" modality="" pred="" pos="" aspect="" certainty="" comment="" class="COMMUNICATION" tense="" polarity=""  >
<token_anchor t_id="401"/>
</EVENT_MENTION>
<EVENT_MENTION m_id="74" factuality="" modality="" pred="" pos="" aspect="" certainty="" comment="" class="EMOTIONS-EVALUATIONS" tense="" polarity=""  >
<token_anchor t_id="668"/>
</EVENT_MENTION>
<EVENT_MENTION m_id="10" factuality="" modality="" pred="" pos="" aspect="" certainty="" comment="" class="AUTHORITY-LAW" tense="" polarity=""  >
<token_anchor t_id="90"/>
</EVENT_MENTION>
<EVENT_MENTION m_id="43" factuality="" modality="" pred="" pos="" aspect="" certainty="" comment="" class="PHYSICAL SENSATIONS" tense="" polarity=""  >
<token_anchor t_id="404"/>
</EVENT_MENTION>
<EVENT_MENTION m_id="75" factuality="" modality="" pred="" pos="" aspect="" certainty="" comment="" class="EXISTENCE-CAUSATION" tense="" polarity=""  >
<token_anchor t_id="670"/>
<token_anchor t_id="671"/>
</EVENT_MENTION>
<EVENT_MENTION m_id="11" factuality="" modality="" pred="" pos="" aspect="" certainty="" comment="" class="MENTAL" tense="" polarity=""  >
<token_anchor t_id="107"/>
</EVENT_MENTION>
<EVENT_MENTION m_id="44" factuality="" modality="" pred="" pos="" aspect="" certainty="" comment="" class="SPACE-MOVEMENT" tense="" polarity=""  >
<token_anchor t_id="430"/>
</EVENT_MENTION>
<EVENT_MENTION m_id="76" factuality="" modality="" pred="" pos="" aspect="" certainty="" comment="" class="MENTAL" tense="" polarity=""  >
<token_anchor t_id="675"/>
</EVENT_MENTION>
<EVENT_MENTION m_id="12" factuality="" modality="" pred="" pos="" aspect="" certainty="" comment="" class="MEASURE" tense="" polarity=""  >
<token_anchor t_id="115"/>
<token_anchor t_id="116"/>
<token_anchor t_id="117"/>
<token_anchor t_id="118"/>
</EVENT_MENTION>
<EVENT_MENTION m_id="45" factuality="" modality="" pred="" pos="" aspect="" certainty="" comment="" class="COMMUNICATION" tense="" polarity=""  >
<token_anchor t_id="459"/>
</EVENT_MENTION>
<EVENT_MENTION m_id="77" factuality="" modality="" pred="" pos="" aspect="" certainty="" comment="" class="SPACE-MOVEMENT" tense="" polarity=""  >
<token_anchor t_id="685"/>
</EVENT_MENTION>
<EVENT_MENTION m_id="13" factuality="" modality="" pred="" pos="" aspect="" certainty="" comment="" class="COMMUNICATION" tense="" polarity=""  >
<token_anchor t_id="141"/>
</EVENT_MENTION>
<EVENT_MENTION m_id="46" factuality="" modality="" pred="" pos="" aspect="" certainty="" comment="" class="EMOTIONS-EVALUATIONS" tense="" polarity=""  >
<token_anchor t_id="464"/>
</EVENT_MENTION>
<EVENT_MENTION m_id="78" factuality="" modality="" pred="" pos="" aspect="" certainty="" comment="" class="MENTAL" tense="" polarity=""  >
<token_anchor t_id="697"/>
</EVENT_MENTION>
<EVENT_MENTION m_id="14" factuality="" modality="" pred="" pos="" aspect="" certainty="" comment="" class="EMOTIONS-EVALUATIONS" tense="" polarity=""  >
<token_anchor t_id="144"/>
</EVENT_MENTION>
<EVENT_MENTION m_id="47" factuality="" modality="" pred="" pos="" aspect="" certainty="" comment="" class="COMMUNICATION" tense="" polarity=""  >
<token_anchor t_id="469"/>
</EVENT_MENTION>
<EVENT_MENTION m_id="79" factuality="" modality="" pred="" pos="" aspect="" certainty="" comment="" class="LIFE-HEALTH" tense="" polarity=""  >
<token_anchor t_id="705"/>
<token_anchor t_id="706"/>
</EVENT_MENTION>
<EVENT_MENTION m_id="15" factuality="" modality="" pred="" pos="" aspect="" certainty="" comment="" class="SPACE-MOVEMENT" tense="" polarity=""  >
<token_anchor t_id="135"/>
<token_anchor t_id="136"/>
</EVENT_MENTION>
<EVENT_MENTION m_id="48" factuality="" modality="" pred="" pos="" aspect="" certainty="" comment="" class="COMMUNICATION" tense="" polarity=""  >
<token_anchor t_id="472"/>
</EVENT_MENTION>
<EVENT_MENTION m_id="80" factuality="" modality="" pred="" pos="" aspect="" certainty="" comment="" class="POSSESSION" tense="" polarity=""  >
<token_anchor t_id="604"/>
</EVENT_MENTION>
<EVENT_MENTION m_id="16" factuality="" modality="" pred="" pos="" aspect="" certainty="" comment="" class="COMMUNICATION" tense="" polarity=""  >
<token_anchor t_id="151"/>
</EVENT_MENTION>
<EVENT_MENTION m_id="49" factuality="" modality="" pred="" pos="" aspect="" certainty="" comment="" class="MENTAL" tense="" polarity=""  >
<token_anchor t_id="492"/>
</EVENT_MENTION>
<EVENT_MENTION m_id="17" factuality="" modality="" pred="" pos="" aspect="" certainty="" comment="" class="MENTAL" tense="" polarity=""  >
<token_anchor t_id="155"/>
</EVENT_MENTION>
<EVENT_MENTION m_id="50" factuality="" modality="" pred="" pos="" aspect="" certainty="" comment="" class="COMMUNICATION" tense="" polarity=""  >
<token_anchor t_id="494"/>
</EVENT_MENTION>
<EVENT_MENTION m_id="18" factuality="" modality="" pred="" pos="" aspect="" certainty="" comment="" class="TRADE-WORK" tense="" polarity=""  >
<token_anchor t_id="169"/>
</EVENT_MENTION>
<EVENT_MENTION m_id="51" factuality="" modality="" pred="" pos="" aspect="" certainty="" comment="" class="POSSESSION" tense="" polarity=""  >
<token_anchor t_id="507"/>
</EVENT_MENTION>
<EVENT_MENTION m_id="19" factuality="" modality="" pred="" pos="" aspect="" certainty="" comment="" class="COMMUNICATION" tense="" polarity=""  >
<token_anchor t_id="194"/>
</EVENT_MENTION>
<EVENT_MENTION m_id="20" factuality="" modality="" pred="" pos="" aspect="" certainty="" comment="" class="MENTAL" tense="" polarity=""  >
<token_anchor t_id="197"/>
</EVENT_MENTION>
<EVENT_MENTION m_id="52" factuality="" modality="" pred="" pos="" aspect="" certainty="" comment="" class="POSSESSION" tense="" polarity=""  >
<token_anchor t_id="514"/>
</EVENT_MENTION>
<EVENT_MENTION m_id="21" factuality="" modality="" pred="" pos="" aspect="" certainty="" comment="" class="SPACE-MOVEMENT" tense="" polarity=""  >
<token_anchor t_id="203"/>
</EVENT_MENTION>
<EVENT_MENTION m_id="53" factuality="" modality="" pred="" pos="" aspect="" certainty="" comment="" class="EXISTENCE-CAUSATION" tense="" polarity=""  >
<token_anchor t_id="518"/>
</EVENT_MENTION>
<EVENT_MENTION m_id="22" factuality="" modality="" pred="" pos="" aspect="" certainty="" comment="" class="LIFE-HEALTH" tense="" polarity=""  >
<token_anchor t_id="210"/>
</EVENT_MENTION>
<EVENT_MENTION m_id="54" factuality="" modality="" pred="" pos="" aspect="" certainty="" comment="" class="EXISTENCE-CAUSATION" tense="" polarity=""  >
<token_anchor t_id="524"/>
</EVENT_MENTION>
<EVENT_MENTION m_id="23" factuality="" modality="" pred="" pos="" aspect="" certainty="" comment="" class="EXISTENCE-CAUSATION" tense="" polarity=""  >
<token_anchor t_id="225"/>
</EVENT_MENTION>
<EVENT_MENTION m_id="55" factuality="" modality="" pred="" pos="" aspect="" certainty="" comment="" class="PHYSICAL SENSATIONS" tense="" polarity=""  >
<token_anchor t_id="532"/>
</EVENT_MENTION>
<EVENT_MENTION m_id="24" factuality="" modality="" pred="" pos="" aspect="" certainty="" comment="" class="POSSESSION" tense="" polarity=""  >
<token_anchor t_id="234"/>
</EVENT_MENTION>
<EVENT_MENTION m_id="56" factuality="" modality="" pred="" pos="" aspect="" certainty="" comment="" class="MENTAL" tense="" polarity=""  >
<token_anchor t_id="534"/>
</EVENT_MENTION>
<EVENT_MENTION m_id="25" factuality="" modality="" pred="" pos="" aspect="" certainty="" comment="" class="MENTAL" tense="" polarity=""  >
<token_anchor t_id="248"/>
<token_anchor t_id="249"/>
</EVENT_MENTION>
<EVENT_MENTION m_id="57" factuality="" modality="" pred="" pos="" aspect="" certainty="" comment="" class="COMMUNICATION" tense="" polarity=""  >
<token_anchor t_id="539"/>
</EVENT_MENTION>
<EVENT_MENTION m_id="26" factuality="" modality="" pred="" pos="" aspect="" certainty="" comment="" class="COMMUNICATION" tense="" polarity=""  >
<token_anchor t_id="251"/>
</EVENT_MENTION>
<EVENT_MENTION m_id="58" factuality="" modality="" pred="" pos="" aspect="" certainty="" comment="" class="SPACE-MOVEMENT" tense="" polarity=""  >
<token_anchor t_id="548"/>
</EVENT_MENTION>
<EVENT_MENTION m_id="27" factuality="" modality="" pred="" pos="" aspect="" certainty="" comment="" class="SPACE-MOVEMENT" tense="" polarity=""  >
<token_anchor t_id="257"/>
<token_anchor t_id="258"/>
</EVENT_MENTION>
<EVENT_MENTION m_id="59" factuality="" modality="" pred="" pos="" aspect="" certainty="" comment="" class="COMMUNICATION" tense="" polarity=""  >
<token_anchor t_id="555"/>
<token_anchor t_id="556"/>
<token_anchor t_id="557"/>
<token_anchor t_id="558"/>
<token_anchor t_id="559"/>
<token_anchor t_id="560"/>
<token_anchor t_id="561"/>
</EVENT_MENTION>
<EVENT_MENTION m_id="28" factuality="" modality="" pred="" pos="" aspect="" certainty="" comment="" class="SPACE-MOVEMENT" tense="" polarity=""  >
<token_anchor t_id="278"/>
</EVENT_MENTION>
<EVENT_MENTION m_id="60" factuality="" modality="" pred="" pos="" aspect="" certainty="" comment="" class="MENTAL" tense="" polarity=""  >
<token_anchor t_id="599"/>
</EVENT_MENTION>
<EVENT_MENTION m_id="29" factuality="" modality="" pred="" pos="" aspect="" certainty="" comment="" class="EMOTIONS-EVALUATIONS" tense="" polarity=""  >
<token_anchor t_id="311"/>
<token_anchor t_id="312"/>
</EVENT_MENTION>
<EVENT_MENTION m_id="61" factuality="" modality="" pred="" pos="" aspect="" certainty="" comment="" class="EMOTIONS-EVALUATIONS" tense="" polarity=""  >
<token_anchor t_id="602"/>
</EVENT_MENTION>
<EVENT_MENTION m_id="30" factuality="" modality="" pred="" pos="" aspect="" certainty="" comment="" class="COMMUNICATION" tense="" polarity=""  >
<token_anchor t_id="314"/>
</EVENT_MENTION>
<EVENT_MENTION m_id="62" factuality="" modality="" pred="" pos="" aspect="" certainty="" comment="" class="LIFE-HEALTH" tense="" polarity=""  >
<token_anchor t_id="608"/>
</EVENT_MENTION>
<EVENT_MENTION m_id="31" factuality="" modality="" pred="" pos="" aspect="" certainty="" comment="" class="SPACE-MOVEMENT" tense="" polarity=""  >
<token_anchor t_id="318"/>
</EVENT_MENTION>
<EVENT_MENTION m_id="63" factuality="" modality="" pred="" pos="" aspect="" certainty="" comment="" class="LIFE-HEALTH" tense="" polarity=""  >
<token_anchor t_id="617"/>
<token_anchor t_id="620"/>
</EVENT_MENTION>
<EVENT_MENTION m_id="32" factuality="" modality="" pred="" pos="" aspect="" certainty="" comment="" class="EMOTIONS-EVALUATIONS" tense="" polarity=""  >
<token_anchor t_id="322"/>
</EVENT_MENTION>
<EVENT_MENTION m_id="64" factuality="" modality="" pred="" pos="" aspect="" certainty="" comment="" class="LIFE-HEALTH" tense="" polarity=""  >
<token_anchor t_id="624"/>
</EVENT_MENTION>


</Markables>

<Relations>
</Relations>
</Document>
