<Document doc_name="PACIFISTS_GET_FRIGHT_OF_LIVES_AT_CAPITOL.txt">
<token t_id="1" sentence="0" number="0">Tuesday</token>
<token t_id="2" sentence="0" number="1">,</token>
<token t_id="3" sentence="0" number="2">3rd</token>
<token t_id="4" sentence="0" number="3">April</token>
<token t_id="5" sentence="0" number="4">,</token>
<token t_id="6" sentence="0" number="5">1917</token>
<token t_id="7" sentence="1" number="6">"</token>
<token t_id="8" sentence="1" number="7">PACIFISTS</token>
<token t_id="9" sentence="1" number="8">"</token>
<token t_id="10" sentence="1" number="9">GET</token>
<token t_id="11" sentence="1" number="10">FRIGHT</token>
<token t_id="12" sentence="1" number="11">OF</token>
<token t_id="13" sentence="1" number="12">LIVES</token>
<token t_id="14" sentence="1" number="13">AT</token>
<token t_id="15" sentence="1" number="14">CAPITOL</token>
<token t_id="16" sentence="1" number="15">AGED</token>
<token t_id="17" sentence="1" number="16">SENATOR</token>
<token t_id="18" sentence="1" number="17">LODGE</token>
<token t_id="19" sentence="1" number="18">WALLOPS</token>
<token t_id="20" sentence="1" number="19">ONE</token>
<token t_id="21" sentence="1" number="20">FOR</token>
<token t_id="22" sentence="1" number="21">COUNT</token>
<token t_id="23" sentence="2" number="22">WASHINGTON</token>
<token t_id="24" sentence="2" number="23">,</token>
<token t_id="25" sentence="2" number="24">April</token>
<token t_id="26" sentence="2" number="25">2</token>
<token t_id="27" sentence="2" number="26">.</token>
<token t_id="28" sentence="3" number="27">Pacifists</token>
<token t_id="29" sentence="3" number="28">who</token>
<token t_id="30" sentence="3" number="29">came</token>
<token t_id="31" sentence="3" number="30">to</token>
<token t_id="32" sentence="3" number="31">Washington</token>
<token t_id="33" sentence="3" number="32">by</token>
<token t_id="34" sentence="3" number="33">the</token>
<token t_id="35" sentence="3" number="34">thousands</token>
<token t_id="36" sentence="3" number="35">today</token>
<token t_id="37" sentence="3" number="36">under</token>
<token t_id="38" sentence="3" number="37">the</token>
<token t_id="39" sentence="3" number="38">guidance</token>
<token t_id="40" sentence="3" number="39">of</token>
<token t_id="41" sentence="3" number="40">the</token>
<token t_id="42" sentence="3" number="41">Emergency</token>
<token t_id="43" sentence="3" number="42">Peace</token>
<token t_id="44" sentence="3" number="43">Federation</token>
<token t_id="45" sentence="3" number="44">to</token>
<token t_id="46" sentence="3" number="45">protest</token>
<token t_id="47" sentence="3" number="46">to</token>
<token t_id="48" sentence="3" number="47">congress</token>
<token t_id="49" sentence="3" number="48">against</token>
<token t_id="50" sentence="3" number="49">war</token>
<token t_id="51" sentence="3" number="50">had</token>
<token t_id="52" sentence="3" number="51">a</token>
<token t_id="53" sentence="3" number="52">turbulent</token>
<token t_id="54" sentence="3" number="53">time</token>
<token t_id="55" sentence="3" number="54">.</token>
<token t_id="56" sentence="4" number="55">The</token>
<token t_id="57" sentence="4" number="56">capital</token>
<token t_id="58" sentence="4" number="57">,</token>
<token t_id="59" sentence="4" number="58">bedecked</token>
<token t_id="60" sentence="4" number="59">with</token>
<token t_id="61" sentence="4" number="60">the</token>
<token t_id="62" sentence="4" number="61">national</token>
<token t_id="63" sentence="4" number="62">colors</token>
<token t_id="64" sentence="4" number="63">and</token>
<token t_id="65" sentence="4" number="64">overflowing</token>
<token t_id="66" sentence="4" number="65">with</token>
<token t_id="67" sentence="4" number="66">patriotic</token>
<token t_id="68" sentence="4" number="67">enthusiasm</token>
<token t_id="69" sentence="4" number="68">,</token>
<token t_id="70" sentence="4" number="69">gave</token>
<token t_id="71" sentence="4" number="70">the</token>
<token t_id="72" sentence="4" number="71">peace</token>
<token t_id="73" sentence="4" number="72">advocates</token>
<token t_id="74" sentence="4" number="73">anything</token>
<token t_id="75" sentence="4" number="74">but</token>
<token t_id="76" sentence="4" number="75">a</token>
<token t_id="77" sentence="4" number="76">cordial</token>
<token t_id="78" sentence="4" number="77">reception</token>
<token t_id="79" sentence="4" number="78">.</token>
<token t_id="80" sentence="5" number="79">On</token>
<token t_id="81" sentence="5" number="80">the</token>
<token t_id="82" sentence="5" number="81">streets</token>
<token t_id="83" sentence="5" number="82">,</token>
<token t_id="84" sentence="5" number="83">the</token>
<token t_id="85" sentence="5" number="84">white</token>
<token t_id="86" sentence="5" number="85">arm</token>
<token t_id="87" sentence="5" number="86">bands</token>
<token t_id="88" sentence="5" number="87">and</token>
<token t_id="89" sentence="5" number="88">"</token>
<token t_id="90" sentence="5" number="89">we</token>
<token t_id="91" sentence="5" number="90">want</token>
<token t_id="92" sentence="5" number="91">peace</token>
<token t_id="93" sentence="5" number="92">"</token>
<token t_id="94" sentence="5" number="93">streamers</token>
<token t_id="95" sentence="5" number="94">of</token>
<token t_id="96" sentence="5" number="95">the</token>
<token t_id="97" sentence="5" number="96">visitors</token>
<token t_id="98" sentence="5" number="97">drew</token>
<token t_id="99" sentence="5" number="98">frequent</token>
<token t_id="100" sentence="5" number="99">jeers</token>
<token t_id="101" sentence="5" number="100">.</token>
<token t_id="102" sentence="6" number="101">At</token>
<token t_id="103" sentence="6" number="102">the</token>
<token t_id="104" sentence="6" number="103">capitol</token>
<token t_id="105" sentence="6" number="104">"</token>
<token t_id="106" sentence="6" number="105">patriotic</token>
<token t_id="107" sentence="6" number="106">pilgrims</token>
<token t_id="108" sentence="6" number="107">"</token>
<token t_id="109" sentence="6" number="108">from</token>
<token t_id="110" sentence="6" number="109">various</token>
<token t_id="111" sentence="6" number="110">cities</token>
<token t_id="112" sentence="6" number="111">went</token>
<token t_id="113" sentence="6" number="112">over</token>
<token t_id="114" sentence="6" number="113">the</token>
<token t_id="115" sentence="6" number="114">same</token>
<token t_id="116" sentence="6" number="115">course</token>
<token t_id="117" sentence="6" number="116">as</token>
<token t_id="118" sentence="6" number="117">the</token>
<token t_id="119" sentence="6" number="118">pacifists</token>
<token t_id="120" sentence="6" number="119">,</token>
<token t_id="121" sentence="6" number="120">urging</token>
<token t_id="122" sentence="6" number="121">members</token>
<token t_id="123" sentence="6" number="122">of</token>
<token t_id="124" sentence="6" number="123">congress</token>
<token t_id="125" sentence="6" number="124">to</token>
<token t_id="126" sentence="6" number="125">uphold</token>
<token t_id="127" sentence="6" number="126">the</token>
<token t_id="128" sentence="6" number="127">hands</token>
<token t_id="129" sentence="6" number="128">of</token>
<token t_id="130" sentence="6" number="129">the</token>
<token t_id="131" sentence="6" number="130">President</token>
<token t_id="132" sentence="6" number="131">and</token>
<token t_id="133" sentence="6" number="132">the</token>
<token t_id="134" sentence="6" number="133">honor</token>
<token t_id="135" sentence="6" number="134">of</token>
<token t_id="136" sentence="6" number="135">the</token>
<token t_id="137" sentence="6" number="136">nation</token>
<token t_id="138" sentence="6" number="137">.</token>
<token t_id="139" sentence="7" number="138">There</token>
<token t_id="140" sentence="7" number="139">were</token>
<token t_id="141" sentence="7" number="140">numerous</token>
<token t_id="142" sentence="7" number="141">disorders</token>
<token t_id="143" sentence="7" number="142">,</token>
<token t_id="144" sentence="7" number="143">the</token>
<token t_id="145" sentence="7" number="144">most</token>
<token t_id="146" sentence="7" number="145">sensational</token>
<token t_id="147" sentence="7" number="146">incident</token>
<token t_id="148" sentence="7" number="147">of</token>
<token t_id="149" sentence="7" number="148">the</token>
<token t_id="150" sentence="7" number="149">day</token>
<token t_id="151" sentence="7" number="150">taking</token>
<token t_id="152" sentence="7" number="151">place</token>
<token t_id="153" sentence="7" number="152">in</token>
<token t_id="154" sentence="7" number="153">the</token>
<token t_id="155" sentence="7" number="154">office</token>
<token t_id="156" sentence="7" number="155">of</token>
<token t_id="157" sentence="7" number="156">Senator</token>
<token t_id="158" sentence="7" number="157">Lodge</token>
<token t_id="159" sentence="7" number="158">.</token>
<token t_id="160" sentence="8" number="159">The</token>
<token t_id="161" sentence="8" number="160">senator</token>
<token t_id="162" sentence="8" number="161">was</token>
<token t_id="163" sentence="8" number="162">called</token>
<token t_id="164" sentence="8" number="163">to</token>
<token t_id="165" sentence="8" number="164">the</token>
<token t_id="166" sentence="8" number="165">door</token>
<token t_id="167" sentence="8" number="166">to</token>
<token t_id="168" sentence="8" number="167">hear</token>
<token t_id="169" sentence="8" number="168">the</token>
<token t_id="170" sentence="8" number="169">arguments</token>
<token t_id="171" sentence="8" number="170">of</token>
<token t_id="172" sentence="8" number="171">the</token>
<token t_id="173" sentence="8" number="172">visitors</token>
<token t_id="174" sentence="8" number="173">.</token>
<token t_id="175" sentence="9" number="174">There</token>
<token t_id="176" sentence="9" number="175">were</token>
<token t_id="177" sentence="9" number="176">harsh</token>
<token t_id="178" sentence="9" number="177">words</token>
<token t_id="179" sentence="9" number="178">and</token>
<token t_id="180" sentence="9" number="179">then</token>
<token t_id="181" sentence="9" number="180">blows</token>
<token t_id="182" sentence="9" number="181">were</token>
<token t_id="183" sentence="9" number="182">exchanged</token>
<token t_id="184" sentence="9" number="183">between</token>
<token t_id="185" sentence="9" number="184">the</token>
<token t_id="186" sentence="9" number="185">senator</token>
<token t_id="187" sentence="9" number="186">,</token>
<token t_id="188" sentence="9" number="187">aged</token>
<token t_id="189" sentence="9" number="188">67</token>
<token t_id="190" sentence="9" number="189">and</token>
<token t_id="191" sentence="9" number="190">Alexander</token>
<token t_id="192" sentence="9" number="191">Bannwart</token>
<token t_id="193" sentence="9" number="192">,</token>
<token t_id="194" sentence="9" number="193">of</token>
<token t_id="195" sentence="9" number="194">Rochester</token>
<token t_id="196" sentence="9" number="195">,</token>
<token t_id="197" sentence="9" number="196">Mass.</token>
<token t_id="198" sentence="9" number="197">,</token>
<token t_id="199" sentence="9" number="198">born</token>
<token t_id="200" sentence="9" number="199">in</token>
<token t_id="201" sentence="9" number="200">Switzerland</token>
<token t_id="202" sentence="9" number="201">of</token>
<token t_id="203" sentence="9" number="202">Swiss-German</token>
<token t_id="204" sentence="9" number="203">parents</token>
<token t_id="205" sentence="9" number="204">.</token>
<token t_id="206" sentence="10" number="205">Senator</token>
<token t_id="207" sentence="10" number="206">Lodge</token>
<token t_id="208" sentence="10" number="207">sent</token>
<token t_id="209" sentence="10" number="208">his</token>
<token t_id="210" sentence="10" number="209">antagonist</token>
<token t_id="211" sentence="10" number="210">to</token>
<token t_id="212" sentence="10" number="211">the</token>
<token t_id="213" sentence="10" number="212">floor</token>
<token t_id="214" sentence="10" number="213">with</token>
<token t_id="215" sentence="10" number="214">a</token>
<token t_id="216" sentence="10" number="215">blow</token>
<token t_id="217" sentence="10" number="216">to</token>
<token t_id="218" sentence="10" number="217">the</token>
<token t_id="219" sentence="10" number="218">jaw</token>
<token t_id="220" sentence="10" number="219">,</token>
<token t_id="221" sentence="10" number="220">and</token>
<token t_id="222" sentence="10" number="221">while</token>
<token t_id="223" sentence="10" number="222">the</token>
<token t_id="224" sentence="10" number="223">officer</token>
<token t_id="225" sentence="10" number="224">force</token>
<token t_id="226" sentence="10" number="225">was</token>
<token t_id="227" sentence="10" number="226">clearing</token>
<token t_id="228" sentence="10" number="227">away</token>
<token t_id="229" sentence="10" number="228">the</token>
<token t_id="230" sentence="10" number="229">other</token>
<token t_id="231" sentence="10" number="230">pacifists</token>
<token t_id="232" sentence="10" number="231">a</token>
<token t_id="233" sentence="10" number="232">young</token>
<token t_id="234" sentence="10" number="233">man</token>
<token t_id="235" sentence="10" number="234">in</token>
<token t_id="236" sentence="10" number="235">the</token>
<token t_id="237" sentence="10" number="236">corridor</token>
<token t_id="238" sentence="10" number="237">pummelled</token>
<token t_id="239" sentence="10" number="238">Bannwart</token>
<token t_id="240" sentence="10" number="239">vigorously</token>
<token t_id="241" sentence="10" number="240">before</token>
<token t_id="242" sentence="10" number="241">turning</token>
<token t_id="243" sentence="10" number="242">him</token>
<token t_id="244" sentence="10" number="243">over</token>
<token t_id="245" sentence="10" number="244">at</token>
<token t_id="246" sentence="10" number="245">the</token>
<token t_id="247" sentence="10" number="246">hands</token>
<token t_id="248" sentence="10" number="247">of</token>
<token t_id="249" sentence="10" number="248">David</token>
<token t_id="250" sentence="10" number="249">B.</token>
<token t_id="251" sentence="10" number="250">Herman</token>
<token t_id="252" sentence="10" number="251">,</token>
<token t_id="253" sentence="10" number="252">a</token>
<token t_id="254" sentence="10" number="253">half</token>
<token t_id="255" sentence="10" number="254">grown</token>
<token t_id="256" sentence="10" number="255">telegraph</token>
<token t_id="257" sentence="10" number="256">messenger</token>
<token t_id="258" sentence="10" number="257">.</token>
<token t_id="259" sentence="11" number="258">Then</token>
<token t_id="260" sentence="11" number="259">the</token>
<token t_id="261" sentence="11" number="260">capitol</token>
<token t_id="262" sentence="11" number="261">police</token>
<token t_id="263" sentence="11" number="262">appeared</token>
<token t_id="264" sentence="11" number="263">and</token>
<token t_id="265" sentence="11" number="264">Bannwart</token>
<token t_id="266" sentence="11" number="265">,</token>
<token t_id="267" sentence="11" number="266">very</token>
<token t_id="268" sentence="11" number="267">bloody</token>
<token t_id="269" sentence="11" number="268">,</token>
<token t_id="270" sentence="11" number="269">was</token>
<token t_id="271" sentence="11" number="270">locked</token>
<token t_id="272" sentence="11" number="271">up</token>
<token t_id="273" sentence="11" number="272">charged</token>
<token t_id="274" sentence="11" number="273">with</token>
<token t_id="275" sentence="11" number="274">assault</token>
<token t_id="276" sentence="11" number="275">.</token>
<token t_id="277" sentence="12" number="276">Later</token>
<token t_id="278" sentence="12" number="277">he</token>
<token t_id="279" sentence="12" number="278">was</token>
<token t_id="280" sentence="12" number="279">released</token>
<token t_id="281" sentence="12" number="280">on</token>
<token t_id="282" sentence="12" number="281">$</token>
<token t_id="283" sentence="12" number="282">1,000</token>
<token t_id="284" sentence="12" number="283">cash</token>
<token t_id="285" sentence="12" number="284">bail</token>
<token t_id="286" sentence="12" number="285">for</token>
<token t_id="287" sentence="12" number="286">his</token>
<token t_id="288" sentence="12" number="287">appearance</token>
<token t_id="289" sentence="12" number="288">in</token>
<token t_id="290" sentence="12" number="289">police</token>
<token t_id="291" sentence="12" number="290">court</token>
<token t_id="292" sentence="12" number="291">tomorrow</token>
<token t_id="293" sentence="12" number="292">morning</token>
<token t_id="294" sentence="12" number="293">.</token>
<token t_id="295" sentence="13" number="294">Bannwart</token>
<token t_id="296" sentence="13" number="295">for</token>
<token t_id="297" sentence="13" number="296">some</token>
<token t_id="298" sentence="13" number="297">time</token>
<token t_id="299" sentence="13" number="298">has</token>
<token t_id="300" sentence="13" number="299">been</token>
<token t_id="301" sentence="13" number="300">a</token>
<token t_id="302" sentence="13" number="301">promoter</token>
<token t_id="303" sentence="13" number="302">and</token>
<token t_id="304" sentence="13" number="303">secretary</token>
<token t_id="305" sentence="13" number="304">of</token>
<token t_id="306" sentence="13" number="305">the</token>
<token t_id="307" sentence="13" number="306">Woodrow</token>
<token t_id="308" sentence="13" number="307">Wilson</token>
<token t_id="309" sentence="13" number="308">Independent</token>
<token t_id="310" sentence="13" number="309">League</token>
<token t_id="311" sentence="13" number="310">of</token>
<token t_id="312" sentence="13" number="311">Massachusetts</token>
<token t_id="313" sentence="13" number="312">.</token>
<token t_id="314" sentence="14" number="313">He</token>
<token t_id="315" sentence="14" number="314">was</token>
<token t_id="316" sentence="14" number="315">graduated</token>
<token t_id="317" sentence="14" number="316">from</token>
<token t_id="318" sentence="14" number="317">Princeton</token>
<token t_id="319" sentence="14" number="318">University</token>
<token t_id="320" sentence="14" number="319">in</token>
<token t_id="321" sentence="14" number="320">1906</token>
<token t_id="322" sentence="14" number="321">.</token>
<token t_id="323" sentence="15" number="322">Excitement</token>
<token t_id="324" sentence="15" number="323">over</token>
<token t_id="325" sentence="15" number="324">the</token>
<token t_id="326" sentence="15" number="325">fight</token>
<token t_id="327" sentence="15" number="326">in</token>
<token t_id="328" sentence="15" number="327">the</token>
<token t_id="329" sentence="15" number="328">Capitol</token>
<token t_id="330" sentence="15" number="329">had</token>
<token t_id="331" sentence="15" number="330">just</token>
<token t_id="332" sentence="15" number="331">subsided</token>
<token t_id="333" sentence="15" number="332">when</token>
<token t_id="334" sentence="15" number="333">a</token>
<token t_id="335" sentence="15" number="334">thousand</token>
<token t_id="336" sentence="15" number="335">of</token>
<token t_id="337" sentence="15" number="336">the</token>
<token t_id="338" sentence="15" number="337">peace</token>
<token t_id="339" sentence="15" number="338">champions</token>
<token t_id="340" sentence="15" number="339">,</token>
<token t_id="341" sentence="15" number="340">wearing</token>
<token t_id="342" sentence="15" number="341">white</token>
<token t_id="343" sentence="15" number="342">arm</token>
<token t_id="344" sentence="15" number="343">bands</token>
<token t_id="345" sentence="15" number="344">and</token>
<token t_id="346" sentence="15" number="345">banners</token>
<token t_id="347" sentence="15" number="346">bearing</token>
<token t_id="348" sentence="15" number="347">such</token>
<token t_id="349" sentence="15" number="348">inscriptions</token>
<token t_id="350" sentence="15" number="349">as</token>
<token t_id="351" sentence="15" number="350">"</token>
<token t_id="352" sentence="15" number="351">Keep</token>
<token t_id="353" sentence="15" number="352">Out</token>
<token t_id="354" sentence="15" number="353">of</token>
<token t_id="355" sentence="15" number="354">War</token>
<token t_id="356" sentence="15" number="355">,</token>
<token t_id="357" sentence="15" number="356">"</token>
<token t_id="358" sentence="15" number="357">and</token>
<token t_id="359" sentence="15" number="358">"</token>
<token t_id="360" sentence="15" number="359">We</token>
<token t_id="361" sentence="15" number="360">Want</token>
<token t_id="362" sentence="15" number="361">Peace</token>
<token t_id="363" sentence="15" number="362">,</token>
<token t_id="364" sentence="15" number="363">"</token>
<token t_id="365" sentence="15" number="364">began</token>
<token t_id="366" sentence="15" number="365">to</token>
<token t_id="367" sentence="15" number="366">assemble</token>
<token t_id="368" sentence="15" number="367">on</token>
<token t_id="369" sentence="15" number="368">the</token>
<token t_id="370" sentence="15" number="369">east</token>
<token t_id="371" sentence="15" number="370">entrance</token>
<token t_id="372" sentence="15" number="371">steps</token>
<token t_id="373" sentence="15" number="372">of</token>
<token t_id="374" sentence="15" number="373">the</token>
<token t_id="375" sentence="15" number="374">capitol</token>
<token t_id="376" sentence="15" number="375">for</token>
<token t_id="377" sentence="15" number="376">a</token>
<token t_id="378" sentence="15" number="377">demonstration</token>
<token t_id="379" sentence="15" number="378">.</token>
<token t_id="380" sentence="16" number="379">It</token>
<token t_id="381" sentence="16" number="380">was</token>
<token t_id="382" sentence="16" number="381">remarked</token>
<token t_id="383" sentence="16" number="382">that</token>
<token t_id="384" sentence="16" number="383">foreign</token>
<token t_id="385" sentence="16" number="384">accents</token>
<token t_id="386" sentence="16" number="385">were</token>
<token t_id="387" sentence="16" number="386">frequently</token>
<token t_id="388" sentence="16" number="387">to</token>
<token t_id="389" sentence="16" number="388">be</token>
<token t_id="390" sentence="16" number="389">heard</token>
<token t_id="391" sentence="16" number="390">and</token>
<token t_id="392" sentence="16" number="391">sentences</token>
<token t_id="393" sentence="16" number="392">in</token>
<token t_id="394" sentence="16" number="393">German</token>
<token t_id="395" sentence="16" number="394">were</token>
<token t_id="396" sentence="16" number="395">spoken</token>
<token t_id="397" sentence="16" number="396">more</token>
<token t_id="398" sentence="16" number="397">than</token>
<token t_id="399" sentence="16" number="398">once</token>
<token t_id="400" sentence="16" number="399">.</token>
<token t_id="401" sentence="17" number="400">The</token>
<token t_id="402" sentence="17" number="401">police</token>
<token t_id="403" sentence="17" number="402">started</token>
<token t_id="404" sentence="17" number="403">to</token>
<token t_id="405" sentence="17" number="404">clear</token>
<token t_id="406" sentence="17" number="405">the</token>
<token t_id="407" sentence="17" number="406">broad</token>
<token t_id="408" sentence="17" number="407">steps</token>
<token t_id="409" sentence="17" number="408">before</token>
<token t_id="410" sentence="17" number="409">the</token>
<token t_id="411" sentence="17" number="410">demonstration</token>
<token t_id="412" sentence="17" number="411">was</token>
<token t_id="413" sentence="17" number="412">fairly</token>
<token t_id="414" sentence="17" number="413">begun</token>
<token t_id="415" sentence="17" number="414">.</token>
<token t_id="416" sentence="18" number="415">They</token>
<token t_id="417" sentence="18" number="416">had</token>
<token t_id="418" sentence="18" number="417">some</token>
<token t_id="419" sentence="18" number="418">difficulty</token>
<token t_id="420" sentence="18" number="419">and</token>
<token t_id="421" sentence="18" number="420">the</token>
<token t_id="422" sentence="18" number="421">reserves</token>
<token t_id="423" sentence="18" number="422">were</token>
<token t_id="424" sentence="18" number="423">sent</token>
<token t_id="425" sentence="18" number="424">for</token>
<token t_id="426" sentence="18" number="425">in</token>
<token t_id="427" sentence="18" number="426">a</token>
<token t_id="428" sentence="18" number="427">hurry</token>
<token t_id="429" sentence="18" number="428">.</token>
<token t_id="430" sentence="19" number="429">Then</token>
<token t_id="431" sentence="19" number="430">the</token>
<token t_id="432" sentence="19" number="431">Pacifists</token>
<token t_id="433" sentence="19" number="432">were</token>
<token t_id="434" sentence="19" number="433">pressed</token>
<token t_id="435" sentence="19" number="434">back</token>
<token t_id="436" sentence="19" number="435">to</token>
<token t_id="437" sentence="19" number="436">the</token>
<token t_id="438" sentence="19" number="437">edge</token>
<token t_id="439" sentence="19" number="438">of</token>
<token t_id="440" sentence="19" number="439">the</token>
<token t_id="441" sentence="19" number="440">plaza</token>
<token t_id="442" sentence="19" number="441">,</token>
<token t_id="443" sentence="19" number="442">the</token>
<token t_id="444" sentence="19" number="443">police</token>
<token t_id="445" sentence="19" number="444">forming</token>
<token t_id="446" sentence="19" number="445">lines</token>
<token t_id="447" sentence="19" number="446">to</token>
<token t_id="448" sentence="19" number="447">keep</token>
<token t_id="449" sentence="19" number="448">them</token>
<token t_id="450" sentence="19" number="449">there</token>
<token t_id="451" sentence="19" number="450">.</token>
<token t_id="452" sentence="20" number="451">About</token>
<token t_id="453" sentence="20" number="452">this</token>
<token t_id="454" sentence="20" number="453">time</token>
<token t_id="455" sentence="20" number="454">"</token>
<token t_id="456" sentence="20" number="455">Pilgrims</token>
<token t_id="457" sentence="20" number="456">of</token>
<token t_id="458" sentence="20" number="457">Patriotism</token>
<token t_id="459" sentence="20" number="458">"</token>
<token t_id="460" sentence="20" number="459">and</token>
<token t_id="461" sentence="20" number="460">other</token>
<token t_id="462" sentence="20" number="461">anti-Pacifists</token>
<token t_id="463" sentence="20" number="462">made</token>
<token t_id="464" sentence="20" number="463">their</token>
<token t_id="465" sentence="20" number="464">appearance</token>
<token t_id="466" sentence="20" number="465">.</token>
<token t_id="467" sentence="21" number="466">Heated</token>
<token t_id="468" sentence="21" number="467">arguments</token>
<token t_id="469" sentence="21" number="468">started</token>
<token t_id="470" sentence="21" number="469">immediately</token>
<token t_id="471" sentence="21" number="470">and</token>
<token t_id="472" sentence="21" number="471">at</token>
<token t_id="473" sentence="21" number="472">least</token>
<token t_id="474" sentence="21" number="473">two</token>
<token t_id="475" sentence="21" number="474">fist</token>
<token t_id="476" sentence="21" number="475">fights</token>
<token t_id="477" sentence="21" number="476">were</token>
<token t_id="478" sentence="21" number="477">launched</token>
<token t_id="479" sentence="21" number="478">.</token>
<token t_id="480" sentence="22" number="479">The</token>
<token t_id="481" sentence="22" number="480">belligerents</token>
<token t_id="482" sentence="22" number="481">were</token>
<token t_id="483" sentence="22" number="482">very</token>
<token t_id="484" sentence="22" number="483">quickly</token>
<token t_id="485" sentence="22" number="484">then</token>
<token t_id="486" sentence="22" number="485">the</token>
<token t_id="487" sentence="22" number="486">anti-Pacifists</token>
<token t_id="488" sentence="22" number="487">grouped</token>
<token t_id="489" sentence="22" number="488">themselves</token>
<token t_id="490" sentence="22" number="489">about</token>
<token t_id="491" sentence="22" number="490">the</token>
<token t_id="492" sentence="22" number="491">crowd</token>
<token t_id="493" sentence="22" number="492">and</token>
<token t_id="494" sentence="22" number="493">jeered</token>
<token t_id="495" sentence="22" number="494">and</token>
<token t_id="496" sentence="22" number="495">hooted</token>
<token t_id="497" sentence="22" number="496">.</token>
<token t_id="498" sentence="23" number="497">They</token>
<token t_id="499" sentence="23" number="498">applauded</token>
<token t_id="500" sentence="23" number="499">the</token>
<token t_id="501" sentence="23" number="500">police</token>
<token t_id="502" sentence="23" number="501">every</token>
<token t_id="503" sentence="23" number="502">time</token>
<token t_id="504" sentence="23" number="503">one</token>
<token t_id="505" sentence="23" number="504">of</token>
<token t_id="506" sentence="23" number="505">the</token>
<token t_id="507" sentence="23" number="506">Pacifists</token>
<token t_id="508" sentence="23" number="507">was</token>
<token t_id="509" sentence="23" number="508">required</token>
<token t_id="510" sentence="23" number="509">to</token>
<token t_id="511" sentence="23" number="510">go</token>
<token t_id="512" sentence="23" number="511">back</token>
<token t_id="513" sentence="23" number="512">of</token>
<token t_id="514" sentence="23" number="513">the</token>
<token t_id="515" sentence="23" number="514">lines</token>
<token t_id="516" sentence="23" number="515">.</token>
<token t_id="517" sentence="24" number="516">After</token>
<token t_id="518" sentence="24" number="517">an</token>
<token t_id="519" sentence="24" number="518">hour</token>
<token t_id="520" sentence="24" number="519">the</token>
<token t_id="521" sentence="24" number="520">Pacifists</token>
<token t_id="522" sentence="24" number="521">assembled</token>
<token t_id="523" sentence="24" number="522">at</token>
<token t_id="524" sentence="24" number="523">Convention</token>
<token t_id="525" sentence="24" number="524">hall</token>
<token t_id="526" sentence="24" number="525">for</token>
<token t_id="527" sentence="24" number="526">a</token>
<token t_id="528" sentence="24" number="527">business</token>
<token t_id="529" sentence="24" number="528">meeting</token>
<token t_id="530" sentence="24" number="529">.</token>
<token t_id="531" sentence="25" number="530">The</token>
<token t_id="532" sentence="25" number="531">convention</token>
<token t_id="533" sentence="25" number="532">hall</token>
<token t_id="534" sentence="25" number="533">adjoins</token>
<token t_id="535" sentence="25" number="534">a</token>
<token t_id="536" sentence="25" number="535">national</token>
<token t_id="537" sentence="25" number="536">guard</token>
<token t_id="538" sentence="25" number="537">armory</token>
<token t_id="539" sentence="25" number="538">,</token>
<token t_id="540" sentence="25" number="539">and</token>
<token t_id="541" sentence="25" number="540">guardsmen</token>
<token t_id="542" sentence="25" number="541">booed</token>
<token t_id="543" sentence="25" number="542">,</token>
<token t_id="544" sentence="25" number="543">hooted</token>
<token t_id="545" sentence="25" number="544">,</token>
<token t_id="546" sentence="25" number="545">jeered</token>
<token t_id="547" sentence="25" number="546">as</token>
<token t_id="548" sentence="25" number="547">the</token>
<token t_id="549" sentence="25" number="548">Pacifists</token>
<token t_id="550" sentence="25" number="549">passed</token>
<token t_id="551" sentence="25" number="550">.</token>
<token t_id="552" sentence="26" number="551">The</token>
<token t_id="553" sentence="26" number="552">police</token>
<token t_id="554" sentence="26" number="553">arrived</token>
<token t_id="555" sentence="26" number="554">in</token>
<token t_id="556" sentence="26" number="555">time</token>
<token t_id="557" sentence="26" number="556">to</token>
<token t_id="558" sentence="26" number="557">prevent</token>
<token t_id="559" sentence="26" number="558">hostilities</token>
<token t_id="560" sentence="26" number="559">.</token>
<token t_id="561" sentence="27" number="560">The</token>
<token t_id="562" sentence="27" number="561">meeting</token>
<token t_id="563" sentence="27" number="562">in</token>
<token t_id="564" sentence="27" number="563">the</token>
<token t_id="565" sentence="27" number="564">hall</token>
<token t_id="566" sentence="27" number="565">was</token>
<token t_id="567" sentence="27" number="566">interrupted</token>
<token t_id="568" sentence="27" number="567">by</token>
<token t_id="569" sentence="27" number="568">word</token>
<token t_id="570" sentence="27" number="569">that</token>
<token t_id="571" sentence="27" number="570">President</token>
<token t_id="572" sentence="27" number="571">Wilson</token>
<token t_id="573" sentence="27" number="572">was</token>
<token t_id="574" sentence="27" number="573">to</token>
<token t_id="575" sentence="27" number="574">address</token>
<token t_id="576" sentence="27" number="575">the</token>
<token t_id="577" sentence="27" number="576">congress</token>
<token t_id="578" sentence="27" number="577">shortly</token>
<token t_id="579" sentence="27" number="578">but</token>
<token t_id="580" sentence="27" number="579">the</token>
<token t_id="581" sentence="27" number="580">crowd</token>
<token t_id="582" sentence="27" number="581">made</token>
<token t_id="583" sentence="27" number="582">for</token>
<token t_id="584" sentence="27" number="583">the</token>
<token t_id="585" sentence="27" number="584">Capitol</token>
<token t_id="586" sentence="27" number="585">again</token>
<token t_id="587" sentence="27" number="586">.</token>
<token t_id="588" sentence="28" number="587">This</token>
<token t_id="589" sentence="28" number="588">time</token>
<token t_id="590" sentence="28" number="589">they</token>
<token t_id="591" sentence="28" number="590">let</token>
<token t_id="592" sentence="28" number="591">it</token>
<token t_id="593" sentence="28" number="592">be</token>
<token t_id="594" sentence="28" number="593">known</token>
<token t_id="595" sentence="28" number="594">that</token>
<token t_id="596" sentence="28" number="595">they</token>
<token t_id="597" sentence="28" number="596">were</token>
<token t_id="598" sentence="28" number="597">not</token>
<token t_id="599" sentence="28" number="598">going</token>
<token t_id="600" sentence="28" number="599">to</token>
<token t_id="601" sentence="28" number="600">demonstrate</token>
<token t_id="602" sentence="28" number="601">,</token>
<token t_id="603" sentence="28" number="602">so</token>
<token t_id="604" sentence="28" number="603">the</token>
<token t_id="605" sentence="28" number="604">police</token>
<token t_id="606" sentence="28" number="605">allowed</token>
<token t_id="607" sentence="28" number="606">them</token>
<token t_id="608" sentence="28" number="607">to</token>
<token t_id="609" sentence="28" number="608">stand</token>
<token t_id="610" sentence="28" number="609">on</token>
<token t_id="611" sentence="28" number="610">the</token>
<token t_id="612" sentence="28" number="611">steps</token>
<token t_id="613" sentence="28" number="612">at</token>
<token t_id="614" sentence="28" number="613">the</token>
<token t_id="615" sentence="28" number="614">house</token>
<token t_id="616" sentence="28" number="615">side</token>
<token t_id="617" sentence="28" number="616">.</token>
<token t_id="618" sentence="29" number="617">There</token>
<token t_id="619" sentence="29" number="618">they</token>
<token t_id="620" sentence="29" number="619">remained</token>
<token t_id="621" sentence="29" number="620">until</token>
<token t_id="622" sentence="29" number="621">it</token>
<token t_id="623" sentence="29" number="622">was</token>
<token t_id="624" sentence="29" number="623">announced</token>
<token t_id="625" sentence="29" number="624">that</token>
<token t_id="626" sentence="29" number="625">the</token>
<token t_id="627" sentence="29" number="626">President</token>
<token t_id="628" sentence="29" number="627">would</token>
<token t_id="629" sentence="29" number="628">not</token>
<token t_id="630" sentence="29" number="629">appear</token>
<token t_id="631" sentence="29" number="630">until</token>
<token t_id="632" sentence="29" number="631">8</token>
<token t_id="633" sentence="29" number="632">o'clock</token>
<token t_id="634" sentence="29" number="633">.</token>
<token t_id="635" sentence="30" number="634">Arrangements</token>
<token t_id="636" sentence="30" number="635">were</token>
<token t_id="637" sentence="30" number="636">made</token>
<token t_id="638" sentence="30" number="637">quickly</token>
<token t_id="639" sentence="30" number="638">for</token>
<token t_id="640" sentence="30" number="639">holding</token>
<token t_id="641" sentence="30" number="640">at</token>
<token t_id="642" sentence="30" number="641">once</token>
<token t_id="643" sentence="30" number="642">the</token>
<token t_id="644" sentence="30" number="643">mass</token>
<token t_id="645" sentence="30" number="644">meeting</token>
<token t_id="646" sentence="30" number="645">that</token>
<token t_id="647" sentence="30" number="646">had</token>
<token t_id="648" sentence="30" number="647">been</token>
<token t_id="649" sentence="30" number="648">scheduled</token>
<token t_id="650" sentence="30" number="649">for</token>
<token t_id="651" sentence="30" number="650">tonight</token>
<token t_id="652" sentence="30" number="651">,</token>
<token t_id="653" sentence="30" number="652">so</token>
<token t_id="654" sentence="30" number="653">the</token>
<token t_id="655" sentence="30" number="654">delegates</token>
<token t_id="656" sentence="30" number="655">congregated</token>
<token t_id="657" sentence="30" number="656">about</token>
<token t_id="658" sentence="30" number="657">the</token>
<token t_id="659" sentence="30" number="658">capitol</token>
<token t_id="660" sentence="30" number="659">when</token>
<token t_id="661" sentence="30" number="660">the</token>
<token t_id="662" sentence="30" number="661">President</token>
<token t_id="663" sentence="30" number="662">arrived</token>
<token t_id="664" sentence="30" number="663">.</token>
<token t_id="665" sentence="31" number="664">Speakers</token>
<token t_id="666" sentence="31" number="665">at</token>
<token t_id="667" sentence="31" number="666">the</token>
<token t_id="668" sentence="31" number="667">meeting</token>
<token t_id="669" sentence="31" number="668">urged</token>
<token t_id="670" sentence="31" number="669">the</token>
<token t_id="671" sentence="31" number="670">maintenance</token>
<token t_id="672" sentence="31" number="671">of</token>
<token t_id="673" sentence="31" number="672">peace</token>
<token t_id="674" sentence="31" number="673">.</token>
<token t_id="675" sentence="32" number="674">The</token>
<token t_id="676" sentence="32" number="675">plans</token>
<token t_id="677" sentence="32" number="676">of</token>
<token t_id="678" sentence="32" number="677">the</token>
<token t_id="679" sentence="32" number="678">Pacifists</token>
<token t_id="680" sentence="32" number="679">were</token>
<token t_id="681" sentence="32" number="680">so</token>
<token t_id="682" sentence="32" number="681">delayed</token>
<token t_id="683" sentence="32" number="682">that</token>
<token t_id="684" sentence="32" number="683">their</token>
<token t_id="685" sentence="32" number="684">mass</token>
<token t_id="686" sentence="32" number="685">meeting</token>
<token t_id="687" sentence="32" number="686">was</token>
<token t_id="688" sentence="32" number="687">not</token>
<token t_id="689" sentence="32" number="688">in</token>
<token t_id="690" sentence="32" number="689">progress</token>
<token t_id="691" sentence="32" number="690">until</token>
<token t_id="692" sentence="32" number="691">just</token>
<token t_id="693" sentence="32" number="692">before</token>
<token t_id="694" sentence="32" number="693">the</token>
<token t_id="695" sentence="32" number="694">President</token>
<token t_id="696" sentence="32" number="695">went</token>
<token t_id="697" sentence="32" number="696">to</token>
<token t_id="698" sentence="32" number="697">the</token>
<token t_id="699" sentence="32" number="698">Capitol</token>
<token t_id="700" sentence="32" number="699">.</token>
<token t_id="701" sentence="33" number="700">Several</token>
<token t_id="702" sentence="33" number="701">thousand</token>
<token t_id="703" sentence="33" number="702">persons</token>
<token t_id="704" sentence="33" number="703">gathered</token>
<token t_id="705" sentence="33" number="704">in</token>
<token t_id="706" sentence="33" number="705">the</token>
<token t_id="707" sentence="33" number="706">hall</token>
<token t_id="708" sentence="33" number="707">.</token>
<token t_id="709" sentence="34" number="708">Disorder</token>
<token t_id="710" sentence="34" number="709">threatened</token>
<token t_id="711" sentence="34" number="710">on</token>
<token t_id="712" sentence="34" number="711">several</token>
<token t_id="713" sentence="34" number="712">occasions</token>
<token t_id="714" sentence="34" number="713">,</token>
<token t_id="715" sentence="34" number="714">but</token>
<token t_id="716" sentence="34" number="715">the</token>
<token t_id="717" sentence="34" number="716">police</token>
<token t_id="718" sentence="34" number="717">,</token>
<token t_id="719" sentence="34" number="718">reinforced</token>
<token t_id="720" sentence="34" number="719">by</token>
<token t_id="721" sentence="34" number="720">armed</token>
<token t_id="722" sentence="34" number="721">national</token>
<token t_id="723" sentence="34" number="722">guardsmen</token>
<token t_id="724" sentence="34" number="723">managed</token>
<token t_id="725" sentence="34" number="724">to</token>
<token t_id="726" sentence="34" number="725">hold</token>
<token t_id="727" sentence="34" number="726">the</token>
<token t_id="728" sentence="34" number="727">jeering</token>
<token t_id="729" sentence="34" number="728">crowd</token>
<token t_id="730" sentence="34" number="729">in</token>
<token t_id="731" sentence="34" number="730">check</token>
<token t_id="732" sentence="34" number="731">.</token>
<token t_id="733" sentence="35" number="732">The</token>
<token t_id="734" sentence="35" number="733">meeting</token>
<token t_id="735" sentence="35" number="734">adopted</token>
<token t_id="736" sentence="35" number="735">a</token>
<token t_id="737" sentence="35" number="736">set</token>
<token t_id="738" sentence="35" number="737">of</token>
<token t_id="739" sentence="35" number="738">resolutions</token>
<token t_id="740" sentence="35" number="739">,</token>
<token t_id="741" sentence="35" number="740">protesting</token>
<token t_id="742" sentence="35" number="741">vigorously</token>
<token t_id="743" sentence="35" number="742">against</token>
<token t_id="744" sentence="35" number="743">war</token>
<token t_id="745" sentence="35" number="744">and</token>
<token t_id="746" sentence="35" number="745">urging</token>
<token t_id="747" sentence="35" number="746">the</token>
<token t_id="748" sentence="35" number="747">appointment</token>
<token t_id="749" sentence="35" number="748">of</token>
<token t_id="750" sentence="35" number="749">a</token>
<token t_id="751" sentence="35" number="750">joint</token>
<token t_id="752" sentence="35" number="751">high</token>
<token t_id="753" sentence="35" number="752">commission</token>
<token t_id="754" sentence="35" number="753">to</token>
<token t_id="755" sentence="35" number="754">settle</token>
<token t_id="756" sentence="35" number="755">the</token>
<token t_id="757" sentence="35" number="756">issues</token>
<token t_id="758" sentence="35" number="757">with</token>
<token t_id="759" sentence="35" number="758">Germany</token>
<token t_id="760" sentence="35" number="759">.</token>
<token t_id="761" sentence="36" number="760">Free</token>
<token t_id="762" sentence="36" number="761">For</token>
<token t_id="763" sentence="36" number="762">All</token>
<token t_id="764" sentence="37" number="763">A</token>
<token t_id="765" sentence="37" number="764">portion</token>
<token t_id="766" sentence="37" number="765">of</token>
<token t_id="767" sentence="37" number="766">the</token>
<token t_id="768" sentence="37" number="767">crowd</token>
<token t_id="769" sentence="37" number="768">discouraged</token>
<token t_id="770" sentence="37" number="769">at</token>
<token t_id="771" sentence="37" number="770">Concention</token>
<token t_id="772" sentence="37" number="771">hall</token>
<token t_id="773" sentence="37" number="772">by</token>
<token t_id="774" sentence="37" number="773">the</token>
<token t_id="775" sentence="37" number="774">police</token>
<token t_id="776" sentence="37" number="775">marched</token>
<token t_id="777" sentence="37" number="776">to</token>
<token t_id="778" sentence="37" number="777">the</token>
<token t_id="779" sentence="37" number="778">headquarters</token>
<token t_id="780" sentence="37" number="779">of</token>
<token t_id="781" sentence="37" number="780">the</token>
<token t_id="782" sentence="37" number="781">Emergency</token>
<token t_id="783" sentence="37" number="782">Peace</token>
<token t_id="784" sentence="37" number="783">Federation</token>
<token t_id="785" sentence="37" number="784">later</token>
<token t_id="786" sentence="37" number="785">in</token>
<token t_id="787" sentence="37" number="786">the</token>
<token t_id="788" sentence="37" number="787">night</token>
<token t_id="789" sentence="37" number="788">and</token>
<token t_id="790" sentence="37" number="789">adjourned</token>
<token t_id="791" sentence="37" number="790">after</token>
<token t_id="792" sentence="37" number="791">threatening</token>
<token t_id="793" sentence="37" number="792">to</token>
<token t_id="794" sentence="37" number="793">wreck</token>
<token t_id="795" sentence="37" number="794">the</token>
<token t_id="796" sentence="37" number="795">place</token>
<token t_id="797" sentence="37" number="796">if</token>
<token t_id="798" sentence="37" number="797">signs</token>
<token t_id="799" sentence="37" number="798">to</token>
<token t_id="800" sentence="37" number="799">banish</token>
<token t_id="801" sentence="37" number="800">them</token>
<token t_id="802" sentence="37" number="801">were</token>
<token t_id="803" sentence="37" number="802">not</token>
<token t_id="804" sentence="37" number="803">removed</token>
<token t_id="805" sentence="37" number="804">,</token>
<token t_id="806" sentence="37" number="805">started</token>
<token t_id="807" sentence="37" number="806">a</token>
<token t_id="808" sentence="37" number="807">free</token>
<token t_id="809" sentence="37" number="808">for</token>
<token t_id="810" sentence="37" number="809">all</token>
<token t_id="811" sentence="37" number="810">fight</token>
<token t_id="812" sentence="37" number="811">.</token>
<token t_id="813" sentence="38" number="812">It</token>
<token t_id="814" sentence="38" number="813">was</token>
<token t_id="815" sentence="38" number="814">stopped</token>
<token t_id="816" sentence="38" number="815">quickly</token>
<token t_id="817" sentence="38" number="816">by</token>
<token t_id="818" sentence="38" number="817">the</token>
<token t_id="819" sentence="38" number="818">police</token>
<token t_id="820" sentence="38" number="819">.</token>
<token t_id="821" sentence="39" number="820">As</token>
<token t_id="822" sentence="39" number="821">soon</token>
<token t_id="823" sentence="39" number="822">as</token>
<token t_id="824" sentence="39" number="823">the</token>
<token t_id="825" sentence="39" number="824">Pacifists</token>
<token t_id="826" sentence="39" number="825">began</token>
<token t_id="827" sentence="39" number="826">to</token>
<token t_id="828" sentence="39" number="827">arrive</token>
<token t_id="829" sentence="39" number="828">today</token>
<token t_id="830" sentence="39" number="829">they</token>
<token t_id="831" sentence="39" number="830">were</token>
<token t_id="832" sentence="39" number="831">sent</token>
<token t_id="833" sentence="39" number="832">to</token>
<token t_id="834" sentence="39" number="833">Capitol</token>
<token t_id="835" sentence="39" number="834">hill</token>
<token t_id="836" sentence="39" number="835">by</token>
<token t_id="837" sentence="39" number="836">their</token>
<token t_id="838" sentence="39" number="837">senators</token>
<token t_id="839" sentence="39" number="838">and</token>
<token t_id="840" sentence="39" number="839">told</token>
<token t_id="841" sentence="39" number="840">to</token>
<token t_id="842" sentence="39" number="841">see</token>
<token t_id="843" sentence="39" number="842">the</token>
<token t_id="844" sentence="39" number="843">senators</token>
<token t_id="845" sentence="39" number="844">and</token>
<token t_id="846" sentence="39" number="845">representatives</token>
<token t_id="847" sentence="39" number="846">from</token>
<token t_id="848" sentence="39" number="847">their</token>
<token t_id="849" sentence="39" number="848">home</token>
<token t_id="850" sentence="39" number="849">states</token>
<token t_id="851" sentence="39" number="850">.</token>
<token t_id="852" sentence="40" number="851">The</token>
<token t_id="853" sentence="40" number="852">Capitol</token>
<token t_id="854" sentence="40" number="853">and</token>
<token t_id="855" sentence="40" number="854">the</token>
<token t_id="856" sentence="40" number="855">house</token>
<token t_id="857" sentence="40" number="856">and</token>
<token t_id="858" sentence="40" number="857">senate</token>
<token t_id="859" sentence="40" number="858">official</token>
<token t_id="860" sentence="40" number="859">buildings</token>
<token t_id="861" sentence="40" number="860">literally</token>
<token t_id="862" sentence="40" number="861">swarmed</token>
<token t_id="863" sentence="40" number="862">with</token>
<token t_id="864" sentence="40" number="863">them</token>
<token t_id="865" sentence="40" number="864">for</token>
<token t_id="866" sentence="40" number="865">several</token>
<token t_id="867" sentence="40" number="866">hours</token>
<token t_id="868" sentence="40" number="867">.</token>
<token t_id="869" sentence="41" number="868">It</token>
<token t_id="870" sentence="41" number="869">was</token>
<token t_id="871" sentence="41" number="870">during</token>
<token t_id="872" sentence="41" number="871">this</token>
<token t_id="873" sentence="41" number="872">period</token>
<token t_id="874" sentence="41" number="873">that</token>
<token t_id="875" sentence="41" number="874">Bannwart</token>
<token t_id="876" sentence="41" number="875">and</token>
<token t_id="877" sentence="41" number="876">several</token>
<token t_id="878" sentence="41" number="877">associates</token>
<token t_id="879" sentence="41" number="878">called</token>
<token t_id="880" sentence="41" number="879">at</token>
<token t_id="881" sentence="41" number="880">the</token>
<token t_id="882" sentence="41" number="881">office</token>
<token t_id="883" sentence="41" number="882">of</token>
<token t_id="884" sentence="41" number="883">Senator</token>
<token t_id="885" sentence="41" number="884">Lodge</token>
<token t_id="886" sentence="41" number="885">.</token>
<token t_id="887" sentence="42" number="886">Pacifist</token>
<token t_id="888" sentence="42" number="887">Struck</token>
<token t_id="889" sentence="43" number="888">Senator</token>
<token t_id="890" sentence="43" number="889">Lodge</token>
<token t_id="891" sentence="43" number="890">,</token>
<token t_id="892" sentence="43" number="891">Senator</token>
<token t_id="893" sentence="43" number="892">Weeks</token>
<token t_id="894" sentence="43" number="893">and</token>
<token t_id="895" sentence="43" number="894">others</token>
<token t_id="896" sentence="43" number="895">who</token>
<token t_id="897" sentence="43" number="896">saw</token>
<token t_id="898" sentence="43" number="897">the</token>
<token t_id="899" sentence="43" number="898">encounter</token>
<token t_id="900" sentence="43" number="899">say</token>
<token t_id="901" sentence="43" number="900">Bannwart</token>
<token t_id="902" sentence="43" number="901">struck</token>
<token t_id="903" sentence="43" number="902">first</token>
<token t_id="904" sentence="43" number="903">at</token>
<token t_id="905" sentence="43" number="904">the</token>
<token t_id="906" sentence="43" number="905">conclusion</token>
<token t_id="907" sentence="43" number="906">of</token>
<token t_id="908" sentence="43" number="907">a</token>
<token t_id="909" sentence="43" number="908">volley</token>
<token t_id="910" sentence="43" number="909">of</token>
<token t_id="911" sentence="43" number="910">remarks</token>
<token t_id="912" sentence="43" number="911">in</token>
<token t_id="913" sentence="43" number="912">which</token>
<token t_id="914" sentence="43" number="913">he</token>
<token t_id="915" sentence="43" number="914">called</token>
<token t_id="916" sentence="43" number="915">the</token>
<token t_id="917" sentence="43" number="916">senator</token>
<token t_id="918" sentence="43" number="917">a</token>
<token t_id="919" sentence="43" number="918">"</token>
<token t_id="920" sentence="43" number="919">damned</token>
<token t_id="921" sentence="43" number="920">coward</token>
<token t_id="922" sentence="43" number="921">,</token>
<token t_id="923" sentence="43" number="922">"</token>
<token t_id="924" sentence="43" number="923">and</token>
<token t_id="925" sentence="43" number="924">the</token>
<token t_id="926" sentence="43" number="925">senator</token>
<token t_id="927" sentence="43" number="926">replied</token>
<token t_id="928" sentence="43" number="927">:</token>
<token t_id="929" sentence="44" number="928">"</token>
<token t_id="930" sentence="44" number="929">You</token>
<token t_id="931" sentence="44" number="930">are</token>
<token t_id="932" sentence="44" number="931">a</token>
<token t_id="933" sentence="44" number="932">liar</token>
<token t_id="934" sentence="44" number="933">.</token>
<token t_id="935" sentence="44" number="934">"</token>
<token t_id="936" sentence="45" number="935">Bannwart</token>
<token t_id="937" sentence="45" number="936">tonight</token>
<token t_id="938" sentence="45" number="937">denied</token>
<token t_id="939" sentence="45" number="938">emphatically</token>
<token t_id="940" sentence="45" number="939">that</token>
<token t_id="941" sentence="45" number="940">he</token>
<token t_id="942" sentence="45" number="941">had</token>
<token t_id="943" sentence="45" number="942">hit</token>
<token t_id="944" sentence="45" number="943">Senator</token>
<token t_id="945" sentence="45" number="944">Lodge</token>
<token t_id="946" sentence="45" number="945">first</token>
<token t_id="947" sentence="45" number="946">,</token>
<token t_id="948" sentence="45" number="947">saying</token>
<token t_id="949" sentence="45" number="948">:</token>
<token t_id="950" sentence="45" number="949">"</token>
<token t_id="951" sentence="45" number="950">I</token>
<token t_id="952" sentence="45" number="951">had</token>
<token t_id="953" sentence="45" number="952">no</token>
<token t_id="954" sentence="45" number="953">idea</token>
<token t_id="955" sentence="45" number="954">he</token>
<token t_id="956" sentence="45" number="955">was</token>
<token t_id="957" sentence="45" number="956">going</token>
<token t_id="958" sentence="45" number="957">to</token>
<token t_id="959" sentence="45" number="958">strike</token>
<token t_id="960" sentence="45" number="959">me</token>
<token t_id="961" sentence="45" number="960">.</token>
<token t_id="962" sentence="46" number="961">He</token>
<token t_id="963" sentence="46" number="962">just</token>
<token t_id="964" sentence="46" number="963">hauled</token>
<token t_id="965" sentence="46" number="964">off</token>
<token t_id="966" sentence="46" number="965">and</token>
<token t_id="967" sentence="46" number="966">hit</token>
<token t_id="968" sentence="46" number="967">me</token>
<token t_id="969" sentence="46" number="968">as</token>
<token t_id="970" sentence="46" number="969">hard</token>
<token t_id="971" sentence="46" number="970">as</token>
<token t_id="972" sentence="46" number="971">he</token>
<token t_id="973" sentence="46" number="972">could</token>
<token t_id="974" sentence="46" number="973">.</token>
<token t_id="975" sentence="47" number="974">Then</token>
<token t_id="976" sentence="47" number="975">a</token>
<token t_id="977" sentence="47" number="976">half</token>
<token t_id="978" sentence="47" number="977">dozen</token>
<token t_id="979" sentence="47" number="978">fellows</token>
<token t_id="980" sentence="47" number="979">had</token>
<token t_id="981" sentence="47" number="980">a</token>
<token t_id="982" sentence="47" number="981">fine</token>
<token t_id="983" sentence="47" number="982">time</token>
<token t_id="984" sentence="47" number="983">trying</token>
<token t_id="985" sentence="47" number="984">to</token>
<token t_id="986" sentence="47" number="985">finish</token>
<token t_id="987" sentence="47" number="986">me</token>
<token t_id="988" sentence="47" number="987">up</token>
<token t_id="989" sentence="47" number="988">.</token>
<token t_id="990" sentence="48" number="989">That</token>
<token t_id="991" sentence="48" number="990">messenger</token>
<token t_id="992" sentence="48" number="991">boy</token>
<token t_id="993" sentence="48" number="992">had</token>
<token t_id="994" sentence="48" number="993">an</token>
<token t_id="995" sentence="48" number="994">especially</token>
<token t_id="996" sentence="48" number="995">good</token>
<token t_id="997" sentence="48" number="996">time</token>
<token t_id="998" sentence="48" number="997">.</token>
<token t_id="999" sentence="49" number="998">I</token>
<token t_id="1000" sentence="49" number="999">hope</token>
<token t_id="1001" sentence="49" number="1000">I</token>
<token t_id="1002" sentence="49" number="1001">do</token>
<token t_id="1003" sentence="49" number="1002">n't</token>
<token t_id="1004" sentence="49" number="1003">have</token>
<token t_id="1005" sentence="49" number="1004">to</token>
<token t_id="1006" sentence="49" number="1005">go</token>
<token t_id="1007" sentence="49" number="1006">to</token>
<token t_id="1008" sentence="49" number="1007">jail</token>
<token t_id="1009" sentence="49" number="1008">.</token>
<token t_id="1010" sentence="50" number="1009">Why</token>
<token t_id="1011" sentence="50" number="1010">,</token>
<token t_id="1012" sentence="50" number="1011">if</token>
<token t_id="1013" sentence="50" number="1012">I</token>
<token t_id="1014" sentence="50" number="1013">had</token>
<token t_id="1015" sentence="50" number="1014">hit</token>
<token t_id="1016" sentence="50" number="1015">Senator</token>
<token t_id="1017" sentence="50" number="1016">Lodge</token>
<token t_id="1018" sentence="50" number="1017">first</token>
<token t_id="1019" sentence="50" number="1018">I</token>
<token t_id="1020" sentence="50" number="1019">would</token>
<token t_id="1021" sentence="50" number="1020">not</token>
<token t_id="1022" sentence="50" number="1021">have</token>
<token t_id="1023" sentence="50" number="1022">a</token>
<token t_id="1024" sentence="50" number="1023">leg</token>
<token t_id="1025" sentence="50" number="1024">to</token>
<token t_id="1026" sentence="50" number="1025">stand</token>
<token t_id="1027" sentence="50" number="1026">on</token>
<token t_id="1028" sentence="50" number="1027">.</token>
<token t_id="1029" sentence="50" number="1028">"</token>
<token t_id="1030" sentence="51" number="1029">The</token>
<token t_id="1031" sentence="51" number="1030">Arizona</token>
<token t_id="1032" sentence="51" number="1031">man</token>
<token t_id="1033" sentence="51" number="1032">who</token>
<token t_id="1034" sentence="51" number="1033">attacked</token>
<token t_id="1035" sentence="51" number="1034">Bannwart</token>
<token t_id="1036" sentence="51" number="1035">after</token>
<token t_id="1037" sentence="51" number="1036">the</token>
<token t_id="1038" sentence="51" number="1037">latter</token>
<token t_id="1039" sentence="51" number="1038">'s</token>
<token t_id="1040" sentence="51" number="1039">fight</token>
<token t_id="1041" sentence="51" number="1040">with</token>
<token t_id="1042" sentence="51" number="1041">Senator</token>
<token t_id="1043" sentence="51" number="1042">Lodge</token>
<token t_id="1044" sentence="51" number="1043">was</token>
<token t_id="1045" sentence="51" number="1044">Ward</token>
<token t_id="1046" sentence="51" number="1045">Davis</token>
<token t_id="1047" sentence="51" number="1046">,</token>
<token t_id="1048" sentence="51" number="1047">an</token>
<token t_id="1049" sentence="51" number="1048">immigration</token>
<token t_id="1050" sentence="51" number="1049">field</token>
<token t_id="1051" sentence="51" number="1050">agent</token>
<token t_id="1052" sentence="51" number="1051">of</token>
<token t_id="1053" sentence="51" number="1052">the</token>
<token t_id="1054" sentence="51" number="1053">Casa</token>
<token t_id="1055" sentence="51" number="1054">Grande</token>
<token t_id="1056" sentence="51" number="1055">Chamber</token>
<token t_id="1057" sentence="51" number="1056">of</token>
<token t_id="1058" sentence="51" number="1057">Commerce</token>
<token t_id="1059" sentence="51" number="1058">.</token>
<token t_id="1060" sentence="52" number="1059">He</token>
<token t_id="1061" sentence="52" number="1060">was</token>
<token t_id="1062" sentence="52" number="1061">at</token>
<token t_id="1063" sentence="52" number="1062">the</token>
<token t_id="1064" sentence="52" number="1063">capitol</token>
<token t_id="1065" sentence="52" number="1064">to</token>
<token t_id="1066" sentence="52" number="1065">see</token>
<token t_id="1067" sentence="52" number="1066">congress</token>
<token t_id="1068" sentence="52" number="1067">convene</token>
<token t_id="1069" sentence="52" number="1068">and</token>
<token t_id="1070" sentence="52" number="1069">happened</token>
<token t_id="1071" sentence="52" number="1070">to</token>
<token t_id="1072" sentence="52" number="1071">be</token>
<token t_id="1073" sentence="52" number="1072">passing</token>
<token t_id="1074" sentence="52" number="1073">Senator</token>
<token t_id="1075" sentence="52" number="1074">Lodge</token>
<token t_id="1076" sentence="52" number="1075">'s</token>
<token t_id="1077" sentence="52" number="1076">office</token>
<token t_id="1078" sentence="52" number="1077">.</token>


<Markables>
<EVENT_MENTION m_id="33" factuality="" modality="" pred="" pos="" aspect="" certainty="" comment="" class="HOSTILITY" tense="" polarity=""  >
<token_anchor t_id="238"/>
</EVENT_MENTION>
<EVENT_MENTION m_id="129" factuality="" modality="" pred="" pos="" aspect="" certainty="" comment="" class="SOCIAL" tense="" polarity=""  >
<token_anchor t_id="751"/>
</EVENT_MENTION>
<EVENT_MENTION m_id="65" factuality="" modality="" pred="" pos="" aspect="" certainty="" comment="" class="SPACE-MOVEMENT" tense="" polarity=""  >
<token_anchor t_id="434"/>
</EVENT_MENTION>
<EVENT_MENTION m_id="161" factuality="" modality="" pred="" pos="" aspect="" certainty="" comment="" class="TRADE-WORK" tense="" polarity=""  >
<token_anchor t_id="959"/>
</EVENT_MENTION>
<EVENT_MENTION m_id="1" factuality="" modality="" pred="" pos="" aspect="" certainty="" comment="" class="EMOTIONS-EVALUATIONS" tense="" polarity=""  >
<token_anchor t_id="10"/>
<token_anchor t_id="11"/>
</EVENT_MENTION>
<EVENT_MENTION m_id="97" factuality="" modality="" pred="" pos="" aspect="" certainty="" comment="" class="SPACE-MOVEMENT" tense="" polarity=""  >
<token_anchor t_id="609"/>
</EVENT_MENTION>
<EVENT_MENTION m_id="34" factuality="" modality="" pred="" pos="" aspect="" certainty="" comment="" class="POSSESSION" tense="" polarity=""  >
<token_anchor t_id="242"/>
<token_anchor t_id="244"/>
</EVENT_MENTION>
<EVENT_MENTION m_id="130" factuality="" modality="" pred="" pos="" aspect="" certainty="" comment="" class="MENTAL" tense="" polarity=""  >
<token_anchor t_id="755"/>
</EVENT_MENTION>
<EVENT_MENTION m_id="66" factuality="" modality="" pred="" pos="" aspect="" certainty="" comment="" class="EXISTENCE-CAUSATION" tense="" polarity=""  >
<token_anchor t_id="445"/>
</EVENT_MENTION>
<EVENT_MENTION m_id="162" factuality="" modality="" pred="" pos="" aspect="" certainty="" comment="" class="HOSTILITY" tense="" polarity=""  >
<token_anchor t_id="964"/>
<token_anchor t_id="965"/>
</EVENT_MENTION>
<EVENT_MENTION m_id="2" factuality="" modality="" pred="" pos="" aspect="" certainty="" comment="" class="LIFE-HEALTH" tense="" polarity=""  >
<token_anchor t_id="13"/>
</EVENT_MENTION>
<EVENT_MENTION m_id="98" factuality="" modality="" pred="" pos="" aspect="" certainty="" comment="" class="SPACE-MOVEMENT" tense="" polarity=""  >
<token_anchor t_id="620"/>
</EVENT_MENTION>
<EVENT_MENTION m_id="35" factuality="" modality="" pred="" pos="" aspect="" certainty="" comment="" class="PHYSICAL SENSATIONS" tense="" polarity=""  >
<token_anchor t_id="263"/>
</EVENT_MENTION>
<EVENT_MENTION m_id="131" factuality="" modality="" pred="" pos="" aspect="" certainty="" comment="" class="EMOTIONS-EVALUATIONS" tense="" polarity=""  >
<token_anchor t_id="769"/>
</EVENT_MENTION>
<EVENT_MENTION m_id="67" factuality="" modality="" pred="" pos="" aspect="" certainty="" comment="" class="SPACE-MOVEMENT" tense="" polarity=""  >
<token_anchor t_id="448"/>
</EVENT_MENTION>
<EVENT_MENTION m_id="163" factuality="" modality="" pred="" pos="" aspect="" certainty="" comment="" class="HOSTILITY" tense="" polarity=""  >
<token_anchor t_id="967"/>
</EVENT_MENTION>
<EVENT_MENTION m_id="3" factuality="" modality="" pred="" pos="" aspect="" certainty="" comment="" class="SPACE-MOVEMENT" tense="" polarity=""  >
<token_anchor t_id="30"/>
</EVENT_MENTION>
<EVENT_MENTION m_id="99" factuality="" modality="" pred="" pos="" aspect="" certainty="" comment="" class="COMMUNICATION" tense="" polarity=""  >
<token_anchor t_id="624"/>
</EVENT_MENTION>
<EVENT_MENTION m_id="36" factuality="" modality="" pred="" pos="" aspect="" certainty="" comment="" class="AUTHORITY-LAW" tense="" polarity=""  >
<token_anchor t_id="271"/>
<token_anchor t_id="272"/>
</EVENT_MENTION>
<EVENT_MENTION m_id="132" factuality="" modality="" pred="" pos="" aspect="" certainty="" comment="" class="SPACE-MOVEMENT" tense="" polarity=""  >
<token_anchor t_id="776"/>
</EVENT_MENTION>
<EVENT_MENTION m_id="68" factuality="" modality="" pred="" pos="" aspect="" certainty="" comment="" class="PHYSICAL SENSATIONS" tense="" polarity=""  >
<token_anchor t_id="463"/>
<token_anchor t_id="465"/>
</EVENT_MENTION>
<EVENT_MENTION m_id="164" factuality="" modality="" pred="" pos="" aspect="" certainty="" comment="" class="TIME" tense="" polarity=""  >
<token_anchor t_id="980"/>
<token_anchor t_id="981"/>
<token_anchor t_id="982"/>
<token_anchor t_id="983"/>
</EVENT_MENTION>
<EVENT_MENTION m_id="4" factuality="" modality="" pred="" pos="" aspect="" certainty="" comment="" class="AUTHORITY-LAW" tense="" polarity=""  >
<token_anchor t_id="39"/>
</EVENT_MENTION>
<EVENT_MENTION m_id="100" factuality="" modality="" pred="" pos="" aspect="" certainty="" comment="" class="PHYSICAL SENSATIONS" tense="" polarity=""  >
<token_anchor t_id="630"/>
</EVENT_MENTION>
<EVENT_MENTION m_id="37" factuality="" modality="" pred="" pos="" aspect="" certainty="" comment="" class="AUTHORITY-LAW" tense="" polarity=""  >
<token_anchor t_id="273"/>
</EVENT_MENTION>
<EVENT_MENTION m_id="133" factuality="" modality="" pred="" pos="" aspect="" certainty="" comment="" class="HOSTILITY" tense="" polarity=""  >
<token_anchor t_id="783"/>
</EVENT_MENTION>
<EVENT_MENTION m_id="69" factuality="" modality="" pred="" pos="" aspect="" certainty="" comment="" class="TIME" tense="" polarity=""  >
<token_anchor t_id="469"/>
</EVENT_MENTION>
<EVENT_MENTION m_id="165" factuality="" modality="" pred="" pos="" aspect="" certainty="" comment="" class="MENTAL" tense="" polarity=""  >
<token_anchor t_id="984"/>
</EVENT_MENTION>
<EVENT_MENTION m_id="5" factuality="" modality="" pred="" pos="" aspect="" certainty="" comment="" class="HOSTILITY" tense="" polarity=""  >
<token_anchor t_id="46"/>
</EVENT_MENTION>
<EVENT_MENTION m_id="101" factuality="" modality="" pred="" pos="" aspect="" certainty="" comment="" class="GENERAL" tense="" polarity=""  >
<token_anchor t_id="635"/>
<token_anchor t_id="637"/>
</EVENT_MENTION>
<EVENT_MENTION m_id="38" factuality="" modality="" pred="" pos="" aspect="" certainty="" comment="" class="HOSTILITY" tense="" polarity=""  >
<token_anchor t_id="275"/>
</EVENT_MENTION>
<EVENT_MENTION m_id="134" factuality="" modality="" pred="" pos="" aspect="" certainty="" comment="" class="GENERAL" tense="" polarity=""  >
<token_anchor t_id="790"/>
</EVENT_MENTION>
<EVENT_MENTION m_id="70" factuality="" modality="" pred="" pos="" aspect="" certainty="" comment="" class="HOSTILITY" tense="" polarity=""  >
<token_anchor t_id="476"/>
</EVENT_MENTION>
<EVENT_MENTION m_id="166" factuality="" modality="" pred="" pos="" aspect="" certainty="" comment="" class="GENERAL" tense="" polarity=""  >
<token_anchor t_id="986"/>
<token_anchor t_id="988"/>
</EVENT_MENTION>
<EVENT_MENTION m_id="6" factuality="" modality="" pred="" pos="" aspect="" certainty="" comment="" class="HOSTILITY" tense="" polarity=""  >
<token_anchor t_id="50"/>
</EVENT_MENTION>
<EVENT_MENTION m_id="102" factuality="" modality="" pred="" pos="" aspect="" certainty="" comment="" class="GENERAL" tense="" polarity=""  >
<token_anchor t_id="640"/>
</EVENT_MENTION>
<EVENT_MENTION m_id="39" factuality="" modality="" pred="" pos="" aspect="" certainty="" comment="" class="AUTHORITY-LAW" tense="" polarity=""  >
<token_anchor t_id="280"/>
</EVENT_MENTION>
<EVENT_MENTION m_id="135" factuality="" modality="" pred="" pos="" aspect="" certainty="" comment="" class="EMOTIONS-EVALUATIONS" tense="" polarity=""  >
<token_anchor t_id="792"/>
</EVENT_MENTION>
<EVENT_MENTION m_id="71" factuality="" modality="" pred="" pos="" aspect="" certainty="" comment="" class="GENERAL" tense="" polarity=""  >
<token_anchor t_id="478"/>
</EVENT_MENTION>
<EVENT_MENTION m_id="167" factuality="" modality="" pred="" pos="" aspect="" certainty="" comment="" class="TIME" tense="" polarity=""  >
<token_anchor t_id="993"/>
<token_anchor t_id="996"/>
<token_anchor t_id="997"/>
</EVENT_MENTION>
<EVENT_MENTION m_id="7" factuality="" modality="" pred="" pos="" aspect="" certainty="" comment="" class="POSSESSION" tense="" polarity=""  >
<token_anchor t_id="51"/>
</EVENT_MENTION>
<EVENT_MENTION m_id="103" factuality="" modality="" pred="" pos="" aspect="" certainty="" comment="" class="SOCIAL" tense="" polarity=""  >
<token_anchor t_id="644"/>
<token_anchor t_id="645"/>
</EVENT_MENTION>
<EVENT_MENTION m_id="104" factuality="" modality="" pred="" pos="" aspect="" certainty="" comment="" class="TIME" tense="" polarity=""  >
<token_anchor t_id="649"/>
</EVENT_MENTION>
<EVENT_MENTION m_id="40" factuality="" modality="" pred="" pos="" aspect="" certainty="" comment="" class="PHYSICAL SENSATIONS" tense="" polarity=""  >
<token_anchor t_id="288"/>
</EVENT_MENTION>
<EVENT_MENTION m_id="136" factuality="" modality="" pred="" pos="" aspect="" certainty="" comment="" class="EXISTENCE-CAUSATION" tense="" polarity=""  >
<token_anchor t_id="794"/>
</EVENT_MENTION>
<EVENT_MENTION m_id="72" factuality="" modality="" pred="" pos="" aspect="" certainty="" comment="" class="EMOTIONS-EVALUATIONS" tense="" polarity=""  >
<token_anchor t_id="467"/>
</EVENT_MENTION>
<EVENT_MENTION m_id="168" factuality="" modality="" pred="" pos="" aspect="" certainty="" comment="" class="MENTAL" tense="" polarity=""  >
<token_anchor t_id="1000"/>
</EVENT_MENTION>
<EVENT_MENTION m_id="8" factuality="" modality="" pred="" pos="" aspect="" certainty="" comment="" class="MENTAL" tense="" polarity=""  >
<token_anchor t_id="59"/>
</EVENT_MENTION>
<EVENT_MENTION m_id="105" factuality="" modality="" pred="" pos="" aspect="" certainty="" comment="" class="SOCIAL" tense="" polarity=""  >
<token_anchor t_id="656"/>
</EVENT_MENTION>
<EVENT_MENTION m_id="41" factuality="" modality="" pred="" pos="" aspect="" certainty="" comment="" class="TRADE-WORK" tense="" polarity=""  >
<token_anchor t_id="300"/>
<token_anchor t_id="301"/>
<token_anchor t_id="302"/>
<token_anchor t_id="303"/>
<token_anchor t_id="304"/>
</EVENT_MENTION>
<EVENT_MENTION m_id="137" factuality="" modality="" pred="" pos="" aspect="" certainty="" comment="" class="COMMUNICATION" tense="" polarity=""  >
<token_anchor t_id="798"/>
</EVENT_MENTION>
<EVENT_MENTION m_id="73" factuality="" modality="" pred="" pos="" aspect="" certainty="" comment="" class="MATTER" tense="" polarity=""  >
<token_anchor t_id="482"/>
<token_anchor t_id="484"/>
</EVENT_MENTION>
<EVENT_MENTION m_id="169" factuality="" modality="" pred="" pos="" aspect="" certainty="" comment="" class="AUTHORITY-LAW" tense="" polarity=""  >
<token_anchor t_id="1006"/>
<token_anchor t_id="1007"/>
<token_anchor t_id="1008"/>
</EVENT_MENTION>
<EVENT_MENTION m_id="9" factuality="" modality="" pred="" pos="" aspect="" certainty="" comment="" class="MEASURE" tense="" polarity=""  >
<token_anchor t_id="65"/>
</EVENT_MENTION>
<EVENT_MENTION m_id="106" factuality="" modality="" pred="" pos="" aspect="" certainty="" comment="" class="SPACE-MOVEMENT" tense="" polarity=""  >
<token_anchor t_id="663"/>
</EVENT_MENTION>
<EVENT_MENTION m_id="42" factuality="" modality="" pred="" pos="" aspect="" certainty="" comment="" class="EDUCATION" tense="" polarity=""  >
<token_anchor t_id="316"/>
</EVENT_MENTION>
<EVENT_MENTION m_id="138" factuality="" modality="" pred="" pos="" aspect="" certainty="" comment="" class="AUTHORITY-LAW" tense="" polarity=""  >
<token_anchor t_id="800"/>
</EVENT_MENTION>
<EVENT_MENTION m_id="74" factuality="" modality="" pred="" pos="" aspect="" certainty="" comment="" class="SPACE-MOVEMENT" tense="" polarity=""  >
<token_anchor t_id="488"/>
</EVENT_MENTION>
<EVENT_MENTION m_id="170" factuality="" modality="" pred="" pos="" aspect="" certainty="" comment="" class="HOSTILITY" tense="" polarity=""  >
<token_anchor t_id="1015"/>
</EVENT_MENTION>
<EVENT_MENTION m_id="10" factuality="" modality="" pred="" pos="" aspect="" certainty="" comment="" class="EMOTIONS-EVALUATIONS" tense="" polarity=""  >
<token_anchor t_id="68"/>
</EVENT_MENTION>
<EVENT_MENTION m_id="107" factuality="" modality="" pred="" pos="" aspect="" certainty="" comment="" class="SOCIAL" tense="" polarity=""  >
<token_anchor t_id="668"/>
</EVENT_MENTION>
<EVENT_MENTION m_id="43" factuality="" modality="" pred="" pos="" aspect="" certainty="" comment="" class="EMOTIONS-EVALUATIONS" tense="" polarity=""  >
<token_anchor t_id="323"/>
</EVENT_MENTION>
<EVENT_MENTION m_id="139" factuality="" modality="" pred="" pos="" aspect="" certainty="" comment="" class="SPACE-MOVEMENT" tense="" polarity=""  >
<token_anchor t_id="804"/>
</EVENT_MENTION>
<EVENT_MENTION m_id="75" factuality="" modality="" pred="" pos="" aspect="" certainty="" comment="" class="EMOTIONS-EVALUATIONS" tense="" polarity=""  >
<token_anchor t_id="494"/>
</EVENT_MENTION>
<EVENT_MENTION m_id="171" factuality="" modality="" pred="" pos="" aspect="" certainty="" comment="" class="MENTAL" tense="" polarity=""  >
<token_anchor t_id="1022"/>
<token_anchor t_id="1023"/>
<token_anchor t_id="1024"/>
<token_anchor t_id="1025"/>
<token_anchor t_id="1026"/>
<token_anchor t_id="1027"/>
</EVENT_MENTION>
<EVENT_MENTION m_id="11" factuality="" modality="" pred="" pos="" aspect="" certainty="" comment="" class="HOSTILITY" tense="" polarity=""  >
<token_anchor t_id="72"/>
</EVENT_MENTION>
<EVENT_MENTION m_id="108" factuality="" modality="" pred="" pos="" aspect="" certainty="" comment="" class="COMMUNICATION" tense="" polarity=""  >
<token_anchor t_id="669"/>
</EVENT_MENTION>
<EVENT_MENTION m_id="44" factuality="" modality="" pred="" pos="" aspect="" certainty="" comment="" class="HOSTILITY" tense="" polarity=""  >
<token_anchor t_id="326"/>
</EVENT_MENTION>
<EVENT_MENTION m_id="140" factuality="" modality="" pred="" pos="" aspect="" certainty="" comment="" class="HOSTILITY" tense="" polarity=""  >
<token_anchor t_id="811"/>
</EVENT_MENTION>
<EVENT_MENTION m_id="76" factuality="" modality="" pred="" pos="" aspect="" certainty="" comment="" class="EMOTIONS-EVALUATIONS" tense="" polarity=""  >
<token_anchor t_id="496"/>
</EVENT_MENTION>
<EVENT_MENTION m_id="172" factuality="" modality="" pred="" pos="" aspect="" certainty="" comment="" class="HOSTILITY" tense="" polarity=""  >
<token_anchor t_id="1034"/>
</EVENT_MENTION>
<EVENT_MENTION m_id="12" factuality="" modality="" pred="" pos="" aspect="" certainty="" comment="" class="SOCIAL" tense="" polarity=""  >
<token_anchor t_id="70"/>
<token_anchor t_id="78"/>
</EVENT_MENTION>
<EVENT_MENTION m_id="109" factuality="" modality="" pred="" pos="" aspect="" certainty="" comment="" class="GENERAL" tense="" polarity=""  >
<token_anchor t_id="671"/>
</EVENT_MENTION>
<EVENT_MENTION m_id="45" factuality="" modality="" pred="" pos="" aspect="" certainty="" comment="" class="SPACE-MOVEMENT" tense="" polarity=""  >
<token_anchor t_id="341"/>
</EVENT_MENTION>
<EVENT_MENTION m_id="141" factuality="" modality="" pred="" pos="" aspect="" certainty="" comment="" class="SPACE-MOVEMENT" tense="" polarity=""  >
<token_anchor t_id="815"/>
</EVENT_MENTION>
<EVENT_MENTION m_id="77" factuality="" modality="" pred="" pos="" aspect="" certainty="" comment="" class="EMOTIONS-EVALUATIONS" tense="" polarity=""  >
<token_anchor t_id="499"/>
</EVENT_MENTION>
<EVENT_MENTION m_id="173" factuality="" modality="" pred="" pos="" aspect="" certainty="" comment="" class="HOSTILITY" tense="" polarity=""  >
<token_anchor t_id="1040"/>
</EVENT_MENTION>
<EVENT_MENTION m_id="13" factuality="" modality="" pred="" pos="" aspect="" certainty="" comment="" class="MENTAL" tense="" polarity=""  >
<token_anchor t_id="91"/>
</EVENT_MENTION>
<EVENT_MENTION m_id="110" factuality="" modality="" pred="" pos="" aspect="" certainty="" comment="" class="HOSTILITY" tense="" polarity=""  >
<token_anchor t_id="673"/>
</EVENT_MENTION>
<EVENT_MENTION m_id="46" factuality="" modality="" pred="" pos="" aspect="" certainty="" comment="" class="MEASURE" tense="" polarity=""  >
<token_anchor t_id="332"/>
</EVENT_MENTION>
<EVENT_MENTION m_id="142" factuality="" modality="" pred="" pos="" aspect="" certainty="" comment="" class="TIME" tense="" polarity=""  >
<token_anchor t_id="826"/>
</EVENT_MENTION>
<EVENT_MENTION m_id="78" factuality="" modality="" pred="" pos="" aspect="" certainty="" comment="" class="AUTHORITY-LAW" tense="" polarity=""  >
<token_anchor t_id="509"/>
</EVENT_MENTION>
<EVENT_MENTION m_id="174" factuality="" modality="" pred="" pos="" aspect="" certainty="" comment="" class="EXISTENCE-CAUSATION" tense="" polarity=""  >
<token_anchor t_id="1044"/>
</EVENT_MENTION>
<EVENT_MENTION m_id="14" factuality="" modality="" pred="" pos="" aspect="" certainty="" comment="" class="HOSTILITY" tense="" polarity=""  >
<token_anchor t_id="92"/>
</EVENT_MENTION>
<EVENT_MENTION m_id="111" factuality="" modality="" pred="" pos="" aspect="" certainty="" comment="" class="TIME" tense="" polarity=""  >
<token_anchor t_id="682"/>
</EVENT_MENTION>
<EVENT_MENTION m_id="47" factuality="" modality="" pred="" pos="" aspect="" certainty="" comment="" class="HOSTILITY" tense="" polarity=""  >
<token_anchor t_id="338"/>
</EVENT_MENTION>
<EVENT_MENTION m_id="143" factuality="" modality="" pred="" pos="" aspect="" certainty="" comment="" class="SPACE-MOVEMENT" tense="" polarity=""  >
<token_anchor t_id="828"/>
</EVENT_MENTION>
<EVENT_MENTION m_id="79" factuality="" modality="" pred="" pos="" aspect="" certainty="" comment="" class="SPACE-MOVEMENT" tense="" polarity=""  >
<token_anchor t_id="511"/>
<token_anchor t_id="512"/>
</EVENT_MENTION>
<EVENT_MENTION m_id="175" factuality="" modality="" pred="" pos="" aspect="" certainty="" comment="" class="SPACE-MOVEMENT" tense="" polarity=""  >
<token_anchor t_id="1049"/>
</EVENT_MENTION>
<EVENT_MENTION m_id="15" factuality="" modality="" pred="" pos="" aspect="" certainty="" comment="" class="GENERAL" tense="" polarity=""  >
<token_anchor t_id="98"/>
</EVENT_MENTION>
<EVENT_MENTION m_id="112" factuality="" modality="" pred="" pos="" aspect="" certainty="" comment="" class="SOCIAL" tense="" polarity=""  >
<token_anchor t_id="685"/>
<token_anchor t_id="686"/>
</EVENT_MENTION>
<EVENT_MENTION m_id="48" factuality="" modality="" pred="" pos="" aspect="" certainty="" comment="" class="SPACE-MOVEMENT" tense="" polarity=""  >
<token_anchor t_id="347"/>
</EVENT_MENTION>
<EVENT_MENTION m_id="144" factuality="" modality="" pred="" pos="" aspect="" certainty="" comment="" class="SPACE-MOVEMENT" tense="" polarity=""  >
<token_anchor t_id="832"/>
</EVENT_MENTION>
<EVENT_MENTION m_id="80" factuality="" modality="" pred="" pos="" aspect="" certainty="" comment="" class="SPACE-MOVEMENT" tense="" polarity=""  >
<token_anchor t_id="522"/>
</EVENT_MENTION>
<EVENT_MENTION m_id="176" factuality="" modality="" pred="" pos="" aspect="" certainty="" comment="" class="EXISTENCE-CAUSATION" tense="" polarity=""  >
<token_anchor t_id="1061"/>
</EVENT_MENTION>
<EVENT_MENTION m_id="16" factuality="" modality="" pred="" pos="" aspect="" certainty="" comment="" class="COMMUNICATION" tense="" polarity=""  >
<token_anchor t_id="100"/>
</EVENT_MENTION>
<EVENT_MENTION m_id="113" factuality="" modality="" pred="" pos="" aspect="" certainty="" comment="" class="TIME" tense="" polarity=""  >
<token_anchor t_id="687"/>
<token_anchor t_id="689"/>
<token_anchor t_id="690"/>
</EVENT_MENTION>
<EVENT_MENTION m_id="49" factuality="" modality="" pred="" pos="" aspect="" certainty="" comment="" class="SPACE-MOVEMENT" tense="" polarity=""  >
<token_anchor t_id="352"/>
<token_anchor t_id="353"/>
</EVENT_MENTION>
<EVENT_MENTION m_id="145" factuality="" modality="" pred="" pos="" aspect="" certainty="" comment="" class="COMMUNICATION" tense="" polarity=""  >
<token_anchor t_id="840"/>
</EVENT_MENTION>
<EVENT_MENTION m_id="81" factuality="" modality="" pred="" pos="" aspect="" certainty="" comment="" class="SPACE-MOVEMENT" tense="" polarity=""  >
<token_anchor t_id="534"/>
</EVENT_MENTION>
<EVENT_MENTION m_id="177" factuality="" modality="" pred="" pos="" aspect="" certainty="" comment="" class="PHYSICAL SENSATIONS" tense="" polarity=""  >
<token_anchor t_id="1066"/>
</EVENT_MENTION>
<EVENT_MENTION m_id="17" factuality="" modality="" pred="" pos="" aspect="" certainty="" comment="" class="SPACE-MOVEMENT" tense="" polarity=""  >
<token_anchor t_id="112"/>
<token_anchor t_id="113"/>
</EVENT_MENTION>
<EVENT_MENTION m_id="114" factuality="" modality="" pred="" pos="" aspect="" certainty="" comment="" class="SPACE-MOVEMENT" tense="" polarity=""  >
<token_anchor t_id="696"/>
</EVENT_MENTION>
<EVENT_MENTION m_id="50" factuality="" modality="" pred="" pos="" aspect="" certainty="" comment="" class="HOSTILITY" tense="" polarity=""  >
<token_anchor t_id="355"/>
</EVENT_MENTION>
<EVENT_MENTION m_id="146" factuality="" modality="" pred="" pos="" aspect="" certainty="" comment="" class="SPACE-MOVEMENT" tense="" polarity=""  >
<token_anchor t_id="862"/>
</EVENT_MENTION>
<EVENT_MENTION m_id="82" factuality="" modality="" pred="" pos="" aspect="" certainty="" comment="" class="EMOTIONS-EVALUATIONS" tense="" polarity=""  >
<token_anchor t_id="542"/>
</EVENT_MENTION>
<EVENT_MENTION m_id="178" factuality="" modality="" pred="" pos="" aspect="" certainty="" comment="" class="SPACE-MOVEMENT" tense="" polarity=""  >
<token_anchor t_id="1073"/>
</EVENT_MENTION>
<EVENT_MENTION m_id="18" factuality="" modality="" pred="" pos="" aspect="" certainty="" comment="" class="COMMUNICATION" tense="" polarity=""  >
<token_anchor t_id="121"/>
</EVENT_MENTION>
<EVENT_MENTION m_id="115" factuality="" modality="" pred="" pos="" aspect="" certainty="" comment="" class="SPACE-MOVEMENT" tense="" polarity=""  >
<token_anchor t_id="704"/>
</EVENT_MENTION>
<EVENT_MENTION m_id="51" factuality="" modality="" pred="" pos="" aspect="" certainty="" comment="" class="MENTAL" tense="" polarity=""  >
<token_anchor t_id="361"/>
</EVENT_MENTION>
<EVENT_MENTION m_id="147" factuality="" modality="" pred="" pos="" aspect="" certainty="" comment="" class="EXISTENCE-CAUSATION" tense="" polarity=""  >
<token_anchor t_id="870"/>
</EVENT_MENTION>
<EVENT_MENTION m_id="83" factuality="" modality="" pred="" pos="" aspect="" certainty="" comment="" class="EMOTIONS-EVALUATIONS" tense="" polarity=""  >
<token_anchor t_id="544"/>
</EVENT_MENTION>
<EVENT_MENTION m_id="179" factuality="" modality="" pred="" pos="" aspect="" certainty="" comment="" class="SOCIAL" tense="" polarity=""  >
<token_anchor t_id="748"/>
</EVENT_MENTION>
<EVENT_MENTION m_id="19" factuality="" modality="" pred="" pos="" aspect="" certainty="" comment="" class="GENERAL" tense="" polarity=""  >
<token_anchor t_id="126"/>
</EVENT_MENTION>
<EVENT_MENTION m_id="20" factuality="" modality="" pred="" pos="" aspect="" certainty="" comment="" class="EXISTENCE-CAUSATION" tense="" polarity=""  >
<token_anchor t_id="140"/>
</EVENT_MENTION>
<EVENT_MENTION m_id="116" factuality="" modality="" pred="" pos="" aspect="" certainty="" comment="" class="HOSTILITY" tense="" polarity=""  >
<token_anchor t_id="709"/>
</EVENT_MENTION>
<EVENT_MENTION m_id="52" factuality="" modality="" pred="" pos="" aspect="" certainty="" comment="" class="HOSTILITY" tense="" polarity=""  >
<token_anchor t_id="362"/>
</EVENT_MENTION>
<EVENT_MENTION m_id="148" factuality="" modality="" pred="" pos="" aspect="" certainty="" comment="" class="COMMUNICATION" tense="" polarity=""  >
<token_anchor t_id="879"/>
</EVENT_MENTION>
<EVENT_MENTION m_id="84" factuality="" modality="" pred="" pos="" aspect="" certainty="" comment="" class="EMOTIONS-EVALUATIONS" tense="" polarity=""  >
<token_anchor t_id="546"/>
</EVENT_MENTION>
<EVENT_MENTION m_id="180" factuality="" modality="" pred="" pos="" aspect="" certainty="" comment="" class="SOCIAL" tense="" polarity=""  >
<token_anchor t_id="899"/>
</EVENT_MENTION>
<EVENT_MENTION m_id="21" factuality="" modality="" pred="" pos="" aspect="" certainty="" comment="" class="HOSTILITY" tense="" polarity=""  >
<token_anchor t_id="142"/>
</EVENT_MENTION>
<EVENT_MENTION m_id="117" factuality="" modality="" pred="" pos="" aspect="" certainty="" comment="" class="EMOTIONS-EVALUATIONS" tense="" polarity=""  >
<token_anchor t_id="710"/>
</EVENT_MENTION>
<EVENT_MENTION m_id="53" factuality="" modality="" pred="" pos="" aspect="" certainty="" comment="" class="TIME" tense="" polarity=""  >
<token_anchor t_id="365"/>
</EVENT_MENTION>
<EVENT_MENTION m_id="149" factuality="" modality="" pred="" pos="" aspect="" certainty="" comment="" class="HOSTILITY" tense="" polarity=""  >
<token_anchor t_id="888"/>
</EVENT_MENTION>
<EVENT_MENTION m_id="85" factuality="" modality="" pred="" pos="" aspect="" certainty="" comment="" class="SPACE-MOVEMENT" tense="" polarity=""  >
<token_anchor t_id="550"/>
</EVENT_MENTION>
<EVENT_MENTION m_id="181" factuality="" modality="" pred="" pos="" aspect="" certainty="" comment="" class="HOSTILITY" tense="" polarity=""  >
<token_anchor t_id="216"/>
</EVENT_MENTION>
<EVENT_MENTION m_id="22" factuality="" modality="" pred="" pos="" aspect="" certainty="" comment="" class="EXISTENCE-CAUSATION" tense="" polarity=""  >
<token_anchor t_id="147"/>
</EVENT_MENTION>
<EVENT_MENTION m_id="118" factuality="" modality="" pred="" pos="" aspect="" certainty="" comment="" class="GENERAL" tense="" polarity=""  >
<token_anchor t_id="713"/>
</EVENT_MENTION>
<EVENT_MENTION m_id="54" factuality="" modality="" pred="" pos="" aspect="" certainty="" comment="" class="SPACE-MOVEMENT" tense="" polarity=""  >
<token_anchor t_id="367"/>
</EVENT_MENTION>
<EVENT_MENTION m_id="150" factuality="" modality="" pred="" pos="" aspect="" certainty="" comment="" class="PHYSICAL SENSATIONS" tense="" polarity=""  >
<token_anchor t_id="897"/>
</EVENT_MENTION>
<EVENT_MENTION m_id="86" factuality="" modality="" pred="" pos="" aspect="" certainty="" comment="" class="SOCIAL" tense="" polarity=""  >
<token_anchor t_id="532"/>
</EVENT_MENTION>
<EVENT_MENTION m_id="182" factuality="" modality="" pred="" pos="" aspect="" certainty="" comment="" class="COMMUNICATION" tense="" polarity=""  >
<token_anchor t_id="468"/>
</EVENT_MENTION>
<EVENT_MENTION m_id="23" factuality="" modality="" pred="" pos="" aspect="" certainty="" comment="" class="GENERAL" tense="" polarity=""  >
<token_anchor t_id="151"/>
<token_anchor t_id="152"/>
</EVENT_MENTION>
<EVENT_MENTION m_id="119" factuality="" modality="" pred="" pos="" aspect="" certainty="" comment="" class="HOSTILITY" tense="" polarity=""  >
<token_anchor t_id="719"/>
</EVENT_MENTION>
<EVENT_MENTION m_id="55" factuality="" modality="" pred="" pos="" aspect="" certainty="" comment="" class="HOSTILITY" tense="" polarity=""  >
<token_anchor t_id="378"/>
</EVENT_MENTION>
<EVENT_MENTION m_id="151" factuality="" modality="" pred="" pos="" aspect="" certainty="" comment="" class="COMMUNICATION" tense="" polarity=""  >
<token_anchor t_id="900"/>
</EVENT_MENTION>
<EVENT_MENTION m_id="87" factuality="" modality="" pred="" pos="" aspect="" certainty="" comment="" class="SPACE-MOVEMENT" tense="" polarity=""  >
<token_anchor t_id="554"/>
</EVENT_MENTION>
<EVENT_MENTION m_id="183" factuality="" modality="" pred="" pos="" aspect="" certainty="" comment="" class="TIME" tense="" polarity=""  >
<token_anchor t_id="806"/>
</EVENT_MENTION>
<EVENT_MENTION m_id="24" factuality="" modality="" pred="" pos="" aspect="" certainty="" comment="" class="COMMUNICATION" tense="" polarity=""  >
<token_anchor t_id="163"/>
</EVENT_MENTION>
<EVENT_MENTION m_id="120" factuality="" modality="" pred="" pos="" aspect="" certainty="" comment="" class="HOSTILITY" tense="" polarity=""  >
<token_anchor t_id="721"/>
</EVENT_MENTION>
<EVENT_MENTION m_id="56" factuality="" modality="" pred="" pos="" aspect="" certainty="" comment="" class="COMMUNICATION" tense="" polarity=""  >
<token_anchor t_id="382"/>
</EVENT_MENTION>
<EVENT_MENTION m_id="152" factuality="" modality="" pred="" pos="" aspect="" certainty="" comment="" class="HOSTILITY" tense="" polarity=""  >
<token_anchor t_id="902"/>
</EVENT_MENTION>
<EVENT_MENTION m_id="88" factuality="" modality="" pred="" pos="" aspect="" certainty="" comment="" class="GENERAL" tense="" polarity=""  >
<token_anchor t_id="558"/>
</EVENT_MENTION>
<EVENT_MENTION m_id="184" factuality="" modality="" pred="" pos="" aspect="" certainty="" comment="" class="GENERAL" tense="" polarity=""  >
<token_anchor t_id="909"/>
</EVENT_MENTION>
<EVENT_MENTION m_id="25" factuality="" modality="" pred="" pos="" aspect="" certainty="" comment="" class="PHYSICAL SENSATIONS" tense="" polarity=""  >
<token_anchor t_id="168"/>
</EVENT_MENTION>
<EVENT_MENTION m_id="121" factuality="" modality="" pred="" pos="" aspect="" certainty="" comment="" class="MENTAL" tense="" polarity=""  >
<token_anchor t_id="724"/>
</EVENT_MENTION>
<EVENT_MENTION m_id="57" factuality="" modality="" pred="" pos="" aspect="" certainty="" comment="" class="PHYSICAL SENSATIONS" tense="" polarity=""  >
<token_anchor t_id="390"/>
</EVENT_MENTION>
<EVENT_MENTION m_id="153" factuality="" modality="" pred="" pos="" aspect="" certainty="" comment="" class="TIME" tense="" polarity=""  >
<token_anchor t_id="906"/>
</EVENT_MENTION>
<EVENT_MENTION m_id="89" factuality="" modality="" pred="" pos="" aspect="" certainty="" comment="" class="HOSTILITY" tense="" polarity=""  >
<token_anchor t_id="559"/>
</EVENT_MENTION>
<EVENT_MENTION m_id="185" factuality="" modality="" pred="" pos="" aspect="" certainty="" comment="" class="EXISTENCE-CAUSATION" tense="" polarity=""  >
<token_anchor t_id="591"/>
</EVENT_MENTION>
<EVENT_MENTION m_id="26" factuality="" modality="" pred="" pos="" aspect="" certainty="" comment="" class="EXISTENCE-CAUSATION" tense="" polarity=""  >
<token_anchor t_id="176"/>
</EVENT_MENTION>
<EVENT_MENTION m_id="122" factuality="" modality="" pred="" pos="" aspect="" certainty="" comment="" class="GENERAL" tense="" polarity=""  >
<token_anchor t_id="726"/>
</EVENT_MENTION>
<EVENT_MENTION m_id="58" factuality="" modality="" pred="" pos="" aspect="" certainty="" comment="" class="COMMUNICATION" tense="" polarity=""  >
<token_anchor t_id="396"/>
</EVENT_MENTION>
<EVENT_MENTION m_id="154" factuality="" modality="" pred="" pos="" aspect="" certainty="" comment="" class="COMMUNICATION" tense="" polarity=""  >
<token_anchor t_id="915"/>
</EVENT_MENTION>
<EVENT_MENTION m_id="90" factuality="" modality="" pred="" pos="" aspect="" certainty="" comment="" class="SOCIAL" tense="" polarity=""  >
<token_anchor t_id="562"/>
</EVENT_MENTION>
<EVENT_MENTION m_id="186" factuality="" modality="" pred="" pos="" aspect="" certainty="" comment="" class="PHYSICAL SENSATIONS" tense="" polarity=""  >
<token_anchor t_id="842"/>
</EVENT_MENTION>
<EVENT_MENTION m_id="27" factuality="" modality="" pred="" pos="" aspect="" certainty="" comment="" class="COMMUNICATION" tense="" polarity=""  >
<token_anchor t_id="183"/>
</EVENT_MENTION>
<EVENT_MENTION m_id="123" factuality="" modality="" pred="" pos="" aspect="" certainty="" comment="" class="EMOTIONS-EVALUATIONS" tense="" polarity=""  >
<token_anchor t_id="728"/>
</EVENT_MENTION>
<EVENT_MENTION m_id="59" factuality="" modality="" pred="" pos="" aspect="" certainty="" comment="" class="TIME" tense="" polarity=""  >
<token_anchor t_id="403"/>
</EVENT_MENTION>
<EVENT_MENTION m_id="155" factuality="" modality="" pred="" pos="" aspect="" certainty="" comment="" class="COMMUNICATION" tense="" polarity=""  >
<token_anchor t_id="927"/>
</EVENT_MENTION>
<EVENT_MENTION m_id="91" factuality="" modality="" pred="" pos="" aspect="" certainty="" comment="" class="GENERAL" tense="" polarity=""  >
<token_anchor t_id="567"/>
</EVENT_MENTION>
<EVENT_MENTION m_id="187" factuality="" modality="" pred="" pos="" aspect="" certainty="" comment="" class="TRADE-WORK" tense="" polarity=""  >
<token_anchor t_id="528"/>
<token_anchor t_id="529"/>
</EVENT_MENTION>
<EVENT_MENTION m_id="28" factuality="" modality="" pred="" pos="" aspect="" certainty="" comment="" class="TIME" tense="" polarity=""  >
<token_anchor t_id="188"/>
</EVENT_MENTION>
<EVENT_MENTION m_id="124" factuality="" modality="" pred="" pos="" aspect="" certainty="" comment="" class="SOCIAL" tense="" polarity=""  >
<token_anchor t_id="734"/>
</EVENT_MENTION>
<EVENT_MENTION m_id="60" factuality="" modality="" pred="" pos="" aspect="" certainty="" comment="" class="SPACE-MOVEMENT" tense="" polarity=""  >
<token_anchor t_id="405"/>
</EVENT_MENTION>
<EVENT_MENTION m_id="156" factuality="" modality="" pred="" pos="" aspect="" certainty="" comment="" class="COMMUNICATION" tense="" polarity=""  >
<token_anchor t_id="931"/>
<token_anchor t_id="932"/>
<token_anchor t_id="933"/>
</EVENT_MENTION>
<EVENT_MENTION m_id="92" factuality="" modality="" pred="" pos="" aspect="" certainty="" comment="" class="COMMUNICATION" tense="" polarity=""  >
<token_anchor t_id="575"/>
</EVENT_MENTION>
<EVENT_MENTION m_id="188" factuality="" modality="" pred="" pos="" aspect="" certainty="" comment="" class="GENERAL" tense="" polarity=""  >
<token_anchor t_id="1070"/>
</EVENT_MENTION>
<EVENT_MENTION m_id="29" factuality="" modality="" pred="" pos="" aspect="" certainty="" comment="" class="LIFE-HEALTH" tense="" polarity=""  >
<token_anchor t_id="199"/>
</EVENT_MENTION>
<EVENT_MENTION m_id="125" factuality="" modality="" pred="" pos="" aspect="" certainty="" comment="" class="POSSESSION" tense="" polarity=""  >
<token_anchor t_id="735"/>
</EVENT_MENTION>
<EVENT_MENTION m_id="61" factuality="" modality="" pred="" pos="" aspect="" certainty="" comment="" class="HOSTILITY" tense="" polarity=""  >
<token_anchor t_id="411"/>
</EVENT_MENTION>
<EVENT_MENTION m_id="157" factuality="" modality="" pred="" pos="" aspect="" certainty="" comment="" class="COMMUNICATION" tense="" polarity=""  >
<token_anchor t_id="938"/>
</EVENT_MENTION>
<EVENT_MENTION m_id="93" factuality="" modality="" pred="" pos="" aspect="" certainty="" comment="" class="EXISTENCE-CAUSATION" tense="" polarity=""  >
<token_anchor t_id="582"/>
</EVENT_MENTION>
<EVENT_MENTION m_id="30" factuality="" modality="" pred="" pos="" aspect="" certainty="" comment="" class="TIME" tense="" polarity=""  >
<token_anchor t_id="16"/>
</EVENT_MENTION>
<EVENT_MENTION m_id="126" factuality="" modality="" pred="" pos="" aspect="" certainty="" comment="" class="HOSTILITY" tense="" polarity=""  >
<token_anchor t_id="741"/>
</EVENT_MENTION>
<EVENT_MENTION m_id="62" factuality="" modality="" pred="" pos="" aspect="" certainty="" comment="" class="TIME" tense="" polarity=""  >
<token_anchor t_id="414"/>
</EVENT_MENTION>
<EVENT_MENTION m_id="158" factuality="" modality="" pred="" pos="" aspect="" certainty="" comment="" class="HOSTILITY" tense="" polarity=""  >
<token_anchor t_id="943"/>
</EVENT_MENTION>
<EVENT_MENTION m_id="94" factuality="" modality="" pred="" pos="" aspect="" certainty="" comment="" class="MENTAL" tense="" polarity=""  >
<token_anchor t_id="594"/>
</EVENT_MENTION>
<EVENT_MENTION m_id="31" factuality="" modality="" pred="" pos="" aspect="" certainty="" comment="" class="SPACE-MOVEMENT" tense="" polarity=""  >
<token_anchor t_id="208"/>
</EVENT_MENTION>
<EVENT_MENTION m_id="127" factuality="" modality="" pred="" pos="" aspect="" certainty="" comment="" class="HOSTILITY" tense="" polarity=""  >
<token_anchor t_id="744"/>
</EVENT_MENTION>
<EVENT_MENTION m_id="63" factuality="" modality="" pred="" pos="" aspect="" certainty="" comment="" class="SPACE-MOVEMENT" tense="" polarity=""  >
<token_anchor t_id="424"/>
</EVENT_MENTION>
<EVENT_MENTION m_id="159" factuality="" modality="" pred="" pos="" aspect="" certainty="" comment="" class="COMMUNICATION" tense="" polarity=""  >
<token_anchor t_id="948"/>
</EVENT_MENTION>
<EVENT_MENTION m_id="95" factuality="" modality="" pred="" pos="" aspect="" certainty="" comment="" class="HOSTILITY" tense="" polarity=""  >
<token_anchor t_id="601"/>
</EVENT_MENTION>
<EVENT_MENTION m_id="32" factuality="" modality="" pred="" pos="" aspect="" certainty="" comment="" class="SPACE-MOVEMENT" tense="" polarity=""  >
<token_anchor t_id="227"/>
<token_anchor t_id="228"/>
</EVENT_MENTION>
<EVENT_MENTION m_id="128" factuality="" modality="" pred="" pos="" aspect="" certainty="" comment="" class="COMMUNICATION" tense="" polarity=""  >
<token_anchor t_id="746"/>
</EVENT_MENTION>
<EVENT_MENTION m_id="64" factuality="" modality="" pred="" pos="" aspect="" certainty="" comment="" class="GENERAL" tense="" polarity=""  >
<token_anchor t_id="417"/>
<token_anchor t_id="419"/>
</EVENT_MENTION>
<EVENT_MENTION m_id="160" factuality="" modality="" pred="" pos="" aspect="" certainty="" comment="" class="MENTAL" tense="" polarity=""  >
<token_anchor t_id="952"/>
<token_anchor t_id="954"/>
</EVENT_MENTION>
<EVENT_MENTION m_id="96" factuality="" modality="" pred="" pos="" aspect="" certainty="" comment="" class="MENTAL" tense="" polarity=""  >
<token_anchor t_id="606"/>
</EVENT_MENTION>


</Markables>

<Relations>
</Relations>
</Document>
