<Document doc_name="Retirement_Of_Sir_George_Murray.txt">
<token t_id="1" sentence="0" number="0">Wednesday</token>
<token t_id="2" sentence="0" number="1">,</token>
<token t_id="3" sentence="0" number="2">Jul</token>
<token t_id="4" sentence="0" number="3">12</token>
<token t_id="5" sentence="0" number="4">,</token>
<token t_id="6" sentence="0" number="5">1911</token>
<token t_id="7" sentence="1" number="6">RETIREMENT</token>
<token t_id="8" sentence="1" number="7">OF</token>
<token t_id="9" sentence="1" number="8">SIR</token>
<token t_id="10" sentence="1" number="9">GEORGE</token>
<token t_id="11" sentence="1" number="10">MURRAY</token>
<token t_id="12" sentence="2" number="11">We</token>
<token t_id="13" sentence="2" number="12">understand</token>
<token t_id="14" sentence="2" number="13">that</token>
<token t_id="15" sentence="2" number="14">Sir</token>
<token t_id="16" sentence="2" number="15">George</token>
<token t_id="17" sentence="2" number="16">Murray</token>
<token t_id="18" sentence="2" number="17">,</token>
<token t_id="19" sentence="2" number="18">Permanent</token>
<token t_id="20" sentence="2" number="19">Secretary</token>
<token t_id="21" sentence="2" number="20">of</token>
<token t_id="22" sentence="2" number="21">the</token>
<token t_id="23" sentence="2" number="22">Treasury</token>
<token t_id="24" sentence="2" number="23">,</token>
<token t_id="25" sentence="2" number="24">is</token>
<token t_id="26" sentence="2" number="25">retiring</token>
<token t_id="27" sentence="2" number="26">in</token>
<token t_id="28" sentence="2" number="27">the</token>
<token t_id="29" sentence="2" number="28">course</token>
<token t_id="30" sentence="2" number="29">of</token>
<token t_id="31" sentence="2" number="30">the</token>
<token t_id="32" sentence="2" number="31">current</token>
<token t_id="33" sentence="2" number="32">month</token>
<token t_id="34" sentence="2" number="33">.</token>
<token t_id="35" sentence="3" number="34">Although</token>
<token t_id="36" sentence="3" number="35">Sir</token>
<token t_id="37" sentence="3" number="36">George</token>
<token t_id="38" sentence="3" number="37">has</token>
<token t_id="39" sentence="3" number="38">not</token>
<token t_id="40" sentence="3" number="39">reached</token>
<token t_id="41" sentence="3" number="40">the</token>
<token t_id="42" sentence="3" number="41">age</token>
<token t_id="43" sentence="3" number="42">of</token>
<token t_id="44" sentence="3" number="43">compulsory</token>
<token t_id="45" sentence="3" number="44">retirement</token>
<token t_id="46" sentence="3" number="45">,</token>
<token t_id="47" sentence="3" number="46">he</token>
<token t_id="48" sentence="3" number="47">has</token>
<token t_id="49" sentence="3" number="48">passed</token>
<token t_id="50" sentence="3" number="49">that</token>
<token t_id="51" sentence="3" number="50">at</token>
<token t_id="52" sentence="3" number="51">which</token>
<token t_id="53" sentence="3" number="52">retirement</token>
<token t_id="54" sentence="3" number="53">is</token>
<token t_id="55" sentence="3" number="54">optional</token>
<token t_id="56" sentence="3" number="55">.</token>
<token t_id="57" sentence="4" number="56">The</token>
<token t_id="58" sentence="4" number="57">Right</token>
<token t_id="59" sentence="4" number="58">Hon.</token>
<token t_id="60" sentence="4" number="59">Sir</token>
<token t_id="61" sentence="4" number="60">George</token>
<token t_id="62" sentence="4" number="61">Herbert</token>
<token t_id="63" sentence="4" number="62">Murray</token>
<token t_id="64" sentence="4" number="63">,</token>
<token t_id="65" sentence="4" number="64">G.C.B.</token>
<token t_id="66" sentence="4" number="65">,</token>
<token t_id="67" sentence="4" number="66">head</token>
<token t_id="68" sentence="4" number="67">of</token>
<token t_id="69" sentence="4" number="68">the</token>
<token t_id="70" sentence="4" number="69">Civil</token>
<token t_id="71" sentence="4" number="70">Service</token>
<token t_id="72" sentence="4" number="71">,</token>
<token t_id="73" sentence="4" number="72">retires</token>
<token t_id="74" sentence="4" number="73">at</token>
<token t_id="75" sentence="4" number="74">the</token>
<token t_id="76" sentence="4" number="75">age</token>
<token t_id="77" sentence="4" number="76">of</token>
<token t_id="78" sentence="4" number="77">62</token>
<token t_id="79" sentence="4" number="78">from</token>
<token t_id="80" sentence="4" number="79">the</token>
<token t_id="81" sentence="4" number="80">important</token>
<token t_id="82" sentence="4" number="81">and</token>
<token t_id="83" sentence="4" number="82">onerous</token>
<token t_id="84" sentence="4" number="83">post</token>
<token t_id="85" sentence="4" number="84">of</token>
<token t_id="86" sentence="4" number="85">Permanent</token>
<token t_id="87" sentence="4" number="86">Secretary</token>
<token t_id="88" sentence="4" number="87">of</token>
<token t_id="89" sentence="4" number="88">the</token>
<token t_id="90" sentence="4" number="89">Treasury</token>
<token t_id="91" sentence="4" number="90">.</token>
<token t_id="92" sentence="5" number="91">He</token>
<token t_id="93" sentence="5" number="92">is</token>
<token t_id="94" sentence="5" number="93">the</token>
<token t_id="95" sentence="5" number="94">grandson</token>
<token t_id="96" sentence="5" number="95">of</token>
<token t_id="97" sentence="5" number="96">Dr.</token>
<token t_id="98" sentence="5" number="97">Murray</token>
<token t_id="99" sentence="5" number="98">,</token>
<token t_id="100" sentence="5" number="99">the</token>
<token t_id="101" sentence="5" number="100">last</token>
<token t_id="102" sentence="5" number="101">Bishop</token>
<token t_id="103" sentence="5" number="102">of</token>
<token t_id="104" sentence="5" number="103">Sodor</token>
<token t_id="105" sentence="5" number="104">and</token>
<token t_id="106" sentence="5" number="105">Man</token>
<token t_id="107" sentence="5" number="106">appointed</token>
<token t_id="108" sentence="5" number="107">by</token>
<token t_id="109" sentence="5" number="108">his</token>
<token t_id="110" sentence="5" number="109">kinsman</token>
<token t_id="111" sentence="5" number="110">,</token>
<token t_id="112" sentence="5" number="111">the</token>
<token t_id="113" sentence="5" number="112">Duke</token>
<token t_id="114" sentence="5" number="113">of</token>
<token t_id="115" sentence="5" number="114">Atholl</token>
<token t_id="116" sentence="5" number="115">,</token>
<token t_id="117" sentence="5" number="116">Lord</token>
<token t_id="118" sentence="5" number="117">of</token>
<token t_id="119" sentence="5" number="118">Man</token>
<token t_id="120" sentence="5" number="119">.</token>
<token t_id="121" sentence="6" number="120">Sir</token>
<token t_id="122" sentence="6" number="121">George</token>
<token t_id="123" sentence="6" number="122">was</token>
<token t_id="124" sentence="6" number="123">in</token>
<token t_id="125" sentence="6" number="124">the</token>
<token t_id="126" sentence="6" number="125">first</token>
<token t_id="127" sentence="6" number="126">instance</token>
<token t_id="128" sentence="6" number="127">appointed</token>
<token t_id="129" sentence="6" number="128">a</token>
<token t_id="130" sentence="6" number="129">Clerk</token>
<token t_id="131" sentence="6" number="130">in</token>
<token t_id="132" sentence="6" number="131">the</token>
<token t_id="133" sentence="6" number="132">Foreign</token>
<token t_id="134" sentence="6" number="133">Office</token>
<token t_id="135" sentence="6" number="134">,</token>
<token t_id="136" sentence="6" number="135">but</token>
<token t_id="137" sentence="6" number="136">after</token>
<token t_id="138" sentence="6" number="137">a</token>
<token t_id="139" sentence="6" number="138">few</token>
<token t_id="140" sentence="6" number="139">years</token>
<token t_id="141" sentence="6" number="140">'</token>
<token t_id="142" sentence="6" number="141">service</token>
<token t_id="143" sentence="6" number="142">in</token>
<token t_id="144" sentence="6" number="143">that</token>
<token t_id="145" sentence="6" number="144">Department</token>
<token t_id="146" sentence="6" number="145">he</token>
<token t_id="147" sentence="6" number="146">was</token>
<token t_id="148" sentence="6" number="147">transferred</token>
<token t_id="149" sentence="6" number="148">to</token>
<token t_id="150" sentence="6" number="149">a</token>
<token t_id="151" sentence="6" number="150">clerkship</token>
<token t_id="152" sentence="6" number="151">in</token>
<token t_id="153" sentence="6" number="152">Treasury</token>
<token t_id="154" sentence="6" number="153">.</token>
<token t_id="155" sentence="7" number="154">He</token>
<token t_id="156" sentence="7" number="155">was</token>
<token t_id="157" sentence="7" number="156">private</token>
<token t_id="158" sentence="7" number="157">secretary</token>
<token t_id="159" sentence="7" number="158">to</token>
<token t_id="160" sentence="7" number="159">Mr.</token>
<token t_id="161" sentence="7" number="160">Gladstone</token>
<token t_id="162" sentence="7" number="161">,</token>
<token t_id="163" sentence="7" number="162">when</token>
<token t_id="164" sentence="7" number="163">Prime</token>
<token t_id="165" sentence="7" number="164">Minister</token>
<token t_id="166" sentence="7" number="165">from</token>
<token t_id="167" sentence="7" number="166">1892</token>
<token t_id="168" sentence="7" number="167">to</token>
<token t_id="169" sentence="7" number="168">1894</token>
<token t_id="170" sentence="7" number="169">,</token>
<token t_id="171" sentence="7" number="170">and</token>
<token t_id="172" sentence="7" number="171">to</token>
<token t_id="173" sentence="7" number="172">Lord</token>
<token t_id="174" sentence="7" number="173">Rosebery</token>
<token t_id="175" sentence="7" number="174">from</token>
<token t_id="176" sentence="7" number="175">Mr.</token>
<token t_id="177" sentence="7" number="176">Gladstone</token>
<token t_id="178" sentence="7" number="177">'s</token>
<token t_id="179" sentence="7" number="178">retirement</token>
<token t_id="180" sentence="7" number="179">in</token>
<token t_id="181" sentence="7" number="180">1894</token>
<token t_id="182" sentence="7" number="181">to</token>
<token t_id="183" sentence="7" number="182">the</token>
<token t_id="184" sentence="7" number="183">fall</token>
<token t_id="185" sentence="7" number="184">of</token>
<token t_id="186" sentence="7" number="185">the</token>
<token t_id="187" sentence="7" number="186">Rosebery</token>
<token t_id="188" sentence="7" number="187">Ministry</token>
<token t_id="189" sentence="7" number="188">in</token>
<token t_id="190" sentence="7" number="189">1895</token>
<token t_id="191" sentence="7" number="190">.</token>
<token t_id="192" sentence="8" number="191">He</token>
<token t_id="193" sentence="8" number="192">was</token>
<token t_id="194" sentence="8" number="193">Chairman</token>
<token t_id="195" sentence="8" number="194">of</token>
<token t_id="196" sentence="8" number="195">the</token>
<token t_id="197" sentence="8" number="196">Board</token>
<token t_id="198" sentence="8" number="197">of</token>
<token t_id="199" sentence="8" number="198">Inland</token>
<token t_id="200" sentence="8" number="199">Revenue</token>
<token t_id="201" sentence="8" number="200">,</token>
<token t_id="202" sentence="8" number="201">1897</token>
<token t_id="203" sentence="8" number="202">to</token>
<token t_id="204" sentence="8" number="203">1899</token>
<token t_id="205" sentence="8" number="204">,</token>
<token t_id="206" sentence="8" number="205">Secretary</token>
<token t_id="207" sentence="8" number="206">of</token>
<token t_id="208" sentence="8" number="207">the</token>
<token t_id="209" sentence="8" number="208">Post</token>
<token t_id="210" sentence="8" number="209">Office</token>
<token t_id="211" sentence="8" number="210">,</token>
<token t_id="212" sentence="8" number="211">1899</token>
<token t_id="213" sentence="8" number="212">to</token>
<token t_id="214" sentence="8" number="213">1903</token>
<token t_id="215" sentence="8" number="214">,</token>
<token t_id="216" sentence="8" number="215">and</token>
<token t_id="217" sentence="8" number="216">Permanent</token>
<token t_id="218" sentence="8" number="217">Secretary</token>
<token t_id="219" sentence="8" number="218">of</token>
<token t_id="220" sentence="8" number="219">the</token>
<token t_id="221" sentence="8" number="220">Treasury</token>
<token t_id="222" sentence="8" number="221">from</token>
<token t_id="223" sentence="8" number="222">1903</token>
<token t_id="224" sentence="8" number="223">.</token>
<token t_id="225" sentence="9" number="224">He</token>
<token t_id="226" sentence="9" number="225">was</token>
<token t_id="227" sentence="9" number="226">given</token>
<token t_id="228" sentence="9" number="227">the</token>
<token t_id="229" sentence="9" number="228">Grand</token>
<token t_id="230" sentence="9" number="229">Cross</token>
<token t_id="231" sentence="9" number="230">of</token>
<token t_id="232" sentence="9" number="231">the</token>
<token t_id="233" sentence="9" number="232">Bath</token>
<token t_id="234" sentence="9" number="233">in</token>
<token t_id="235" sentence="9" number="234">1908</token>
<token t_id="236" sentence="9" number="235">,</token>
<token t_id="237" sentence="9" number="236">and</token>
<token t_id="238" sentence="9" number="237">was</token>
<token t_id="239" sentence="9" number="238">sworn</token>
<token t_id="240" sentence="9" number="239">of</token>
<token t_id="241" sentence="9" number="240">the</token>
<token t_id="242" sentence="9" number="241">Privy</token>
<token t_id="243" sentence="9" number="242">Council</token>
<token t_id="244" sentence="9" number="243">in</token>
<token t_id="245" sentence="9" number="244">1910</token>
<token t_id="246" sentence="9" number="245">.</token>
<token t_id="247" sentence="10" number="246">Sir</token>
<token t_id="248" sentence="10" number="247">George</token>
<token t_id="249" sentence="10" number="248">had</token>
<token t_id="250" sentence="10" number="249">a</token>
<token t_id="251" sentence="10" number="250">great</token>
<token t_id="252" sentence="10" number="251">knowledge</token>
<token t_id="253" sentence="10" number="252">of</token>
<token t_id="254" sentence="10" number="253">the</token>
<token t_id="255" sentence="10" number="254">traditions</token>
<token t_id="256" sentence="10" number="255">of</token>
<token t_id="257" sentence="10" number="256">the</token>
<token t_id="258" sentence="10" number="257">public</token>
<token t_id="259" sentence="10" number="258">service</token>
<token t_id="260" sentence="10" number="259">invaluable</token>
<token t_id="261" sentence="10" number="260">to</token>
<token t_id="262" sentence="10" number="261">the</token>
<token t_id="263" sentence="10" number="262">holder</token>
<token t_id="264" sentence="10" number="263">of</token>
<token t_id="265" sentence="10" number="264">his</token>
<token t_id="266" sentence="10" number="265">post</token>
<token t_id="267" sentence="10" number="266">,</token>
<token t_id="268" sentence="10" number="267">and</token>
<token t_id="269" sentence="10" number="268">he</token>
<token t_id="270" sentence="10" number="269">has</token>
<token t_id="271" sentence="10" number="270">enjoyed</token>
<token t_id="272" sentence="10" number="271">in</token>
<token t_id="273" sentence="10" number="272">a</token>
<token t_id="274" sentence="10" number="273">singular</token>
<token t_id="275" sentence="10" number="274">degree</token>
<token t_id="276" sentence="10" number="275">the</token>
<token t_id="277" sentence="10" number="276">confidence</token>
<token t_id="278" sentence="10" number="277">of</token>
<token t_id="279" sentence="10" number="278">the</token>
<token t_id="280" sentence="10" number="279">chiefs</token>
<token t_id="281" sentence="10" number="280">under</token>
<token t_id="282" sentence="10" number="281">whom</token>
<token t_id="283" sentence="10" number="282">he</token>
<token t_id="284" sentence="10" number="283">has</token>
<token t_id="285" sentence="10" number="284">served</token>
<token t_id="286" sentence="10" number="285">—</token>
<token t_id="287" sentence="10" number="286">a</token>
<token t_id="288" sentence="10" number="287">merited</token>
<token t_id="289" sentence="10" number="288">confidence</token>
<token t_id="290" sentence="10" number="289">,</token>
<token t_id="291" sentence="10" number="290">as</token>
<token t_id="292" sentence="10" number="291">he</token>
<token t_id="293" sentence="10" number="292">belonged</token>
<token t_id="294" sentence="10" number="293">to</token>
<token t_id="295" sentence="10" number="294">the</token>
<token t_id="296" sentence="10" number="295">old</token>
<token t_id="297" sentence="10" number="296">school</token>
<token t_id="298" sentence="10" number="297">of</token>
<token t_id="299" sentence="10" number="298">Civil</token>
<token t_id="300" sentence="10" number="299">servants</token>
<token t_id="301" sentence="10" number="300">which</token>
<token t_id="302" sentence="10" number="301">,</token>
<token t_id="303" sentence="10" number="302">while</token>
<token t_id="304" sentence="10" number="303">rendering</token>
<token t_id="305" sentence="10" number="304">to</token>
<token t_id="306" sentence="10" number="305">its</token>
<token t_id="307" sentence="10" number="306">chiefs</token>
<token t_id="308" sentence="10" number="307">hearty</token>
<token t_id="309" sentence="10" number="308">assistance</token>
<token t_id="310" sentence="10" number="309">,</token>
<token t_id="311" sentence="10" number="310">effaced</token>
<token t_id="312" sentence="10" number="311">its</token>
<token t_id="313" sentence="10" number="312">own</token>
<token t_id="314" sentence="10" number="313">personality</token>
<token t_id="315" sentence="10" number="314">.</token>
<token t_id="316" sentence="11" number="315">Sir</token>
<token t_id="317" sentence="11" number="316">George</token>
<token t_id="318" sentence="11" number="317">wisely</token>
<token t_id="319" sentence="11" number="318">lays</token>
<token t_id="320" sentence="11" number="319">down</token>
<token t_id="321" sentence="11" number="320">the</token>
<token t_id="322" sentence="11" number="321">heavy</token>
<token t_id="323" sentence="11" number="322">routine</token>
<token t_id="324" sentence="11" number="323">work</token>
<token t_id="325" sentence="11" number="324">of</token>
<token t_id="326" sentence="11" number="325">office</token>
<token t_id="327" sentence="11" number="326">while</token>
<token t_id="328" sentence="11" number="327">"</token>
<token t_id="329" sentence="11" number="328">it</token>
<token t_id="330" sentence="11" number="329">is</token>
<token t_id="331" sentence="11" number="330">yet</token>
<token t_id="332" sentence="11" number="331">day</token>
<token t_id="333" sentence="11" number="332">,</token>
<token t_id="334" sentence="11" number="333">"</token>
<token t_id="335" sentence="11" number="334">but</token>
<token t_id="336" sentence="11" number="335">he</token>
<token t_id="337" sentence="11" number="336">is</token>
<token t_id="338" sentence="11" number="337">young</token>
<token t_id="339" sentence="11" number="338">enough</token>
<token t_id="340" sentence="11" number="339">to</token>
<token t_id="341" sentence="11" number="340">render</token>
<token t_id="342" sentence="11" number="341">good</token>
<token t_id="343" sentence="11" number="342">service</token>
<token t_id="344" sentence="11" number="343">to</token>
<token t_id="345" sentence="11" number="344">the</token>
<token t_id="346" sentence="11" number="345">State</token>
<token t_id="347" sentence="11" number="346">.</token>
<token t_id="348" sentence="12" number="347">He</token>
<token t_id="349" sentence="12" number="348">goes</token>
<token t_id="350" sentence="12" number="349">out</token>
<token t_id="351" sentence="12" number="350">now</token>
<token t_id="352" sentence="12" number="351">to</token>
<token t_id="353" sentence="12" number="352">South</token>
<token t_id="354" sentence="12" number="353">Africa</token>
<token t_id="355" sentence="12" number="354">as</token>
<token t_id="356" sentence="12" number="355">Chairman</token>
<token t_id="357" sentence="12" number="356">of</token>
<token t_id="358" sentence="12" number="357">the</token>
<token t_id="359" sentence="12" number="358">Commission</token>
<token t_id="360" sentence="12" number="359">which</token>
<token t_id="361" sentence="12" number="360">is</token>
<token t_id="362" sentence="12" number="361">about</token>
<token t_id="363" sentence="12" number="362">to</token>
<token t_id="364" sentence="12" number="363">adjust</token>
<token t_id="365" sentence="12" number="364">relations</token>
<token t_id="366" sentence="12" number="365">between</token>
<token t_id="367" sentence="12" number="366">the</token>
<token t_id="368" sentence="12" number="367">various</token>
<token t_id="369" sentence="12" number="368">States</token>
<token t_id="370" sentence="12" number="369">of</token>
<token t_id="371" sentence="12" number="370">the</token>
<token t_id="372" sentence="12" number="371">Commonwealth</token>
<token t_id="373" sentence="12" number="372">.</token>


<Markables>
<EVENT_MENTION m_id="33" factuality="" modality="" pred="" pos="" aspect="" certainty="" comment="" class="EXISTENCE-CAUSATION" tense="" polarity=""  >
<token_anchor t_id="361"/>
<token_anchor t_id="362"/>
</EVENT_MENTION>
<EVENT_MENTION m_id="1" factuality="" modality="" pred="" pos="" aspect="" certainty="" comment="" class="TRADE-WORK" tense="" polarity=""  >
<token_anchor t_id="7"/>
</EVENT_MENTION>
<EVENT_MENTION m_id="34" factuality="" modality="" pred="" pos="" aspect="" certainty="" comment="" class="TRADE-WORK" tense="" polarity=""  >
<token_anchor t_id="193"/>
<token_anchor t_id="206"/>
<token_anchor t_id="207"/>
<token_anchor t_id="208"/>
<token_anchor t_id="209"/>
<token_anchor t_id="210"/>
</EVENT_MENTION>
<EVENT_MENTION m_id="2" factuality="" modality="" pred="" pos="" aspect="" certainty="" comment="" class="MENTAL" tense="" polarity=""  >
<token_anchor t_id="13"/>
</EVENT_MENTION>
<EVENT_MENTION m_id="35" factuality="" modality="" pred="" pos="" aspect="" certainty="" comment="" class="TRADE-WORK" tense="" polarity=""  >
<token_anchor t_id="193"/>
<token_anchor t_id="217"/>
<token_anchor t_id="218"/>
<token_anchor t_id="219"/>
<token_anchor t_id="220"/>
<token_anchor t_id="221"/>
</EVENT_MENTION>
<EVENT_MENTION m_id="3" factuality="" modality="" pred="" pos="" aspect="" certainty="" comment="" class="TRADE-WORK" tense="" polarity=""  >
<token_anchor t_id="26"/>
</EVENT_MENTION>
<EVENT_MENTION m_id="36" factuality="" modality="" pred="" pos="" aspect="" certainty="" comment="" class="EMOTIONS-EVALUATIONS" tense="" polarity=""  >
<token_anchor t_id="288"/>
</EVENT_MENTION>
<EVENT_MENTION m_id="4" factuality="" modality="" pred="" pos="" aspect="" certainty="" comment="" class="SPACE-MOVEMENT" tense="" polarity=""  >
<token_anchor t_id="40"/>
</EVENT_MENTION>
<EVENT_MENTION m_id="5" factuality="" modality="" pred="" pos="" aspect="" certainty="" comment="" class="TRADE-WORK" tense="" polarity=""  >
<token_anchor t_id="45"/>
</EVENT_MENTION>
<EVENT_MENTION m_id="6" factuality="" modality="" pred="" pos="" aspect="" certainty="" comment="" class="SPACE-MOVEMENT" tense="" polarity=""  >
<token_anchor t_id="49"/>
</EVENT_MENTION>
<EVENT_MENTION m_id="7" factuality="" modality="" pred="" pos="" aspect="" certainty="" comment="" class="TRADE-WORK" tense="" polarity=""  >
<token_anchor t_id="53"/>
</EVENT_MENTION>
<EVENT_MENTION m_id="8" factuality="" modality="" pred="" pos="" aspect="" certainty="" comment="" class="MENTAL" tense="" polarity=""  >
<token_anchor t_id="54"/>
<token_anchor t_id="55"/>
</EVENT_MENTION>
<EVENT_MENTION m_id="9" factuality="" modality="" pred="" pos="" aspect="" certainty="" comment="" class="TRADE-WORK" tense="" polarity=""  >
<token_anchor t_id="73"/>
</EVENT_MENTION>
<EVENT_MENTION m_id="10" factuality="" modality="" pred="" pos="" aspect="" certainty="" comment="" class="SOCIAL" tense="" polarity=""  >
<token_anchor t_id="93"/>
<token_anchor t_id="94"/>
<token_anchor t_id="95"/>
</EVENT_MENTION>
<EVENT_MENTION m_id="11" factuality="" modality="" pred="" pos="" aspect="" certainty="" comment="" class="AUTHORITY-LAW" tense="" polarity=""  >
<token_anchor t_id="107"/>
</EVENT_MENTION>
<EVENT_MENTION m_id="12" factuality="" modality="" pred="" pos="" aspect="" certainty="" comment="" class="AUTHORITY-LAW" tense="" polarity=""  >
<token_anchor t_id="128"/>
</EVENT_MENTION>
<EVENT_MENTION m_id="13" factuality="" modality="" pred="" pos="" aspect="" certainty="" comment="" class="FAITH" tense="" polarity=""  >
<token_anchor t_id="142"/>
</EVENT_MENTION>
<EVENT_MENTION m_id="14" factuality="" modality="" pred="" pos="" aspect="" certainty="" comment="" class="SPACE-MOVEMENT" tense="" polarity=""  >
<token_anchor t_id="148"/>
</EVENT_MENTION>
<EVENT_MENTION m_id="15" factuality="" modality="" pred="" pos="" aspect="" certainty="" comment="" class="TRADE-WORK" tense="" polarity=""  >
<token_anchor t_id="156"/>
<token_anchor t_id="157"/>
<token_anchor t_id="158"/>
</EVENT_MENTION>
<EVENT_MENTION m_id="16" factuality="" modality="" pred="" pos="" aspect="" certainty="" comment="" class="TRADE-WORK" tense="" polarity=""  >
<token_anchor t_id="179"/>
</EVENT_MENTION>
<EVENT_MENTION m_id="17" factuality="" modality="" pred="" pos="" aspect="" certainty="" comment="" class="AUTHORITY-LAW" tense="" polarity=""  >
<token_anchor t_id="184"/>
</EVENT_MENTION>
<EVENT_MENTION m_id="18" factuality="" modality="" pred="" pos="" aspect="" certainty="" comment="" class="TRADE-WORK" tense="" polarity=""  >
<token_anchor t_id="193"/>
<token_anchor t_id="194"/>
</EVENT_MENTION>
<EVENT_MENTION m_id="19" factuality="" modality="" pred="" pos="" aspect="" certainty="" comment="" class="POSSESSION" tense="" polarity=""  >
<token_anchor t_id="227"/>
</EVENT_MENTION>
<EVENT_MENTION m_id="20" factuality="" modality="" pred="" pos="" aspect="" certainty="" comment="" class="COMMUNICATION" tense="" polarity=""  >
<token_anchor t_id="239"/>
</EVENT_MENTION>
<EVENT_MENTION m_id="21" factuality="" modality="" pred="" pos="" aspect="" certainty="" comment="" class="MENTAL" tense="" polarity=""  >
<token_anchor t_id="249"/>
<token_anchor t_id="252"/>
</EVENT_MENTION>
<EVENT_MENTION m_id="22" factuality="" modality="" pred="" pos="" aspect="" certainty="" comment="" class="EMOTIONS-EVALUATIONS" tense="" polarity=""  >
<token_anchor t_id="271"/>
</EVENT_MENTION>
<EVENT_MENTION m_id="23" factuality="" modality="" pred="" pos="" aspect="" certainty="" comment="" class="AUTHORITY-LAW" tense="" polarity=""  >
<token_anchor t_id="285"/>
</EVENT_MENTION>
<EVENT_MENTION m_id="24" factuality="" modality="" pred="" pos="" aspect="" certainty="" comment="" class="POSSESSION" tense="" polarity=""  >
<token_anchor t_id="293"/>
</EVENT_MENTION>
<EVENT_MENTION m_id="25" factuality="" modality="" pred="" pos="" aspect="" certainty="" comment="" class="MENTAL" tense="" polarity=""  >
<token_anchor t_id="311"/>
</EVENT_MENTION>
<EVENT_MENTION m_id="26" factuality="" modality="" pred="" pos="" aspect="" certainty="" comment="" class="GENERAL" tense="" polarity=""  >
<token_anchor t_id="304"/>
<token_anchor t_id="309"/>
</EVENT_MENTION>
<EVENT_MENTION m_id="27" factuality="" modality="" pred="" pos="" aspect="" certainty="" comment="" class="GENERAL" tense="" polarity=""  >
<token_anchor t_id="319"/>
<token_anchor t_id="320"/>
</EVENT_MENTION>
<EVENT_MENTION m_id="28" factuality="" modality="" pred="" pos="" aspect="" certainty="" comment="" class="TRADE-WORK" tense="" polarity=""  >
<token_anchor t_id="324"/>
</EVENT_MENTION>
<EVENT_MENTION m_id="29" factuality="" modality="" pred="" pos="" aspect="" certainty="" comment="" class="TIME" tense="" polarity=""  >
<token_anchor t_id="337"/>
<token_anchor t_id="338"/>
</EVENT_MENTION>
<EVENT_MENTION m_id="30" factuality="" modality="" pred="" pos="" aspect="" certainty="" comment="" class="GENERAL" tense="" polarity=""  >
<token_anchor t_id="341"/>
</EVENT_MENTION>
<EVENT_MENTION m_id="31" factuality="" modality="" pred="" pos="" aspect="" certainty="" comment="" class="SPACE-MOVEMENT" tense="" polarity=""  >
<token_anchor t_id="349"/>
<token_anchor t_id="350"/>
</EVENT_MENTION>
<EVENT_MENTION m_id="32" factuality="" modality="" pred="" pos="" aspect="" certainty="" comment="" class="GENERAL" tense="" polarity=""  >
<token_anchor t_id="364"/>
</EVENT_MENTION>


</Markables>

<Relations>
</Relations>
</Document>
