<Document doc_name="SEPTEMBER_MORN.txt">
<token t_id="1" sentence="0" number="0">Tuesday</token>
<token t_id="2" sentence="0" number="1">,</token>
<token t_id="3" sentence="0" number="2">3rd</token>
<token t_id="4" sentence="0" number="3">April</token>
<token t_id="5" sentence="0" number="4">,</token>
<token t_id="6" sentence="0" number="5">1917</token>
<token t_id="7" sentence="1" number="6">"</token>
<token t_id="8" sentence="1" number="7">SEPTEMBER</token>
<token t_id="9" sentence="1" number="8">MORN</token>
<token t_id="10" sentence="1" number="9">"</token>
<token t_id="11" sentence="1" number="10">CONTINUOUS</token>
<token t_id="12" sentence="1" number="11">RIOT</token>
<token t_id="13" sentence="1" number="12">OF</token>
<token t_id="14" sentence="1" number="13">MUSIC</token>
<token t_id="15" sentence="1" number="14">AND</token>
<token t_id="16" sentence="1" number="15">DANCING</token>
<token t_id="17" sentence="2" number="16">Comedy</token>
<token t_id="18" sentence="2" number="17">At</token>
<token t_id="19" sentence="2" number="18">Orpheum</token>
<token t_id="20" sentence="2" number="19">Is</token>
<token t_id="21" sentence="2" number="20">One</token>
<token t_id="22" sentence="2" number="21">of</token>
<token t_id="23" sentence="2" number="22">Funniest</token>
<token t_id="24" sentence="2" number="23">Ever</token>
<token t_id="25" sentence="2" number="24">Staged</token>
<token t_id="26" sentence="2" number="25">Here</token>
<token t_id="27" sentence="2" number="26">;</token>
<token t_id="28" sentence="2" number="27">Hilarious</token>
<token t_id="29" sentence="2" number="28">Performance</token>
<token t_id="30" sentence="2" number="29">Will</token>
<token t_id="31" sentence="2" number="30">Be</token>
<token t_id="32" sentence="2" number="31">Repeated</token>
<token t_id="33" sentence="2" number="32">Tonight</token>
<token t_id="34" sentence="2" number="33">.</token>
<token t_id="35" sentence="3" number="34">From</token>
<token t_id="36" sentence="3" number="35">the</token>
<token t_id="37" sentence="3" number="36">opening</token>
<token t_id="38" sentence="3" number="37">chorus</token>
<token t_id="39" sentence="3" number="38">to</token>
<token t_id="40" sentence="3" number="39">the</token>
<token t_id="41" sentence="3" number="40">grand</token>
<token t_id="42" sentence="3" number="41">finale</token>
<token t_id="43" sentence="3" number="42">,</token>
<token t_id="44" sentence="3" number="43">"</token>
<token t_id="45" sentence="3" number="44">Star</token>
<token t_id="46" sentence="3" number="45">Spangled</token>
<token t_id="47" sentence="3" number="46">Banner</token>
<token t_id="48" sentence="3" number="47">,</token>
<token t_id="49" sentence="3" number="48">"</token>
<token t_id="50" sentence="3" number="49">"</token>
<token t_id="51" sentence="3" number="50">September</token>
<token t_id="52" sentence="3" number="51">Morn</token>
<token t_id="53" sentence="3" number="52">,</token>
<token t_id="54" sentence="3" number="53">"</token>
<token t_id="55" sentence="3" number="54">the</token>
<token t_id="56" sentence="3" number="55">biggest</token>
<token t_id="57" sentence="3" number="56">fun</token>
<token t_id="58" sentence="3" number="57">festival</token>
<token t_id="59" sentence="3" number="58">with</token>
<token t_id="60" sentence="3" number="59">tunes</token>
<token t_id="61" sentence="3" number="60">and</token>
<token t_id="62" sentence="3" number="61">tangoes</token>
<token t_id="63" sentence="3" number="62">kept</token>
<token t_id="64" sentence="3" number="63">a</token>
<token t_id="65" sentence="3" number="64">big</token>
<token t_id="66" sentence="3" number="65">audience</token>
<token t_id="67" sentence="3" number="66">in</token>
<token t_id="68" sentence="3" number="67">a</token>
<token t_id="69" sentence="3" number="68">roar</token>
<token t_id="70" sentence="3" number="69">of</token>
<token t_id="71" sentence="3" number="70">laughter</token>
<token t_id="72" sentence="3" number="71">at</token>
<token t_id="73" sentence="3" number="72">the</token>
<token t_id="74" sentence="3" number="73">Orpheum</token>
<token t_id="75" sentence="3" number="74">theatre</token>
<token t_id="76" sentence="3" number="75">last</token>
<token t_id="77" sentence="3" number="76">night</token>
<token t_id="78" sentence="3" number="77">.</token>
<token t_id="79" sentence="4" number="78">There</token>
<token t_id="80" sentence="4" number="79">is</token>
<token t_id="81" sentence="4" number="80">just</token>
<token t_id="82" sentence="4" number="81">enough</token>
<token t_id="83" sentence="4" number="82">plot</token>
<token t_id="84" sentence="4" number="83">in</token>
<token t_id="85" sentence="4" number="84">"</token>
<token t_id="86" sentence="4" number="85">September</token>
<token t_id="87" sentence="4" number="86">Morn</token>
<token t_id="88" sentence="4" number="87">"</token>
<token t_id="89" sentence="4" number="88">to</token>
<token t_id="90" sentence="4" number="89">back</token>
<token t_id="91" sentence="4" number="90">up</token>
<token t_id="92" sentence="4" number="91">its</token>
<token t_id="93" sentence="4" number="92">name</token>
<token t_id="94" sentence="4" number="93">and</token>
<token t_id="95" sentence="4" number="94">prevent</token>
<token t_id="96" sentence="4" number="95">the</token>
<token t_id="97" sentence="4" number="96">show</token>
<token t_id="98" sentence="4" number="97">from</token>
<token t_id="99" sentence="4" number="98">resembling</token>
<token t_id="100" sentence="4" number="99">a</token>
<token t_id="101" sentence="4" number="100">cabaret</token>
<token t_id="102" sentence="4" number="101">program</token>
<token t_id="103" sentence="4" number="102">.</token>
<token t_id="104" sentence="5" number="103">But</token>
<token t_id="105" sentence="5" number="104">there</token>
<token t_id="106" sentence="5" number="105">are</token>
<token t_id="107" sentence="5" number="106">plenty</token>
<token t_id="108" sentence="5" number="107">of</token>
<token t_id="109" sentence="5" number="108">good</token>
<token t_id="110" sentence="5" number="109">congs</token>
<token t_id="111" sentence="5" number="110">,</token>
<token t_id="112" sentence="5" number="111">good</token>
<token t_id="113" sentence="5" number="112">singers</token>
<token t_id="114" sentence="5" number="113">and</token>
<token t_id="115" sentence="5" number="114">even</token>
<token t_id="116" sentence="5" number="115">better</token>
<token t_id="117" sentence="5" number="116">dancers</token>
<token t_id="118" sentence="5" number="117">,</token>
<token t_id="119" sentence="5" number="118">and</token>
<token t_id="120" sentence="5" number="119">altogether</token>
<token t_id="121" sentence="5" number="120">the</token>
<token t_id="122" sentence="5" number="121">show</token>
<token t_id="123" sentence="5" number="122">is</token>
<token t_id="124" sentence="5" number="123">one</token>
<token t_id="125" sentence="5" number="124">of</token>
<token t_id="126" sentence="5" number="125">the</token>
<token t_id="127" sentence="5" number="126">best</token>
<token t_id="128" sentence="5" number="127">that</token>
<token t_id="129" sentence="5" number="128">has</token>
<token t_id="130" sentence="5" number="129">come</token>
<token t_id="131" sentence="5" number="130">to</token>
<token t_id="132" sentence="5" number="131">Bisbee</token>
<token t_id="133" sentence="5" number="132">in</token>
<token t_id="134" sentence="5" number="133">many</token>
<token t_id="135" sentence="5" number="134">moons</token>
<token t_id="136" sentence="5" number="135">.</token>
<token t_id="137" sentence="6" number="136">Ruth</token>
<token t_id="138" sentence="6" number="137">Wilkins</token>
<token t_id="139" sentence="6" number="138">as</token>
<token t_id="140" sentence="6" number="139">"</token>
<token t_id="141" sentence="6" number="140">Argentina</token>
<token t_id="142" sentence="6" number="141">,</token>
<token t_id="143" sentence="6" number="142">the</token>
<token t_id="144" sentence="6" number="143">World</token>
<token t_id="145" sentence="6" number="144">'s</token>
<token t_id="146" sentence="6" number="145">Greatest</token>
<token t_id="147" sentence="6" number="146">Dancer</token>
<token t_id="148" sentence="6" number="147">,</token>
<token t_id="149" sentence="6" number="148">"</token>
<token t_id="150" sentence="6" number="149">and</token>
<token t_id="151" sentence="6" number="150">William</token>
<token t_id="152" sentence="6" number="151">Moore</token>
<token t_id="153" sentence="6" number="152">,</token>
<token t_id="154" sentence="6" number="153">as</token>
<token t_id="155" sentence="6" number="154">"</token>
<token t_id="156" sentence="6" number="155">Professor</token>
<token t_id="157" sentence="6" number="156">Plastric</token>
<token t_id="158" sentence="6" number="157">,</token>
<token t_id="159" sentence="6" number="158">"</token>
<token t_id="160" sentence="6" number="159">walked</token>
<token t_id="161" sentence="6" number="160">off</token>
<token t_id="162" sentence="6" number="161">the</token>
<token t_id="163" sentence="6" number="162">stage</token>
<token t_id="164" sentence="6" number="163">with</token>
<token t_id="165" sentence="6" number="164">most</token>
<token t_id="166" sentence="6" number="165">of</token>
<token t_id="167" sentence="6" number="166">the</token>
<token t_id="168" sentence="6" number="167">applause</token>
<token t_id="169" sentence="6" number="168">,</token>
<token t_id="170" sentence="6" number="169">although</token>
<token t_id="171" sentence="6" number="170">applause</token>
<token t_id="172" sentence="6" number="171">in</token>
<token t_id="173" sentence="6" number="172">great</token>
<token t_id="174" sentence="6" number="173">chunks</token>
<token t_id="175" sentence="6" number="174">was</token>
<token t_id="176" sentence="6" number="175">not</token>
<token t_id="177" sentence="6" number="176">lacking</token>
<token t_id="178" sentence="6" number="177">for</token>
<token t_id="179" sentence="6" number="178">any</token>
<token t_id="180" sentence="6" number="179">of</token>
<token t_id="181" sentence="6" number="180">the</token>
<token t_id="182" sentence="6" number="181">cast</token>
<token t_id="183" sentence="6" number="182">.</token>
<token t_id="184" sentence="7" number="183">Miss</token>
<token t_id="185" sentence="7" number="184">Wilkins</token>
<token t_id="186" sentence="7" number="185">'</token>
<token t_id="187" sentence="7" number="186">dancing</token>
<token t_id="188" sentence="7" number="187">was</token>
<token t_id="189" sentence="7" number="188">graceful</token>
<token t_id="190" sentence="7" number="189">,</token>
<token t_id="191" sentence="7" number="190">rythmical</token>
<token t_id="192" sentence="7" number="191">and</token>
<token t_id="193" sentence="7" number="192">thoroughly</token>
<token t_id="194" sentence="7" number="193">enjoyable</token>
<token t_id="195" sentence="7" number="194">.</token>
<token t_id="196" sentence="8" number="195">Moore</token>
<token t_id="197" sentence="8" number="196">proved</token>
<token t_id="198" sentence="8" number="197">to</token>
<token t_id="199" sentence="8" number="198">be</token>
<token t_id="200" sentence="8" number="199">about</token>
<token t_id="201" sentence="8" number="200">the</token>
<token t_id="202" sentence="8" number="201">best</token>
<token t_id="203" sentence="8" number="202">"</token>
<token t_id="204" sentence="8" number="203">squirrel-food</token>
<token t_id="205" sentence="8" number="204">comedian</token>
<token t_id="206" sentence="8" number="205">"</token>
<token t_id="207" sentence="8" number="206">ever</token>
<token t_id="208" sentence="8" number="207">seen</token>
<token t_id="209" sentence="8" number="208">cavorting</token>
<token t_id="210" sentence="8" number="209">behind</token>
<token t_id="211" sentence="8" number="210">local</token>
<token t_id="212" sentence="8" number="211">footlights</token>
<token t_id="213" sentence="8" number="212">.</token>
<token t_id="214" sentence="9" number="213">Billy</token>
<token t_id="215" sentence="9" number="214">Murphy</token>
<token t_id="216" sentence="9" number="215">'s</token>
<token t_id="217" sentence="9" number="216">eccentric</token>
<token t_id="218" sentence="9" number="217">dancing</token>
<token t_id="219" sentence="9" number="218">was</token>
<token t_id="220" sentence="9" number="219">as</token>
<token t_id="221" sentence="9" number="220">clever</token>
<token t_id="222" sentence="9" number="221">as</token>
<token t_id="223" sentence="9" number="222">it</token>
<token t_id="224" sentence="9" number="223">was</token>
<token t_id="225" sentence="9" number="224">ridiculous</token>
<token t_id="226" sentence="9" number="225">,</token>
<token t_id="227" sentence="9" number="226">and</token>
<token t_id="228" sentence="9" number="227">that</token>
<token t_id="229" sentence="9" number="228">is</token>
<token t_id="230" sentence="9" number="229">saying</token>
<token t_id="231" sentence="9" number="230">a</token>
<token t_id="232" sentence="9" number="231">good</token>
<token t_id="233" sentence="9" number="232">deal</token>
<token t_id="234" sentence="9" number="233">,</token>
<token t_id="235" sentence="9" number="234">for</token>
<token t_id="236" sentence="9" number="235">his</token>
<token t_id="237" sentence="9" number="236">every</token>
<token t_id="238" sentence="9" number="237">movement</token>
<token t_id="239" sentence="9" number="238">resembled</token>
<token t_id="240" sentence="9" number="239">that</token>
<token t_id="241" sentence="9" number="240">of</token>
<token t_id="242" sentence="9" number="241">a</token>
<token t_id="243" sentence="9" number="242">lunatic</token>
<token t_id="244" sentence="9" number="243">suffering</token>
<token t_id="245" sentence="9" number="244">from</token>
<token t_id="246" sentence="9" number="245">St.</token>
<token t_id="247" sentence="9" number="246">Vitus</token>
<token t_id="248" sentence="9" number="247">dance</token>
<token t_id="249" sentence="9" number="248">and</token>
<token t_id="250" sentence="9" number="249">epileptic</token>
<token t_id="251" sentence="9" number="250">fits</token>
<token t_id="252" sentence="9" number="251">.</token>
<token t_id="253" sentence="10" number="252">The</token>
<token t_id="254" sentence="10" number="253">ballroom</token>
<token t_id="255" sentence="10" number="254">dances</token>
<token t_id="256" sentence="10" number="255">by</token>
<token t_id="257" sentence="10" number="256">Leslie</token>
<token t_id="258" sentence="10" number="257">Jones</token>
<token t_id="259" sentence="10" number="258">and</token>
<token t_id="260" sentence="10" number="259">Miss</token>
<token t_id="261" sentence="10" number="260">Wilkins</token>
<token t_id="262" sentence="10" number="261">were</token>
<token t_id="263" sentence="10" number="262">also</token>
<token t_id="264" sentence="10" number="263">unusually</token>
<token t_id="265" sentence="10" number="264">good</token>
<token t_id="266" sentence="10" number="265">.</token>
<token t_id="267" sentence="11" number="266">"</token>
<token t_id="268" sentence="11" number="267">September</token>
<token t_id="269" sentence="11" number="268">Morn</token>
<token t_id="270" sentence="11" number="269">"</token>
<token t_id="271" sentence="11" number="270">is</token>
<token t_id="272" sentence="11" number="271">just</token>
<token t_id="273" sentence="11" number="272">one</token>
<token t_id="274" sentence="11" number="273">long</token>
<token t_id="275" sentence="11" number="274">joyous</token>
<token t_id="276" sentence="11" number="275">riot</token>
<token t_id="277" sentence="11" number="276">of</token>
<token t_id="278" sentence="11" number="277">fun</token>
<token t_id="279" sentence="11" number="278">,</token>
<token t_id="280" sentence="11" number="279">music</token>
<token t_id="281" sentence="11" number="280">and</token>
<token t_id="282" sentence="11" number="281">dancing</token>
<token t_id="283" sentence="11" number="282">.</token>
<token t_id="284" sentence="12" number="283">There</token>
<token t_id="285" sentence="12" number="284">is</token>
<token t_id="286" sentence="12" number="285">not</token>
<token t_id="287" sentence="12" number="286">a</token>
<token t_id="288" sentence="12" number="287">week</token>
<token t_id="289" sentence="12" number="288">spot</token>
<token t_id="290" sentence="12" number="289">in</token>
<token t_id="291" sentence="12" number="290">the</token>
<token t_id="292" sentence="12" number="291">cast</token>
<token t_id="293" sentence="12" number="292">and</token>
<token t_id="294" sentence="12" number="293">if</token>
<token t_id="295" sentence="12" number="294">a</token>
<token t_id="296" sentence="12" number="295">better</token>
<token t_id="297" sentence="12" number="296">musical</token>
<token t_id="298" sentence="12" number="297">snow</token>
<token t_id="299" sentence="12" number="298">appears</token>
<token t_id="300" sentence="12" number="299">in</token>
<token t_id="301" sentence="12" number="300">Bisbee</token>
<token t_id="302" sentence="12" number="301">this</token>
<token t_id="303" sentence="12" number="302">season</token>
<token t_id="304" sentence="12" number="303">it</token>
<token t_id="305" sentence="12" number="304">will</token>
<token t_id="306" sentence="12" number="305">be</token>
<token t_id="307" sentence="12" number="306">a</token>
<token t_id="308" sentence="12" number="307">surprise</token>
<token t_id="309" sentence="12" number="308">to</token>
<token t_id="310" sentence="12" number="309">everyone</token>
<token t_id="311" sentence="12" number="310">who</token>
<token t_id="312" sentence="12" number="311">was</token>
<token t_id="313" sentence="12" number="312">at</token>
<token t_id="314" sentence="12" number="313">the</token>
<token t_id="315" sentence="12" number="314">Orpheum</token>
<token t_id="316" sentence="12" number="315">last</token>
<token t_id="317" sentence="12" number="316">night</token>
<token t_id="318" sentence="12" number="317">.</token>
<token t_id="319" sentence="13" number="318">"</token>
<token t_id="320" sentence="13" number="319">September</token>
<token t_id="321" sentence="13" number="320">Morn</token>
<token t_id="322" sentence="13" number="321">"</token>
<token t_id="323" sentence="13" number="322">will</token>
<token t_id="324" sentence="13" number="323">be</token>
<token t_id="325" sentence="13" number="324">repeated</token>
<token t_id="326" sentence="13" number="325">tonight</token>
<token t_id="327" sentence="13" number="326">.</token>
<token t_id="328" sentence="14" number="327">And</token>
<token t_id="329" sentence="14" number="328">—</token>
<token t_id="330" sentence="14" number="329">just</token>
<token t_id="331" sentence="14" number="330">a</token>
<token t_id="332" sentence="14" number="331">suggestion</token>
<token t_id="333" sentence="14" number="332">:</token>
<token t_id="334" sentence="14" number="333">It</token>
<token t_id="335" sentence="14" number="334">would</token>
<token t_id="336" sentence="14" number="335">not</token>
<token t_id="337" sentence="14" number="336">seem</token>
<token t_id="338" sentence="14" number="337">entirely</token>
<token t_id="339" sentence="14" number="338">out</token>
<token t_id="340" sentence="14" number="339">of</token>
<token t_id="341" sentence="14" number="340">the</token>
<token t_id="342" sentence="14" number="341">way</token>
<token t_id="343" sentence="14" number="342">,</token>
<token t_id="344" sentence="14" number="343">during</token>
<token t_id="345" sentence="14" number="344">this</token>
<token t_id="346" sentence="14" number="345">critical</token>
<token t_id="347" sentence="14" number="346">time</token>
<token t_id="348" sentence="14" number="347">,</token>
<token t_id="349" sentence="14" number="348">if</token>
<token t_id="350" sentence="14" number="349">the</token>
<token t_id="351" sentence="14" number="350">entire</token>
<token t_id="352" sentence="14" number="351">audience</token>
<token t_id="353" sentence="14" number="352">would</token>
<token t_id="354" sentence="14" number="353">remain</token>
<token t_id="355" sentence="14" number="354">standing</token>
<token t_id="356" sentence="14" number="355">during</token>
<token t_id="357" sentence="14" number="356">the</token>
<token t_id="358" sentence="14" number="357">singing</token>
<token t_id="359" sentence="14" number="358">of</token>
<token t_id="360" sentence="14" number="359">the</token>
<token t_id="361" sentence="14" number="360">"</token>
<token t_id="362" sentence="14" number="361">Star</token>
<token t_id="363" sentence="14" number="362">Spangled</token>
<token t_id="364" sentence="14" number="363">Banner</token>
<token t_id="365" sentence="14" number="364">,</token>
<token t_id="366" sentence="14" number="365">"</token>
<token t_id="367" sentence="14" number="366">at</token>
<token t_id="368" sentence="14" number="367">the</token>
<token t_id="369" sentence="14" number="368">close</token>
<token t_id="370" sentence="14" number="369">of</token>
<token t_id="371" sentence="14" number="370">the</token>
<token t_id="372" sentence="14" number="371">show</token>
<token t_id="373" sentence="14" number="372">,</token>
<token t_id="374" sentence="14" number="373">instead</token>
<token t_id="375" sentence="14" number="374">of</token>
<token t_id="376" sentence="14" number="375">breaking</token>
<token t_id="377" sentence="14" number="376">for</token>
<token t_id="378" sentence="14" number="377">the</token>
<token t_id="379" sentence="14" number="378">doors</token>
<token t_id="380" sentence="14" number="379">in</token>
<token t_id="381" sentence="14" number="380">a</token>
<token t_id="382" sentence="14" number="381">manner</token>
<token t_id="383" sentence="14" number="382">that</token>
<token t_id="384" sentence="14" number="383">would</token>
<token t_id="385" sentence="14" number="384">indicate</token>
<token t_id="386" sentence="14" number="385">that</token>
<token t_id="387" sentence="14" number="386">there</token>
<token t_id="388" sentence="14" number="387">is</token>
<token t_id="389" sentence="14" number="388">little</token>
<token t_id="390" sentence="14" number="389">respect</token>
<token t_id="391" sentence="14" number="390">for</token>
<token t_id="392" sentence="14" number="391">the</token>
<token t_id="393" sentence="14" number="392">national</token>
<token t_id="394" sentence="14" number="393">anthem</token>
<token t_id="395" sentence="14" number="394">in</token>
<token t_id="396" sentence="14" number="395">Bisbee</token>
<token t_id="397" sentence="14" number="396">.</token>


<Markables>
<EVENT_MENTION m_id="33" factuality="" modality="" pred="" pos="" aspect="" certainty="" comment="" class="LIFE-HEALTH" tense="" polarity=""  >
<token_anchor t_id="250"/>
</EVENT_MENTION>
<EVENT_MENTION m_id="1" factuality="" modality="" pred="" pos="" aspect="" certainty="" comment="" class="HOSTILITY" tense="" polarity=""  >
<token_anchor t_id="12"/>
</EVENT_MENTION>
<EVENT_MENTION m_id="34" factuality="" modality="" pred="" pos="" aspect="" certainty="" comment="" class="ENTERTAINMENT-ART" tense="" polarity=""  >
<token_anchor t_id="255"/>
</EVENT_MENTION>
<EVENT_MENTION m_id="2" factuality="" modality="" pred="" pos="" aspect="" certainty="" comment="" class="ENTERTAINMENT-ART" tense="" polarity=""  >
<token_anchor t_id="16"/>
</EVENT_MENTION>
<EVENT_MENTION m_id="35" factuality="" modality="" pred="" pos="" aspect="" certainty="" comment="" class="EMOTIONS-EVALUATIONS" tense="" polarity=""  >
<token_anchor t_id="262"/>
<token_anchor t_id="263"/>
<token_anchor t_id="264"/>
<token_anchor t_id="265"/>
</EVENT_MENTION>
<EVENT_MENTION m_id="3" factuality="" modality="" pred="" pos="" aspect="" certainty="" comment="" class="EMOTIONS-EVALUATIONS" tense="" polarity=""  >
<token_anchor t_id="20"/>
<token_anchor t_id="21"/>
<token_anchor t_id="22"/>
<token_anchor t_id="23"/>
</EVENT_MENTION>
<EVENT_MENTION m_id="36" factuality="" modality="" pred="" pos="" aspect="" certainty="" comment="" class="HOSTILITY" tense="" polarity=""  >
<token_anchor t_id="271"/>
<token_anchor t_id="272"/>
<token_anchor t_id="273"/>
<token_anchor t_id="274"/>
<token_anchor t_id="275"/>
<token_anchor t_id="276"/>
</EVENT_MENTION>
<EVENT_MENTION m_id="4" factuality="" modality="" pred="" pos="" aspect="" certainty="" comment="" class="ENTERTAINMENT-ART" tense="" polarity=""  >
<token_anchor t_id="25"/>
</EVENT_MENTION>
<EVENT_MENTION m_id="37" factuality="" modality="" pred="" pos="" aspect="" certainty="" comment="" class="EMOTIONS-EVALUATIONS" tense="" polarity=""  >
<token_anchor t_id="278"/>
</EVENT_MENTION>
<EVENT_MENTION m_id="5" factuality="" modality="" pred="" pos="" aspect="" certainty="" comment="" class="ENTERTAINMENT-ART" tense="" polarity=""  >
<token_anchor t_id="29"/>
</EVENT_MENTION>
<EVENT_MENTION m_id="38" factuality="" modality="" pred="" pos="" aspect="" certainty="" comment="" class="ENTERTAINMENT-ART" tense="" polarity=""  >
<token_anchor t_id="282"/>
</EVENT_MENTION>
<EVENT_MENTION m_id="6" factuality="" modality="" pred="" pos="" aspect="" certainty="" comment="" class="TIME" tense="" polarity=""  >
<token_anchor t_id="32"/>
</EVENT_MENTION>
<EVENT_MENTION m_id="39" factuality="" modality="" pred="" pos="" aspect="" certainty="" comment="" class="EXISTENCE-CAUSATION" tense="" polarity=""  >
<token_anchor t_id="285"/>
</EVENT_MENTION>
<EVENT_MENTION m_id="7" factuality="" modality="" pred="" pos="" aspect="" certainty="" comment="" class="GENERAL" tense="" polarity=""  >
<token_anchor t_id="37"/>
</EVENT_MENTION>
<EVENT_MENTION m_id="40" factuality="" modality="" pred="" pos="" aspect="" certainty="" comment="" class="PHYSICAL SENSATIONS" tense="" polarity=""  >
<token_anchor t_id="299"/>
</EVENT_MENTION>
<EVENT_MENTION m_id="8" factuality="" modality="" pred="" pos="" aspect="" certainty="" comment="" class="ENTERTAINMENT-ART" tense="" polarity=""  >
<token_anchor t_id="58"/>
</EVENT_MENTION>
<EVENT_MENTION m_id="41" factuality="" modality="" pred="" pos="" aspect="" certainty="" comment="" class="MENTAL" tense="" polarity=""  >
<token_anchor t_id="306"/>
<token_anchor t_id="307"/>
<token_anchor t_id="308"/>
</EVENT_MENTION>
<EVENT_MENTION m_id="9" factuality="" modality="" pred="" pos="" aspect="" certainty="" comment="" class="EMOTIONS-EVALUATIONS" tense="" polarity=""  >
<token_anchor t_id="71"/>
</EVENT_MENTION>
<EVENT_MENTION m_id="42" factuality="" modality="" pred="" pos="" aspect="" certainty="" comment="" class="EXISTENCE-CAUSATION" tense="" polarity=""  >
<token_anchor t_id="312"/>
</EVENT_MENTION>
<EVENT_MENTION m_id="10" factuality="" modality="" pred="" pos="" aspect="" certainty="" comment="" class="EXISTENCE-CAUSATION" tense="" polarity=""  >
<token_anchor t_id="80"/>
</EVENT_MENTION>
<EVENT_MENTION m_id="43" factuality="" modality="" pred="" pos="" aspect="" certainty="" comment="" class="TIME" tense="" polarity=""  >
<token_anchor t_id="325"/>
</EVENT_MENTION>
<EVENT_MENTION m_id="11" factuality="" modality="" pred="" pos="" aspect="" certainty="" comment="" class="MENTAL" tense="" polarity=""  >
<token_anchor t_id="90"/>
<token_anchor t_id="91"/>
</EVENT_MENTION>
<EVENT_MENTION m_id="44" factuality="" modality="" pred="" pos="" aspect="" certainty="" comment="" class="SPACE-MOVEMENT" tense="" polarity=""  >
<token_anchor t_id="354"/>
</EVENT_MENTION>
<EVENT_MENTION m_id="12" factuality="" modality="" pred="" pos="" aspect="" certainty="" comment="" class="MENTAL" tense="" polarity=""  >
<token_anchor t_id="95"/>
</EVENT_MENTION>
<EVENT_MENTION m_id="45" factuality="" modality="" pred="" pos="" aspect="" certainty="" comment="" class="SPACE-MOVEMENT" tense="" polarity=""  >
<token_anchor t_id="355"/>
</EVENT_MENTION>
<EVENT_MENTION m_id="13" factuality="" modality="" pred="" pos="" aspect="" certainty="" comment="" class="ENTERTAINMENT-ART" tense="" polarity=""  >
<token_anchor t_id="97"/>
</EVENT_MENTION>
<EVENT_MENTION m_id="46" factuality="" modality="" pred="" pos="" aspect="" certainty="" comment="" class="ENTERTAINMENT-ART" tense="" polarity=""  >
<token_anchor t_id="358"/>
</EVENT_MENTION>
<EVENT_MENTION m_id="14" factuality="" modality="" pred="" pos="" aspect="" certainty="" comment="" class="MENTAL" tense="" polarity=""  >
<token_anchor t_id="99"/>
</EVENT_MENTION>
<EVENT_MENTION m_id="47" factuality="" modality="" pred="" pos="" aspect="" certainty="" comment="" class="GENERAL" tense="" polarity=""  >
<token_anchor t_id="369"/>
</EVENT_MENTION>
<EVENT_MENTION m_id="15" factuality="" modality="" pred="" pos="" aspect="" certainty="" comment="" class="EXISTENCE-CAUSATION" tense="" polarity=""  >
<token_anchor t_id="106"/>
</EVENT_MENTION>
<EVENT_MENTION m_id="48" factuality="" modality="" pred="" pos="" aspect="" certainty="" comment="" class="ENTERTAINMENT-ART" tense="" polarity=""  >
<token_anchor t_id="372"/>
</EVENT_MENTION>
<EVENT_MENTION m_id="16" factuality="" modality="" pred="" pos="" aspect="" certainty="" comment="" class="ENTERTAINMENT-ART" tense="" polarity=""  >
<token_anchor t_id="122"/>
</EVENT_MENTION>
<EVENT_MENTION m_id="49" factuality="" modality="" pred="" pos="" aspect="" certainty="" comment="" class="MENTAL" tense="" polarity=""  >
<token_anchor t_id="337"/>
<token_anchor t_id="339"/>
<token_anchor t_id="340"/>
<token_anchor t_id="341"/>
<token_anchor t_id="342"/>
</EVENT_MENTION>
<EVENT_MENTION m_id="17" factuality="" modality="" pred="" pos="" aspect="" certainty="" comment="" class="EMOTIONS-EVALUATIONS" tense="" polarity=""  >
<token_anchor t_id="123"/>
<token_anchor t_id="124"/>
<token_anchor t_id="125"/>
<token_anchor t_id="126"/>
<token_anchor t_id="127"/>
</EVENT_MENTION>
<EVENT_MENTION m_id="50" factuality="" modality="" pred="" pos="" aspect="" certainty="" comment="" class="SPACE-MOVEMENT" tense="" polarity=""  >
<token_anchor t_id="376"/>
<token_anchor t_id="377"/>
</EVENT_MENTION>
<EVENT_MENTION m_id="18" factuality="" modality="" pred="" pos="" aspect="" certainty="" comment="" class="SPACE-MOVEMENT" tense="" polarity=""  >
<token_anchor t_id="130"/>
</EVENT_MENTION>
<EVENT_MENTION m_id="51" factuality="" modality="" pred="" pos="" aspect="" certainty="" comment="" class="PHYSICAL SENSATIONS" tense="" polarity=""  >
<token_anchor t_id="385"/>
</EVENT_MENTION>
<EVENT_MENTION m_id="19" factuality="" modality="" pred="" pos="" aspect="" certainty="" comment="" class="SPACE-MOVEMENT" tense="" polarity=""  >
<token_anchor t_id="160"/>
<token_anchor t_id="161"/>
</EVENT_MENTION>
<EVENT_MENTION m_id="20" factuality="" modality="" pred="" pos="" aspect="" certainty="" comment="" class="POSSESSION" tense="" polarity=""  >
<token_anchor t_id="177"/>
</EVENT_MENTION>
<EVENT_MENTION m_id="52" factuality="" modality="" pred="" pos="" aspect="" certainty="" comment="" class="EXISTENCE-CAUSATION" tense="" polarity=""  >
<token_anchor t_id="388"/>
</EVENT_MENTION>
<EVENT_MENTION m_id="21" factuality="" modality="" pred="" pos="" aspect="" certainty="" comment="" class="ENTERTAINMENT-ART" tense="" polarity=""  >
<token_anchor t_id="187"/>
</EVENT_MENTION>
<EVENT_MENTION m_id="53" factuality="" modality="" pred="" pos="" aspect="" certainty="" comment="" class="SPACE-MOVEMENT" tense="" polarity=""  >
<token_anchor t_id="63"/>
</EVENT_MENTION>
<EVENT_MENTION m_id="22" factuality="" modality="" pred="" pos="" aspect="" certainty="" comment="" class="EMOTIONS-EVALUATIONS" tense="" polarity=""  >
<token_anchor t_id="188"/>
<token_anchor t_id="189"/>
<token_anchor t_id="190"/>
<token_anchor t_id="191"/>
<token_anchor t_id="192"/>
<token_anchor t_id="193"/>
<token_anchor t_id="194"/>
</EVENT_MENTION>
<EVENT_MENTION m_id="54" factuality="" modality="" pred="" pos="" aspect="" certainty="" comment="" class="EMOTIONS-EVALUATIONS" tense="" polarity=""  >
<token_anchor t_id="224"/>
<token_anchor t_id="225"/>
</EVENT_MENTION>
<EVENT_MENTION m_id="23" factuality="" modality="" pred="" pos="" aspect="" certainty="" comment="" class="MENTAL" tense="" polarity=""  >
<token_anchor t_id="197"/>
</EVENT_MENTION>
<EVENT_MENTION m_id="24" factuality="" modality="" pred="" pos="" aspect="" certainty="" comment="" class="ENTERTAINMENT-ART" tense="" polarity=""  >
<token_anchor t_id="199"/>
<token_anchor t_id="205"/>
</EVENT_MENTION>
<EVENT_MENTION m_id="25" factuality="" modality="" pred="" pos="" aspect="" certainty="" comment="" class="PHYSICAL SENSATIONS" tense="" polarity=""  >
<token_anchor t_id="208"/>
</EVENT_MENTION>
<EVENT_MENTION m_id="26" factuality="" modality="" pred="" pos="" aspect="" certainty="" comment="" class="SPACE-MOVEMENT" tense="" polarity=""  >
<token_anchor t_id="209"/>
</EVENT_MENTION>
<EVENT_MENTION m_id="27" factuality="" modality="" pred="" pos="" aspect="" certainty="" comment="" class="ENTERTAINMENT-ART" tense="" polarity=""  >
<token_anchor t_id="218"/>
</EVENT_MENTION>
<EVENT_MENTION m_id="28" factuality="" modality="" pred="" pos="" aspect="" certainty="" comment="" class="EMOTIONS-EVALUATIONS" tense="" polarity=""  >
<token_anchor t_id="219"/>
<token_anchor t_id="221"/>
</EVENT_MENTION>
<EVENT_MENTION m_id="29" factuality="" modality="" pred="" pos="" aspect="" certainty="" comment="" class="COMMUNICATION" tense="" polarity=""  >
<token_anchor t_id="230"/>
</EVENT_MENTION>
<EVENT_MENTION m_id="30" factuality="" modality="" pred="" pos="" aspect="" certainty="" comment="" class="SPACE-MOVEMENT" tense="" polarity=""  >
<token_anchor t_id="238"/>
</EVENT_MENTION>
<EVENT_MENTION m_id="31" factuality="" modality="" pred="" pos="" aspect="" certainty="" comment="" class="MENTAL" tense="" polarity=""  >
<token_anchor t_id="239"/>
</EVENT_MENTION>
<EVENT_MENTION m_id="32" factuality="" modality="" pred="" pos="" aspect="" certainty="" comment="" class="EMOTIONS-EVALUATIONS" tense="" polarity=""  >
<token_anchor t_id="244"/>
</EVENT_MENTION>


</Markables>

<Relations>
</Relations>
</Document>
