<Document doc_name="STORM_DAMAGE_ALONG_THE_MIDWAY.txt">
<token t_id="1" sentence="0" number="0">September</token>
<token t_id="2" sentence="0" number="1">23</token>
<token t_id="3" sentence="0" number="2">,</token>
<token t_id="4" sentence="0" number="3">1893</token>
<token t_id="5" sentence="1" number="4">STORM</token>
<token t_id="6" sentence="1" number="5">DAMAGE</token>
<token t_id="7" sentence="1" number="6">ALONG</token>
<token t_id="8" sentence="1" number="7">THE</token>
<token t_id="9" sentence="1" number="8">MIDWAY</token>
<token t_id="10" sentence="1" number="9">.</token>
<token t_id="11" sentence="2" number="10">Reckoning</token>
<token t_id="12" sentence="2" number="11">After</token>
<token t_id="13" sentence="2" number="12">the</token>
<token t_id="14" sentence="2" number="13">Tempest</token>
<token t_id="15" sentence="2" number="14">Shows</token>
<token t_id="16" sentence="2" number="15">Many</token>
<token t_id="17" sentence="2" number="16">Dilapidated</token>
<token t_id="18" sentence="2" number="17">Tents</token>
<token t_id="19" sentence="2" number="18">and</token>
<token t_id="20" sentence="2" number="19">Signs</token>
<token t_id="21" sentence="2" number="20">.</token>
<token t_id="22" sentence="3" number="21">The</token>
<token t_id="23" sentence="3" number="22">Storm</token>
<token t_id="24" sentence="3" number="23">of</token>
<token t_id="25" sentence="3" number="24">Thursday</token>
<token t_id="26" sentence="3" number="25">night</token>
<token t_id="27" sentence="3" number="26">was</token>
<token t_id="28" sentence="3" number="27">the</token>
<token t_id="29" sentence="3" number="28">most</token>
<token t_id="30" sentence="3" number="29">severe</token>
<token t_id="31" sentence="3" number="30">of</token>
<token t_id="32" sentence="3" number="31">the</token>
<token t_id="33" sentence="3" number="32">season</token>
<token t_id="34" sentence="3" number="33">,</token>
<token t_id="35" sentence="3" number="34">according</token>
<token t_id="36" sentence="3" number="35">to</token>
<token t_id="37" sentence="3" number="36">the</token>
<token t_id="38" sentence="3" number="37">automatic</token>
<token t_id="39" sentence="3" number="38">instruments</token>
<token t_id="40" sentence="3" number="39">at</token>
<token t_id="41" sentence="3" number="40">the</token>
<token t_id="42" sentence="3" number="41">Weather</token>
<token t_id="43" sentence="3" number="42">Bureau</token>
<token t_id="44" sentence="3" number="43">exhibit</token>
<token t_id="45" sentence="3" number="44">.</token>
<token t_id="46" sentence="4" number="45">Rain</token>
<token t_id="47" sentence="4" number="46">commenced</token>
<token t_id="48" sentence="4" number="47">falling</token>
<token t_id="49" sentence="4" number="48">at</token>
<token t_id="50" sentence="4" number="49">8:10</token>
<token t_id="51" sentence="4" number="50">p.m.</token>
<token t_id="52" sentence="4" number="51">,</token>
<token t_id="53" sentence="4" number="52">and</token>
<token t_id="54" sentence="4" number="53">between</token>
<token t_id="55" sentence="4" number="54">8:14</token>
<token t_id="56" sentence="4" number="55">and</token>
<token t_id="57" sentence="4" number="56">8:26</token>
<token t_id="58" sentence="4" number="57">one-fifth</token>
<token t_id="59" sentence="4" number="58">of</token>
<token t_id="60" sentence="4" number="59">an</token>
<token t_id="61" sentence="4" number="60">inch</token>
<token t_id="62" sentence="4" number="61">fell</token>
<token t_id="63" sentence="4" number="62">,</token>
<token t_id="64" sentence="4" number="63">being</token>
<token t_id="65" sentence="4" number="64">at</token>
<token t_id="66" sentence="4" number="65">the</token>
<token t_id="67" sentence="4" number="66">rate</token>
<token t_id="68" sentence="4" number="67">of</token>
<token t_id="69" sentence="4" number="68">2.50</token>
<token t_id="70" sentence="4" number="69">inches</token>
<token t_id="71" sentence="4" number="70">an</token>
<token t_id="72" sentence="4" number="71">hour</token>
<token t_id="73" sentence="4" number="72">,</token>
<token t_id="74" sentence="4" number="73">while</token>
<token t_id="75" sentence="4" number="74">from</token>
<token t_id="76" sentence="4" number="75">8:15</token>
<token t_id="77" sentence="4" number="76">to</token>
<token t_id="78" sentence="4" number="77">8:18</token>
<token t_id="79" sentence="4" number="78">it</token>
<token t_id="80" sentence="4" number="79">fell</token>
<token t_id="81" sentence="4" number="80">at</token>
<token t_id="82" sentence="4" number="81">the</token>
<token t_id="83" sentence="4" number="82">rate</token>
<token t_id="84" sentence="4" number="83">of</token>
<token t_id="85" sentence="4" number="84">six</token>
<token t_id="86" sentence="4" number="85">inches</token>
<token t_id="87" sentence="4" number="86">an</token>
<token t_id="88" sentence="4" number="87">hour</token>
<token t_id="89" sentence="4" number="88">.</token>
<token t_id="90" sentence="5" number="89">At</token>
<token t_id="91" sentence="5" number="90">8:10</token>
<token t_id="92" sentence="5" number="91">the</token>
<token t_id="93" sentence="5" number="92">wind</token>
<token t_id="94" sentence="5" number="93">blew</token>
<token t_id="95" sentence="5" number="94">at</token>
<token t_id="96" sentence="5" number="95">the</token>
<token t_id="97" sentence="5" number="96">rate</token>
<token t_id="98" sentence="5" number="97">of</token>
<token t_id="99" sentence="5" number="98">sixty-six</token>
<token t_id="100" sentence="5" number="99">miles</token>
<token t_id="101" sentence="5" number="100">an</token>
<token t_id="102" sentence="5" number="101">hour</token>
<token t_id="103" sentence="5" number="102">,</token>
<token t_id="104" sentence="5" number="103">while</token>
<token t_id="105" sentence="5" number="104">the</token>
<token t_id="106" sentence="5" number="105">temperature</token>
<token t_id="107" sentence="5" number="106">fell</token>
<token t_id="108" sentence="5" number="107">10</token>
<token t_id="109" sentence="5" number="108">°</token>
<token t_id="110" sentence="5" number="109">.</token>
<token t_id="111" sentence="6" number="110">Considerable</token>
<token t_id="112" sentence="6" number="111">damage</token>
<token t_id="113" sentence="6" number="112">was</token>
<token t_id="114" sentence="6" number="113">done</token>
<token t_id="115" sentence="6" number="114">on</token>
<token t_id="116" sentence="6" number="115">Midway</token>
<token t_id="117" sentence="6" number="116">.</token>
<token t_id="118" sentence="7" number="117">At</token>
<token t_id="119" sentence="7" number="118">the</token>
<token t_id="120" sentence="7" number="119">Indian</token>
<token t_id="121" sentence="7" number="120">Village</token>
<token t_id="122" sentence="7" number="121">the</token>
<token t_id="123" sentence="7" number="122">main</token>
<token t_id="124" sentence="7" number="123">tent</token>
<token t_id="125" sentence="7" number="124">was</token>
<token t_id="126" sentence="7" number="125">blown</token>
<token t_id="127" sentence="7" number="126">down</token>
<token t_id="128" sentence="7" number="127">and</token>
<token t_id="129" sentence="7" number="128">it</token>
<token t_id="130" sentence="7" number="129">was</token>
<token t_id="131" sentence="7" number="130">not</token>
<token t_id="132" sentence="7" number="131">until</token>
<token t_id="133" sentence="7" number="132">noon</token>
<token t_id="134" sentence="7" number="133">yesterday</token>
<token t_id="135" sentence="7" number="134">that</token>
<token t_id="136" sentence="7" number="135">it</token>
<token t_id="137" sentence="7" number="136">was</token>
<token t_id="138" sentence="7" number="137">replaced</token>
<token t_id="139" sentence="7" number="138">.</token>
<token t_id="140" sentence="8" number="139">The</token>
<token t_id="141" sentence="8" number="140">Ferris</token>
<token t_id="142" sentence="8" number="141">Wheel</token>
<token t_id="143" sentence="8" number="142">kept</token>
<token t_id="144" sentence="8" number="143">people</token>
<token t_id="145" sentence="8" number="144">in</token>
<token t_id="146" sentence="8" number="145">who</token>
<token t_id="147" sentence="8" number="146">did</token>
<token t_id="148" sentence="8" number="147">not</token>
<token t_id="149" sentence="8" number="148">want</token>
<token t_id="150" sentence="8" number="149">to</token>
<token t_id="151" sentence="8" number="150">go</token>
<token t_id="152" sentence="8" number="151">out</token>
<token t_id="153" sentence="8" number="152">in</token>
<token t_id="154" sentence="8" number="153">the</token>
<token t_id="155" sentence="8" number="154">storm</token>
<token t_id="156" sentence="8" number="155">and</token>
<token t_id="157" sentence="8" number="156">closed</token>
<token t_id="158" sentence="8" number="157">the</token>
<token t_id="159" sentence="8" number="158">ticket</token>
<token t_id="160" sentence="8" number="159">offices</token>
<token t_id="161" sentence="8" number="160">,</token>
<token t_id="162" sentence="8" number="161">taking</token>
<token t_id="163" sentence="8" number="162">those</token>
<token t_id="164" sentence="8" number="163">in</token>
<token t_id="165" sentence="8" number="164">around</token>
<token t_id="166" sentence="8" number="165">twelve</token>
<token t_id="167" sentence="8" number="166">times</token>
<token t_id="168" sentence="8" number="167">.</token>
<token t_id="169" sentence="9" number="168">Two</token>
<token t_id="170" sentence="9" number="169">engineers</token>
<token t_id="171" sentence="9" number="170">who</token>
<token t_id="172" sentence="9" number="171">happened</token>
<token t_id="173" sentence="9" number="172">to</token>
<token t_id="174" sentence="9" number="173">be</token>
<token t_id="175" sentence="9" number="174">in</token>
<token t_id="176" sentence="9" number="175">the</token>
<token t_id="177" sentence="9" number="176">wheel</token>
<token t_id="178" sentence="9" number="177">said</token>
<token t_id="179" sentence="9" number="178">they</token>
<token t_id="180" sentence="9" number="179">would</token>
<token t_id="181" sentence="9" number="180">not</token>
<token t_id="182" sentence="9" number="181">take</token>
<token t_id="183" sentence="9" number="182">a</token>
<token t_id="184" sentence="9" number="183">large</token>
<token t_id="185" sentence="9" number="184">sum</token>
<token t_id="186" sentence="9" number="185">of</token>
<token t_id="187" sentence="9" number="186">money</token>
<token t_id="188" sentence="9" number="187">for</token>
<token t_id="189" sentence="9" number="188">the</token>
<token t_id="190" sentence="9" number="189">experience</token>
<token t_id="191" sentence="9" number="190">.</token>
<token t_id="192" sentence="10" number="191">At</token>
<token t_id="193" sentence="10" number="192">the</token>
<token t_id="194" sentence="10" number="193">wheel</token>
<token t_id="195" sentence="10" number="194">the</token>
<token t_id="196" sentence="10" number="195">weather</token>
<token t_id="197" sentence="10" number="196">gauge</token>
<token t_id="198" sentence="10" number="197">registered</token>
<token t_id="199" sentence="10" number="198">a</token>
<token t_id="200" sentence="10" number="199">velocity</token>
<token t_id="201" sentence="10" number="200">of</token>
<token t_id="202" sentence="10" number="201">sixty-six</token>
<token t_id="203" sentence="10" number="202">miles</token>
<token t_id="204" sentence="10" number="203">an</token>
<token t_id="205" sentence="10" number="204">hour</token>
<token t_id="206" sentence="10" number="205">for</token>
<token t_id="207" sentence="10" number="206">the</token>
<token t_id="208" sentence="10" number="207">wind</token>
<token t_id="209" sentence="10" number="208">.</token>
<token t_id="210" sentence="11" number="209">The</token>
<token t_id="211" sentence="11" number="210">Lapland</token>
<token t_id="212" sentence="11" number="211">Village</token>
<token t_id="213" sentence="11" number="212">had</token>
<token t_id="214" sentence="11" number="213">a</token>
<token t_id="215" sentence="11" number="214">great</token>
<token t_id="216" sentence="11" number="215">deal</token>
<token t_id="217" sentence="11" number="216">of</token>
<token t_id="218" sentence="11" number="217">canvas</token>
<token t_id="219" sentence="11" number="218">blown</token>
<token t_id="220" sentence="11" number="219">away</token>
<token t_id="221" sentence="11" number="220">.</token>
<token t_id="222" sentence="12" number="221">Forty</token>
<token t_id="223" sentence="12" number="222">big</token>
<token t_id="224" sentence="12" number="223">stag</token>
<token t_id="225" sentence="12" number="224">heads</token>
<token t_id="226" sentence="12" number="225">adorned</token>
<token t_id="227" sentence="12" number="226">the</token>
<token t_id="228" sentence="12" number="227">tent</token>
<token t_id="229" sentence="12" number="228">,</token>
<token t_id="230" sentence="12" number="229">each</token>
<token t_id="231" sentence="12" number="230">with</token>
<token t_id="232" sentence="12" number="231">full</token>
<token t_id="233" sentence="12" number="232">branching</token>
<token t_id="234" sentence="12" number="233">horns</token>
<token t_id="235" sentence="12" number="234">,</token>
<token t_id="236" sentence="12" number="235">and</token>
<token t_id="237" sentence="12" number="236">these</token>
<token t_id="238" sentence="12" number="237">fell</token>
<token t_id="239" sentence="12" number="238">among</token>
<token t_id="240" sentence="12" number="239">the</token>
<token t_id="241" sentence="12" number="240">girl</token>
<token t_id="242" sentence="12" number="241">performers</token>
<token t_id="243" sentence="12" number="242">as</token>
<token t_id="244" sentence="12" number="243">the</token>
<token t_id="245" sentence="12" number="244">tent</token>
<token t_id="246" sentence="12" number="245">went</token>
<token t_id="247" sentence="12" number="246">down</token>
<token t_id="248" sentence="12" number="247">,</token>
<token t_id="249" sentence="12" number="248">but</token>
<token t_id="250" sentence="12" number="249">no</token>
<token t_id="251" sentence="12" number="250">one</token>
<token t_id="252" sentence="12" number="251">was</token>
<token t_id="253" sentence="12" number="252">badly</token>
<token t_id="254" sentence="12" number="253">bruised</token>
<token t_id="255" sentence="12" number="254">.</token>
<token t_id="256" sentence="13" number="255">The</token>
<token t_id="257" sentence="13" number="256">Laplanders</token>
<token t_id="258" sentence="13" number="257">in</token>
<token t_id="259" sentence="13" number="258">all</token>
<token t_id="260" sentence="13" number="259">the</token>
<token t_id="261" sentence="13" number="260">tents</token>
<token t_id="262" sentence="13" number="261">were</token>
<token t_id="263" sentence="13" number="262">drowned</token>
<token t_id="264" sentence="13" number="263">out</token>
<token t_id="265" sentence="13" number="264">and</token>
<token t_id="266" sentence="13" number="265">had</token>
<token t_id="267" sentence="13" number="266">to</token>
<token t_id="268" sentence="13" number="267">take</token>
<token t_id="269" sentence="13" number="268">refuge</token>
<token t_id="270" sentence="13" number="269">in</token>
<token t_id="271" sentence="13" number="270">the</token>
<token t_id="272" sentence="13" number="271">offices</token>
<token t_id="273" sentence="13" number="272">.</token>
<token t_id="274" sentence="14" number="273">In</token>
<token t_id="275" sentence="14" number="274">Old</token>
<token t_id="276" sentence="14" number="275">Vienna</token>
<token t_id="277" sentence="14" number="276">some</token>
<token t_id="278" sentence="14" number="277">windows</token>
<token t_id="279" sentence="14" number="278">were</token>
<token t_id="280" sentence="14" number="279">blown</token>
<token t_id="281" sentence="14" number="280">in</token>
<token t_id="282" sentence="14" number="281">and</token>
<token t_id="283" sentence="14" number="282">awnings</token>
<token t_id="284" sentence="14" number="283">ruined</token>
<token t_id="285" sentence="14" number="284">,</token>
<token t_id="286" sentence="14" number="285">but</token>
<token t_id="287" sentence="14" number="286">the</token>
<token t_id="288" sentence="14" number="287">chief</token>
<token t_id="289" sentence="14" number="288">loss</token>
<token t_id="290" sentence="14" number="289">was</token>
<token t_id="291" sentence="14" number="290">caused</token>
<token t_id="292" sentence="14" number="291">by</token>
<token t_id="293" sentence="14" number="292">the</token>
<token t_id="294" sentence="14" number="293">people</token>
<token t_id="295" sentence="14" number="294">who</token>
<token t_id="296" sentence="14" number="295">went</token>
<token t_id="297" sentence="14" number="296">away</token>
<token t_id="298" sentence="14" number="297">in</token>
<token t_id="299" sentence="14" number="298">the</token>
<token t_id="300" sentence="14" number="299">excitement</token>
<token t_id="301" sentence="14" number="300">without</token>
<token t_id="302" sentence="14" number="301">paying</token>
<token t_id="303" sentence="14" number="302">their</token>
<token t_id="304" sentence="14" number="303">bills</token>
<token t_id="305" sentence="14" number="304">,</token>
<token t_id="306" sentence="14" number="305">it</token>
<token t_id="307" sentence="14" number="306">being</token>
<token t_id="308" sentence="14" number="307">estimated</token>
<token t_id="309" sentence="14" number="308">that</token>
<token t_id="310" sentence="14" number="309">the</token>
<token t_id="311" sentence="14" number="310">loss</token>
<token t_id="312" sentence="14" number="311">was</token>
<token t_id="313" sentence="14" number="312">$</token>
<token t_id="314" sentence="14" number="313">600</token>
<token t_id="315" sentence="14" number="314">.</token>


<Markables>
<EVENT_MENTION m_id="33" factuality="" modality="" pred="" pos="" aspect="" certainty="" comment="" class="POSSESSION" tense="" polarity=""  >
<token_anchor t_id="213"/>
</EVENT_MENTION>
<EVENT_MENTION m_id="1" factuality="" modality="" pred="" pos="" aspect="" certainty="" comment="" class="ENVIRONMENT" tense="" polarity=""  >
<token_anchor t_id="5"/>
</EVENT_MENTION>
<EVENT_MENTION m_id="34" factuality="" modality="" pred="" pos="" aspect="" certainty="" comment="" class="SPACE-MOVEMENT" tense="" polarity=""  >
<token_anchor t_id="219"/>
<token_anchor t_id="220"/>
</EVENT_MENTION>
<EVENT_MENTION m_id="2" factuality="" modality="" pred="" pos="" aspect="" certainty="" comment="" class="EXISTENCE-CAUSATION" tense="" polarity=""  >
<token_anchor t_id="6"/>
</EVENT_MENTION>
<EVENT_MENTION m_id="35" factuality="" modality="" pred="" pos="" aspect="" certainty="" comment="" class="MENTAL" tense="" polarity=""  >
<token_anchor t_id="226"/>
</EVENT_MENTION>
<EVENT_MENTION m_id="3" factuality="" modality="" pred="" pos="" aspect="" certainty="" comment="" class="MEASURE" tense="" polarity=""  >
<token_anchor t_id="11"/>
</EVENT_MENTION>
<EVENT_MENTION m_id="36" factuality="" modality="" pred="" pos="" aspect="" certainty="" comment="" class="SPACE-MOVEMENT" tense="" polarity=""  >
<token_anchor t_id="238"/>
</EVENT_MENTION>
<EVENT_MENTION m_id="4" factuality="" modality="" pred="" pos="" aspect="" certainty="" comment="" class="ENVIRONMENT" tense="" polarity=""  >
<token_anchor t_id="14"/>
</EVENT_MENTION>
<EVENT_MENTION m_id="37" factuality="" modality="" pred="" pos="" aspect="" certainty="" comment="" class="SPACE-MOVEMENT" tense="" polarity=""  >
<token_anchor t_id="246"/>
<token_anchor t_id="247"/>
</EVENT_MENTION>
<EVENT_MENTION m_id="5" factuality="" modality="" pred="" pos="" aspect="" certainty="" comment="" class="PHYSICAL SENSATIONS" tense="" polarity=""  >
<token_anchor t_id="15"/>
</EVENT_MENTION>
<EVENT_MENTION m_id="38" factuality="" modality="" pred="" pos="" aspect="" certainty="" comment="" class="LIFE-HEALTH" tense="" polarity=""  >
<token_anchor t_id="254"/>
</EVENT_MENTION>
<EVENT_MENTION m_id="6" factuality="" modality="" pred="" pos="" aspect="" certainty="" comment="" class="MATTER" tense="" polarity=""  >
<token_anchor t_id="17"/>
</EVENT_MENTION>
<EVENT_MENTION m_id="39" factuality="" modality="" pred="" pos="" aspect="" certainty="" comment="" class="SPACE-MOVEMENT" tense="" polarity=""  >
<token_anchor t_id="263"/>
<token_anchor t_id="264"/>
</EVENT_MENTION>
<EVENT_MENTION m_id="7" factuality="" modality="" pred="" pos="" aspect="" certainty="" comment="" class="ENVIRONMENT" tense="" polarity=""  >
<token_anchor t_id="23"/>
</EVENT_MENTION>
<EVENT_MENTION m_id="40" factuality="" modality="" pred="" pos="" aspect="" certainty="" comment="" class="GENERAL" tense="" polarity=""  >
<token_anchor t_id="268"/>
<token_anchor t_id="269"/>
</EVENT_MENTION>
<EVENT_MENTION m_id="8" factuality="" modality="" pred="" pos="" aspect="" certainty="" comment="" class="EMOTIONS-EVALUATIONS" tense="" polarity=""  >
<token_anchor t_id="27"/>
<token_anchor t_id="28"/>
<token_anchor t_id="29"/>
<token_anchor t_id="30"/>
</EVENT_MENTION>
<EVENT_MENTION m_id="41" factuality="" modality="" pred="" pos="" aspect="" certainty="" comment="" class="SPACE-MOVEMENT" tense="" polarity=""  >
<token_anchor t_id="280"/>
<token_anchor t_id="281"/>
</EVENT_MENTION>
<EVENT_MENTION m_id="9" factuality="" modality="" pred="" pos="" aspect="" certainty="" comment="" class="PHYSICAL SENSATIONS" tense="" polarity=""  >
<token_anchor t_id="44"/>
</EVENT_MENTION>
<EVENT_MENTION m_id="42" factuality="" modality="" pred="" pos="" aspect="" certainty="" comment="" class="EXISTENCE-CAUSATION" tense="" polarity=""  >
<token_anchor t_id="284"/>
</EVENT_MENTION>
<EVENT_MENTION m_id="10" factuality="" modality="" pred="" pos="" aspect="" certainty="" comment="" class="TIME" tense="" polarity=""  >
<token_anchor t_id="47"/>
</EVENT_MENTION>
<EVENT_MENTION m_id="43" factuality="" modality="" pred="" pos="" aspect="" certainty="" comment="" class="EXISTENCE-CAUSATION" tense="" polarity=""  >
<token_anchor t_id="291"/>
</EVENT_MENTION>
<EVENT_MENTION m_id="11" factuality="" modality="" pred="" pos="" aspect="" certainty="" comment="" class="ENVIRONMENT" tense="" polarity=""  >
<token_anchor t_id="48"/>
</EVENT_MENTION>
<EVENT_MENTION m_id="44" factuality="" modality="" pred="" pos="" aspect="" certainty="" comment="" class="SPACE-MOVEMENT" tense="" polarity=""  >
<token_anchor t_id="296"/>
<token_anchor t_id="297"/>
</EVENT_MENTION>
<EVENT_MENTION m_id="12" factuality="" modality="" pred="" pos="" aspect="" certainty="" comment="" class="EXISTENCE-CAUSATION" tense="" polarity=""  >
<token_anchor t_id="64"/>
</EVENT_MENTION>
<EVENT_MENTION m_id="45" factuality="" modality="" pred="" pos="" aspect="" certainty="" comment="" class="EMOTIONS-EVALUATIONS" tense="" polarity=""  >
<token_anchor t_id="300"/>
</EVENT_MENTION>
<EVENT_MENTION m_id="13" factuality="" modality="" pred="" pos="" aspect="" certainty="" comment="" class="ENVIRONMENT" tense="" polarity=""  >
<token_anchor t_id="80"/>
</EVENT_MENTION>
<EVENT_MENTION m_id="46" factuality="" modality="" pred="" pos="" aspect="" certainty="" comment="" class="TRADE-WORK" tense="" polarity=""  >
<token_anchor t_id="302"/>
</EVENT_MENTION>
<EVENT_MENTION m_id="14" factuality="" modality="" pred="" pos="" aspect="" certainty="" comment="" class="ENVIRONMENT" tense="" polarity=""  >
<token_anchor t_id="94"/>
</EVENT_MENTION>
<EVENT_MENTION m_id="47" factuality="" modality="" pred="" pos="" aspect="" certainty="" comment="" class="MENTAL" tense="" polarity=""  >
<token_anchor t_id="308"/>
</EVENT_MENTION>
<EVENT_MENTION m_id="15" factuality="" modality="" pred="" pos="" aspect="" certainty="" comment="" class="ENVIRONMENT" tense="" polarity=""  >
<token_anchor t_id="107"/>
</EVENT_MENTION>
<EVENT_MENTION m_id="48" factuality="" modality="" pred="" pos="" aspect="" certainty="" comment="" class="TRADE-WORK" tense="" polarity=""  >
<token_anchor t_id="312"/>
<token_anchor t_id="313"/>
<token_anchor t_id="314"/>
</EVENT_MENTION>
<EVENT_MENTION m_id="16" factuality="" modality="" pred="" pos="" aspect="" certainty="" comment="" class="EXISTENCE-CAUSATION" tense="" polarity=""  >
<token_anchor t_id="112"/>
</EVENT_MENTION>
<EVENT_MENTION m_id="49" factuality="" modality="" pred="" pos="" aspect="" certainty="" comment="" class="POSSESSION" tense="" polarity=""  >
<token_anchor t_id="289"/>
</EVENT_MENTION>
<EVENT_MENTION m_id="17" factuality="" modality="" pred="" pos="" aspect="" certainty="" comment="" class="GENERAL" tense="" polarity=""  >
<token_anchor t_id="114"/>
</EVENT_MENTION>
<EVENT_MENTION m_id="50" factuality="" modality="" pred="" pos="" aspect="" certainty="" comment="" class="POSSESSION" tense="" polarity=""  >
<token_anchor t_id="311"/>
</EVENT_MENTION>
<EVENT_MENTION m_id="18" factuality="" modality="" pred="" pos="" aspect="" certainty="" comment="" class="SPACE-MOVEMENT" tense="" polarity=""  >
<token_anchor t_id="126"/>
<token_anchor t_id="127"/>
</EVENT_MENTION>
<EVENT_MENTION m_id="51" factuality="" modality="" pred="" pos="" aspect="" certainty="" comment="" class="ENVIRONMENT" tense="" polarity=""  >
<token_anchor t_id="62"/>
</EVENT_MENTION>
<EVENT_MENTION m_id="19" factuality="" modality="" pred="" pos="" aspect="" certainty="" comment="" class="EXISTENCE-CAUSATION" tense="" polarity=""  >
<token_anchor t_id="130"/>
</EVENT_MENTION>
<EVENT_MENTION m_id="20" factuality="" modality="" pred="" pos="" aspect="" certainty="" comment="" class="SPACE-MOVEMENT" tense="" polarity=""  >
<token_anchor t_id="138"/>
</EVENT_MENTION>
<EVENT_MENTION m_id="21" factuality="" modality="" pred="" pos="" aspect="" certainty="" comment="" class="MENTAL" tense="" polarity=""  >
<token_anchor t_id="149"/>
</EVENT_MENTION>
<EVENT_MENTION m_id="22" factuality="" modality="" pred="" pos="" aspect="" certainty="" comment="" class="SPACE-MOVEMENT" tense="" polarity=""  >
<token_anchor t_id="151"/>
<token_anchor t_id="152"/>
</EVENT_MENTION>
<EVENT_MENTION m_id="23" factuality="" modality="" pred="" pos="" aspect="" certainty="" comment="" class="ENVIRONMENT" tense="" polarity=""  >
<token_anchor t_id="155"/>
</EVENT_MENTION>
<EVENT_MENTION m_id="24" factuality="" modality="" pred="" pos="" aspect="" certainty="" comment="" class="SPACE-MOVEMENT" tense="" polarity=""  >
<token_anchor t_id="157"/>
</EVENT_MENTION>
<EVENT_MENTION m_id="25" factuality="" modality="" pred="" pos="" aspect="" certainty="" comment="" class="POSSESSION" tense="" polarity=""  >
<token_anchor t_id="162"/>
</EVENT_MENTION>
<EVENT_MENTION m_id="26" factuality="" modality="" pred="" pos="" aspect="" certainty="" comment="" class="SPACE-MOVEMENT" tense="" polarity=""  >
<token_anchor t_id="143"/>
<token_anchor t_id="145"/>
</EVENT_MENTION>
<EVENT_MENTION m_id="27" factuality="" modality="" pred="" pos="" aspect="" certainty="" comment="" class="GENERAL" tense="" polarity=""  >
<token_anchor t_id="172"/>
</EVENT_MENTION>
<EVENT_MENTION m_id="28" factuality="" modality="" pred="" pos="" aspect="" certainty="" comment="" class="EXISTENCE-CAUSATION" tense="" polarity=""  >
<token_anchor t_id="174"/>
</EVENT_MENTION>
<EVENT_MENTION m_id="29" factuality="" modality="" pred="" pos="" aspect="" certainty="" comment="" class="COMMUNICATION" tense="" polarity=""  >
<token_anchor t_id="178"/>
</EVENT_MENTION>
<EVENT_MENTION m_id="30" factuality="" modality="" pred="" pos="" aspect="" certainty="" comment="" class="POSSESSION" tense="" polarity=""  >
<token_anchor t_id="182"/>
</EVENT_MENTION>
<EVENT_MENTION m_id="31" factuality="" modality="" pred="" pos="" aspect="" certainty="" comment="" class="GENERAL" tense="" polarity=""  >
<token_anchor t_id="190"/>
</EVENT_MENTION>
<EVENT_MENTION m_id="32" factuality="" modality="" pred="" pos="" aspect="" certainty="" comment="" class="COMMUNICATION" tense="" polarity=""  >
<token_anchor t_id="198"/>
</EVENT_MENTION>


</Markables>

<Relations>
</Relations>
</Document>
