<Document doc_name="Teslas_New_Device_Like_Bolts_of_Thor.txt">
<token t_id="1" sentence="0" number="0">8th</token>
<token t_id="2" sentence="0" number="1">December</token>
<token t_id="3" sentence="0" number="2">,</token>
<token t_id="4" sentence="0" number="3">1915</token>
<token t_id="5" sentence="1" number="4">Tesla</token>
<token t_id="6" sentence="1" number="5">'s</token>
<token t_id="7" sentence="1" number="6">New</token>
<token t_id="8" sentence="1" number="7">Device</token>
<token t_id="9" sentence="1" number="8">Like</token>
<token t_id="10" sentence="1" number="9">Bolts</token>
<token t_id="11" sentence="1" number="10">of</token>
<token t_id="12" sentence="1" number="11">Thor</token>
<token t_id="13" sentence="2" number="12">Nikola</token>
<token t_id="14" sentence="2" number="13">Tesla</token>
<token t_id="15" sentence="2" number="14">,</token>
<token t_id="16" sentence="2" number="15">the</token>
<token t_id="17" sentence="2" number="16">inventor</token>
<token t_id="18" sentence="2" number="17">,</token>
<token t_id="19" sentence="2" number="18">winner</token>
<token t_id="20" sentence="2" number="19">of</token>
<token t_id="21" sentence="2" number="20">the</token>
<token t_id="22" sentence="2" number="21">1915</token>
<token t_id="23" sentence="2" number="22">Nobel</token>
<token t_id="24" sentence="2" number="23">Physics</token>
<token t_id="25" sentence="2" number="24">Prize</token>
<token t_id="26" sentence="2" number="25">,</token>
<token t_id="27" sentence="2" number="26">has</token>
<token t_id="28" sentence="2" number="27">filed</token>
<token t_id="29" sentence="2" number="28">patent</token>
<token t_id="30" sentence="2" number="29">applications</token>
<token t_id="31" sentence="2" number="30">on</token>
<token t_id="32" sentence="2" number="31">the</token>
<token t_id="33" sentence="2" number="32">essential</token>
<token t_id="34" sentence="2" number="33">parts</token>
<token t_id="35" sentence="2" number="34">of</token>
<token t_id="36" sentence="2" number="35">a</token>
<token t_id="37" sentence="2" number="36">machine</token>
<token t_id="38" sentence="2" number="37">the</token>
<token t_id="39" sentence="2" number="38">possibilities</token>
<token t_id="40" sentence="2" number="39">of</token>
<token t_id="41" sentence="2" number="40">which</token>
<token t_id="42" sentence="2" number="41">test</token>
<token t_id="43" sentence="2" number="42">a</token>
<token t_id="44" sentence="2" number="43">layman</token>
<token t_id="45" sentence="2" number="44">'s</token>
<token t_id="46" sentence="2" number="45">imagination</token>
<token t_id="47" sentence="2" number="46">and</token>
<token t_id="48" sentence="2" number="47">promise</token>
<token t_id="49" sentence="2" number="48">a</token>
<token t_id="50" sentence="2" number="49">parallel</token>
<token t_id="51" sentence="2" number="50">of</token>
<token t_id="52" sentence="2" number="51">Thor</token>
<token t_id="53" sentence="2" number="52">'s</token>
<token t_id="54" sentence="2" number="53">shouting</token>
<token t_id="55" sentence="2" number="54">thunderbolts</token>
<token t_id="56" sentence="2" number="55">from</token>
<token t_id="57" sentence="2" number="56">the</token>
<token t_id="58" sentence="2" number="57">sky</token>
<token t_id="59" sentence="2" number="58">to</token>
<token t_id="60" sentence="2" number="59">punish</token>
<token t_id="61" sentence="2" number="60">those</token>
<token t_id="62" sentence="2" number="61">who</token>
<token t_id="63" sentence="2" number="62">had</token>
<token t_id="64" sentence="2" number="63">angered</token>
<token t_id="65" sentence="2" number="64">the</token>
<token t_id="66" sentence="2" number="65">gods</token>
<token t_id="67" sentence="2" number="66">.</token>
<token t_id="68" sentence="3" number="67">Dr.</token>
<token t_id="69" sentence="3" number="68">Tesla</token>
<token t_id="70" sentence="3" number="69">insists</token>
<token t_id="71" sentence="3" number="70">there</token>
<token t_id="72" sentence="3" number="71">is</token>
<token t_id="73" sentence="3" number="72">nothing</token>
<token t_id="74" sentence="3" number="73">sensational</token>
<token t_id="75" sentence="3" number="74">about</token>
<token t_id="76" sentence="3" number="75">it</token>
<token t_id="77" sentence="3" number="76">,</token>
<token t_id="78" sentence="3" number="77">that</token>
<token t_id="79" sentence="3" number="78">it</token>
<token t_id="80" sentence="3" number="79">is</token>
<token t_id="81" sentence="3" number="80">but</token>
<token t_id="82" sentence="3" number="81">the</token>
<token t_id="83" sentence="3" number="82">fruition</token>
<token t_id="84" sentence="3" number="83">of</token>
<token t_id="85" sentence="3" number="84">many</token>
<token t_id="86" sentence="3" number="85">years</token>
<token t_id="87" sentence="3" number="86">of</token>
<token t_id="88" sentence="3" number="87">work</token>
<token t_id="89" sentence="3" number="88">and</token>
<token t_id="90" sentence="3" number="89">study</token>
<token t_id="91" sentence="3" number="90">.</token>
<token t_id="92" sentence="4" number="91">He</token>
<token t_id="93" sentence="4" number="92">is</token>
<token t_id="94" sentence="4" number="93">not</token>
<token t_id="95" sentence="4" number="94">yet</token>
<token t_id="96" sentence="4" number="95">ready</token>
<token t_id="97" sentence="4" number="96">to</token>
<token t_id="98" sentence="4" number="97">give</token>
<token t_id="99" sentence="4" number="98">the</token>
<token t_id="100" sentence="4" number="99">details</token>
<token t_id="101" sentence="4" number="100">of</token>
<token t_id="102" sentence="4" number="101">the</token>
<token t_id="103" sentence="4" number="102">engine</token>
<token t_id="104" sentence="4" number="103">which</token>
<token t_id="105" sentence="4" number="104">he</token>
<token t_id="106" sentence="4" number="105">says</token>
<token t_id="107" sentence="4" number="106">will</token>
<token t_id="108" sentence="4" number="107">render</token>
<token t_id="109" sentence="4" number="108">fruitless</token>
<token t_id="110" sentence="4" number="109">any</token>
<token t_id="111" sentence="4" number="110">military</token>
<token t_id="112" sentence="4" number="111">expedition</token>
<token t_id="113" sentence="4" number="112">against</token>
<token t_id="114" sentence="4" number="113">a</token>
<token t_id="115" sentence="4" number="114">country</token>
<token t_id="116" sentence="4" number="115">which</token>
<token t_id="117" sentence="4" number="116">possesses</token>
<token t_id="118" sentence="4" number="117">it</token>
<token t_id="119" sentence="4" number="118">.</token>
<token t_id="120" sentence="5" number="119">Suffice</token>
<token t_id="121" sentence="5" number="120">to</token>
<token t_id="122" sentence="5" number="121">say</token>
<token t_id="123" sentence="5" number="122">that</token>
<token t_id="124" sentence="5" number="123">the</token>
<token t_id="125" sentence="5" number="124">destructive</token>
<token t_id="126" sentence="5" number="125">invention</token>
<token t_id="127" sentence="5" number="126">will</token>
<token t_id="128" sentence="5" number="127">go</token>
<token t_id="129" sentence="5" number="128">through</token>
<token t_id="130" sentence="5" number="129">space</token>
<token t_id="131" sentence="5" number="130">with</token>
<token t_id="132" sentence="5" number="131">a</token>
<token t_id="133" sentence="5" number="132">speed</token>
<token t_id="134" sentence="5" number="133">of</token>
<token t_id="135" sentence="5" number="134">300</token>
<token t_id="136" sentence="5" number="135">miles</token>
<token t_id="137" sentence="5" number="136">a</token>
<token t_id="138" sentence="5" number="137">second</token>
<token t_id="139" sentence="5" number="138">,</token>
<token t_id="140" sentence="5" number="139">a</token>
<token t_id="141" sentence="5" number="140">manless</token>
<token t_id="142" sentence="5" number="141">airship</token>
<token t_id="143" sentence="5" number="142">without</token>
<token t_id="144" sentence="5" number="143">propelling</token>
<token t_id="145" sentence="5" number="144">engine</token>
<token t_id="146" sentence="5" number="145">or</token>
<token t_id="147" sentence="5" number="146">wings</token>
<token t_id="148" sentence="5" number="147">,</token>
<token t_id="149" sentence="5" number="148">sent</token>
<token t_id="150" sentence="5" number="149">by</token>
<token t_id="151" sentence="5" number="150">electricity</token>
<token t_id="152" sentence="5" number="151">to</token>
<token t_id="153" sentence="5" number="152">any</token>
<token t_id="154" sentence="5" number="153">desired</token>
<token t_id="155" sentence="5" number="154">point</token>
<token t_id="156" sentence="5" number="155">on</token>
<token t_id="157" sentence="5" number="156">the</token>
<token t_id="158" sentence="5" number="157">globe</token>
<token t_id="159" sentence="5" number="158">on</token>
<token t_id="160" sentence="5" number="159">its</token>
<token t_id="161" sentence="5" number="160">errand</token>
<token t_id="162" sentence="5" number="161">of</token>
<token t_id="163" sentence="5" number="162">destruction</token>
<token t_id="164" sentence="5" number="163">,</token>
<token t_id="165" sentence="5" number="164">if</token>
<token t_id="166" sentence="5" number="165">destruction</token>
<token t_id="167" sentence="5" number="166">its</token>
<token t_id="168" sentence="5" number="167">manipulator</token>
<token t_id="169" sentence="5" number="168">wishes</token>
<token t_id="170" sentence="5" number="169">to</token>
<token t_id="171" sentence="5" number="170">effect</token>
<token t_id="172" sentence="5" number="171">.</token>
<token t_id="173" sentence="6" number="172">Ten</token>
<token t_id="174" sentence="6" number="173">miles</token>
<token t_id="175" sentence="6" number="174">or</token>
<token t_id="176" sentence="6" number="175">a</token>
<token t_id="177" sentence="6" number="176">thousand</token>
<token t_id="178" sentence="6" number="177">miles</token>
<token t_id="179" sentence="6" number="178">,</token>
<token t_id="180" sentence="6" number="179">it</token>
<token t_id="181" sentence="6" number="180">will</token>
<token t_id="182" sentence="6" number="181">be</token>
<token t_id="183" sentence="6" number="182">all</token>
<token t_id="184" sentence="6" number="183">the</token>
<token t_id="185" sentence="6" number="184">same</token>
<token t_id="186" sentence="6" number="185">to</token>
<token t_id="187" sentence="6" number="186">the</token>
<token t_id="188" sentence="6" number="187">machine</token>
<token t_id="189" sentence="6" number="188">,</token>
<token t_id="190" sentence="6" number="189">the</token>
<token t_id="191" sentence="6" number="190">inventor</token>
<token t_id="192" sentence="6" number="191">says</token>
<token t_id="193" sentence="6" number="192">.</token>
<token t_id="194" sentence="7" number="193">Straight</token>
<token t_id="195" sentence="7" number="194">to</token>
<token t_id="196" sentence="7" number="195">the</token>
<token t_id="197" sentence="7" number="196">point</token>
<token t_id="198" sentence="7" number="197">,</token>
<token t_id="199" sentence="7" number="198">on</token>
<token t_id="200" sentence="7" number="199">land</token>
<token t_id="201" sentence="7" number="200">or</token>
<token t_id="202" sentence="7" number="201">on</token>
<token t_id="203" sentence="7" number="202">sea</token>
<token t_id="204" sentence="7" number="203">,</token>
<token t_id="205" sentence="7" number="204">it</token>
<token t_id="206" sentence="7" number="205">will</token>
<token t_id="207" sentence="7" number="206">be</token>
<token t_id="208" sentence="7" number="207">able</token>
<token t_id="209" sentence="7" number="208">to</token>
<token t_id="210" sentence="7" number="209">go</token>
<token t_id="211" sentence="7" number="210">with</token>
<token t_id="212" sentence="7" number="211">precision</token>
<token t_id="213" sentence="7" number="212">,</token>
<token t_id="214" sentence="7" number="213">delivering</token>
<token t_id="215" sentence="7" number="214">a</token>
<token t_id="216" sentence="7" number="215">blow</token>
<token t_id="217" sentence="7" number="216">that</token>
<token t_id="218" sentence="7" number="217">will</token>
<token t_id="219" sentence="7" number="218">paralyze</token>
<token t_id="220" sentence="7" number="219">or</token>
<token t_id="221" sentence="7" number="220">kill</token>
<token t_id="222" sentence="7" number="221">,</token>
<token t_id="223" sentence="7" number="222">as</token>
<token t_id="224" sentence="7" number="223">is</token>
<token t_id="225" sentence="7" number="224">desired</token>
<token t_id="226" sentence="7" number="225">.</token>
<token t_id="227" sentence="8" number="226">A</token>
<token t_id="228" sentence="8" number="227">man</token>
<token t_id="229" sentence="8" number="228">in</token>
<token t_id="230" sentence="8" number="229">a</token>
<token t_id="231" sentence="8" number="230">tower</token>
<token t_id="232" sentence="8" number="231">on</token>
<token t_id="233" sentence="8" number="232">Long</token>
<token t_id="234" sentence="8" number="233">Island</token>
<token t_id="235" sentence="8" number="234">could</token>
<token t_id="236" sentence="8" number="235">shield</token>
<token t_id="237" sentence="8" number="236">New</token>
<token t_id="238" sentence="8" number="237">York</token>
<token t_id="239" sentence="8" number="238">against</token>
<token t_id="240" sentence="8" number="239">ships</token>
<token t_id="241" sentence="8" number="240">or</token>
<token t_id="242" sentence="8" number="241">army</token>
<token t_id="243" sentence="8" number="242">by</token>
<token t_id="244" sentence="8" number="243">working</token>
<token t_id="245" sentence="8" number="244">a</token>
<token t_id="246" sentence="8" number="245">lever</token>
<token t_id="247" sentence="8" number="246">,</token>
<token t_id="248" sentence="8" number="247">if</token>
<token t_id="249" sentence="8" number="248">the</token>
<token t_id="250" sentence="8" number="249">inventor</token>
<token t_id="251" sentence="8" number="250">'s</token>
<token t_id="252" sentence="8" number="251">anticipations</token>
<token t_id="253" sentence="8" number="252">become</token>
<token t_id="254" sentence="8" number="253">realizations</token>
<token t_id="255" sentence="8" number="254">.</token>
<token t_id="256" sentence="9" number="255">"</token>
<token t_id="257" sentence="9" number="256">It</token>
<token t_id="258" sentence="9" number="257">is</token>
<token t_id="259" sentence="9" number="258">not</token>
<token t_id="260" sentence="9" number="259">the</token>
<token t_id="261" sentence="9" number="260">time</token>
<token t_id="262" sentence="9" number="261">,</token>
<token t_id="263" sentence="9" number="262">"</token>
<token t_id="264" sentence="9" number="263">said</token>
<token t_id="265" sentence="9" number="264">Dr.</token>
<token t_id="266" sentence="9" number="265">Tesla</token>
<token t_id="267" sentence="9" number="266">yesterday</token>
<token t_id="268" sentence="9" number="267">,</token>
<token t_id="269" sentence="9" number="268">"</token>
<token t_id="270" sentence="9" number="269">to</token>
<token t_id="271" sentence="9" number="270">go</token>
<token t_id="272" sentence="9" number="271">into</token>
<token t_id="273" sentence="9" number="272">the</token>
<token t_id="274" sentence="9" number="273">details</token>
<token t_id="275" sentence="9" number="274">of</token>
<token t_id="276" sentence="9" number="275">this</token>
<token t_id="277" sentence="9" number="276">thing</token>
<token t_id="278" sentence="9" number="277">.</token>
<token t_id="279" sentence="10" number="278">It</token>
<token t_id="280" sentence="10" number="279">is</token>
<token t_id="281" sentence="10" number="280">founded</token>
<token t_id="282" sentence="10" number="281">on</token>
<token t_id="283" sentence="10" number="282">a</token>
<token t_id="284" sentence="10" number="283">principle</token>
<token t_id="285" sentence="10" number="284">that</token>
<token t_id="286" sentence="10" number="285">means</token>
<token t_id="287" sentence="10" number="286">great</token>
<token t_id="288" sentence="10" number="287">things</token>
<token t_id="289" sentence="10" number="288">in</token>
<token t_id="290" sentence="10" number="289">peace</token>
<token t_id="291" sentence="10" number="290">,</token>
<token t_id="292" sentence="10" number="291">it</token>
<token t_id="293" sentence="10" number="292">can</token>
<token t_id="294" sentence="10" number="293">be</token>
<token t_id="295" sentence="10" number="294">used</token>
<token t_id="296" sentence="10" number="295">for</token>
<token t_id="297" sentence="10" number="296">great</token>
<token t_id="298" sentence="10" number="297">things</token>
<token t_id="299" sentence="10" number="298">in</token>
<token t_id="300" sentence="10" number="299">war</token>
<token t_id="301" sentence="10" number="300">.</token>
<token t_id="302" sentence="11" number="301">But</token>
<token t_id="303" sentence="11" number="302">I</token>
<token t_id="304" sentence="11" number="303">repeat</token>
<token t_id="305" sentence="11" number="304">,</token>
<token t_id="306" sentence="11" number="305">this</token>
<token t_id="307" sentence="11" number="306">is</token>
<token t_id="308" sentence="11" number="307">no</token>
<token t_id="309" sentence="11" number="308">time</token>
<token t_id="310" sentence="11" number="309">to</token>
<token t_id="311" sentence="11" number="310">talk</token>
<token t_id="312" sentence="11" number="311">of</token>
<token t_id="313" sentence="11" number="312">such</token>
<token t_id="314" sentence="11" number="313">things</token>
<token t_id="315" sentence="11" number="314">.</token>
<token t_id="316" sentence="12" number="315">"</token>
<token t_id="317" sentence="12" number="316">It</token>
<token t_id="318" sentence="12" number="317">is</token>
<token t_id="319" sentence="12" number="318">perfectly</token>
<token t_id="320" sentence="12" number="319">practicable</token>
<token t_id="321" sentence="12" number="320">to</token>
<token t_id="322" sentence="12" number="321">transmit</token>
<token t_id="323" sentence="12" number="322">electrical</token>
<token t_id="324" sentence="12" number="323">energy</token>
<token t_id="325" sentence="12" number="324">without</token>
<token t_id="326" sentence="12" number="325">wires</token>
<token t_id="327" sentence="12" number="326">and</token>
<token t_id="328" sentence="12" number="327">produce</token>
<token t_id="329" sentence="12" number="328">destructive</token>
<token t_id="330" sentence="12" number="329">effects</token>
<token t_id="331" sentence="12" number="330">at</token>
<token t_id="332" sentence="12" number="331">a</token>
<token t_id="333" sentence="12" number="332">distance</token>
<token t_id="334" sentence="12" number="333">.</token>
<token t_id="335" sentence="13" number="334">I</token>
<token t_id="336" sentence="13" number="335">have</token>
<token t_id="337" sentence="13" number="336">already</token>
<token t_id="338" sentence="13" number="337">constructed</token>
<token t_id="339" sentence="13" number="338">a</token>
<token t_id="340" sentence="13" number="339">wireless</token>
<token t_id="341" sentence="13" number="340">transmitter</token>
<token t_id="342" sentence="13" number="341">which</token>
<token t_id="343" sentence="13" number="342">makes</token>
<token t_id="344" sentence="13" number="343">this</token>
<token t_id="345" sentence="13" number="344">possible</token>
<token t_id="346" sentence="13" number="345">,</token>
<token t_id="347" sentence="13" number="346">and</token>
<token t_id="348" sentence="13" number="347">have</token>
<token t_id="349" sentence="13" number="348">described</token>
<token t_id="350" sentence="13" number="349">it</token>
<token t_id="351" sentence="13" number="350">in</token>
<token t_id="352" sentence="13" number="351">my</token>
<token t_id="353" sentence="13" number="352">technical</token>
<token t_id="354" sentence="13" number="353">publications</token>
<token t_id="355" sentence="13" number="354">,</token>
<token t_id="356" sentence="13" number="355">among</token>
<token t_id="357" sentence="13" number="356">which</token>
<token t_id="358" sentence="13" number="357">I</token>
<token t_id="359" sentence="13" number="358">may</token>
<token t_id="360" sentence="13" number="359">refer</token>
<token t_id="361" sentence="13" number="360">to</token>
<token t_id="362" sentence="13" number="361">my</token>
<token t_id="363" sentence="13" number="362">patent</token>
<token t_id="364" sentence="13" number="363">1,119,732</token>
<token t_id="365" sentence="13" number="364">recently</token>
<token t_id="366" sentence="13" number="365">granted</token>
<token t_id="367" sentence="13" number="366">.</token>
<token t_id="368" sentence="14" number="367">With</token>
<token t_id="369" sentence="14" number="368">transmitters</token>
<token t_id="370" sentence="14" number="369">of</token>
<token t_id="371" sentence="14" number="370">this</token>
<token t_id="372" sentence="14" number="371">kind</token>
<token t_id="373" sentence="14" number="372">we</token>
<token t_id="374" sentence="14" number="373">are</token>
<token t_id="375" sentence="14" number="374">enabled</token>
<token t_id="376" sentence="14" number="375">to</token>
<token t_id="377" sentence="14" number="376">project</token>
<token t_id="378" sentence="14" number="377">electrical</token>
<token t_id="379" sentence="14" number="378">energy</token>
<token t_id="380" sentence="14" number="379">in</token>
<token t_id="381" sentence="14" number="380">any</token>
<token t_id="382" sentence="14" number="381">amount</token>
<token t_id="383" sentence="14" number="382">to</token>
<token t_id="384" sentence="14" number="383">any</token>
<token t_id="385" sentence="14" number="384">distance</token>
<token t_id="386" sentence="14" number="385">and</token>
<token t_id="387" sentence="14" number="386">apply</token>
<token t_id="388" sentence="14" number="387">it</token>
<token t_id="389" sentence="14" number="388">for</token>
<token t_id="390" sentence="14" number="389">innumerable</token>
<token t_id="391" sentence="14" number="390">purposes</token>
<token t_id="392" sentence="14" number="391">,</token>
<token t_id="393" sentence="14" number="392">both</token>
<token t_id="394" sentence="14" number="393">in</token>
<token t_id="395" sentence="14" number="394">peace</token>
<token t_id="396" sentence="14" number="395">and</token>
<token t_id="397" sentence="14" number="396">war</token>
<token t_id="398" sentence="14" number="397">.</token>
<token t_id="399" sentence="15" number="398">Through</token>
<token t_id="400" sentence="15" number="399">the</token>
<token t_id="401" sentence="15" number="400">universal</token>
<token t_id="402" sentence="15" number="401">adoption</token>
<token t_id="403" sentence="15" number="402">of</token>
<token t_id="404" sentence="15" number="403">this</token>
<token t_id="405" sentence="15" number="404">system</token>
<token t_id="406" sentence="15" number="405">,</token>
<token t_id="407" sentence="15" number="406">ideal</token>
<token t_id="408" sentence="15" number="407">conditions</token>
<token t_id="409" sentence="15" number="408">for</token>
<token t_id="410" sentence="15" number="409">the</token>
<token t_id="411" sentence="15" number="410">maintenance</token>
<token t_id="412" sentence="15" number="411">of</token>
<token t_id="413" sentence="15" number="412">law</token>
<token t_id="414" sentence="15" number="413">and</token>
<token t_id="415" sentence="15" number="414">order</token>
<token t_id="416" sentence="15" number="415">will</token>
<token t_id="417" sentence="15" number="416">be</token>
<token t_id="418" sentence="15" number="417">realized</token>
<token t_id="419" sentence="15" number="418">,</token>
<token t_id="420" sentence="15" number="419">for</token>
<token t_id="421" sentence="15" number="420">then</token>
<token t_id="422" sentence="15" number="421">the</token>
<token t_id="423" sentence="15" number="422">energy</token>
<token t_id="424" sentence="15" number="423">necessary</token>
<token t_id="425" sentence="15" number="424">to</token>
<token t_id="426" sentence="15" number="425">the</token>
<token t_id="427" sentence="15" number="426">enforcement</token>
<token t_id="428" sentence="15" number="427">of</token>
<token t_id="429" sentence="15" number="428">right</token>
<token t_id="430" sentence="15" number="429">and</token>
<token t_id="431" sentence="15" number="430">justice</token>
<token t_id="432" sentence="15" number="431">will</token>
<token t_id="433" sentence="15" number="432">be</token>
<token t_id="434" sentence="15" number="433">normally</token>
<token t_id="435" sentence="15" number="434">productive</token>
<token t_id="436" sentence="15" number="435">,</token>
<token t_id="437" sentence="15" number="436">yet</token>
<token t_id="438" sentence="15" number="437">potential</token>
<token t_id="439" sentence="15" number="438">,</token>
<token t_id="440" sentence="15" number="439">and</token>
<token t_id="441" sentence="15" number="440">in</token>
<token t_id="442" sentence="15" number="441">any</token>
<token t_id="443" sentence="15" number="442">moment</token>
<token t_id="444" sentence="15" number="443">available</token>
<token t_id="445" sentence="15" number="444">,</token>
<token t_id="446" sentence="15" number="445">for</token>
<token t_id="447" sentence="15" number="446">attack</token>
<token t_id="448" sentence="15" number="447">and</token>
<token t_id="449" sentence="15" number="448">defense</token>
<token t_id="450" sentence="15" number="449">.</token>
<token t_id="451" sentence="16" number="450">The</token>
<token t_id="452" sentence="16" number="451">power</token>
<token t_id="453" sentence="16" number="452">transmitted</token>
<token t_id="454" sentence="16" number="453">need</token>
<token t_id="455" sentence="16" number="454">not</token>
<token t_id="456" sentence="16" number="455">be</token>
<token t_id="457" sentence="16" number="456">necessarily</token>
<token t_id="458" sentence="16" number="457">destructive</token>
<token t_id="459" sentence="16" number="458">,</token>
<token t_id="460" sentence="16" number="459">for</token>
<token t_id="461" sentence="16" number="460">,</token>
<token t_id="462" sentence="16" number="461">if</token>
<token t_id="463" sentence="16" number="462">existence</token>
<token t_id="464" sentence="16" number="463">is</token>
<token t_id="465" sentence="16" number="464">made</token>
<token t_id="466" sentence="16" number="465">to</token>
<token t_id="467" sentence="16" number="466">depend</token>
<token t_id="468" sentence="16" number="467">upon</token>
<token t_id="469" sentence="16" number="468">it</token>
<token t_id="470" sentence="16" number="469">,</token>
<token t_id="471" sentence="16" number="470">its</token>
<token t_id="472" sentence="16" number="471">withdrawal</token>
<token t_id="473" sentence="16" number="472">or</token>
<token t_id="474" sentence="16" number="473">supply</token>
<token t_id="475" sentence="16" number="474">will</token>
<token t_id="476" sentence="16" number="475">bring</token>
<token t_id="477" sentence="16" number="476">about</token>
<token t_id="478" sentence="16" number="477">the</token>
<token t_id="479" sentence="16" number="478">same</token>
<token t_id="480" sentence="16" number="479">results</token>
<token t_id="481" sentence="16" number="480">as</token>
<token t_id="482" sentence="16" number="481">those</token>
<token t_id="483" sentence="16" number="482">now</token>
<token t_id="484" sentence="16" number="483">accomplished</token>
<token t_id="485" sentence="16" number="484">by</token>
<token t_id="486" sentence="16" number="485">force</token>
<token t_id="487" sentence="16" number="486">of</token>
<token t_id="488" sentence="16" number="487">arms</token>
<token t_id="489" sentence="16" number="488">.</token>
<token t_id="490" sentence="17" number="489">Dr.</token>
<token t_id="491" sentence="17" number="490">Tesla</token>
<token t_id="492" sentence="17" number="491">then</token>
<token t_id="493" sentence="17" number="492">said</token>
<token t_id="494" sentence="17" number="493">that</token>
<token t_id="495" sentence="17" number="494">it</token>
<token t_id="496" sentence="17" number="495">would</token>
<token t_id="497" sentence="17" number="496">be</token>
<token t_id="498" sentence="17" number="497">possible</token>
<token t_id="499" sentence="17" number="498">with</token>
<token t_id="500" sentence="17" number="499">his</token>
<token t_id="501" sentence="17" number="500">wireless</token>
<token t_id="502" sentence="17" number="501">mechanism</token>
<token t_id="503" sentence="17" number="502">to</token>
<token t_id="504" sentence="17" number="503">direct</token>
<token t_id="505" sentence="17" number="504">an</token>
<token t_id="506" sentence="17" number="505">ordinary</token>
<token t_id="507" sentence="17" number="506">aeroplane</token>
<token t_id="508" sentence="17" number="507">,</token>
<token t_id="509" sentence="17" number="508">manless</token>
<token t_id="510" sentence="17" number="509">,</token>
<token t_id="511" sentence="17" number="510">to</token>
<token t_id="512" sentence="17" number="511">any</token>
<token t_id="513" sentence="17" number="512">point</token>
<token t_id="514" sentence="17" number="513">over</token>
<token t_id="515" sentence="17" number="514">a</token>
<token t_id="516" sentence="17" number="515">ship</token>
<token t_id="517" sentence="17" number="516">or</token>
<token t_id="518" sentence="17" number="517">an</token>
<token t_id="519" sentence="17" number="518">army</token>
<token t_id="520" sentence="17" number="519">,</token>
<token t_id="521" sentence="17" number="520">and</token>
<token t_id="522" sentence="17" number="521">to</token>
<token t_id="523" sentence="17" number="522">discharge</token>
<token t_id="524" sentence="17" number="523">explosives</token>
<token t_id="525" sentence="17" number="524">of</token>
<token t_id="526" sentence="17" number="525">great</token>
<token t_id="527" sentence="17" number="526">strength</token>
<token t_id="528" sentence="17" number="527">from</token>
<token t_id="529" sentence="17" number="528">the</token>
<token t_id="530" sentence="17" number="529">base</token>
<token t_id="531" sentence="17" number="530">of</token>
<token t_id="532" sentence="17" number="531">operations</token>
<token t_id="533" sentence="17" number="532">.</token>
<token t_id="534" sentence="18" number="533">Asked</token>
<token t_id="535" sentence="18" number="534">to</token>
<token t_id="536" sentence="18" number="535">express</token>
<token t_id="537" sentence="18" number="536">an</token>
<token t_id="538" sentence="18" number="537">opinion</token>
<token t_id="539" sentence="18" number="538">upon</token>
<token t_id="540" sentence="18" number="539">the</token>
<token t_id="541" sentence="18" number="540">announcement</token>
<token t_id="542" sentence="18" number="541">last</token>
<token t_id="543" sentence="18" number="542">Sunday</token>
<token t_id="544" sentence="18" number="543">of</token>
<token t_id="545" sentence="18" number="544">Charles</token>
<token t_id="546" sentence="18" number="545">H.</token>
<token t_id="547" sentence="18" number="546">Harris</token>
<token t_id="548" sentence="18" number="547">,</token>
<token t_id="549" sentence="18" number="548">an</token>
<token t_id="550" sentence="18" number="549">electrical</token>
<token t_id="551" sentence="18" number="550">engineer</token>
<token t_id="552" sentence="18" number="551">of</token>
<token t_id="553" sentence="18" number="552">Los</token>
<token t_id="554" sentence="18" number="553">Angeles</token>
<token t_id="555" sentence="18" number="554">,</token>
<token t_id="556" sentence="18" number="555">that</token>
<token t_id="557" sentence="18" number="556">he</token>
<token t_id="558" sentence="18" number="557">would</token>
<token t_id="559" sentence="18" number="558">be</token>
<token t_id="560" sentence="18" number="559">able</token>
<token t_id="561" sentence="18" number="560">to</token>
<token t_id="562" sentence="18" number="561">surround</token>
<token t_id="563" sentence="18" number="562">this</token>
<token t_id="564" sentence="18" number="563">country</token>
<token t_id="565" sentence="18" number="564">with</token>
<token t_id="566" sentence="18" number="565">an</token>
<token t_id="567" sentence="18" number="566">electrical</token>
<token t_id="568" sentence="18" number="567">wall</token>
<token t_id="569" sentence="18" number="568">of</token>
<token t_id="570" sentence="18" number="569">fire</token>
<token t_id="571" sentence="18" number="570">in</token>
<token t_id="572" sentence="18" number="571">time</token>
<token t_id="573" sentence="18" number="572">of</token>
<token t_id="574" sentence="18" number="573">war</token>
<token t_id="575" sentence="18" number="574">,</token>
<token t_id="576" sentence="18" number="575">Dr.</token>
<token t_id="577" sentence="18" number="576">Tesla</token>
<token t_id="578" sentence="18" number="577">gave</token>
<token t_id="579" sentence="18" number="578">it</token>
<token t_id="580" sentence="18" number="579">as</token>
<token t_id="581" sentence="18" number="580">his</token>
<token t_id="582" sentence="18" number="581">opinion</token>
<token t_id="583" sentence="18" number="582">that</token>
<token t_id="584" sentence="18" number="583">Mr.</token>
<token t_id="585" sentence="18" number="584">Harris</token>
<token t_id="586" sentence="18" number="585">was</token>
<token t_id="587" sentence="18" number="586">not</token>
<token t_id="588" sentence="18" number="587">practical</token>
<token t_id="589" sentence="18" number="588">.</token>
<token t_id="590" sentence="18" number="589">'</token>
<token t_id="591" sentence="19" number="590">"</token>
<token t_id="592" sentence="19" number="591">It</token>
<token t_id="593" sentence="19" number="592">is</token>
<token t_id="594" sentence="19" number="593">hard</token>
<token t_id="595" sentence="19" number="594">to</token>
<token t_id="596" sentence="19" number="595">stamp</token>
<token t_id="597" sentence="19" number="596">as</token>
<token t_id="598" sentence="19" number="597">impossible</token>
<token t_id="599" sentence="19" number="598">such</token>
<token t_id="600" sentence="19" number="599">results</token>
<token t_id="601" sentence="19" number="600">as</token>
<token t_id="602" sentence="19" number="601">those</token>
<token t_id="603" sentence="19" number="602">described</token>
<token t_id="604" sentence="19" number="603">in</token>
<token t_id="605" sentence="19" number="604">the</token>
<token t_id="606" sentence="19" number="605">press</token>
<token t_id="607" sentence="19" number="606">dispatches</token>
<token t_id="608" sentence="19" number="607">to</token>
<token t_id="609" sentence="19" number="608">which</token>
<token t_id="610" sentence="19" number="609">you</token>
<token t_id="611" sentence="19" number="610">refer</token>
<token t_id="612" sentence="19" number="611">.</token>
<token t_id="613" sentence="20" number="612">Granted</token>
<token t_id="614" sentence="20" number="613">,</token>
<token t_id="615" sentence="20" number="614">however</token>
<token t_id="616" sentence="20" number="615">,</token>
<token t_id="617" sentence="20" number="616">that</token>
<token t_id="618" sentence="20" number="617">the</token>
<token t_id="619" sentence="20" number="618">project</token>
<token t_id="620" sentence="20" number="619">is</token>
<token t_id="621" sentence="20" number="620">feasible</token>
<token t_id="622" sentence="20" number="621">,</token>
<token t_id="623" sentence="20" number="622">it</token>
<token t_id="624" sentence="20" number="623">would</token>
<token t_id="625" sentence="20" number="624">take</token>
<token t_id="626" sentence="20" number="625">more</token>
<token t_id="627" sentence="20" number="626">than</token>
<token t_id="628" sentence="20" number="627">all</token>
<token t_id="629" sentence="20" number="628">the</token>
<token t_id="630" sentence="20" number="629">motive</token>
<token t_id="631" sentence="20" number="630">power</token>
<token t_id="632" sentence="20" number="631">obtainable</token>
<token t_id="633" sentence="20" number="632">in</token>
<token t_id="634" sentence="20" number="633">the</token>
<token t_id="635" sentence="20" number="634">United</token>
<token t_id="636" sentence="20" number="635">States</token>
<token t_id="637" sentence="20" number="636">to</token>
<token t_id="638" sentence="20" number="637">throw</token>
<token t_id="639" sentence="20" number="638">a</token>
<token t_id="640" sentence="20" number="639">wall</token>
<token t_id="641" sentence="20" number="640">of</token>
<token t_id="642" sentence="20" number="641">fire</token>
<token t_id="643" sentence="20" number="642">around</token>
<token t_id="644" sentence="20" number="643">the</token>
<token t_id="645" sentence="20" number="644">country</token>
<token t_id="646" sentence="20" number="645">.</token>
<token t_id="647" sentence="21" number="646">In</token>
<token t_id="648" sentence="21" number="647">fact</token>
<token t_id="649" sentence="21" number="648">,</token>
<token t_id="650" sentence="21" number="649">even</token>
<token t_id="651" sentence="21" number="650">the</token>
<token t_id="652" sentence="21" number="651">passage</token>
<token t_id="653" sentence="21" number="652">of</token>
<token t_id="654" sentence="21" number="653">small</token>
<token t_id="655" sentence="21" number="654">currents</token>
<token t_id="656" sentence="21" number="655">at</token>
<token t_id="657" sentence="21" number="656">considerable</token>
<token t_id="658" sentence="21" number="657">distances</token>
<token t_id="659" sentence="21" number="658">through</token>
<token t_id="660" sentence="21" number="659">air</token>
<token t_id="661" sentence="21" number="660">consumes</token>
<token t_id="662" sentence="21" number="661">a</token>
<token t_id="663" sentence="21" number="662">great</token>
<token t_id="664" sentence="21" number="663">deal</token>
<token t_id="665" sentence="21" number="664">of</token>
<token t_id="666" sentence="21" number="665">energy</token>
<token t_id="667" sentence="21" number="666">on</token>
<token t_id="668" sentence="21" number="667">account</token>
<token t_id="669" sentence="21" number="668">of</token>
<token t_id="670" sentence="21" number="669">the</token>
<token t_id="671" sentence="21" number="670">immense</token>
<token t_id="672" sentence="21" number="671">pressure</token>
<token t_id="673" sentence="21" number="672">required</token>
<token t_id="674" sentence="21" number="673">.</token>
<token t_id="675" sentence="22" number="674">So</token>
<token t_id="676" sentence="22" number="675">,</token>
<token t_id="677" sentence="22" number="676">for</token>
<token t_id="678" sentence="22" number="677">instance</token>
<token t_id="679" sentence="22" number="678">,</token>
<token t_id="680" sentence="22" number="679">in</token>
<token t_id="681" sentence="22" number="680">lightning</token>
<token t_id="682" sentence="22" number="681">discharges</token>
<token t_id="683" sentence="22" number="682">,</token>
<token t_id="684" sentence="22" number="683">energy</token>
<token t_id="685" sentence="22" number="684">may</token>
<token t_id="686" sentence="22" number="685">be</token>
<token t_id="687" sentence="22" number="686">delivered</token>
<token t_id="688" sentence="22" number="687">at</token>
<token t_id="689" sentence="22" number="688">the</token>
<token t_id="690" sentence="22" number="689">rate</token>
<token t_id="691" sentence="22" number="690">of</token>
<token t_id="692" sentence="22" number="691">billions</token>
<token t_id="693" sentence="22" number="692">of</token>
<token t_id="694" sentence="22" number="693">horsepower</token>
<token t_id="695" sentence="22" number="694">,</token>
<token t_id="696" sentence="22" number="695">though</token>
<token t_id="697" sentence="22" number="696">the</token>
<token t_id="698" sentence="22" number="697">currents</token>
<token t_id="699" sentence="22" number="698">are</token>
<token t_id="700" sentence="22" number="699">of</token>
<token t_id="701" sentence="22" number="700">smaller</token>
<token t_id="702" sentence="22" number="701">volume</token>
<token t_id="703" sentence="22" number="702">than</token>
<token t_id="704" sentence="22" number="703">those</token>
<token t_id="705" sentence="22" number="704">developed</token>
<token t_id="706" sentence="22" number="705">by</token>
<token t_id="707" sentence="22" number="706">electrical</token>
<token t_id="708" sentence="22" number="707">generators</token>
<token t_id="709" sentence="22" number="708">in</token>
<token t_id="710" sentence="22" number="709">our</token>
<token t_id="711" sentence="22" number="710">power</token>
<token t_id="712" sentence="22" number="711">houses</token>
<token t_id="713" sentence="22" number="712">.</token>
<token t_id="714" sentence="22" number="713">"</token>


<Markables>
<EVENT_MENTION m_id="33" factuality="" modality="" pred="" pos="" aspect="" certainty="" comment="" class="SPACE-MOVEMENT" tense="" polarity=""  >
<token_anchor t_id="210"/>
</EVENT_MENTION>
<EVENT_MENTION m_id="65" factuality="" modality="" pred="" pos="" aspect="" certainty="" comment="" class="GENERAL" tense="" polarity=""  >
<token_anchor t_id="408"/>
</EVENT_MENTION>
<EVENT_MENTION m_id="1" factuality="" modality="" pred="" pos="" aspect="" certainty="" comment="" class="GENERAL" tense="" polarity=""  >
<token_anchor t_id="28"/>
</EVENT_MENTION>
<EVENT_MENTION m_id="97" factuality="" modality="" pred="" pos="" aspect="" certainty="" comment="" class="COMMUNICATION" tense="" polarity=""  >
<token_anchor t_id="613"/>
</EVENT_MENTION>
<EVENT_MENTION m_id="34" factuality="" modality="" pred="" pos="" aspect="" certainty="" comment="" class="POSSESSION" tense="" polarity=""  >
<token_anchor t_id="214"/>
</EVENT_MENTION>
<EVENT_MENTION m_id="66" factuality="" modality="" pred="" pos="" aspect="" certainty="" comment="" class="GENERAL" tense="" polarity=""  >
<token_anchor t_id="411"/>
</EVENT_MENTION>
<EVENT_MENTION m_id="2" factuality="" modality="" pred="" pos="" aspect="" certainty="" comment="" class="MENTAL" tense="" polarity=""  >
<token_anchor t_id="42"/>
</EVENT_MENTION>
<EVENT_MENTION m_id="98" factuality="" modality="" pred="" pos="" aspect="" certainty="" comment="" class="GENERAL" tense="" polarity=""  >
<token_anchor t_id="620"/>
<token_anchor t_id="621"/>
</EVENT_MENTION>
<EVENT_MENTION m_id="35" factuality="" modality="" pred="" pos="" aspect="" certainty="" comment="" class="MENTAL" tense="" polarity=""  >
<token_anchor t_id="225"/>
</EVENT_MENTION>
<EVENT_MENTION m_id="67" factuality="" modality="" pred="" pos="" aspect="" certainty="" comment="" class="EXISTENCE-CAUSATION" tense="" polarity=""  >
<token_anchor t_id="418"/>
</EVENT_MENTION>
<EVENT_MENTION m_id="3" factuality="" modality="" pred="" pos="" aspect="" certainty="" comment="" class="MENTAL" tense="" polarity=""  >
<token_anchor t_id="46"/>
</EVENT_MENTION>
<EVENT_MENTION m_id="99" factuality="" modality="" pred="" pos="" aspect="" certainty="" comment="" class="SPACE-MOVEMENT" tense="" polarity=""  >
<token_anchor t_id="638"/>
</EVENT_MENTION>
<EVENT_MENTION m_id="36" factuality="" modality="" pred="" pos="" aspect="" certainty="" comment="" class="LIFE-HEALTH" tense="" polarity=""  >
<token_anchor t_id="219"/>
</EVENT_MENTION>
<EVENT_MENTION m_id="68" factuality="" modality="" pred="" pos="" aspect="" certainty="" comment="" class="GENERAL" tense="" polarity=""  >
<token_anchor t_id="427"/>
</EVENT_MENTION>
<EVENT_MENTION m_id="4" factuality="" modality="" pred="" pos="" aspect="" certainty="" comment="" class="MENTAL" tense="" polarity=""  >
<token_anchor t_id="48"/>
</EVENT_MENTION>
<EVENT_MENTION m_id="100" factuality="" modality="" pred="" pos="" aspect="" certainty="" comment="" class="GENERAL" tense="" polarity=""  >
<token_anchor t_id="625"/>
</EVENT_MENTION>
<EVENT_MENTION m_id="37" factuality="" modality="" pred="" pos="" aspect="" certainty="" comment="" class="LIFE-HEALTH" tense="" polarity=""  >
<token_anchor t_id="221"/>
</EVENT_MENTION>
<EVENT_MENTION m_id="69" factuality="" modality="" pred="" pos="" aspect="" certainty="" comment="" class="TRADE-WORK" tense="" polarity=""  >
<token_anchor t_id="433"/>
<token_anchor t_id="435"/>
</EVENT_MENTION>
<EVENT_MENTION m_id="5" factuality="" modality="" pred="" pos="" aspect="" certainty="" comment="" class="PHYSICAL SENSATIONS" tense="" polarity=""  >
<token_anchor t_id="54"/>
</EVENT_MENTION>
<EVENT_MENTION m_id="101" factuality="" modality="" pred="" pos="" aspect="" certainty="" comment="" class="MATTER" tense="" polarity=""  >
<token_anchor t_id="652"/>
</EVENT_MENTION>
<EVENT_MENTION m_id="38" factuality="" modality="" pred="" pos="" aspect="" certainty="" comment="" class="GENERAL" tense="" polarity=""  >
<token_anchor t_id="236"/>
</EVENT_MENTION>
<EVENT_MENTION m_id="70" factuality="" modality="" pred="" pos="" aspect="" certainty="" comment="" class="HOSTILITY" tense="" polarity=""  >
<token_anchor t_id="447"/>
</EVENT_MENTION>
<EVENT_MENTION m_id="6" factuality="" modality="" pred="" pos="" aspect="" certainty="" comment="" class="AUTHORITY-LAW" tense="" polarity=""  >
<token_anchor t_id="60"/>
</EVENT_MENTION>
<EVENT_MENTION m_id="102" factuality="" modality="" pred="" pos="" aspect="" certainty="" comment="" class="MATTER" tense="" polarity=""  >
<token_anchor t_id="661"/>
</EVENT_MENTION>
<EVENT_MENTION m_id="39" factuality="" modality="" pred="" pos="" aspect="" certainty="" comment="" class="TRADE-WORK" tense="" polarity=""  >
<token_anchor t_id="244"/>
</EVENT_MENTION>
<EVENT_MENTION m_id="71" factuality="" modality="" pred="" pos="" aspect="" certainty="" comment="" class="HOSTILITY" tense="" polarity=""  >
<token_anchor t_id="449"/>
</EVENT_MENTION>
<EVENT_MENTION m_id="7" factuality="" modality="" pred="" pos="" aspect="" certainty="" comment="" class="EMOTIONS-EVALUATIONS" tense="" polarity=""  >
<token_anchor t_id="64"/>
</EVENT_MENTION>
<EVENT_MENTION m_id="103" factuality="" modality="" pred="" pos="" aspect="" certainty="" comment="" class="MENTAL" tense="" polarity=""  >
<token_anchor t_id="673"/>
</EVENT_MENTION>
<EVENT_MENTION m_id="104" factuality="" modality="" pred="" pos="" aspect="" certainty="" comment="" class="MATTER" tense="" polarity=""  >
<token_anchor t_id="681"/>
</EVENT_MENTION>
<EVENT_MENTION m_id="40" factuality="" modality="" pred="" pos="" aspect="" certainty="" comment="" class="COMMUNICATION" tense="" polarity=""  >
<token_anchor t_id="264"/>
</EVENT_MENTION>
<EVENT_MENTION m_id="72" factuality="" modality="" pred="" pos="" aspect="" certainty="" comment="" class="MATTER" tense="" polarity=""  >
<token_anchor t_id="453"/>
</EVENT_MENTION>
<EVENT_MENTION m_id="8" factuality="" modality="" pred="" pos="" aspect="" certainty="" comment="" class="ENVIRONMENT" tense="" polarity=""  >
<token_anchor t_id="55"/>
</EVENT_MENTION>
<EVENT_MENTION m_id="105" factuality="" modality="" pred="" pos="" aspect="" certainty="" comment="" class="MATTER" tense="" polarity=""  >
<token_anchor t_id="687"/>
</EVENT_MENTION>
<EVENT_MENTION m_id="41" factuality="" modality="" pred="" pos="" aspect="" certainty="" comment="" class="COMMUNICATION" tense="" polarity=""  >
<token_anchor t_id="271"/>
<token_anchor t_id="272"/>
<token_anchor t_id="273"/>
<token_anchor t_id="274"/>
</EVENT_MENTION>
<EVENT_MENTION m_id="73" factuality="" modality="" pred="" pos="" aspect="" certainty="" comment="" class="EXISTENCE-CAUSATION" tense="" polarity=""  >
<token_anchor t_id="456"/>
<token_anchor t_id="458"/>
</EVENT_MENTION>
<EVENT_MENTION m_id="9" factuality="" modality="" pred="" pos="" aspect="" certainty="" comment="" class="COMMUNICATION" tense="" polarity=""  >
<token_anchor t_id="70"/>
</EVENT_MENTION>
<EVENT_MENTION m_id="106" factuality="" modality="" pred="" pos="" aspect="" certainty="" comment="" class="EXISTENCE-CAUSATION" tense="" polarity=""  >
<token_anchor t_id="699"/>
</EVENT_MENTION>
<EVENT_MENTION m_id="42" factuality="" modality="" pred="" pos="" aspect="" certainty="" comment="" class="TIME" tense="" polarity=""  >
<token_anchor t_id="258"/>
<token_anchor t_id="259"/>
<token_anchor t_id="260"/>
<token_anchor t_id="261"/>
</EVENT_MENTION>
<EVENT_MENTION m_id="74" factuality="" modality="" pred="" pos="" aspect="" certainty="" comment="" class="EXISTENCE-CAUSATION" tense="" polarity=""  >
<token_anchor t_id="463"/>
</EVENT_MENTION>
<EVENT_MENTION m_id="10" factuality="" modality="" pred="" pos="" aspect="" certainty="" comment="" class="EXISTENCE-CAUSATION" tense="" polarity=""  >
<token_anchor t_id="72"/>
</EVENT_MENTION>
<EVENT_MENTION m_id="107" factuality="" modality="" pred="" pos="" aspect="" certainty="" comment="" class="GENERAL" tense="" polarity=""  >
<token_anchor t_id="705"/>
</EVENT_MENTION>
<EVENT_MENTION m_id="43" factuality="" modality="" pred="" pos="" aspect="" certainty="" comment="" class="MENTAL" tense="" polarity=""  >
<token_anchor t_id="281"/>
</EVENT_MENTION>
<EVENT_MENTION m_id="75" factuality="" modality="" pred="" pos="" aspect="" certainty="" comment="" class="EXISTENCE-CAUSATION" tense="" polarity=""  >
<token_anchor t_id="465"/>
</EVENT_MENTION>
<EVENT_MENTION m_id="11" factuality="" modality="" pred="" pos="" aspect="" certainty="" comment="" class="POSSESSION" tense="" polarity=""  >
<token_anchor t_id="83"/>
</EVENT_MENTION>
<EVENT_MENTION m_id="108" factuality="" modality="" pred="" pos="" aspect="" certainty="" comment="" class="TIME" tense="" polarity=""  >
<token_anchor t_id="253"/>
</EVENT_MENTION>
<EVENT_MENTION m_id="44" factuality="" modality="" pred="" pos="" aspect="" certainty="" comment="" class="MENTAL" tense="" polarity=""  >
<token_anchor t_id="286"/>
</EVENT_MENTION>
<EVENT_MENTION m_id="76" factuality="" modality="" pred="" pos="" aspect="" certainty="" comment="" class="MENTAL" tense="" polarity=""  >
<token_anchor t_id="467"/>
<token_anchor t_id="468"/>
</EVENT_MENTION>
<EVENT_MENTION m_id="12" factuality="" modality="" pred="" pos="" aspect="" certainty="" comment="" class="TRADE-WORK" tense="" polarity=""  >
<token_anchor t_id="88"/>
</EVENT_MENTION>
<EVENT_MENTION m_id="109" factuality="" modality="" pred="" pos="" aspect="" certainty="" comment="" class="MENTAL" tense="" polarity=""  >
<token_anchor t_id="454"/>
</EVENT_MENTION>
<EVENT_MENTION m_id="45" factuality="" modality="" pred="" pos="" aspect="" certainty="" comment="" class="HOSTILITY" tense="" polarity=""  >
<token_anchor t_id="290"/>
</EVENT_MENTION>
<EVENT_MENTION m_id="77" factuality="" modality="" pred="" pos="" aspect="" certainty="" comment="" class="POSSESSION" tense="" polarity=""  >
<token_anchor t_id="472"/>
</EVENT_MENTION>
<EVENT_MENTION m_id="13" factuality="" modality="" pred="" pos="" aspect="" certainty="" comment="" class="EDUCATION" tense="" polarity=""  >
<token_anchor t_id="90"/>
</EVENT_MENTION>
<EVENT_MENTION m_id="46" factuality="" modality="" pred="" pos="" aspect="" certainty="" comment="" class="GENERAL" tense="" polarity=""  >
<token_anchor t_id="295"/>
</EVENT_MENTION>
<EVENT_MENTION m_id="78" factuality="" modality="" pred="" pos="" aspect="" certainty="" comment="" class="POSSESSION" tense="" polarity=""  >
<token_anchor t_id="474"/>
</EVENT_MENTION>
<EVENT_MENTION m_id="14" factuality="" modality="" pred="" pos="" aspect="" certainty="" comment="" class="MENTAL" tense="" polarity=""  >
<token_anchor t_id="93"/>
<token_anchor t_id="96"/>
</EVENT_MENTION>
<EVENT_MENTION m_id="47" factuality="" modality="" pred="" pos="" aspect="" certainty="" comment="" class="HOSTILITY" tense="" polarity=""  >
<token_anchor t_id="300"/>
</EVENT_MENTION>
<EVENT_MENTION m_id="79" factuality="" modality="" pred="" pos="" aspect="" certainty="" comment="" class="EXISTENCE-CAUSATION" tense="" polarity=""  >
<token_anchor t_id="476"/>
<token_anchor t_id="477"/>
</EVENT_MENTION>
<EVENT_MENTION m_id="15" factuality="" modality="" pred="" pos="" aspect="" certainty="" comment="" class="COMMUNICATION" tense="" polarity=""  >
<token_anchor t_id="98"/>
<token_anchor t_id="99"/>
<token_anchor t_id="100"/>
</EVENT_MENTION>
<EVENT_MENTION m_id="48" factuality="" modality="" pred="" pos="" aspect="" certainty="" comment="" class="COMMUNICATION" tense="" polarity=""  >
<token_anchor t_id="304"/>
</EVENT_MENTION>
<EVENT_MENTION m_id="80" factuality="" modality="" pred="" pos="" aspect="" certainty="" comment="" class="EXISTENCE-CAUSATION" tense="" polarity=""  >
<token_anchor t_id="484"/>
</EVENT_MENTION>
<EVENT_MENTION m_id="16" factuality="" modality="" pred="" pos="" aspect="" certainty="" comment="" class="COMMUNICATION" tense="" polarity=""  >
<token_anchor t_id="106"/>
</EVENT_MENTION>
<EVENT_MENTION m_id="49" factuality="" modality="" pred="" pos="" aspect="" certainty="" comment="" class="TIME" tense="" polarity=""  >
<token_anchor t_id="307"/>
<token_anchor t_id="308"/>
<token_anchor t_id="309"/>
</EVENT_MENTION>
<EVENT_MENTION m_id="81" factuality="" modality="" pred="" pos="" aspect="" certainty="" comment="" class="COMMUNICATION" tense="" polarity=""  >
<token_anchor t_id="493"/>
</EVENT_MENTION>
<EVENT_MENTION m_id="17" factuality="" modality="" pred="" pos="" aspect="" certainty="" comment="" class="GENERAL" tense="" polarity=""  >
<token_anchor t_id="108"/>
<token_anchor t_id="109"/>
</EVENT_MENTION>
<EVENT_MENTION m_id="50" factuality="" modality="" pred="" pos="" aspect="" certainty="" comment="" class="COMMUNICATION" tense="" polarity=""  >
<token_anchor t_id="311"/>
</EVENT_MENTION>
<EVENT_MENTION m_id="82" factuality="" modality="" pred="" pos="" aspect="" certainty="" comment="" class="MENTAL" tense="" polarity=""  >
<token_anchor t_id="497"/>
<token_anchor t_id="498"/>
</EVENT_MENTION>
<EVENT_MENTION m_id="18" factuality="" modality="" pred="" pos="" aspect="" certainty="" comment="" class="SPACE-MOVEMENT" tense="" polarity=""  >
<token_anchor t_id="112"/>
</EVENT_MENTION>
<EVENT_MENTION m_id="51" factuality="" modality="" pred="" pos="" aspect="" certainty="" comment="" class="GENERAL" tense="" polarity=""  >
<token_anchor t_id="318"/>
<token_anchor t_id="320"/>
</EVENT_MENTION>
<EVENT_MENTION m_id="83" factuality="" modality="" pred="" pos="" aspect="" certainty="" comment="" class="SPACE-MOVEMENT" tense="" polarity=""  >
<token_anchor t_id="504"/>
</EVENT_MENTION>
<EVENT_MENTION m_id="19" factuality="" modality="" pred="" pos="" aspect="" certainty="" comment="" class="POSSESSION" tense="" polarity=""  >
<token_anchor t_id="117"/>
</EVENT_MENTION>
<EVENT_MENTION m_id="20" factuality="" modality="" pred="" pos="" aspect="" certainty="" comment="" class="COMMUNICATION" tense="" polarity=""  >
<token_anchor t_id="120"/>
<token_anchor t_id="121"/>
<token_anchor t_id="122"/>
</EVENT_MENTION>
<EVENT_MENTION m_id="52" factuality="" modality="" pred="" pos="" aspect="" certainty="" comment="" class="MATTER" tense="" polarity=""  >
<token_anchor t_id="322"/>
</EVENT_MENTION>
<EVENT_MENTION m_id="84" factuality="" modality="" pred="" pos="" aspect="" certainty="" comment="" class="SPACE-MOVEMENT" tense="" polarity=""  >
<token_anchor t_id="523"/>
</EVENT_MENTION>
<EVENT_MENTION m_id="21" factuality="" modality="" pred="" pos="" aspect="" certainty="" comment="" class="SPACE-MOVEMENT" tense="" polarity=""  >
<token_anchor t_id="128"/>
</EVENT_MENTION>
<EVENT_MENTION m_id="53" factuality="" modality="" pred="" pos="" aspect="" certainty="" comment="" class="EXISTENCE-CAUSATION" tense="" polarity=""  >
<token_anchor t_id="328"/>
</EVENT_MENTION>
<EVENT_MENTION m_id="85" factuality="" modality="" pred="" pos="" aspect="" certainty="" comment="" class="COMMUNICATION" tense="" polarity=""  >
<token_anchor t_id="534"/>
</EVENT_MENTION>
<EVENT_MENTION m_id="22" factuality="" modality="" pred="" pos="" aspect="" certainty="" comment="" class="SPACE-MOVEMENT" tense="" polarity=""  >
<token_anchor t_id="149"/>
</EVENT_MENTION>
<EVENT_MENTION m_id="54" factuality="" modality="" pred="" pos="" aspect="" certainty="" comment="" class="EXISTENCE-CAUSATION" tense="" polarity=""  >
<token_anchor t_id="338"/>
</EVENT_MENTION>
<EVENT_MENTION m_id="86" factuality="" modality="" pred="" pos="" aspect="" certainty="" comment="" class="COMMUNICATION" tense="" polarity=""  >
<token_anchor t_id="536"/>
</EVENT_MENTION>
<EVENT_MENTION m_id="23" factuality="" modality="" pred="" pos="" aspect="" certainty="" comment="" class="MENTAL" tense="" polarity=""  >
<token_anchor t_id="154"/>
</EVENT_MENTION>
<EVENT_MENTION m_id="55" factuality="" modality="" pred="" pos="" aspect="" certainty="" comment="" class="MENTAL" tense="" polarity=""  >
<token_anchor t_id="343"/>
<token_anchor t_id="345"/>
</EVENT_MENTION>
<EVENT_MENTION m_id="87" factuality="" modality="" pred="" pos="" aspect="" certainty="" comment="" class="COMMUNICATION" tense="" polarity=""  >
<token_anchor t_id="541"/>
</EVENT_MENTION>
<EVENT_MENTION m_id="24" factuality="" modality="" pred="" pos="" aspect="" certainty="" comment="" class="EXISTENCE-CAUSATION" tense="" polarity=""  >
<token_anchor t_id="163"/>
</EVENT_MENTION>
<EVENT_MENTION m_id="56" factuality="" modality="" pred="" pos="" aspect="" certainty="" comment="" class="COMMUNICATION" tense="" polarity=""  >
<token_anchor t_id="349"/>
</EVENT_MENTION>
<EVENT_MENTION m_id="88" factuality="" modality="" pred="" pos="" aspect="" certainty="" comment="" class="MENTAL" tense="" polarity=""  >
<token_anchor t_id="559"/>
<token_anchor t_id="560"/>
</EVENT_MENTION>
<EVENT_MENTION m_id="25" factuality="" modality="" pred="" pos="" aspect="" certainty="" comment="" class="EXISTENCE-CAUSATION" tense="" polarity=""  >
<token_anchor t_id="166"/>
</EVENT_MENTION>
<EVENT_MENTION m_id="57" factuality="" modality="" pred="" pos="" aspect="" certainty="" comment="" class="COMMUNICATION" tense="" polarity=""  >
<token_anchor t_id="360"/>
</EVENT_MENTION>
<EVENT_MENTION m_id="89" factuality="" modality="" pred="" pos="" aspect="" certainty="" comment="" class="SPACE-MOVEMENT" tense="" polarity=""  >
<token_anchor t_id="562"/>
</EVENT_MENTION>
<EVENT_MENTION m_id="26" factuality="" modality="" pred="" pos="" aspect="" certainty="" comment="" class="MENTAL" tense="" polarity=""  >
<token_anchor t_id="169"/>
</EVENT_MENTION>
<EVENT_MENTION m_id="58" factuality="" modality="" pred="" pos="" aspect="" certainty="" comment="" class="AUTHORITY-LAW" tense="" polarity=""  >
<token_anchor t_id="366"/>
</EVENT_MENTION>
<EVENT_MENTION m_id="90" factuality="" modality="" pred="" pos="" aspect="" certainty="" comment="" class="HOSTILITY" tense="" polarity=""  >
<token_anchor t_id="574"/>
</EVENT_MENTION>
<EVENT_MENTION m_id="27" factuality="" modality="" pred="" pos="" aspect="" certainty="" comment="" class="GENERAL" tense="" polarity=""  >
<token_anchor t_id="171"/>
</EVENT_MENTION>
<EVENT_MENTION m_id="59" factuality="" modality="" pred="" pos="" aspect="" certainty="" comment="" class="MENTAL" tense="" polarity=""  >
<token_anchor t_id="375"/>
</EVENT_MENTION>
<EVENT_MENTION m_id="91" factuality="" modality="" pred="" pos="" aspect="" certainty="" comment="" class="COMMUNICATION" tense="" polarity=""  >
<token_anchor t_id="578"/>
<token_anchor t_id="582"/>
</EVENT_MENTION>
<EVENT_MENTION m_id="28" factuality="" modality="" pred="" pos="" aspect="" certainty="" comment="" class="GENERAL" tense="" polarity=""  >
<token_anchor t_id="161"/>
</EVENT_MENTION>
<EVENT_MENTION m_id="60" factuality="" modality="" pred="" pos="" aspect="" certainty="" comment="" class="MATTER" tense="" polarity=""  >
<token_anchor t_id="377"/>
</EVENT_MENTION>
<EVENT_MENTION m_id="92" factuality="" modality="" pred="" pos="" aspect="" certainty="" comment="" class="GENERAL" tense="" polarity=""  >
<token_anchor t_id="586"/>
<token_anchor t_id="588"/>
</EVENT_MENTION>
<EVENT_MENTION m_id="29" factuality="" modality="" pred="" pos="" aspect="" certainty="" comment="" class="SPACE-MOVEMENT" tense="" polarity=""  >
<token_anchor t_id="144"/>
</EVENT_MENTION>
<EVENT_MENTION m_id="61" factuality="" modality="" pred="" pos="" aspect="" certainty="" comment="" class="GENERAL" tense="" polarity=""  >
<token_anchor t_id="387"/>
</EVENT_MENTION>
<EVENT_MENTION m_id="93" factuality="" modality="" pred="" pos="" aspect="" certainty="" comment="" class="EMOTIONS-EVALUATIONS" tense="" polarity=""  >
<token_anchor t_id="593"/>
<token_anchor t_id="594"/>
</EVENT_MENTION>
<EVENT_MENTION m_id="30" factuality="" modality="" pred="" pos="" aspect="" certainty="" comment="" class="EXISTENCE-CAUSATION" tense="" polarity=""  >
<token_anchor t_id="192"/>
</EVENT_MENTION>
<EVENT_MENTION m_id="62" factuality="" modality="" pred="" pos="" aspect="" certainty="" comment="" class="HOSTILITY" tense="" polarity=""  >
<token_anchor t_id="395"/>
</EVENT_MENTION>
<EVENT_MENTION m_id="94" factuality="" modality="" pred="" pos="" aspect="" certainty="" comment="" class="COMMUNICATION" tense="" polarity=""  >
<token_anchor t_id="596"/>
</EVENT_MENTION>
<EVENT_MENTION m_id="31" factuality="" modality="" pred="" pos="" aspect="" certainty="" comment="" class="EXISTENCE-CAUSATION" tense="" polarity=""  >
<token_anchor t_id="182"/>
<token_anchor t_id="184"/>
<token_anchor t_id="185"/>
</EVENT_MENTION>
<EVENT_MENTION m_id="63" factuality="" modality="" pred="" pos="" aspect="" certainty="" comment="" class="HOSTILITY" tense="" polarity=""  >
<token_anchor t_id="397"/>
</EVENT_MENTION>
<EVENT_MENTION m_id="95" factuality="" modality="" pred="" pos="" aspect="" certainty="" comment="" class="COMMUNICATION" tense="" polarity=""  >
<token_anchor t_id="603"/>
</EVENT_MENTION>
<EVENT_MENTION m_id="32" factuality="" modality="" pred="" pos="" aspect="" certainty="" comment="" class="MENTAL" tense="" polarity=""  >
<token_anchor t_id="207"/>
<token_anchor t_id="208"/>
</EVENT_MENTION>
<EVENT_MENTION m_id="64" factuality="" modality="" pred="" pos="" aspect="" certainty="" comment="" class="POSSESSION" tense="" polarity=""  >
<token_anchor t_id="402"/>
</EVENT_MENTION>
<EVENT_MENTION m_id="96" factuality="" modality="" pred="" pos="" aspect="" certainty="" comment="" class="COMMUNICATION" tense="" polarity=""  >
<token_anchor t_id="611"/>
</EVENT_MENTION>


</Markables>

<Relations>
</Relations>
</Document>
