<Document doc_name="The_great_race.txt">
<token t_id="1" sentence="0" number="0">May</token>
<token t_id="2" sentence="0" number="1">31</token>
<token t_id="3" sentence="0" number="2">,</token>
<token t_id="4" sentence="0" number="3">1911</token>
<token t_id="5" sentence="1" number="4">The</token>
<token t_id="6" sentence="1" number="5">Great</token>
<token t_id="7" sentence="1" number="6">Race</token>
<token t_id="8" sentence="2" number="7">Interesting</token>
<token t_id="9" sentence="2" number="8">and</token>
<token t_id="10" sentence="2" number="9">thrilling</token>
<token t_id="11" sentence="2" number="10">as</token>
<token t_id="12" sentence="2" number="11">was</token>
<token t_id="13" sentence="2" number="12">the</token>
<token t_id="14" sentence="2" number="13">race</token>
<token t_id="15" sentence="2" number="14">at</token>
<token t_id="16" sentence="2" number="15">the</token>
<token t_id="17" sentence="2" number="16">speedway</token>
<token t_id="18" sentence="2" number="17">yesterday</token>
<token t_id="19" sentence="2" number="18">,</token>
<token t_id="20" sentence="2" number="19">it</token>
<token t_id="21" sentence="2" number="20">is</token>
<token t_id="22" sentence="2" number="21">to</token>
<token t_id="23" sentence="2" number="22">be</token>
<token t_id="24" sentence="2" number="23">hoped</token>
<token t_id="25" sentence="2" number="24">that</token>
<token t_id="26" sentence="2" number="25">we</token>
<token t_id="27" sentence="2" number="26">have</token>
<token t_id="28" sentence="2" number="27">seen</token>
<token t_id="29" sentence="2" number="28">the</token>
<token t_id="30" sentence="2" number="29">last</token>
<token t_id="31" sentence="2" number="30">of</token>
<token t_id="32" sentence="2" number="31">these</token>
<token t_id="33" sentence="2" number="32">five-hundred-mile</token>
<token t_id="34" sentence="2" number="33">contests</token>
<token t_id="35" sentence="2" number="34">.</token>
<token t_id="36" sentence="3" number="35">The</token>
<token t_id="37" sentence="3" number="36">winning</token>
<token t_id="38" sentence="3" number="37">driver</token>
<token t_id="39" sentence="3" number="38">said</token>
<token t_id="40" sentence="3" number="39">that</token>
<token t_id="41" sentence="3" number="40">the</token>
<token t_id="42" sentence="3" number="41">limit</token>
<token t_id="43" sentence="3" number="42">had</token>
<token t_id="44" sentence="3" number="43">been</token>
<token t_id="45" sentence="3" number="44">reached</token>
<token t_id="46" sentence="3" number="45">,</token>
<token t_id="47" sentence="3" number="46">and</token>
<token t_id="48" sentence="3" number="47">that</token>
<token t_id="49" sentence="3" number="48">the</token>
<token t_id="50" sentence="3" number="49">strain</token>
<token t_id="51" sentence="3" number="50">on</token>
<token t_id="52" sentence="3" number="51">the</token>
<token t_id="53" sentence="3" number="52">participants</token>
<token t_id="54" sentence="3" number="53">was</token>
<token t_id="55" sentence="3" number="54">far</token>
<token t_id="56" sentence="3" number="55">too</token>
<token t_id="57" sentence="3" number="56">great</token>
<token t_id="58" sentence="3" number="57">.</token>
<token t_id="59" sentence="4" number="58">The</token>
<token t_id="60" sentence="4" number="59">management</token>
<token t_id="61" sentence="4" number="60">did</token>
<token t_id="62" sentence="4" number="61">everything</token>
<token t_id="63" sentence="4" number="62">possible</token>
<token t_id="64" sentence="4" number="63">to</token>
<token t_id="65" sentence="4" number="64">prevent</token>
<token t_id="66" sentence="4" number="65">accidents</token>
<token t_id="67" sentence="4" number="66">,</token>
<token t_id="68" sentence="4" number="67">and</token>
<token t_id="69" sentence="4" number="68">it</token>
<token t_id="70" sentence="4" number="69">was</token>
<token t_id="71" sentence="4" number="70">fortunate</token>
<token t_id="72" sentence="4" number="71">in</token>
<token t_id="73" sentence="4" number="72">escaping</token>
<token t_id="74" sentence="4" number="73">with</token>
<token t_id="75" sentence="4" number="74">only</token>
<token t_id="76" sentence="4" number="75">one</token>
<token t_id="77" sentence="4" number="76">death</token>
<token t_id="78" sentence="4" number="77">.</token>
<token t_id="79" sentence="5" number="78">There</token>
<token t_id="80" sentence="5" number="79">were</token>
<token t_id="81" sentence="5" number="80">many</token>
<token t_id="82" sentence="5" number="81">"</token>
<token t_id="83" sentence="5" number="82">close</token>
<token t_id="84" sentence="5" number="83">calls</token>
<token t_id="85" sentence="5" number="84">,</token>
<token t_id="86" sentence="5" number="85">"</token>
<token t_id="87" sentence="5" number="86">and</token>
<token t_id="88" sentence="5" number="87">good</token>
<token t_id="89" sentence="5" number="88">luck</token>
<token t_id="90" sentence="5" number="89">as</token>
<token t_id="91" sentence="5" number="90">well</token>
<token t_id="92" sentence="5" number="91">as</token>
<token t_id="93" sentence="5" number="92">good</token>
<token t_id="94" sentence="5" number="93">management</token>
<token t_id="95" sentence="5" number="94">must</token>
<token t_id="96" sentence="5" number="95">be</token>
<token t_id="97" sentence="5" number="96">credited</token>
<token t_id="98" sentence="5" number="97">with</token>
<token t_id="99" sentence="5" number="98">the</token>
<token t_id="100" sentence="5" number="99">comparatively</token>
<token t_id="101" sentence="5" number="100">happy</token>
<token t_id="102" sentence="5" number="101">result</token>
<token t_id="103" sentence="5" number="102">.</token>
<token t_id="104" sentence="6" number="103">With</token>
<token t_id="105" sentence="6" number="104">so</token>
<token t_id="106" sentence="6" number="105">many</token>
<token t_id="107" sentence="6" number="106">contestants</token>
<token t_id="108" sentence="6" number="107">struggling</token>
<token t_id="109" sentence="6" number="108">for</token>
<token t_id="110" sentence="6" number="109">the</token>
<token t_id="111" sentence="6" number="110">supremacy</token>
<token t_id="112" sentence="6" number="111">over</token>
<token t_id="113" sentence="6" number="112">a</token>
<token t_id="114" sentence="6" number="113">long</token>
<token t_id="115" sentence="6" number="114">period</token>
<token t_id="116" sentence="6" number="115">of</token>
<token t_id="117" sentence="6" number="116">time</token>
<token t_id="118" sentence="6" number="117">it</token>
<token t_id="119" sentence="6" number="118">is</token>
<token t_id="120" sentence="6" number="119">astonishing</token>
<token t_id="121" sentence="6" number="120">that</token>
<token t_id="122" sentence="6" number="121">there</token>
<token t_id="123" sentence="6" number="122">were</token>
<token t_id="124" sentence="6" number="123">not</token>
<token t_id="125" sentence="6" number="124">more</token>
<token t_id="126" sentence="6" number="125">accidents</token>
<token t_id="127" sentence="6" number="126">.</token>
<token t_id="128" sentence="7" number="127">Under</token>
<token t_id="129" sentence="7" number="128">such</token>
<token t_id="130" sentence="7" number="129">conditions</token>
<token t_id="131" sentence="7" number="130">each</token>
<token t_id="132" sentence="7" number="131">man</token>
<token t_id="133" sentence="7" number="132">is</token>
<token t_id="134" sentence="7" number="133">dependent</token>
<token t_id="135" sentence="7" number="134">for</token>
<token t_id="136" sentence="7" number="135">his</token>
<token t_id="137" sentence="7" number="136">safety</token>
<token t_id="138" sentence="7" number="137">,</token>
<token t_id="139" sentence="7" number="138">not</token>
<token t_id="140" sentence="7" number="139">on</token>
<token t_id="141" sentence="7" number="140">his</token>
<token t_id="142" sentence="7" number="141">own</token>
<token t_id="143" sentence="7" number="142">care</token>
<token t_id="144" sentence="7" number="143">,</token>
<token t_id="145" sentence="7" number="144">but</token>
<token t_id="146" sentence="7" number="145">on</token>
<token t_id="147" sentence="7" number="146">the</token>
<token t_id="148" sentence="7" number="147">care</token>
<token t_id="149" sentence="7" number="148">of</token>
<token t_id="150" sentence="7" number="149">all</token>
<token t_id="151" sentence="7" number="150">the</token>
<token t_id="152" sentence="7" number="151">others</token>
<token t_id="153" sentence="7" number="152">.</token>
<token t_id="154" sentence="8" number="153">This</token>
<token t_id="155" sentence="8" number="154">obvious</token>
<token t_id="156" sentence="8" number="155">fact</token>
<token t_id="157" sentence="8" number="156">is</token>
<token t_id="158" sentence="8" number="157">also</token>
<token t_id="159" sentence="8" number="158">emphasized</token>
<token t_id="160" sentence="8" number="159">by</token>
<token t_id="161" sentence="8" number="160">Harroun</token>
<token t_id="162" sentence="8" number="161">.</token>
<token t_id="163" sentence="9" number="162">One</token>
<token t_id="164" sentence="9" number="163">"</token>
<token t_id="165" sentence="9" number="164">daredevil</token>
<token t_id="166" sentence="9" number="165">"</token>
<token t_id="167" sentence="9" number="166">may</token>
<token t_id="168" sentence="9" number="167">by</token>
<token t_id="169" sentence="9" number="168">his</token>
<token t_id="170" sentence="9" number="169">recklessness</token>
<token t_id="171" sentence="9" number="170">kill</token>
<token t_id="172" sentence="9" number="171">a</token>
<token t_id="173" sentence="9" number="172">half</token>
<token t_id="174" sentence="9" number="173">dozen</token>
<token t_id="175" sentence="9" number="174">men</token>
<token t_id="176" sentence="9" number="175">.</token>
<token t_id="177" sentence="10" number="176">Of</token>
<token t_id="178" sentence="10" number="177">course</token>
<token t_id="179" sentence="10" number="178">there</token>
<token t_id="180" sentence="10" number="179">is</token>
<token t_id="181" sentence="10" number="180">the</token>
<token t_id="182" sentence="10" number="181">theory</token>
<token t_id="183" sentence="10" number="182">that</token>
<token t_id="184" sentence="10" number="183">if</token>
<token t_id="185" sentence="10" number="184">men</token>
<token t_id="186" sentence="10" number="185">are</token>
<token t_id="187" sentence="10" number="186">willing</token>
<token t_id="188" sentence="10" number="187">to</token>
<token t_id="189" sentence="10" number="188">take</token>
<token t_id="190" sentence="10" number="189">such</token>
<token t_id="191" sentence="10" number="190">chances</token>
<token t_id="192" sentence="10" number="191">they</token>
<token t_id="193" sentence="10" number="192">should</token>
<token t_id="194" sentence="10" number="193">be</token>
<token t_id="195" sentence="10" number="194">permitted</token>
<token t_id="196" sentence="10" number="195">to</token>
<token t_id="197" sentence="10" number="196">do</token>
<token t_id="198" sentence="10" number="197">so</token>
<token t_id="199" sentence="10" number="198">.</token>
<token t_id="200" sentence="11" number="199">There</token>
<token t_id="201" sentence="11" number="200">are</token>
<token t_id="202" sentence="11" number="201">few</token>
<token t_id="203" sentence="11" number="202">sports</token>
<token t_id="204" sentence="11" number="203">that</token>
<token t_id="205" sentence="11" number="204">are</token>
<token t_id="206" sentence="11" number="205">safe</token>
<token t_id="207" sentence="11" number="206">,</token>
<token t_id="208" sentence="11" number="207">and</token>
<token t_id="209" sentence="11" number="208">no</token>
<token t_id="210" sentence="11" number="209">sport</token>
<token t_id="211" sentence="11" number="210">that</token>
<token t_id="212" sentence="11" number="211">is</token>
<token t_id="213" sentence="11" number="212">entirely</token>
<token t_id="214" sentence="11" number="213">safe</token>
<token t_id="215" sentence="11" number="214">seems</token>
<token t_id="216" sentence="11" number="215">to</token>
<token t_id="217" sentence="11" number="216">make</token>
<token t_id="218" sentence="11" number="217">any</token>
<token t_id="219" sentence="11" number="218">appeal</token>
<token t_id="220" sentence="11" number="219">to</token>
<token t_id="221" sentence="11" number="220">the</token>
<token t_id="222" sentence="11" number="221">people</token>
<token t_id="223" sentence="11" number="222">.</token>
<token t_id="224" sentence="12" number="223">Unlike</token>
<token t_id="225" sentence="12" number="224">other</token>
<token t_id="226" sentence="12" number="225">sports</token>
<token t_id="227" sentence="12" number="226">there</token>
<token t_id="228" sentence="12" number="227">is</token>
<token t_id="229" sentence="12" number="228">no</token>
<token t_id="230" sentence="12" number="229">enjoyment</token>
<token t_id="231" sentence="12" number="230">in</token>
<token t_id="232" sentence="12" number="231">this</token>
<token t_id="233" sentence="12" number="232">one</token>
<token t_id="234" sentence="12" number="233">for</token>
<token t_id="235" sentence="12" number="234">those</token>
<token t_id="236" sentence="12" number="235">who</token>
<token t_id="237" sentence="12" number="236">take</token>
<token t_id="238" sentence="12" number="237">part</token>
<token t_id="239" sentence="12" number="238">in</token>
<token t_id="240" sentence="12" number="239">it</token>
<token t_id="241" sentence="12" number="240">.</token>
<token t_id="242" sentence="13" number="241">As</token>
<token t_id="243" sentence="13" number="242">has</token>
<token t_id="244" sentence="13" number="243">been</token>
<token t_id="245" sentence="13" number="244">said</token>
<token t_id="246" sentence="13" number="245">,</token>
<token t_id="247" sentence="13" number="246">the</token>
<token t_id="248" sentence="13" number="247">strain</token>
<token t_id="249" sentence="13" number="248">on</token>
<token t_id="250" sentence="13" number="249">them</token>
<token t_id="251" sentence="13" number="250">is</token>
<token t_id="252" sentence="13" number="251">terrific</token>
<token t_id="253" sentence="13" number="252">.</token>
<token t_id="254" sentence="14" number="253">Nor</token>
<token t_id="255" sentence="14" number="254">do</token>
<token t_id="256" sentence="14" number="255">we</token>
<token t_id="257" sentence="14" number="256">believe</token>
<token t_id="258" sentence="14" number="257">that</token>
<token t_id="259" sentence="14" number="258">people</token>
<token t_id="260" sentence="14" number="259">can</token>
<token t_id="261" sentence="14" number="260">become</token>
<token t_id="262" sentence="14" number="261">accustomed</token>
<token t_id="263" sentence="14" number="262">to</token>
<token t_id="264" sentence="14" number="263">such</token>
<token t_id="265" sentence="14" number="264">exhibitions</token>
<token t_id="266" sentence="14" number="265">without</token>
<token t_id="267" sentence="14" number="266">themselves</token>
<token t_id="268" sentence="14" number="267">being</token>
<token t_id="269" sentence="14" number="268">somewhat</token>
<token t_id="270" sentence="14" number="269">brutalized</token>
<token t_id="271" sentence="14" number="270">.</token>
<token t_id="272" sentence="15" number="271">So</token>
<token t_id="273" sentence="15" number="272">it</token>
<token t_id="274" sentence="15" number="273">seems</token>
<token t_id="275" sentence="15" number="274">to</token>
<token t_id="276" sentence="15" number="275">us</token>
<token t_id="277" sentence="15" number="276">that</token>
<token t_id="278" sentence="15" number="277">we</token>
<token t_id="279" sentence="15" number="278">have</token>
<token t_id="280" sentence="15" number="279">gone</token>
<token t_id="281" sentence="15" number="280">too</token>
<token t_id="282" sentence="15" number="281">far</token>
<token t_id="283" sentence="15" number="282">in</token>
<token t_id="284" sentence="15" number="283">this</token>
<token t_id="285" sentence="15" number="284">form</token>
<token t_id="286" sentence="15" number="285">of</token>
<token t_id="287" sentence="15" number="286">sport</token>
<token t_id="288" sentence="15" number="287">.</token>
<token t_id="289" sentence="16" number="288">The</token>
<token t_id="290" sentence="16" number="289">argument</token>
<token t_id="291" sentence="16" number="290">has</token>
<token t_id="292" sentence="16" number="291">been</token>
<token t_id="293" sentence="16" number="292">that</token>
<token t_id="294" sentence="16" number="293">these</token>
<token t_id="295" sentence="16" number="294">races</token>
<token t_id="296" sentence="16" number="295">are</token>
<token t_id="297" sentence="16" number="296">necessary</token>
<token t_id="298" sentence="16" number="297">for</token>
<token t_id="299" sentence="16" number="298">the</token>
<token t_id="300" sentence="16" number="299">development</token>
<token t_id="301" sentence="16" number="300">of</token>
<token t_id="302" sentence="16" number="301">automobiles</token>
<token t_id="303" sentence="16" number="302">.</token>
<token t_id="304" sentence="17" number="303">There</token>
<token t_id="305" sentence="17" number="304">is</token>
<token t_id="306" sentence="17" number="305">something</token>
<token t_id="307" sentence="17" number="306">in</token>
<token t_id="308" sentence="17" number="307">this</token>
<token t_id="309" sentence="17" number="308">theory</token>
<token t_id="310" sentence="17" number="309">,</token>
<token t_id="311" sentence="17" number="310">perhaps</token>
<token t_id="312" sentence="17" number="311">,</token>
<token t_id="313" sentence="17" number="312">when</token>
<token t_id="314" sentence="17" number="313">the</token>
<token t_id="315" sentence="17" number="314">cars</token>
<token t_id="316" sentence="17" number="315">are</token>
<token t_id="317" sentence="17" number="316">stock</token>
<token t_id="318" sentence="17" number="317">cars</token>
<token t_id="319" sentence="17" number="318">.</token>
<token t_id="320" sentence="18" number="319">But</token>
<token t_id="321" sentence="18" number="320">in</token>
<token t_id="322" sentence="18" number="321">such</token>
<token t_id="323" sentence="18" number="322">a</token>
<token t_id="324" sentence="18" number="323">race</token>
<token t_id="325" sentence="18" number="324">as</token>
<token t_id="326" sentence="18" number="325">that</token>
<token t_id="327" sentence="18" number="326">of</token>
<token t_id="328" sentence="18" number="327">yesterday</token>
<token t_id="329" sentence="18" number="328">nothing</token>
<token t_id="330" sentence="18" number="329">is</token>
<token t_id="331" sentence="18" number="330">proved</token>
<token t_id="332" sentence="18" number="331">except</token>
<token t_id="333" sentence="18" number="332">that</token>
<token t_id="334" sentence="18" number="333">the</token>
<token t_id="335" sentence="18" number="334">individual</token>
<token t_id="336" sentence="18" number="335">car</token>
<token t_id="337" sentence="18" number="336">that</token>
<token t_id="338" sentence="18" number="337">wins</token>
<token t_id="339" sentence="18" number="338">is</token>
<token t_id="340" sentence="18" number="339">better</token>
<token t_id="341" sentence="18" number="340">than</token>
<token t_id="342" sentence="18" number="341">the</token>
<token t_id="343" sentence="18" number="342">individual</token>
<token t_id="344" sentence="18" number="343">cars</token>
<token t_id="345" sentence="18" number="344">that</token>
<token t_id="346" sentence="18" number="345">lose</token>
<token t_id="347" sentence="18" number="346">,</token>
<token t_id="348" sentence="18" number="347">or</token>
<token t_id="349" sentence="18" number="348">that</token>
<token t_id="350" sentence="18" number="349">it</token>
<token t_id="351" sentence="18" number="350">has</token>
<token t_id="352" sentence="18" number="351">a</token>
<token t_id="353" sentence="18" number="352">better</token>
<token t_id="354" sentence="18" number="353">driver</token>
<token t_id="355" sentence="18" number="354">.</token>
<token t_id="356" sentence="19" number="355">Some</token>
<token t_id="357" sentence="19" number="356">weight</token>
<token t_id="358" sentence="19" number="357">may</token>
<token t_id="359" sentence="19" number="358">be</token>
<token t_id="360" sentence="19" number="359">given</token>
<token t_id="361" sentence="19" number="360">to</token>
<token t_id="362" sentence="19" number="361">the</token>
<token t_id="363" sentence="19" number="362">argument</token>
<token t_id="364" sentence="19" number="363">that</token>
<token t_id="365" sentence="19" number="364">the</token>
<token t_id="366" sentence="19" number="365">tests</token>
<token t_id="367" sentence="19" number="366">are</token>
<token t_id="368" sentence="19" number="367">needed</token>
<token t_id="369" sentence="19" number="368">for</token>
<token t_id="370" sentence="19" number="369">the</token>
<token t_id="371" sentence="19" number="370">development</token>
<token t_id="372" sentence="19" number="371">of</token>
<token t_id="373" sentence="19" number="372">the</token>
<token t_id="374" sentence="19" number="373">product</token>
<token t_id="375" sentence="19" number="374">,</token>
<token t_id="376" sentence="19" number="375">but</token>
<token t_id="377" sentence="19" number="376">the</token>
<token t_id="378" sentence="19" number="377">tests</token>
<token t_id="379" sentence="19" number="378">can</token>
<token t_id="380" sentence="19" number="379">be</token>
<token t_id="381" sentence="19" number="380">made</token>
<token t_id="382" sentence="19" number="381">under</token>
<token t_id="383" sentence="19" number="382">absolutely</token>
<token t_id="384" sentence="19" number="383">safe</token>
<token t_id="385" sentence="19" number="384">conditions</token>
<token t_id="386" sentence="19" number="385">.</token>
<token t_id="387" sentence="20" number="386">A</token>
<token t_id="388" sentence="20" number="387">car</token>
<token t_id="389" sentence="20" number="388">may</token>
<token t_id="390" sentence="20" number="389">be</token>
<token t_id="391" sentence="20" number="390">run</token>
<token t_id="392" sentence="20" number="391">a</token>
<token t_id="393" sentence="20" number="392">thousand</token>
<token t_id="394" sentence="20" number="393">miles</token>
<token t_id="395" sentence="20" number="394">and</token>
<token t_id="396" sentence="20" number="395">at</token>
<token t_id="397" sentence="20" number="396">top</token>
<token t_id="398" sentence="20" number="397">speed</token>
<token t_id="399" sentence="20" number="398">without</token>
<token t_id="400" sentence="20" number="399">endangering</token>
<token t_id="401" sentence="20" number="400">the</token>
<token t_id="402" sentence="20" number="401">lives</token>
<token t_id="403" sentence="20" number="402">of</token>
<token t_id="404" sentence="20" number="403">dozens</token>
<token t_id="405" sentence="20" number="404">of</token>
<token t_id="406" sentence="20" number="405">other</token>
<token t_id="407" sentence="20" number="406">participants</token>
<token t_id="408" sentence="20" number="407">in</token>
<token t_id="409" sentence="20" number="408">the</token>
<token t_id="410" sentence="20" number="409">race</token>
<token t_id="411" sentence="20" number="410">,</token>
<token t_id="412" sentence="20" number="411">for</token>
<token t_id="413" sentence="20" number="412">there</token>
<token t_id="414" sentence="20" number="413">need</token>
<token t_id="415" sentence="20" number="414">,</token>
<token t_id="416" sentence="20" number="415">for</token>
<token t_id="417" sentence="20" number="416">this</token>
<token t_id="418" sentence="20" number="417">purpose</token>
<token t_id="419" sentence="20" number="418">,</token>
<token t_id="420" sentence="20" number="419">be</token>
<token t_id="421" sentence="20" number="420">no</token>
<token t_id="422" sentence="20" number="421">race</token>
<token t_id="423" sentence="20" number="422">.</token>
<token t_id="424" sentence="21" number="423">So</token>
<token t_id="425" sentence="21" number="424">the</token>
<token t_id="426" sentence="21" number="425">contest</token>
<token t_id="427" sentence="21" number="426">must</token>
<token t_id="428" sentence="21" number="427">be</token>
<token t_id="429" sentence="21" number="428">considered</token>
<token t_id="430" sentence="21" number="429">,</token>
<token t_id="431" sentence="21" number="430">not</token>
<token t_id="432" sentence="21" number="431">as</token>
<token t_id="433" sentence="21" number="432">a</token>
<token t_id="434" sentence="21" number="433">practical</token>
<token t_id="435" sentence="21" number="434">commercial</token>
<token t_id="436" sentence="21" number="435">test</token>
<token t_id="437" sentence="21" number="436">,</token>
<token t_id="438" sentence="21" number="437">but</token>
<token t_id="439" sentence="21" number="438">as</token>
<token t_id="440" sentence="21" number="439">a</token>
<token t_id="441" sentence="21" number="440">sport</token>
<token t_id="442" sentence="21" number="441">.</token>
<token t_id="443" sentence="22" number="442">And</token>
<token t_id="444" sentence="22" number="443">thus</token>
<token t_id="445" sentence="22" number="444">considered</token>
<token t_id="446" sentence="22" number="445">,</token>
<token t_id="447" sentence="22" number="446">we</token>
<token t_id="448" sentence="22" number="447">feel</token>
<token t_id="449" sentence="22" number="448">that</token>
<token t_id="450" sentence="22" number="449">it</token>
<token t_id="451" sentence="22" number="450">must</token>
<token t_id="452" sentence="22" number="451">be</token>
<token t_id="453" sentence="22" number="452">condemned</token>
<token t_id="454" sentence="22" number="453">in</token>
<token t_id="455" sentence="22" number="454">the</token>
<token t_id="456" sentence="22" number="455">extreme</token>
<token t_id="457" sentence="22" number="456">form</token>
<token t_id="458" sentence="22" number="457">which</token>
<token t_id="459" sentence="22" number="458">it</token>
<token t_id="460" sentence="22" number="459">took</token>
<token t_id="461" sentence="22" number="460">in</token>
<token t_id="462" sentence="22" number="461">this</token>
<token t_id="463" sentence="22" number="462">great</token>
<token t_id="464" sentence="22" number="463">race</token>
<token t_id="465" sentence="22" number="464">.</token>
<token t_id="466" sentence="23" number="465">The</token>
<token t_id="467" sentence="23" number="466">argument</token>
<token t_id="468" sentence="23" number="467">is</token>
<token t_id="469" sentence="23" number="468">strengthened</token>
<token t_id="470" sentence="23" number="469">by</token>
<token t_id="471" sentence="23" number="470">the</token>
<token t_id="472" sentence="23" number="471">fact</token>
<token t_id="473" sentence="23" number="472">that</token>
<token t_id="474" sentence="23" number="473">everything</token>
<token t_id="475" sentence="23" number="474">possible</token>
<token t_id="476" sentence="23" number="475">was</token>
<token t_id="477" sentence="23" number="476">done</token>
<token t_id="478" sentence="23" number="477">to</token>
<token t_id="479" sentence="23" number="478">make</token>
<token t_id="480" sentence="23" number="479">things</token>
<token t_id="481" sentence="23" number="480">safe</token>
<token t_id="482" sentence="23" number="481">.</token>
<token t_id="483" sentence="24" number="482">The</token>
<token t_id="484" sentence="24" number="483">management</token>
<token t_id="485" sentence="24" number="484">could</token>
<token t_id="486" sentence="24" number="485">not</token>
<token t_id="487" sentence="24" number="486">have</token>
<token t_id="488" sentence="24" number="487">been</token>
<token t_id="489" sentence="24" number="488">better</token>
<token t_id="490" sentence="24" number="489">.</token>
<token t_id="491" sentence="25" number="490">Every</token>
<token t_id="492" sentence="25" number="491">possible</token>
<token t_id="493" sentence="25" number="492">precaution</token>
<token t_id="494" sentence="25" number="493">was</token>
<token t_id="495" sentence="25" number="494">taken</token>
<token t_id="496" sentence="25" number="495">.</token>
<token t_id="497" sentence="26" number="496">No</token>
<token t_id="498" sentence="26" number="497">expense</token>
<token t_id="499" sentence="26" number="498">was</token>
<token t_id="500" sentence="26" number="499">spared</token>
<token t_id="501" sentence="26" number="500">to</token>
<token t_id="502" sentence="26" number="501">promote</token>
<token t_id="503" sentence="26" number="502">the</token>
<token t_id="504" sentence="26" number="503">comfort</token>
<token t_id="505" sentence="26" number="504">of</token>
<token t_id="506" sentence="26" number="505">the</token>
<token t_id="507" sentence="26" number="506">spectators</token>
<token t_id="508" sentence="26" number="507">.</token>
<token t_id="509" sentence="27" number="508">The</token>
<token t_id="510" sentence="27" number="509">track</token>
<token t_id="511" sentence="27" number="510">was</token>
<token t_id="512" sentence="27" number="511">all</token>
<token t_id="513" sentence="27" number="512">that</token>
<token t_id="514" sentence="27" number="513">could</token>
<token t_id="515" sentence="27" number="514">be</token>
<token t_id="516" sentence="27" number="515">asked</token>
<token t_id="517" sentence="27" number="516">.</token>
<token t_id="518" sentence="28" number="517">In</token>
<token t_id="519" sentence="28" number="518">every</token>
<token t_id="520" sentence="28" number="519">detail</token>
<token t_id="521" sentence="28" number="520">the</token>
<token t_id="522" sentence="28" number="521">efficiency</token>
<token t_id="523" sentence="28" number="522">of</token>
<token t_id="524" sentence="28" number="523">the</token>
<token t_id="525" sentence="28" number="524">management</token>
<token t_id="526" sentence="28" number="525">was</token>
<token t_id="527" sentence="28" number="526">shown</token>
<token t_id="528" sentence="28" number="527">.</token>
<token t_id="529" sentence="29" number="528">There</token>
<token t_id="530" sentence="29" number="529">could</token>
<token t_id="531" sentence="29" number="530">have</token>
<token t_id="532" sentence="29" number="531">been</token>
<token t_id="533" sentence="29" number="532">no</token>
<token t_id="534" sentence="29" number="533">better</token>
<token t_id="535" sentence="29" number="534">handling</token>
<token t_id="536" sentence="29" number="535">of</token>
<token t_id="537" sentence="29" number="536">the</token>
<token t_id="538" sentence="29" number="537">affair</token>
<token t_id="539" sentence="29" number="538">.</token>
<token t_id="540" sentence="30" number="539">And</token>
<token t_id="541" sentence="30" number="540">yet</token>
<token t_id="542" sentence="30" number="541">in</token>
<token t_id="543" sentence="30" number="542">spite</token>
<token t_id="544" sentence="30" number="543">of</token>
<token t_id="545" sentence="30" number="544">everything</token>
<token t_id="546" sentence="30" number="545">one</token>
<token t_id="547" sentence="30" number="546">man</token>
<token t_id="548" sentence="30" number="547">was</token>
<token t_id="549" sentence="30" number="548">killed</token>
<token t_id="550" sentence="30" number="549">and</token>
<token t_id="551" sentence="30" number="550">seven</token>
<token t_id="552" sentence="30" number="551">were</token>
<token t_id="553" sentence="30" number="552">injured</token>
<token t_id="554" sentence="30" number="553">.</token>
<token t_id="555" sentence="31" number="554">People</token>
<token t_id="556" sentence="31" number="555">are</token>
<token t_id="557" sentence="31" number="556">yet</token>
<token t_id="558" sentence="31" number="557">wondering</token>
<token t_id="559" sentence="31" number="558">how</token>
<token t_id="560" sentence="31" number="559">it</token>
<token t_id="561" sentence="31" number="560">was</token>
<token t_id="562" sentence="31" number="561">that</token>
<token t_id="563" sentence="31" number="562">the</token>
<token t_id="564" sentence="31" number="563">other</token>
<token t_id="565" sentence="31" number="564">accidents</token>
<token t_id="566" sentence="31" number="565">did</token>
<token t_id="567" sentence="31" number="566">not</token>
<token t_id="568" sentence="31" number="567">result</token>
<token t_id="569" sentence="31" number="568">in</token>
<token t_id="570" sentence="31" number="569">many</token>
<token t_id="571" sentence="31" number="570">deaths</token>
<token t_id="572" sentence="31" number="571">.</token>
<token t_id="573" sentence="32" number="572">We</token>
<token t_id="574" sentence="32" number="573">shall</token>
<token t_id="575" sentence="32" number="574">,</token>
<token t_id="576" sentence="32" number="575">of</token>
<token t_id="577" sentence="32" number="576">course</token>
<token t_id="578" sentence="32" number="577">,</token>
<token t_id="579" sentence="32" number="578">have</token>
<token t_id="580" sentence="32" number="579">other</token>
<token t_id="581" sentence="32" number="580">automobile</token>
<token t_id="582" sentence="32" number="581">races</token>
<token t_id="583" sentence="32" number="582">in</token>
<token t_id="584" sentence="32" number="583">the</token>
<token t_id="585" sentence="32" number="584">future</token>
<token t_id="586" sentence="32" number="585">.</token>
<token t_id="587" sentence="33" number="586">So</token>
<token t_id="588" sentence="33" number="587">we</token>
<token t_id="589" sentence="33" number="588">suggest</token>
<token t_id="590" sentence="33" number="589">that</token>
<token t_id="591" sentence="33" number="590">they</token>
<token t_id="592" sentence="33" number="591">be</token>
<token t_id="593" sentence="33" number="592">for</token>
<token t_id="594" sentence="33" number="593">much</token>
<token t_id="595" sentence="33" number="594">shorter</token>
<token t_id="596" sentence="33" number="595">distances</token>
<token t_id="597" sentence="33" number="596">,</token>
<token t_id="598" sentence="33" number="597">and</token>
<token t_id="599" sentence="33" number="598">with</token>
<token t_id="600" sentence="33" number="599">fewer</token>
<token t_id="601" sentence="33" number="600">contestants</token>
<token t_id="602" sentence="33" number="601">.</token>
<token t_id="603" sentence="34" number="602">The</token>
<token t_id="604" sentence="34" number="603">expert</token>
<token t_id="605" sentence="34" number="604">will</token>
<token t_id="606" sentence="34" number="605">take</token>
<token t_id="607" sentence="34" number="606">note</token>
<token t_id="608" sentence="34" number="607">of</token>
<token t_id="609" sentence="34" number="608">the</token>
<token t_id="610" sentence="34" number="609">fact</token>
<token t_id="611" sentence="34" number="610">that</token>
<token t_id="612" sentence="34" number="611">the</token>
<token t_id="613" sentence="34" number="612">troubles</token>
<token t_id="614" sentence="34" number="613">were</token>
<token t_id="615" sentence="34" number="614">mostly</token>
<token t_id="616" sentence="34" number="615">with</token>
<token t_id="617" sentence="34" number="616">the</token>
<token t_id="618" sentence="34" number="617">tires</token>
<token t_id="619" sentence="34" number="618">,</token>
<token t_id="620" sentence="34" number="619">and</token>
<token t_id="621" sentence="34" number="620">he</token>
<token t_id="622" sentence="34" number="621">may</token>
<token t_id="623" sentence="34" number="622">well</token>
<token t_id="624" sentence="34" number="623">ask</token>
<token t_id="625" sentence="34" number="624">whether</token>
<token t_id="626" sentence="34" number="625">there</token>
<token t_id="627" sentence="34" number="626">would</token>
<token t_id="628" sentence="34" number="627">not</token>
<token t_id="629" sentence="34" number="628">be</token>
<token t_id="630" sentence="34" number="629">fewer</token>
<token t_id="631" sentence="34" number="630">of</token>
<token t_id="632" sentence="34" number="631">these</token>
<token t_id="633" sentence="34" number="632">in</token>
<token t_id="634" sentence="34" number="633">shorter</token>
<token t_id="635" sentence="34" number="634">races</token>
<token t_id="636" sentence="34" number="635">,</token>
<token t_id="637" sentence="34" number="636">though</token>
<token t_id="638" sentence="34" number="637">to</token>
<token t_id="639" sentence="34" number="638">be</token>
<token t_id="640" sentence="34" number="639">sure</token>
<token t_id="641" sentence="34" number="640">the</token>
<token t_id="642" sentence="34" number="641">killing</token>
<token t_id="643" sentence="34" number="642">came</token>
<token t_id="644" sentence="34" number="643">early</token>
<token t_id="645" sentence="34" number="644">in</token>
<token t_id="646" sentence="34" number="645">the</token>
<token t_id="647" sentence="34" number="646">contest</token>
<token t_id="648" sentence="34" number="647">.</token>
<token t_id="649" sentence="35" number="648">The</token>
<token t_id="650" sentence="35" number="649">conclusion</token>
<token t_id="651" sentence="35" number="650">is</token>
<token t_id="652" sentence="35" number="651">that</token>
<token t_id="653" sentence="35" number="652">these</token>
<token t_id="654" sentence="35" number="653">races</token>
<token t_id="655" sentence="35" number="654">are</token>
<token t_id="656" sentence="35" number="655">not</token>
<token t_id="657" sentence="35" number="656">necessary</token>
<token t_id="658" sentence="35" number="657">to</token>
<token t_id="659" sentence="35" number="658">test</token>
<token t_id="660" sentence="35" number="659">the</token>
<token t_id="661" sentence="35" number="660">cars</token>
<token t_id="662" sentence="35" number="661">.</token>
<token t_id="663" sentence="36" number="662">They</token>
<token t_id="664" sentence="36" number="663">are</token>
<token t_id="665" sentence="36" number="664">simply</token>
<token t_id="666" sentence="36" number="665">a</token>
<token t_id="667" sentence="36" number="666">form</token>
<token t_id="668" sentence="36" number="667">of</token>
<token t_id="669" sentence="36" number="668">sport</token>
<token t_id="670" sentence="36" number="669">,</token>
<token t_id="671" sentence="36" number="670">and</token>
<token t_id="672" sentence="36" number="671">in</token>
<token t_id="673" sentence="36" number="672">our</token>
<token t_id="674" sentence="36" number="673">opinions</token>
<token t_id="675" sentence="36" number="674">they</token>
<token t_id="676" sentence="36" number="675">ought</token>
<token t_id="677" sentence="36" number="676">to</token>
<token t_id="678" sentence="36" number="677">be</token>
<token t_id="679" sentence="36" number="678">thus</token>
<token t_id="680" sentence="36" number="679">dealt</token>
<token t_id="681" sentence="36" number="680">with</token>
<token t_id="682" sentence="36" number="681">.</token>
<token t_id="683" sentence="37" number="682">The</token>
<token t_id="684" sentence="37" number="683">sport</token>
<token t_id="685" sentence="37" number="684">should</token>
<token t_id="686" sentence="37" number="685">be</token>
<token t_id="687" sentence="37" number="686">made</token>
<token t_id="688" sentence="37" number="687">as</token>
<token t_id="689" sentence="37" number="688">safe</token>
<token t_id="690" sentence="37" number="689">and</token>
<token t_id="691" sentence="37" number="690">as</token>
<token t_id="692" sentence="37" number="691">little</token>
<token t_id="693" sentence="37" number="692">brutalizing</token>
<token t_id="694" sentence="37" number="693">as</token>
<token t_id="695" sentence="37" number="694">possible</token>
<token t_id="696" sentence="37" number="695">.</token>


<Markables>


</Markables>

<Relations>
</Relations>
</Document>
