<Document doc_name="The_Lynching_of_John_Heith.txt">
<token t_id="1" sentence="0" number="0">February</token>
<token t_id="2" sentence="0" number="1">24</token>
<token t_id="3" sentence="0" number="2">,</token>
<token t_id="4" sentence="0" number="3">1884</token>
<token t_id="5" sentence="1" number="4">The</token>
<token t_id="6" sentence="1" number="5">Lynching</token>
<token t_id="7" sentence="1" number="6">of</token>
<token t_id="8" sentence="1" number="7">John</token>
<token t_id="9" sentence="1" number="8">Heith</token>
<token t_id="10" sentence="2" number="9">TOMBSTONE</token>
<token t_id="11" sentence="2" number="10">,</token>
<token t_id="12" sentence="2" number="11">Arizona</token>
<token t_id="13" sentence="2" number="12">,</token>
<token t_id="14" sentence="2" number="13">Feb.</token>
<token t_id="15" sentence="2" number="14">23</token>
<token t_id="16" sentence="2" number="15">.</token>
<token t_id="17" sentence="3" number="16">—</token>
<token t_id="18" sentence="4" number="17">At</token>
<token t_id="19" sentence="4" number="18">9</token>
<token t_id="20" sentence="4" number="19">o'clock</token>
<token t_id="21" sentence="4" number="20">on</token>
<token t_id="22" sentence="4" number="21">Thursday</token>
<token t_id="23" sentence="4" number="22">morning</token>
<token t_id="24" sentence="4" number="23">Judge</token>
<token t_id="25" sentence="4" number="24">Pinney</token>
<token t_id="26" sentence="4" number="25">sentenced</token>
<token t_id="27" sentence="4" number="26">John</token>
<token t_id="28" sentence="4" number="27">Heith</token>
<token t_id="29" sentence="4" number="28">to</token>
<token t_id="30" sentence="4" number="29">confinement</token>
<token t_id="31" sentence="4" number="30">in</token>
<token t_id="32" sentence="4" number="31">Yuma</token>
<token t_id="33" sentence="4" number="32">Penitentiary</token>
<token t_id="34" sentence="4" number="33">for</token>
<token t_id="35" sentence="4" number="34">life</token>
<token t_id="36" sentence="4" number="35">for</token>
<token t_id="37" sentence="4" number="36">complicity</token>
<token t_id="38" sentence="4" number="37">in</token>
<token t_id="39" sentence="4" number="38">the</token>
<token t_id="40" sentence="4" number="39">Bisbee</token>
<token t_id="41" sentence="4" number="40">murders</token>
<token t_id="42" sentence="4" number="41">.</token>
<token t_id="43" sentence="5" number="42">Twenty-four</token>
<token t_id="44" sentence="5" number="43">hours</token>
<token t_id="45" sentence="5" number="44">later</token>
<token t_id="46" sentence="5" number="45">the</token>
<token t_id="47" sentence="5" number="46">dead</token>
<token t_id="48" sentence="5" number="47">body</token>
<token t_id="49" sentence="5" number="48">of</token>
<token t_id="50" sentence="5" number="49">Heith</token>
<token t_id="51" sentence="5" number="50">dangled</token>
<token t_id="52" sentence="5" number="51">from</token>
<token t_id="53" sentence="5" number="52">the</token>
<token t_id="54" sentence="5" number="53">cross</token>
<token t_id="55" sentence="5" number="54">bar</token>
<token t_id="56" sentence="5" number="55">of</token>
<token t_id="57" sentence="5" number="56">a</token>
<token t_id="58" sentence="5" number="57">telegraph</token>
<token t_id="59" sentence="5" number="58">pole</token>
<token t_id="60" sentence="5" number="59">near</token>
<token t_id="61" sentence="5" number="60">the</token>
<token t_id="62" sentence="5" number="61">foot</token>
<token t_id="63" sentence="5" number="62">of</token>
<token t_id="64" sentence="5" number="63">Toughnut</token>
<token t_id="65" sentence="5" number="64">Street</token>
<token t_id="66" sentence="5" number="65">,</token>
<token t_id="67" sentence="5" number="66">where</token>
<token t_id="68" sentence="5" number="67">it</token>
<token t_id="69" sentence="5" number="68">was</token>
<token t_id="70" sentence="5" number="69">suspended</token>
<token t_id="71" sentence="5" number="70">by</token>
<token t_id="72" sentence="5" number="71">a</token>
<token t_id="73" sentence="5" number="72">rope</token>
<token t_id="74" sentence="5" number="73">.</token>
<token t_id="75" sentence="6" number="74">The</token>
<token t_id="76" sentence="6" number="75">following</token>
<token t_id="77" sentence="6" number="76">are</token>
<token t_id="78" sentence="6" number="77">the</token>
<token t_id="79" sentence="6" number="78">particulars</token>
<token t_id="80" sentence="6" number="79">of</token>
<token t_id="81" sentence="6" number="80">the</token>
<token t_id="82" sentence="6" number="81">occurrence</token>
<token t_id="83" sentence="6" number="82">as</token>
<token t_id="84" sentence="6" number="83">near</token>
<token t_id="85" sentence="6" number="84">as</token>
<token t_id="86" sentence="6" number="85">can</token>
<token t_id="87" sentence="6" number="86">be</token>
<token t_id="88" sentence="6" number="87">gathered</token>
<token t_id="89" sentence="6" number="88">:</token>
<token t_id="90" sentence="6" number="89">About</token>
<token t_id="91" sentence="6" number="90">8:30</token>
<token t_id="92" sentence="6" number="91">yesterday</token>
<token t_id="93" sentence="6" number="92">morning</token>
<token t_id="94" sentence="6" number="93">a</token>
<token t_id="95" sentence="6" number="94">crowd</token>
<token t_id="96" sentence="6" number="95">of</token>
<token t_id="97" sentence="6" number="96">men</token>
<token t_id="98" sentence="6" number="97">,</token>
<token t_id="99" sentence="6" number="98">mostly</token>
<token t_id="100" sentence="6" number="99">miners</token>
<token t_id="101" sentence="6" number="100">,</token>
<token t_id="102" sentence="6" number="101">numbering</token>
<token t_id="103" sentence="6" number="102">about</token>
<token t_id="104" sentence="6" number="103">150</token>
<token t_id="105" sentence="6" number="104">,</token>
<token t_id="106" sentence="6" number="105">proceeded</token>
<token t_id="107" sentence="6" number="106">to</token>
<token t_id="108" sentence="6" number="107">the</token>
<token t_id="109" sentence="6" number="108">Courthouse</token>
<token t_id="110" sentence="6" number="109">.</token>
<token t_id="111" sentence="7" number="110">Arriving</token>
<token t_id="112" sentence="7" number="111">there</token>
<token t_id="113" sentence="7" number="112">they</token>
<token t_id="114" sentence="7" number="113">detailed</token>
<token t_id="115" sentence="7" number="114">seven</token>
<token t_id="116" sentence="7" number="115">of</token>
<token t_id="117" sentence="7" number="116">their</token>
<token t_id="118" sentence="7" number="117">number</token>
<token t_id="119" sentence="7" number="118">from</token>
<token t_id="120" sentence="7" number="119">Bisbee</token>
<token t_id="121" sentence="7" number="120">,</token>
<token t_id="122" sentence="7" number="121">who</token>
<token t_id="123" sentence="7" number="122">entered</token>
<token t_id="124" sentence="7" number="123">and</token>
<token t_id="125" sentence="7" number="124">demanded</token>
<token t_id="126" sentence="7" number="125">that</token>
<token t_id="127" sentence="7" number="126">John</token>
<token t_id="128" sentence="7" number="127">Heith</token>
<token t_id="129" sentence="7" number="128">be</token>
<token t_id="130" sentence="7" number="129">turned</token>
<token t_id="131" sentence="7" number="130">over</token>
<token t_id="132" sentence="7" number="131">to</token>
<token t_id="133" sentence="7" number="132">them</token>
<token t_id="134" sentence="7" number="133">.</token>
<token t_id="135" sentence="8" number="134">The</token>
<token t_id="136" sentence="8" number="135">seven</token>
<token t_id="137" sentence="8" number="136">men</token>
<token t_id="138" sentence="8" number="137">approached</token>
<token t_id="139" sentence="8" number="138">the</token>
<token t_id="140" sentence="8" number="139">door</token>
<token t_id="141" sentence="8" number="140">leading</token>
<token t_id="142" sentence="8" number="141">to</token>
<token t_id="143" sentence="8" number="142">the</token>
<token t_id="144" sentence="8" number="143">corridor</token>
<token t_id="145" sentence="8" number="144">of</token>
<token t_id="146" sentence="8" number="145">the</token>
<token t_id="147" sentence="8" number="146">jail</token>
<token t_id="148" sentence="8" number="147">and</token>
<token t_id="149" sentence="8" number="148">one</token>
<token t_id="150" sentence="8" number="149">of</token>
<token t_id="151" sentence="8" number="150">them</token>
<token t_id="152" sentence="8" number="151">knocked</token>
<token t_id="153" sentence="8" number="152">.</token>
<token t_id="154" sentence="9" number="153">Being</token>
<token t_id="155" sentence="9" number="154">about</token>
<token t_id="156" sentence="9" number="155">time</token>
<token t_id="157" sentence="9" number="156">for</token>
<token t_id="158" sentence="9" number="157">the</token>
<token t_id="159" sentence="9" number="158">Chinaman</token>
<token t_id="160" sentence="9" number="159">who</token>
<token t_id="161" sentence="9" number="160">brings</token>
<token t_id="162" sentence="9" number="161">food</token>
<token t_id="163" sentence="9" number="162">for</token>
<token t_id="164" sentence="9" number="163">the</token>
<token t_id="165" sentence="9" number="164">prisoners</token>
<token t_id="166" sentence="9" number="165">to</token>
<token t_id="167" sentence="9" number="166">arrive</token>
<token t_id="168" sentence="9" number="167">,</token>
<token t_id="169" sentence="9" number="168">Jailer</token>
<token t_id="170" sentence="9" number="169">Ward</token>
<token t_id="171" sentence="9" number="170">opened</token>
<token t_id="172" sentence="9" number="171">the</token>
<token t_id="173" sentence="9" number="172">door</token>
<token t_id="174" sentence="9" number="173">unsuspiciously</token>
<token t_id="175" sentence="9" number="174">,</token>
<token t_id="176" sentence="9" number="175">and</token>
<token t_id="177" sentence="9" number="176">was</token>
<token t_id="178" sentence="9" number="177">immediately</token>
<token t_id="179" sentence="9" number="178">covered</token>
<token t_id="180" sentence="9" number="179">by</token>
<token t_id="181" sentence="9" number="180">weapons</token>
<token t_id="182" sentence="9" number="181">and</token>
<token t_id="183" sentence="9" number="182">told</token>
<token t_id="184" sentence="9" number="183">to</token>
<token t_id="185" sentence="9" number="184">give</token>
<token t_id="186" sentence="9" number="185">up</token>
<token t_id="187" sentence="9" number="186">the</token>
<token t_id="188" sentence="9" number="187">keys</token>
<token t_id="189" sentence="9" number="188">of</token>
<token t_id="190" sentence="9" number="189">the</token>
<token t_id="191" sentence="9" number="190">jail</token>
<token t_id="192" sentence="9" number="191">.</token>
<token t_id="193" sentence="10" number="192">Seeing</token>
<token t_id="194" sentence="10" number="193">any</token>
<token t_id="195" sentence="10" number="194">attempt</token>
<token t_id="196" sentence="10" number="195">at</token>
<token t_id="197" sentence="10" number="196">resistance</token>
<token t_id="198" sentence="10" number="197">would</token>
<token t_id="199" sentence="10" number="198">be</token>
<token t_id="200" sentence="10" number="199">useless</token>
<token t_id="201" sentence="10" number="200">he</token>
<token t_id="202" sentence="10" number="201">did</token>
<token t_id="203" sentence="10" number="202">as</token>
<token t_id="204" sentence="10" number="203">requested</token>
<token t_id="205" sentence="10" number="204">,</token>
<token t_id="206" sentence="10" number="205">and</token>
<token t_id="207" sentence="10" number="206">in</token>
<token t_id="208" sentence="10" number="207">a</token>
<token t_id="209" sentence="10" number="208">few</token>
<token t_id="210" sentence="10" number="209">minutes</token>
<token t_id="211" sentence="10" number="210">the</token>
<token t_id="212" sentence="10" number="211">deputation</token>
<token t_id="213" sentence="10" number="212">was</token>
<token t_id="214" sentence="10" number="213">in</token>
<token t_id="215" sentence="10" number="214">the</token>
<token t_id="216" sentence="10" number="215">presence</token>
<token t_id="217" sentence="10" number="216">of</token>
<token t_id="218" sentence="10" number="217">the</token>
<token t_id="219" sentence="10" number="218">sought-for</token>
<token t_id="220" sentence="10" number="219">man</token>
<token t_id="221" sentence="10" number="220">.</token>
<token t_id="222" sentence="11" number="221">The</token>
<token t_id="223" sentence="11" number="222">crowd</token>
<token t_id="224" sentence="11" number="223">,</token>
<token t_id="225" sentence="11" number="224">which</token>
<token t_id="226" sentence="11" number="225">by</token>
<token t_id="227" sentence="11" number="226">this</token>
<token t_id="228" sentence="11" number="227">time</token>
<token t_id="229" sentence="11" number="228">had</token>
<token t_id="230" sentence="11" number="229">filled</token>
<token t_id="231" sentence="11" number="230">the</token>
<token t_id="232" sentence="11" number="231">spacious</token>
<token t_id="233" sentence="11" number="232">hall</token>
<token t_id="234" sentence="11" number="233">,</token>
<token t_id="235" sentence="11" number="234">started</token>
<token t_id="236" sentence="11" number="235">for</token>
<token t_id="237" sentence="11" number="236">the</token>
<token t_id="238" sentence="11" number="237">street</token>
<token t_id="239" sentence="11" number="238">.</token>
<token t_id="240" sentence="12" number="239">At</token>
<token t_id="241" sentence="12" number="240">the</token>
<token t_id="242" sentence="12" number="241">door</token>
<token t_id="243" sentence="12" number="242">they</token>
<token t_id="244" sentence="12" number="243">were</token>
<token t_id="245" sentence="12" number="244">met</token>
<token t_id="246" sentence="12" number="245">by</token>
<token t_id="247" sentence="12" number="246">Sheriff</token>
<token t_id="248" sentence="12" number="247">Ward</token>
<token t_id="249" sentence="12" number="248">,</token>
<token t_id="250" sentence="12" number="249">who</token>
<token t_id="251" sentence="12" number="250">called</token>
<token t_id="252" sentence="12" number="251">on</token>
<token t_id="253" sentence="12" number="252">them</token>
<token t_id="254" sentence="12" number="253">in</token>
<token t_id="255" sentence="12" number="254">the</token>
<token t_id="256" sentence="12" number="255">name</token>
<token t_id="257" sentence="12" number="256">of</token>
<token t_id="258" sentence="12" number="257">the</token>
<token t_id="259" sentence="12" number="258">law</token>
<token t_id="260" sentence="12" number="259">to</token>
<token t_id="261" sentence="12" number="260">desist</token>
<token t_id="262" sentence="12" number="261">.</token>
<token t_id="263" sentence="13" number="262">The</token>
<token t_id="264" sentence="13" number="263">Sheriff</token>
<token t_id="265" sentence="13" number="264">was</token>
<token t_id="266" sentence="13" number="265">picked</token>
<token t_id="267" sentence="13" number="266">up</token>
<token t_id="268" sentence="13" number="267">and</token>
<token t_id="269" sentence="13" number="268">gently</token>
<token t_id="270" sentence="13" number="269">removed</token>
<token t_id="271" sentence="13" number="270">down</token>
<token t_id="272" sentence="13" number="271">the</token>
<token t_id="273" sentence="13" number="272">steps</token>
<token t_id="274" sentence="13" number="273">out</token>
<token t_id="275" sentence="13" number="274">of</token>
<token t_id="276" sentence="13" number="275">the</token>
<token t_id="277" sentence="13" number="276">way</token>
<token t_id="278" sentence="13" number="277">,</token>
<token t_id="279" sentence="13" number="278">while</token>
<token t_id="280" sentence="13" number="279">the</token>
<token t_id="281" sentence="13" number="280">crowd</token>
<token t_id="282" sentence="13" number="281">started</token>
<token t_id="283" sentence="13" number="282">down</token>
<token t_id="284" sentence="13" number="283">the</token>
<token t_id="285" sentence="13" number="284">street</token>
<token t_id="286" sentence="13" number="285">on</token>
<token t_id="287" sentence="13" number="286">a</token>
<token t_id="288" sentence="13" number="287">run</token>
<token t_id="289" sentence="13" number="288">.</token>
<token t_id="290" sentence="14" number="289">The</token>
<token t_id="291" sentence="14" number="290">rope</token>
<token t_id="292" sentence="14" number="291">had</token>
<token t_id="293" sentence="14" number="292">been</token>
<token t_id="294" sentence="14" number="293">placed</token>
<token t_id="295" sentence="14" number="294">around</token>
<token t_id="296" sentence="14" number="295">Heith</token>
<token t_id="297" sentence="14" number="296">'s</token>
<token t_id="298" sentence="14" number="297">body</token>
<token t_id="299" sentence="14" number="298">,</token>
<token t_id="300" sentence="14" number="299">and</token>
<token t_id="301" sentence="14" number="300">about</token>
<token t_id="302" sentence="14" number="301">20</token>
<token t_id="303" sentence="14" number="302">men</token>
<token t_id="304" sentence="14" number="303">had</token>
<token t_id="305" sentence="14" number="304">hold</token>
<token t_id="306" sentence="14" number="305">of</token>
<token t_id="307" sentence="14" number="306">it</token>
<token t_id="308" sentence="14" number="307">.</token>
<token t_id="309" sentence="15" number="308">It</token>
<token t_id="310" sentence="15" number="309">never</token>
<token t_id="311" sentence="15" number="310">became</token>
<token t_id="312" sentence="15" number="311">taut</token>
<token t_id="313" sentence="15" number="312">during</token>
<token t_id="314" sentence="15" number="313">the</token>
<token t_id="315" sentence="15" number="314">run</token>
<token t_id="316" sentence="15" number="315">,</token>
<token t_id="317" sentence="15" number="316">the</token>
<token t_id="318" sentence="15" number="317">prisoner</token>
<token t_id="319" sentence="15" number="318">keeping</token>
<token t_id="320" sentence="15" number="319">up</token>
<token t_id="321" sentence="15" number="320">with</token>
<token t_id="322" sentence="15" number="321">the</token>
<token t_id="323" sentence="15" number="322">crowd</token>
<token t_id="324" sentence="15" number="323">,</token>
<token t_id="325" sentence="15" number="324">and</token>
<token t_id="326" sentence="15" number="325">showing</token>
<token t_id="327" sentence="15" number="326">no</token>
<token t_id="328" sentence="15" number="327">signs</token>
<token t_id="329" sentence="15" number="328">of</token>
<token t_id="330" sentence="15" number="329">the</token>
<token t_id="331" sentence="15" number="330">white</token>
<token t_id="332" sentence="15" number="331">feather</token>
<token t_id="333" sentence="15" number="332">.</token>
<token t_id="334" sentence="16" number="333">Arriving</token>
<token t_id="335" sentence="16" number="334">at</token>
<token t_id="336" sentence="16" number="335">the</token>
<token t_id="337" sentence="16" number="336">place</token>
<token t_id="338" sentence="16" number="337">selected</token>
<token t_id="339" sentence="16" number="338">for</token>
<token t_id="340" sentence="16" number="339">the</token>
<token t_id="341" sentence="16" number="340">hanging</token>
<token t_id="342" sentence="16" number="341">one</token>
<token t_id="343" sentence="16" number="342">of</token>
<token t_id="344" sentence="16" number="343">the</token>
<token t_id="345" sentence="16" number="344">party</token>
<token t_id="346" sentence="16" number="345">climbed</token>
<token t_id="347" sentence="16" number="346">a</token>
<token t_id="348" sentence="16" number="347">telegraph</token>
<token t_id="349" sentence="16" number="348">pole</token>
<token t_id="350" sentence="16" number="349">and</token>
<token t_id="351" sentence="16" number="350">passed</token>
<token t_id="352" sentence="16" number="351">the</token>
<token t_id="353" sentence="16" number="352">rope</token>
<token t_id="354" sentence="16" number="353">over</token>
<token t_id="355" sentence="16" number="354">the</token>
<token t_id="356" sentence="16" number="355">cross-bar</token>
<token t_id="357" sentence="16" number="356">.</token>
<token t_id="358" sentence="17" number="357">Heith</token>
<token t_id="359" sentence="17" number="358">pulled</token>
<token t_id="360" sentence="17" number="359">a</token>
<token t_id="361" sentence="17" number="360">handkerchief</token>
<token t_id="362" sentence="17" number="361">from</token>
<token t_id="363" sentence="17" number="362">his</token>
<token t_id="364" sentence="17" number="363">pocket</token>
<token t_id="365" sentence="17" number="364">and</token>
<token t_id="366" sentence="17" number="365">,</token>
<token t_id="367" sentence="17" number="366">placing</token>
<token t_id="368" sentence="17" number="367">it</token>
<token t_id="369" sentence="17" number="368">on</token>
<token t_id="370" sentence="17" number="369">his</token>
<token t_id="371" sentence="17" number="370">knee</token>
<token t_id="372" sentence="17" number="371">,</token>
<token t_id="373" sentence="17" number="372">coolly</token>
<token t_id="374" sentence="17" number="373">and</token>
<token t_id="375" sentence="17" number="374">deliberately</token>
<token t_id="376" sentence="17" number="375">folded</token>
<token t_id="377" sentence="17" number="376">it</token>
<token t_id="378" sentence="17" number="377">,</token>
<token t_id="379" sentence="17" number="378">and</token>
<token t_id="380" sentence="17" number="379">,</token>
<token t_id="381" sentence="17" number="380">placing</token>
<token t_id="382" sentence="17" number="381">it</token>
<token t_id="383" sentence="17" number="382">over</token>
<token t_id="384" sentence="17" number="383">his</token>
<token t_id="385" sentence="17" number="384">eyes</token>
<token t_id="386" sentence="17" number="385">,</token>
<token t_id="387" sentence="17" number="386">asked</token>
<token t_id="388" sentence="17" number="387">someone</token>
<token t_id="389" sentence="17" number="388">in</token>
<token t_id="390" sentence="17" number="389">the</token>
<token t_id="391" sentence="17" number="390">crowd</token>
<token t_id="392" sentence="17" number="391">to</token>
<token t_id="393" sentence="17" number="392">tie</token>
<token t_id="394" sentence="17" number="393">it</token>
<token t_id="395" sentence="17" number="394">.</token>
<token t_id="396" sentence="18" number="395">This</token>
<token t_id="397" sentence="18" number="396">being</token>
<token t_id="398" sentence="18" number="397">done</token>
<token t_id="399" sentence="18" number="398">,</token>
<token t_id="400" sentence="18" number="399">he</token>
<token t_id="401" sentence="18" number="400">informed</token>
<token t_id="402" sentence="18" number="401">the</token>
<token t_id="403" sentence="18" number="402">crowd</token>
<token t_id="404" sentence="18" number="403">they</token>
<token t_id="405" sentence="18" number="404">were</token>
<token t_id="406" sentence="18" number="405">hanging</token>
<token t_id="407" sentence="18" number="406">an</token>
<token t_id="408" sentence="18" number="407">innocent</token>
<token t_id="409" sentence="18" number="408">man</token>
<token t_id="410" sentence="18" number="409">,</token>
<token t_id="411" sentence="18" number="410">and</token>
<token t_id="412" sentence="18" number="411">would</token>
<token t_id="413" sentence="18" number="412">find</token>
<token t_id="414" sentence="18" number="413">it</token>
<token t_id="415" sentence="18" number="414">out</token>
<token t_id="416" sentence="18" number="415">when</token>
<token t_id="417" sentence="18" number="416">the</token>
<token t_id="418" sentence="18" number="417">others</token>
<token t_id="419" sentence="18" number="418">(</token>
<token t_id="420" sentence="18" number="419">meaning</token>
<token t_id="421" sentence="18" number="420">Dowd</token>
<token t_id="422" sentence="18" number="421">and</token>
<token t_id="423" sentence="18" number="422">his</token>
<token t_id="424" sentence="18" number="423">companions</token>
<token t_id="425" sentence="18" number="424">)</token>
<token t_id="426" sentence="18" number="425">were</token>
<token t_id="427" sentence="18" number="426">hanged</token>
<token t_id="428" sentence="18" number="427">.</token>
<token t_id="429" sentence="19" number="428">He</token>
<token t_id="430" sentence="19" number="429">told</token>
<token t_id="431" sentence="19" number="430">them</token>
<token t_id="432" sentence="19" number="431">he</token>
<token t_id="433" sentence="19" number="432">had</token>
<token t_id="434" sentence="19" number="433">faced</token>
<token t_id="435" sentence="19" number="434">death</token>
<token t_id="436" sentence="19" number="435">too</token>
<token t_id="437" sentence="19" number="436">often</token>
<token t_id="438" sentence="19" number="437">to</token>
<token t_id="439" sentence="19" number="438">be</token>
<token t_id="440" sentence="19" number="439">afraid</token>
<token t_id="441" sentence="19" number="440">,</token>
<token t_id="442" sentence="19" number="441">and</token>
<token t_id="443" sentence="19" number="442">had</token>
<token t_id="444" sentence="19" number="443">but</token>
<token t_id="445" sentence="19" number="444">one</token>
<token t_id="446" sentence="19" number="445">request</token>
<token t_id="447" sentence="19" number="446">to</token>
<token t_id="448" sentence="19" number="447">make</token>
<token t_id="449" sentence="19" number="448">,</token>
<token t_id="450" sentence="19" number="449">namely</token>
<token t_id="451" sentence="19" number="450">,</token>
<token t_id="452" sentence="19" number="451">that</token>
<token t_id="453" sentence="19" number="452">they</token>
<token t_id="454" sentence="19" number="453">would</token>
<token t_id="455" sentence="19" number="454">not</token>
<token t_id="456" sentence="19" number="455">shoot</token>
<token t_id="457" sentence="19" number="456">into</token>
<token t_id="458" sentence="19" number="457">his</token>
<token t_id="459" sentence="19" number="458">body</token>
<token t_id="460" sentence="19" number="459">.</token>
<token t_id="461" sentence="20" number="460">He</token>
<token t_id="462" sentence="20" number="461">was</token>
<token t_id="463" sentence="20" number="462">told</token>
<token t_id="464" sentence="20" number="463">his</token>
<token t_id="465" sentence="20" number="464">last</token>
<token t_id="466" sentence="20" number="465">wish</token>
<token t_id="467" sentence="20" number="466">would</token>
<token t_id="468" sentence="20" number="467">be</token>
<token t_id="469" sentence="20" number="468">respected</token>
<token t_id="470" sentence="20" number="469">and</token>
<token t_id="471" sentence="20" number="470">he</token>
<token t_id="472" sentence="20" number="471">told</token>
<token t_id="473" sentence="20" number="472">them</token>
<token t_id="474" sentence="20" number="473">he</token>
<token t_id="475" sentence="20" number="474">was</token>
<token t_id="476" sentence="20" number="475">ready</token>
<token t_id="477" sentence="20" number="476">.</token>
<token t_id="478" sentence="21" number="477">Countless</token>
<token t_id="479" sentence="21" number="478">hands</token>
<token t_id="480" sentence="21" number="479">grasped</token>
<token t_id="481" sentence="21" number="480">the</token>
<token t_id="482" sentence="21" number="481">rope</token>
<token t_id="483" sentence="21" number="482">.</token>
<token t_id="484" sentence="22" number="483">A</token>
<token t_id="485" sentence="22" number="484">run</token>
<token t_id="486" sentence="22" number="485">was</token>
<token t_id="487" sentence="22" number="486">made</token>
<token t_id="488" sentence="22" number="487">,</token>
<token t_id="489" sentence="22" number="488">and</token>
<token t_id="490" sentence="22" number="489">in</token>
<token t_id="491" sentence="22" number="490">a</token>
<token t_id="492" sentence="22" number="491">twinkling</token>
<token t_id="493" sentence="22" number="492">the</token>
<token t_id="494" sentence="22" number="493">man</token>
<token t_id="495" sentence="22" number="494">was</token>
<token t_id="496" sentence="22" number="495">suspended</token>
<token t_id="497" sentence="22" number="496">to</token>
<token t_id="498" sentence="22" number="497">the</token>
<token t_id="499" sentence="22" number="498">pole</token>
<token t_id="500" sentence="22" number="499">.</token>
<token t_id="501" sentence="23" number="500">The</token>
<token t_id="502" sentence="23" number="501">news</token>
<token t_id="503" sentence="23" number="502">spread</token>
<token t_id="504" sentence="23" number="503">about</token>
<token t_id="505" sentence="23" number="504">town</token>
<token t_id="506" sentence="23" number="505">rapidly</token>
<token t_id="507" sentence="23" number="506">,</token>
<token t_id="508" sentence="23" number="507">and</token>
<token t_id="509" sentence="23" number="508">in</token>
<token t_id="510" sentence="23" number="509">a</token>
<token t_id="511" sentence="23" number="510">few</token>
<token t_id="512" sentence="23" number="511">minutes</token>
<token t_id="513" sentence="23" number="512">an</token>
<token t_id="514" sentence="23" number="513">immense</token>
<token t_id="515" sentence="23" number="514">crowd</token>
<token t_id="516" sentence="23" number="515">of</token>
<token t_id="517" sentence="23" number="516">men</token>
<token t_id="518" sentence="23" number="517">,</token>
<token t_id="519" sentence="23" number="518">women</token>
<token t_id="520" sentence="23" number="519">,</token>
<token t_id="521" sentence="23" number="520">and</token>
<token t_id="522" sentence="23" number="521">children</token>
<token t_id="523" sentence="23" number="522">congregated</token>
<token t_id="524" sentence="23" number="523">on</token>
<token t_id="525" sentence="23" number="524">the</token>
<token t_id="526" sentence="23" number="525">scene</token>
<token t_id="527" sentence="23" number="526">.</token>
<token t_id="528" sentence="24" number="527">The</token>
<token t_id="529" sentence="24" number="528">universal</token>
<token t_id="530" sentence="24" number="529">expression</token>
<token t_id="531" sentence="24" number="530">was</token>
<token t_id="532" sentence="24" number="531">,</token>
<token t_id="533" sentence="24" number="532">"</token>
<token t_id="534" sentence="24" number="533">Served</token>
<token t_id="535" sentence="24" number="534">him</token>
<token t_id="536" sentence="24" number="535">right</token>
<token t_id="537" sentence="24" number="536">.</token>
<token t_id="538" sentence="24" number="537">"</token>
<token t_id="539" sentence="25" number="538">That</token>
<token t_id="540" sentence="25" number="539">this</token>
<token t_id="541" sentence="25" number="540">opinion</token>
<token t_id="542" sentence="25" number="541">should</token>
<token t_id="543" sentence="25" number="542">be</token>
<token t_id="544" sentence="25" number="543">so</token>
<token t_id="545" sentence="25" number="544">prevalent</token>
<token t_id="546" sentence="25" number="545">is</token>
<token t_id="547" sentence="25" number="546">no</token>
<token t_id="548" sentence="25" number="547">doubt</token>
<token t_id="549" sentence="25" number="548">the</token>
<token t_id="550" sentence="25" number="549">result</token>
<token t_id="551" sentence="25" number="550">of</token>
<token t_id="552" sentence="25" number="551">the</token>
<token t_id="553" sentence="25" number="552">testimony</token>
<token t_id="554" sentence="25" number="553">at</token>
<token t_id="555" sentence="25" number="554">the</token>
<token t_id="556" sentence="25" number="555">trial</token>
<token t_id="557" sentence="25" number="556">,</token>
<token t_id="558" sentence="25" number="557">which</token>
<token t_id="559" sentence="25" number="558">was</token>
<token t_id="560" sentence="25" number="559">convincing</token>
<token t_id="561" sentence="25" number="560">to</token>
<token t_id="562" sentence="25" number="561">any</token>
<token t_id="563" sentence="25" number="562">mind</token>
<token t_id="564" sentence="25" number="563">of</token>
<token t_id="565" sentence="25" number="564">ordinary</token>
<token t_id="566" sentence="25" number="565">intelligence</token>
<token t_id="567" sentence="25" number="566">,</token>
<token t_id="568" sentence="25" number="567">that</token>
<token t_id="569" sentence="25" number="568">Heith</token>
<token t_id="570" sentence="25" number="569">was</token>
<token t_id="571" sentence="25" number="570">a</token>
<token t_id="572" sentence="25" number="571">guilty</token>
<token t_id="573" sentence="25" number="572">accessory</token>
<token t_id="574" sentence="25" number="573">to</token>
<token t_id="575" sentence="25" number="574">the</token>
<token t_id="576" sentence="25" number="575">Bisbee</token>
<token t_id="577" sentence="25" number="576">murders</token>
<token t_id="578" sentence="25" number="577">.</token>
<token t_id="579" sentence="26" number="578">The</token>
<token t_id="580" sentence="26" number="579">Coroner</token>
<token t_id="581" sentence="26" number="580">'s</token>
<token t_id="582" sentence="26" number="581">jury</token>
<token t_id="583" sentence="26" number="582">found</token>
<token t_id="584" sentence="26" number="583">as</token>
<token t_id="585" sentence="26" number="584">a</token>
<token t_id="586" sentence="26" number="585">verdict</token>
<token t_id="587" sentence="26" number="586">that</token>
<token t_id="588" sentence="26" number="587">Heith</token>
<token t_id="589" sentence="26" number="588">came</token>
<token t_id="590" sentence="26" number="589">to</token>
<token t_id="591" sentence="26" number="590">his</token>
<token t_id="592" sentence="26" number="591">death</token>
<token t_id="593" sentence="26" number="592">from</token>
<token t_id="594" sentence="26" number="593">"</token>
<token t_id="595" sentence="26" number="594">emphysema</token>
<token t_id="596" sentence="26" number="595">,</token>
<token t_id="597" sentence="26" number="596">which</token>
<token t_id="598" sentence="26" number="597">might</token>
<token t_id="599" sentence="26" number="598">have</token>
<token t_id="600" sentence="26" number="599">been</token>
<token t_id="601" sentence="26" number="600">caused</token>
<token t_id="602" sentence="26" number="601">by</token>
<token t_id="603" sentence="26" number="602">strangulation</token>
<token t_id="604" sentence="26" number="603">,</token>
<token t_id="605" sentence="26" number="604">self-inflicted</token>
<token t_id="606" sentence="26" number="605">or</token>
<token t_id="607" sentence="26" number="606">otherwise</token>
<token t_id="608" sentence="26" number="607">.</token>
<token t_id="609" sentence="26" number="608">"</token>
<token t_id="610" sentence="27" number="609">A</token>
<token t_id="611" sentence="27" number="610">placard</token>
<token t_id="612" sentence="27" number="611">was</token>
<token t_id="613" sentence="27" number="612">posted</token>
<token t_id="614" sentence="27" number="613">on</token>
<token t_id="615" sentence="27" number="614">the</token>
<token t_id="616" sentence="27" number="615">telegraph</token>
<token t_id="617" sentence="27" number="616">pole</token>
<token t_id="618" sentence="27" number="617">where</token>
<token t_id="619" sentence="27" number="618">Heith</token>
<token t_id="620" sentence="27" number="619">was</token>
<token t_id="621" sentence="27" number="620">found</token>
<token t_id="622" sentence="27" number="621">suspended</token>
<token t_id="623" sentence="27" number="622">and</token>
<token t_id="624" sentence="27" number="623">dead</token>
<token t_id="625" sentence="27" number="624">with</token>
<token t_id="626" sentence="27" number="625">the</token>
<token t_id="627" sentence="27" number="626">following</token>
<token t_id="628" sentence="27" number="627">inscription</token>
<token t_id="629" sentence="27" number="628">:</token>
<token t_id="630" sentence="27" number="629">"</token>
<token t_id="631" sentence="27" number="630">John</token>
<token t_id="632" sentence="27" number="631">Heith</token>
<token t_id="633" sentence="27" number="632">was</token>
<token t_id="634" sentence="27" number="633">hanged</token>
<token t_id="635" sentence="27" number="634">to</token>
<token t_id="636" sentence="27" number="635">this</token>
<token t_id="637" sentence="27" number="636">pole</token>
<token t_id="638" sentence="27" number="637">by</token>
<token t_id="639" sentence="27" number="638">citizens</token>
<token t_id="640" sentence="27" number="639">of</token>
<token t_id="641" sentence="27" number="640">Cochise</token>
<token t_id="642" sentence="27" number="641">County</token>
<token t_id="643" sentence="27" number="642">for</token>
<token t_id="644" sentence="27" number="643">participation</token>
<token t_id="645" sentence="27" number="644">in</token>
<token t_id="646" sentence="27" number="645">the</token>
<token t_id="647" sentence="27" number="646">Bisbee</token>
<token t_id="648" sentence="27" number="647">massacre</token>
<token t_id="649" sentence="27" number="648">as</token>
<token t_id="650" sentence="27" number="649">a</token>
<token t_id="651" sentence="27" number="650">proved</token>
<token t_id="652" sentence="27" number="651">accessory</token>
<token t_id="653" sentence="27" number="652">at</token>
<token t_id="654" sentence="27" number="653">8:20</token>
<token t_id="655" sentence="27" number="654">A.M.</token>
<token t_id="656" sentence="27" number="655">,</token>
<token t_id="657" sentence="27" number="656">Feb</token>
<token t_id="658" sentence="27" number="657">22</token>
<token t_id="659" sentence="27" number="658">,</token>
<token t_id="660" sentence="27" number="659">1884</token>
<token t_id="661" sentence="27" number="660">to</token>
<token t_id="662" sentence="27" number="661">advance</token>
<token t_id="663" sentence="27" number="662">Arizona</token>
<token t_id="664" sentence="27" number="663">.</token>
<token t_id="665" sentence="27" number="664">"</token>


<Markables>
<EVENT_MENTION m_id="33" factuality="" modality="" pred="" pos="" aspect="" certainty="" comment="" class="EXISTENCE-CAUSATION" tense="" polarity=""  >
<token_anchor t_id="213"/>
</EVENT_MENTION>
<EVENT_MENTION m_id="65" factuality="" modality="" pred="" pos="" aspect="" certainty="" comment="" class="MENTAL" tense="" polarity=""  >
<token_anchor t_id="420"/>
</EVENT_MENTION>
<EVENT_MENTION m_id="1" factuality="" modality="" pred="" pos="" aspect="" certainty="" comment="" class="AUTHORITY-LAW" tense="" polarity=""  >
<token_anchor t_id="6"/>
</EVENT_MENTION>
<EVENT_MENTION m_id="97" factuality="" modality="" pred="" pos="" aspect="" certainty="" comment="" class="COMMUNICATION" tense="" polarity=""  >
<token_anchor t_id="613"/>
</EVENT_MENTION>
<EVENT_MENTION m_id="34" factuality="" modality="" pred="" pos="" aspect="" certainty="" comment="" class="SPACE-MOVEMENT" tense="" polarity=""  >
<token_anchor t_id="216"/>
</EVENT_MENTION>
<EVENT_MENTION m_id="66" factuality="" modality="" pred="" pos="" aspect="" certainty="" comment="" class="AUTHORITY-LAW" tense="" polarity=""  >
<token_anchor t_id="427"/>
</EVENT_MENTION>
<EVENT_MENTION m_id="2" factuality="" modality="" pred="" pos="" aspect="" certainty="" comment="" class="AUTHORITY-LAW" tense="" polarity=""  >
<token_anchor t_id="26"/>
</EVENT_MENTION>
<EVENT_MENTION m_id="98" factuality="" modality="" pred="" pos="" aspect="" certainty="" comment="" class="GENERAL" tense="" polarity=""  >
<token_anchor t_id="621"/>
</EVENT_MENTION>
<EVENT_MENTION m_id="35" factuality="" modality="" pred="" pos="" aspect="" certainty="" comment="" class="SPACE-MOVEMENT" tense="" polarity=""  >
<token_anchor t_id="230"/>
</EVENT_MENTION>
<EVENT_MENTION m_id="67" factuality="" modality="" pred="" pos="" aspect="" certainty="" comment="" class="COMMUNICATION" tense="" polarity=""  >
<token_anchor t_id="430"/>
</EVENT_MENTION>
<EVENT_MENTION m_id="3" factuality="" modality="" pred="" pos="" aspect="" certainty="" comment="" class="AUTHORITY-LAW" tense="" polarity=""  >
<token_anchor t_id="30"/>
</EVENT_MENTION>
<EVENT_MENTION m_id="99" factuality="" modality="" pred="" pos="" aspect="" certainty="" comment="" class="SPACE-MOVEMENT" tense="" polarity=""  >
<token_anchor t_id="622"/>
</EVENT_MENTION>
<EVENT_MENTION m_id="36" factuality="" modality="" pred="" pos="" aspect="" certainty="" comment="" class="SPACE-MOVEMENT" tense="" polarity=""  >
<token_anchor t_id="235"/>
</EVENT_MENTION>
<EVENT_MENTION m_id="68" factuality="" modality="" pred="" pos="" aspect="" certainty="" comment="" class="LIFE-HEALTH" tense="" polarity=""  >
<token_anchor t_id="434"/>
<token_anchor t_id="435"/>
</EVENT_MENTION>
<EVENT_MENTION m_id="4" factuality="" modality="" pred="" pos="" aspect="" certainty="" comment="" class="LIFE-HEALTH" tense="" polarity=""  >
<token_anchor t_id="41"/>
</EVENT_MENTION>
<EVENT_MENTION m_id="100" factuality="" modality="" pred="" pos="" aspect="" certainty="" comment="" class="LIFE-HEALTH" tense="" polarity=""  >
<token_anchor t_id="624"/>
</EVENT_MENTION>
<EVENT_MENTION m_id="37" factuality="" modality="" pred="" pos="" aspect="" certainty="" comment="" class="SOCIAL" tense="" polarity=""  >
<token_anchor t_id="245"/>
</EVENT_MENTION>
<EVENT_MENTION m_id="69" factuality="" modality="" pred="" pos="" aspect="" certainty="" comment="" class="EMOTIONS-EVALUATIONS" tense="" polarity=""  >
<token_anchor t_id="439"/>
<token_anchor t_id="440"/>
</EVENT_MENTION>
<EVENT_MENTION m_id="5" factuality="" modality="" pred="" pos="" aspect="" certainty="" comment="" class="LIFE-HEALTH" tense="" polarity=""  >
<token_anchor t_id="47"/>
</EVENT_MENTION>
<EVENT_MENTION m_id="101" factuality="" modality="" pred="" pos="" aspect="" certainty="" comment="" class="AUTHORITY-LAW" tense="" polarity=""  >
<token_anchor t_id="634"/>
</EVENT_MENTION>
<EVENT_MENTION m_id="38" factuality="" modality="" pred="" pos="" aspect="" certainty="" comment="" class="GENERAL" tense="" polarity=""  >
<token_anchor t_id="261"/>
</EVENT_MENTION>
<EVENT_MENTION m_id="70" factuality="" modality="" pred="" pos="" aspect="" certainty="" comment="" class="COMMUNICATION" tense="" polarity=""  >
<token_anchor t_id="446"/>
</EVENT_MENTION>
<EVENT_MENTION m_id="6" factuality="" modality="" pred="" pos="" aspect="" certainty="" comment="" class="SPACE-MOVEMENT" tense="" polarity=""  >
<token_anchor t_id="51"/>
</EVENT_MENTION>
<EVENT_MENTION m_id="102" factuality="" modality="" pred="" pos="" aspect="" certainty="" comment="" class="SOCIAL" tense="" polarity=""  >
<token_anchor t_id="644"/>
</EVENT_MENTION>
<EVENT_MENTION m_id="39" factuality="" modality="" pred="" pos="" aspect="" certainty="" comment="" class="COMMUNICATION" tense="" polarity=""  >
<token_anchor t_id="251"/>
<token_anchor t_id="252"/>
</EVENT_MENTION>
<EVENT_MENTION m_id="71" factuality="" modality="" pred="" pos="" aspect="" certainty="" comment="" class="POSSESSION" tense="" polarity=""  >
<token_anchor t_id="443"/>
</EVENT_MENTION>
<EVENT_MENTION m_id="7" factuality="" modality="" pred="" pos="" aspect="" certainty="" comment="" class="SPACE-MOVEMENT" tense="" polarity=""  >
<token_anchor t_id="70"/>
</EVENT_MENTION>
<EVENT_MENTION m_id="103" factuality="" modality="" pred="" pos="" aspect="" certainty="" comment="" class="LIFE-HEALTH" tense="" polarity=""  >
<token_anchor t_id="648"/>
</EVENT_MENTION>
<EVENT_MENTION m_id="104" factuality="" modality="" pred="" pos="" aspect="" certainty="" comment="" class="LIFE-HEALTH" tense="" polarity=""  >
<token_anchor t_id="605"/>
</EVENT_MENTION>
<EVENT_MENTION m_id="40" factuality="" modality="" pred="" pos="" aspect="" certainty="" comment="" class="SPACE-MOVEMENT" tense="" polarity=""  >
<token_anchor t_id="266"/>
<token_anchor t_id="267"/>
</EVENT_MENTION>
<EVENT_MENTION m_id="72" factuality="" modality="" pred="" pos="" aspect="" certainty="" comment="" class="GENERAL" tense="" polarity=""  >
<token_anchor t_id="448"/>
</EVENT_MENTION>
<EVENT_MENTION m_id="8" factuality="" modality="" pred="" pos="" aspect="" certainty="" comment="" class="COMMUNICATION" tense="" polarity=""  >
<token_anchor t_id="77"/>
<token_anchor t_id="78"/>
<token_anchor t_id="79"/>
</EVENT_MENTION>
<EVENT_MENTION m_id="105" factuality="" modality="" pred="" pos="" aspect="" certainty="" comment="" class="MENTAL" tense="" polarity=""  >
<token_anchor t_id="195"/>
</EVENT_MENTION>
<EVENT_MENTION m_id="41" factuality="" modality="" pred="" pos="" aspect="" certainty="" comment="" class="SPACE-MOVEMENT" tense="" polarity=""  >
<token_anchor t_id="270"/>
</EVENT_MENTION>
<EVENT_MENTION m_id="73" factuality="" modality="" pred="" pos="" aspect="" certainty="" comment="" class="HOSTILITY" tense="" polarity=""  >
<token_anchor t_id="456"/>
</EVENT_MENTION>
<EVENT_MENTION m_id="9" factuality="" modality="" pred="" pos="" aspect="" certainty="" comment="" class="GENERAL" tense="" polarity=""  >
<token_anchor t_id="82"/>
</EVENT_MENTION>
<EVENT_MENTION m_id="42" factuality="" modality="" pred="" pos="" aspect="" certainty="" comment="" class="SPACE-MOVEMENT" tense="" polarity=""  >
<token_anchor t_id="282"/>
</EVENT_MENTION>
<EVENT_MENTION m_id="74" factuality="" modality="" pred="" pos="" aspect="" certainty="" comment="" class="COMMUNICATION" tense="" polarity=""  >
<token_anchor t_id="463"/>
</EVENT_MENTION>
<EVENT_MENTION m_id="10" factuality="" modality="" pred="" pos="" aspect="" certainty="" comment="" class="POSSESSION" tense="" polarity=""  >
<token_anchor t_id="88"/>
</EVENT_MENTION>
<EVENT_MENTION m_id="43" factuality="" modality="" pred="" pos="" aspect="" certainty="" comment="" class="SPACE-MOVEMENT" tense="" polarity=""  >
<token_anchor t_id="288"/>
</EVENT_MENTION>
<EVENT_MENTION m_id="75" factuality="" modality="" pred="" pos="" aspect="" certainty="" comment="" class="MENTAL" tense="" polarity=""  >
<token_anchor t_id="469"/>
</EVENT_MENTION>
<EVENT_MENTION m_id="11" factuality="" modality="" pred="" pos="" aspect="" certainty="" comment="" class="MEASURE" tense="" polarity=""  >
<token_anchor t_id="102"/>
</EVENT_MENTION>
<EVENT_MENTION m_id="44" factuality="" modality="" pred="" pos="" aspect="" certainty="" comment="" class="SPACE-MOVEMENT" tense="" polarity=""  >
<token_anchor t_id="294"/>
</EVENT_MENTION>
<EVENT_MENTION m_id="76" factuality="" modality="" pred="" pos="" aspect="" certainty="" comment="" class="COMMUNICATION" tense="" polarity=""  >
<token_anchor t_id="472"/>
</EVENT_MENTION>
<EVENT_MENTION m_id="12" factuality="" modality="" pred="" pos="" aspect="" certainty="" comment="" class="SPACE-MOVEMENT" tense="" polarity=""  >
<token_anchor t_id="106"/>
</EVENT_MENTION>
<EVENT_MENTION m_id="45" factuality="" modality="" pred="" pos="" aspect="" certainty="" comment="" class="GENERAL" tense="" polarity=""  >
<token_anchor t_id="305"/>
</EVENT_MENTION>
<EVENT_MENTION m_id="77" factuality="" modality="" pred="" pos="" aspect="" certainty="" comment="" class="MENTAL" tense="" polarity=""  >
<token_anchor t_id="475"/>
<token_anchor t_id="476"/>
</EVENT_MENTION>
<EVENT_MENTION m_id="13" factuality="" modality="" pred="" pos="" aspect="" certainty="" comment="" class="SPACE-MOVEMENT" tense="" polarity=""  >
<token_anchor t_id="111"/>
</EVENT_MENTION>
<EVENT_MENTION m_id="46" factuality="" modality="" pred="" pos="" aspect="" certainty="" comment="" class="EMOTIONS-EVALUATIONS" tense="" polarity=""  >
<token_anchor t_id="311"/>
<token_anchor t_id="312"/>
</EVENT_MENTION>
<EVENT_MENTION m_id="78" factuality="" modality="" pred="" pos="" aspect="" certainty="" comment="" class="SPACE-MOVEMENT" tense="" polarity=""  >
<token_anchor t_id="480"/>
</EVENT_MENTION>
<EVENT_MENTION m_id="14" factuality="" modality="" pred="" pos="" aspect="" certainty="" comment="" class="MENTAL" tense="" polarity=""  >
<token_anchor t_id="114"/>
</EVENT_MENTION>
<EVENT_MENTION m_id="47" factuality="" modality="" pred="" pos="" aspect="" certainty="" comment="" class="SPACE-MOVEMENT" tense="" polarity=""  >
<token_anchor t_id="315"/>
</EVENT_MENTION>
<EVENT_MENTION m_id="79" factuality="" modality="" pred="" pos="" aspect="" certainty="" comment="" class="EXISTENCE-CAUSATION" tense="" polarity=""  >
<token_anchor t_id="487"/>
</EVENT_MENTION>
<EVENT_MENTION m_id="15" factuality="" modality="" pred="" pos="" aspect="" certainty="" comment="" class="SPACE-MOVEMENT" tense="" polarity=""  >
<token_anchor t_id="123"/>
</EVENT_MENTION>
<EVENT_MENTION m_id="48" factuality="" modality="" pred="" pos="" aspect="" certainty="" comment="" class="SPACE-MOVEMENT" tense="" polarity=""  >
<token_anchor t_id="319"/>
<token_anchor t_id="320"/>
</EVENT_MENTION>
<EVENT_MENTION m_id="80" factuality="" modality="" pred="" pos="" aspect="" certainty="" comment="" class="SPACE-MOVEMENT" tense="" polarity=""  >
<token_anchor t_id="485"/>
</EVENT_MENTION>
<EVENT_MENTION m_id="16" factuality="" modality="" pred="" pos="" aspect="" certainty="" comment="" class="COMMUNICATION" tense="" polarity=""  >
<token_anchor t_id="125"/>
</EVENT_MENTION>
<EVENT_MENTION m_id="49" factuality="" modality="" pred="" pos="" aspect="" certainty="" comment="" class="PHYSICAL SENSATIONS" tense="" polarity=""  >
<token_anchor t_id="326"/>
</EVENT_MENTION>
<EVENT_MENTION m_id="81" factuality="" modality="" pred="" pos="" aspect="" certainty="" comment="" class="SPACE-MOVEMENT" tense="" polarity=""  >
<token_anchor t_id="496"/>
</EVENT_MENTION>
<EVENT_MENTION m_id="17" factuality="" modality="" pred="" pos="" aspect="" certainty="" comment="" class="POSSESSION" tense="" polarity=""  >
<token_anchor t_id="130"/>
<token_anchor t_id="131"/>
</EVENT_MENTION>
<EVENT_MENTION m_id="50" factuality="" modality="" pred="" pos="" aspect="" certainty="" comment="" class="SPACE-MOVEMENT" tense="" polarity=""  >
<token_anchor t_id="334"/>
</EVENT_MENTION>
<EVENT_MENTION m_id="82" factuality="" modality="" pred="" pos="" aspect="" certainty="" comment="" class="SPACE-MOVEMENT" tense="" polarity=""  >
<token_anchor t_id="503"/>
<token_anchor t_id="504"/>
</EVENT_MENTION>
<EVENT_MENTION m_id="18" factuality="" modality="" pred="" pos="" aspect="" certainty="" comment="" class="SPACE-MOVEMENT" tense="" polarity=""  >
<token_anchor t_id="138"/>
</EVENT_MENTION>
<EVENT_MENTION m_id="51" factuality="" modality="" pred="" pos="" aspect="" certainty="" comment="" class="AUTHORITY-LAW" tense="" polarity=""  >
<token_anchor t_id="341"/>
</EVENT_MENTION>
<EVENT_MENTION m_id="83" factuality="" modality="" pred="" pos="" aspect="" certainty="" comment="" class="SPACE-MOVEMENT" tense="" polarity=""  >
<token_anchor t_id="523"/>
</EVENT_MENTION>
<EVENT_MENTION m_id="19" factuality="" modality="" pred="" pos="" aspect="" certainty="" comment="" class="SPACE-MOVEMENT" tense="" polarity=""  >
<token_anchor t_id="141"/>
</EVENT_MENTION>
<EVENT_MENTION m_id="20" factuality="" modality="" pred="" pos="" aspect="" certainty="" comment="" class="SPACE-MOVEMENT" tense="" polarity=""  >
<token_anchor t_id="152"/>
</EVENT_MENTION>
<EVENT_MENTION m_id="52" factuality="" modality="" pred="" pos="" aspect="" certainty="" comment="" class="SPACE-MOVEMENT" tense="" polarity=""  >
<token_anchor t_id="346"/>
</EVENT_MENTION>
<EVENT_MENTION m_id="84" factuality="" modality="" pred="" pos="" aspect="" certainty="" comment="" class="EXISTENCE-CAUSATION" tense="" polarity=""  >
<token_anchor t_id="531"/>
</EVENT_MENTION>
<EVENT_MENTION m_id="21" factuality="" modality="" pred="" pos="" aspect="" certainty="" comment="" class="SPACE-MOVEMENT" tense="" polarity=""  >
<token_anchor t_id="161"/>
</EVENT_MENTION>
<EVENT_MENTION m_id="53" factuality="" modality="" pred="" pos="" aspect="" certainty="" comment="" class="SPACE-MOVEMENT" tense="" polarity=""  >
<token_anchor t_id="351"/>
</EVENT_MENTION>
<EVENT_MENTION m_id="85" factuality="" modality="" pred="" pos="" aspect="" certainty="" comment="" class="MENTAL" tense="" polarity=""  >
<token_anchor t_id="534"/>
<token_anchor t_id="536"/>
</EVENT_MENTION>
<EVENT_MENTION m_id="22" factuality="" modality="" pred="" pos="" aspect="" certainty="" comment="" class="SPACE-MOVEMENT" tense="" polarity=""  >
<token_anchor t_id="167"/>
</EVENT_MENTION>
<EVENT_MENTION m_id="54" factuality="" modality="" pred="" pos="" aspect="" certainty="" comment="" class="MENTAL" tense="" polarity=""  >
<token_anchor t_id="338"/>
</EVENT_MENTION>
<EVENT_MENTION m_id="86" factuality="" modality="" pred="" pos="" aspect="" certainty="" comment="" class="MEASURE" tense="" polarity=""  >
<token_anchor t_id="543"/>
<token_anchor t_id="545"/>
</EVENT_MENTION>
<EVENT_MENTION m_id="23" factuality="" modality="" pred="" pos="" aspect="" certainty="" comment="" class="SPACE-MOVEMENT" tense="" polarity=""  >
<token_anchor t_id="171"/>
</EVENT_MENTION>
<EVENT_MENTION m_id="55" factuality="" modality="" pred="" pos="" aspect="" certainty="" comment="" class="SPACE-MOVEMENT" tense="" polarity=""  >
<token_anchor t_id="359"/>
</EVENT_MENTION>
<EVENT_MENTION m_id="87" factuality="" modality="" pred="" pos="" aspect="" certainty="" comment="" class="MENTAL" tense="" polarity=""  >
<token_anchor t_id="546"/>
<token_anchor t_id="547"/>
<token_anchor t_id="548"/>
</EVENT_MENTION>
<EVENT_MENTION m_id="24" factuality="" modality="" pred="" pos="" aspect="" certainty="" comment="" class="SPACE-MOVEMENT" tense="" polarity=""  >
<token_anchor t_id="179"/>
</EVENT_MENTION>
<EVENT_MENTION m_id="56" factuality="" modality="" pred="" pos="" aspect="" certainty="" comment="" class="SPACE-MOVEMENT" tense="" polarity=""  >
<token_anchor t_id="367"/>
</EVENT_MENTION>
<EVENT_MENTION m_id="88" factuality="" modality="" pred="" pos="" aspect="" certainty="" comment="" class="AUTHORITY-LAW" tense="" polarity=""  >
<token_anchor t_id="556"/>
</EVENT_MENTION>
<EVENT_MENTION m_id="25" factuality="" modality="" pred="" pos="" aspect="" certainty="" comment="" class="COMMUNICATION" tense="" polarity=""  >
<token_anchor t_id="183"/>
</EVENT_MENTION>
<EVENT_MENTION m_id="57" factuality="" modality="" pred="" pos="" aspect="" certainty="" comment="" class="SPACE-MOVEMENT" tense="" polarity=""  >
<token_anchor t_id="381"/>
</EVENT_MENTION>
<EVENT_MENTION m_id="89" factuality="" modality="" pred="" pos="" aspect="" certainty="" comment="" class="MENTAL" tense="" polarity=""  >
<token_anchor t_id="560"/>
</EVENT_MENTION>
<EVENT_MENTION m_id="26" factuality="" modality="" pred="" pos="" aspect="" certainty="" comment="" class="POSSESSION" tense="" polarity=""  >
<token_anchor t_id="185"/>
<token_anchor t_id="186"/>
</EVENT_MENTION>
<EVENT_MENTION m_id="58" factuality="" modality="" pred="" pos="" aspect="" certainty="" comment="" class="MATTER" tense="" polarity=""  >
<token_anchor t_id="393"/>
</EVENT_MENTION>
<EVENT_MENTION m_id="90" factuality="" modality="" pred="" pos="" aspect="" certainty="" comment="" class="LIFE-HEALTH" tense="" polarity=""  >
<token_anchor t_id="577"/>
</EVENT_MENTION>
<EVENT_MENTION m_id="27" factuality="" modality="" pred="" pos="" aspect="" certainty="" comment="" class="EXISTENCE-CAUSATION" tense="" polarity=""  >
<token_anchor t_id="154"/>
</EVENT_MENTION>
<EVENT_MENTION m_id="59" factuality="" modality="" pred="" pos="" aspect="" certainty="" comment="" class="COMMUNICATION" tense="" polarity=""  >
<token_anchor t_id="387"/>
</EVENT_MENTION>
<EVENT_MENTION m_id="91" factuality="" modality="" pred="" pos="" aspect="" certainty="" comment="" class="AUTHORITY-LAW" tense="" polarity=""  >
<token_anchor t_id="570"/>
<token_anchor t_id="571"/>
<token_anchor t_id="572"/>
<token_anchor t_id="573"/>
</EVENT_MENTION>
<EVENT_MENTION m_id="28" factuality="" modality="" pred="" pos="" aspect="" certainty="" comment="" class="PHYSICAL SENSATIONS" tense="" polarity=""  >
<token_anchor t_id="193"/>
</EVENT_MENTION>
<EVENT_MENTION m_id="60" factuality="" modality="" pred="" pos="" aspect="" certainty="" comment="" class="SPACE-MOVEMENT" tense="" polarity=""  >
<token_anchor t_id="376"/>
</EVENT_MENTION>
<EVENT_MENTION m_id="92" factuality="" modality="" pred="" pos="" aspect="" certainty="" comment="" class="GENERAL" tense="" polarity=""  >
<token_anchor t_id="583"/>
</EVENT_MENTION>
<EVENT_MENTION m_id="29" factuality="" modality="" pred="" pos="" aspect="" certainty="" comment="" class="EMOTIONS-EVALUATIONS" tense="" polarity=""  >
<token_anchor t_id="199"/>
<token_anchor t_id="200"/>
</EVENT_MENTION>
<EVENT_MENTION m_id="61" factuality="" modality="" pred="" pos="" aspect="" certainty="" comment="" class="GENERAL" tense="" polarity=""  >
<token_anchor t_id="398"/>
</EVENT_MENTION>
<EVENT_MENTION m_id="93" factuality="" modality="" pred="" pos="" aspect="" certainty="" comment="" class="LIFE-HEALTH" tense="" polarity=""  >
<token_anchor t_id="589"/>
<token_anchor t_id="590"/>
<token_anchor t_id="592"/>
</EVENT_MENTION>
<EVENT_MENTION m_id="30" factuality="" modality="" pred="" pos="" aspect="" certainty="" comment="" class="GENERAL" tense="" polarity=""  >
<token_anchor t_id="202"/>
</EVENT_MENTION>
<EVENT_MENTION m_id="62" factuality="" modality="" pred="" pos="" aspect="" certainty="" comment="" class="COMMUNICATION" tense="" polarity=""  >
<token_anchor t_id="401"/>
</EVENT_MENTION>
<EVENT_MENTION m_id="94" factuality="" modality="" pred="" pos="" aspect="" certainty="" comment="" class="LIFE-HEALTH" tense="" polarity=""  >
<token_anchor t_id="595"/>
</EVENT_MENTION>
<EVENT_MENTION m_id="31" factuality="" modality="" pred="" pos="" aspect="" certainty="" comment="" class="COMMUNICATION" tense="" polarity=""  >
<token_anchor t_id="204"/>
</EVENT_MENTION>
<EVENT_MENTION m_id="63" factuality="" modality="" pred="" pos="" aspect="" certainty="" comment="" class="AUTHORITY-LAW" tense="" polarity=""  >
<token_anchor t_id="406"/>
</EVENT_MENTION>
<EVENT_MENTION m_id="95" factuality="" modality="" pred="" pos="" aspect="" certainty="" comment="" class="EXISTENCE-CAUSATION" tense="" polarity=""  >
<token_anchor t_id="601"/>
</EVENT_MENTION>
<EVENT_MENTION m_id="32" factuality="" modality="" pred="" pos="" aspect="" certainty="" comment="" class="HOSTILITY" tense="" polarity=""  >
<token_anchor t_id="197"/>
</EVENT_MENTION>
<EVENT_MENTION m_id="64" factuality="" modality="" pred="" pos="" aspect="" certainty="" comment="" class="MENTAL" tense="" polarity=""  >
<token_anchor t_id="413"/>
<token_anchor t_id="415"/>
</EVENT_MENTION>
<EVENT_MENTION m_id="96" factuality="" modality="" pred="" pos="" aspect="" certainty="" comment="" class="LIFE-HEALTH" tense="" polarity=""  >
<token_anchor t_id="603"/>
</EVENT_MENTION>


</Markables>

<Relations>
</Relations>
</Document>
