<Document doc_name="THE_SCREEN.txt">
<token t_id="1" sentence="0" number="0">Monday</token>
<token t_id="2" sentence="0" number="1">,</token>
<token t_id="3" sentence="0" number="2">November</token>
<token t_id="4" sentence="0" number="3">29</token>
<token t_id="5" sentence="0" number="4">,</token>
<token t_id="6" sentence="0" number="5">1920</token>
<token t_id="7" sentence="1" number="6">THE</token>
<token t_id="8" sentence="1" number="7">SCREEN</token>
<token t_id="9" sentence="2" number="8">Douglas</token>
<token t_id="10" sentence="2" number="9">Fairbanks</token>
<token t_id="11" sentence="2" number="10">'s</token>
<token t_id="12" sentence="2" number="11">latest</token>
<token t_id="13" sentence="2" number="12">motion</token>
<token t_id="14" sentence="2" number="13">picture</token>
<token t_id="15" sentence="2" number="14">,</token>
<token t_id="16" sentence="2" number="15">"</token>
<token t_id="17" sentence="2" number="16">The</token>
<token t_id="18" sentence="2" number="17">Mark</token>
<token t_id="19" sentence="2" number="18">of</token>
<token t_id="20" sentence="2" number="19">Zorro</token>
<token t_id="21" sentence="2" number="20">,</token>
<token t_id="22" sentence="2" number="21">"</token>
<token t_id="23" sentence="2" number="22">is</token>
<token t_id="24" sentence="2" number="23">at</token>
<token t_id="25" sentence="2" number="24">the</token>
<token t_id="26" sentence="2" number="25">Capitol</token>
<token t_id="27" sentence="2" number="26">this</token>
<token t_id="28" sentence="2" number="27">week</token>
<token t_id="29" sentence="2" number="28">.</token>
<token t_id="30" sentence="3" number="29">The</token>
<token t_id="31" sentence="3" number="30">program</token>
<token t_id="32" sentence="3" number="31">says</token>
<token t_id="33" sentence="3" number="32">that</token>
<token t_id="34" sentence="3" number="33">it</token>
<token t_id="35" sentence="3" number="34">is</token>
<token t_id="36" sentence="3" number="35">"</token>
<token t_id="37" sentence="3" number="36">from</token>
<token t_id="38" sentence="3" number="37">"</token>
<token t_id="39" sentence="3" number="38">a</token>
<token t_id="40" sentence="3" number="39">story</token>
<token t_id="41" sentence="3" number="40">by</token>
<token t_id="42" sentence="3" number="41">Johnston</token>
<token t_id="43" sentence="3" number="42">McCulley</token>
<token t_id="44" sentence="3" number="43">,</token>
<token t_id="45" sentence="3" number="44">called</token>
<token t_id="46" sentence="3" number="45">"</token>
<token t_id="47" sentence="3" number="46">The</token>
<token t_id="48" sentence="3" number="47">Curse</token>
<token t_id="49" sentence="3" number="48">of</token>
<token t_id="50" sentence="3" number="49">Capistrano</token>
<token t_id="51" sentence="3" number="50">,</token>
<token t_id="52" sentence="3" number="51">"</token>
<token t_id="53" sentence="3" number="52">but</token>
<token t_id="54" sentence="3" number="53">one</token>
<token t_id="55" sentence="3" number="54">who</token>
<token t_id="56" sentence="3" number="55">has</token>
<token t_id="57" sentence="3" number="56">not</token>
<token t_id="58" sentence="3" number="57">read</token>
<token t_id="59" sentence="3" number="58">Mr.</token>
<token t_id="60" sentence="3" number="59">McCulley</token>
<token t_id="61" sentence="3" number="60">'s</token>
<token t_id="62" sentence="3" number="61">story</token>
<token t_id="63" sentence="3" number="62">imagines</token>
<token t_id="64" sentence="3" number="63">that</token>
<token t_id="65" sentence="3" number="64">it</token>
<token t_id="66" sentence="3" number="65">is</token>
<token t_id="67" sentence="3" number="66">pretty</token>
<token t_id="68" sentence="3" number="67">far</token>
<token t_id="69" sentence="3" number="68">from</token>
<token t_id="70" sentence="3" number="69">it</token>
<token t_id="71" sentence="3" number="70">.</token>
<token t_id="72" sentence="4" number="71">There</token>
<token t_id="73" sentence="4" number="72">'s</token>
<token t_id="74" sentence="4" number="73">too</token>
<token t_id="75" sentence="4" number="74">much</token>
<token t_id="76" sentence="4" number="75">Fairbanks</token>
<token t_id="77" sentence="4" number="76">in</token>
<token t_id="78" sentence="4" number="77">it</token>
<token t_id="79" sentence="4" number="78">for</token>
<token t_id="80" sentence="4" number="79">any</token>
<token t_id="81" sentence="4" number="80">one</token>
<token t_id="82" sentence="4" number="81">to</token>
<token t_id="83" sentence="4" number="82">have</token>
<token t_id="84" sentence="4" number="83">written</token>
<token t_id="85" sentence="4" number="84">it</token>
<token t_id="86" sentence="4" number="85">without</token>
<token t_id="87" sentence="4" number="86">the</token>
<token t_id="88" sentence="4" number="87">athletic</token>
<token t_id="89" sentence="4" number="88">comedian</token>
<token t_id="90" sentence="4" number="89">definitely</token>
<token t_id="91" sentence="4" number="90">in</token>
<token t_id="92" sentence="4" number="91">mind</token>
<token t_id="93" sentence="4" number="92">.</token>
<token t_id="94" sentence="5" number="93">What</token>
<token t_id="95" sentence="5" number="94">is</token>
<token t_id="96" sentence="5" number="95">on</token>
<token t_id="97" sentence="5" number="96">the</token>
<token t_id="98" sentence="5" number="97">screen</token>
<token t_id="99" sentence="5" number="98">is</token>
<token t_id="100" sentence="5" number="99">probably</token>
<token t_id="101" sentence="5" number="100">"</token>
<token t_id="102" sentence="5" number="101">The</token>
<token t_id="103" sentence="5" number="102">Curse</token>
<token t_id="104" sentence="5" number="103">of</token>
<token t_id="105" sentence="5" number="104">Capistrano</token>
<token t_id="106" sentence="5" number="105">"</token>
<token t_id="107" sentence="5" number="106">spiced</token>
<token t_id="108" sentence="5" number="107">and</token>
<token t_id="109" sentence="5" number="108">speeded</token>
<token t_id="110" sentence="5" number="109">up</token>
<token t_id="111" sentence="5" number="110">to</token>
<token t_id="112" sentence="5" number="111">suit</token>
<token t_id="113" sentence="5" number="112">the</token>
<token t_id="114" sentence="5" number="113">taste</token>
<token t_id="115" sentence="5" number="114">of</token>
<token t_id="116" sentence="5" number="115">Douglas</token>
<token t_id="117" sentence="5" number="116">Fairbanks</token>
<token t_id="118" sentence="5" number="117">and</token>
<token t_id="119" sentence="5" number="118">the</token>
<token t_id="120" sentence="5" number="119">many</token>
<token t_id="121" sentence="5" number="120">who</token>
<token t_id="122" sentence="5" number="121">enjoy</token>
<token t_id="123" sentence="5" number="122">his</token>
<token t_id="124" sentence="5" number="123">gay</token>
<token t_id="125" sentence="5" number="124">and</token>
<token t_id="126" sentence="5" number="125">lively</token>
<token t_id="127" sentence="5" number="126">style</token>
<token t_id="128" sentence="5" number="127">of</token>
<token t_id="129" sentence="5" number="128">playing</token>
<token t_id="130" sentence="5" number="129">.</token>
<token t_id="131" sentence="6" number="130">This</token>
<token t_id="132" sentence="6" number="131">means</token>
<token t_id="133" sentence="6" number="132">that</token>
<token t_id="134" sentence="6" number="133">whatever</token>
<token t_id="135" sentence="6" number="134">plausibility</token>
<token t_id="136" sentence="6" number="135">there</token>
<token t_id="137" sentence="6" number="136">was</token>
<token t_id="138" sentence="6" number="137">in</token>
<token t_id="139" sentence="6" number="138">the</token>
<token t_id="140" sentence="6" number="139">original</token>
<token t_id="141" sentence="6" number="140">has</token>
<token t_id="142" sentence="6" number="141">been</token>
<token t_id="143" sentence="6" number="142">sacrificed</token>
<token t_id="144" sentence="6" number="143">for</token>
<token t_id="145" sentence="6" number="144">headlong</token>
<token t_id="146" sentence="6" number="145">action</token>
<token t_id="147" sentence="6" number="146">,</token>
<token t_id="148" sentence="6" number="147">that</token>
<token t_id="149" sentence="6" number="148">whatever</token>
<token t_id="150" sentence="6" number="149">consistence</token>
<token t_id="151" sentence="6" number="150">there</token>
<token t_id="152" sentence="6" number="151">was</token>
<token t_id="153" sentence="6" number="152">has</token>
<token t_id="154" sentence="6" number="153">given</token>
<token t_id="155" sentence="6" number="154">place</token>
<token t_id="156" sentence="6" number="155">to</token>
<token t_id="157" sentence="6" number="156">intermittent</token>
<token t_id="158" sentence="6" number="157">fun</token>
<token t_id="159" sentence="6" number="158">and</token>
<token t_id="160" sentence="6" number="159">thrills</token>
<token t_id="161" sentence="6" number="160">,</token>
<token t_id="162" sentence="6" number="161">that</token>
<token t_id="163" sentence="6" number="162">whatever</token>
<token t_id="164" sentence="6" number="163">of</token>
<token t_id="165" sentence="6" number="164">sentiment</token>
<token t_id="166" sentence="6" number="165">there</token>
<token t_id="167" sentence="6" number="166">was</token>
<token t_id="168" sentence="6" number="167">has</token>
<token t_id="169" sentence="6" number="168">become</token>
<token t_id="170" sentence="6" number="169">romantic</token>
<token t_id="171" sentence="6" number="170">nonsense</token>
<token t_id="172" sentence="6" number="171">.</token>
<token t_id="173" sentence="7" number="172">All</token>
<token t_id="174" sentence="7" number="173">of</token>
<token t_id="175" sentence="7" number="174">which</token>
<token t_id="176" sentence="7" number="175">may</token>
<token t_id="177" sentence="7" number="176">mean</token>
<token t_id="178" sentence="7" number="177">that</token>
<token t_id="179" sentence="7" number="178">"</token>
<token t_id="180" sentence="7" number="179">The</token>
<token t_id="181" sentence="7" number="180">Mark</token>
<token t_id="182" sentence="7" number="181">of</token>
<token t_id="183" sentence="7" number="182">Zorro</token>
<token t_id="184" sentence="7" number="183">"</token>
<token t_id="185" sentence="7" number="184">is</token>
<token t_id="186" sentence="7" number="185">more</token>
<token t_id="187" sentence="7" number="186">enjoyable</token>
<token t_id="188" sentence="7" number="187">than</token>
<token t_id="189" sentence="7" number="188">"</token>
<token t_id="190" sentence="7" number="189">The</token>
<token t_id="191" sentence="7" number="190">Curse</token>
<token t_id="192" sentence="7" number="191">of</token>
<token t_id="193" sentence="7" number="192">Capistrano</token>
<token t_id="194" sentence="7" number="193">"</token>
<token t_id="195" sentence="7" number="194">could</token>
<token t_id="196" sentence="7" number="195">ever</token>
<token t_id="197" sentence="7" number="196">hope</token>
<token t_id="198" sentence="7" number="197">to</token>
<token t_id="199" sentence="7" number="198">be</token>
<token t_id="200" sentence="7" number="199">.</token>
<token t_id="201" sentence="8" number="200">Certainly</token>
<token t_id="202" sentence="8" number="201">there</token>
<token t_id="203" sentence="8" number="202">are</token>
<token t_id="204" sentence="8" number="203">moments</token>
<token t_id="205" sentence="8" number="204">in</token>
<token t_id="206" sentence="8" number="205">the</token>
<token t_id="207" sentence="8" number="206">motion</token>
<token t_id="208" sentence="8" number="207">picture</token>
<token t_id="209" sentence="8" number="208">which</token>
<token t_id="210" sentence="8" number="209">must</token>
<token t_id="211" sentence="8" number="210">delight</token>
<token t_id="212" sentence="8" number="211">anyone</token>
<token t_id="213" sentence="8" number="212">,</token>
<token t_id="214" sentence="8" number="213">no</token>
<token t_id="215" sentence="8" number="214">matter</token>
<token t_id="216" sentence="8" number="215">how</token>
<token t_id="217" sentence="8" number="216">preposterous</token>
<token t_id="218" sentence="8" number="217">they</token>
<token t_id="219" sentence="8" number="218">are</token>
<token t_id="220" sentence="8" number="219">.</token>
<token t_id="221" sentence="9" number="220">There</token>
<token t_id="222" sentence="9" number="221">is</token>
<token t_id="223" sentence="9" number="222">a</token>
<token t_id="224" sentence="9" number="223">duel</token>
<token t_id="225" sentence="9" number="224">scene</token>
<token t_id="226" sentence="9" number="225">,</token>
<token t_id="227" sentence="9" number="226">for</token>
<token t_id="228" sentence="9" number="227">example</token>
<token t_id="229" sentence="9" number="228">,</token>
<token t_id="230" sentence="9" number="229">which</token>
<token t_id="231" sentence="9" number="230">is</token>
<token t_id="232" sentence="9" number="231">something</token>
<token t_id="233" sentence="9" number="232">distinctly</token>
<token t_id="234" sentence="9" number="233">original</token>
<token t_id="235" sentence="9" number="234">in</token>
<token t_id="236" sentence="9" number="235">the</token>
<token t_id="237" sentence="9" number="236">history</token>
<token t_id="238" sentence="9" number="237">of</token>
<token t_id="239" sentence="9" number="238">mortal</token>
<token t_id="240" sentence="9" number="239">combat</token>
<token t_id="241" sentence="9" number="240">on</token>
<token t_id="242" sentence="9" number="241">the</token>
<token t_id="243" sentence="9" number="242">stage</token>
<token t_id="244" sentence="9" number="243">or</token>
<token t_id="245" sentence="9" number="244">screen</token>
<token t_id="246" sentence="9" number="245">,</token>
<token t_id="247" sentence="9" number="246">and</token>
<token t_id="248" sentence="9" number="247">there</token>
<token t_id="249" sentence="9" number="248">are</token>
<token t_id="250" sentence="9" number="249">spirited</token>
<token t_id="251" sentence="9" number="250">races</token>
<token t_id="252" sentence="9" number="251">and</token>
<token t_id="253" sentence="9" number="252">pursuits</token>
<token t_id="254" sentence="9" number="253">,</token>
<token t_id="255" sentence="9" number="254">sudden</token>
<token t_id="256" sentence="9" number="255">appearances</token>
<token t_id="257" sentence="9" number="256">,</token>
<token t_id="258" sentence="9" number="257">quick</token>
<token t_id="259" sentence="9" number="258">changes</token>
<token t_id="260" sentence="9" number="259">,</token>
<token t_id="261" sentence="9" number="260">and</token>
<token t_id="262" sentence="9" number="261">flashes</token>
<token t_id="263" sentence="9" number="262">of</token>
<token t_id="264" sentence="9" number="263">tempestuous</token>
<token t_id="265" sentence="9" number="264">love-making</token>
<token t_id="266" sentence="9" number="265">that</token>
<token t_id="267" sentence="9" number="266">are</token>
<token t_id="268" sentence="9" number="267">typically</token>
<token t_id="269" sentence="9" number="268">,</token>
<token t_id="270" sentence="9" number="269">and</token>
<token t_id="271" sentence="9" number="270">entertainingly</token>
<token t_id="272" sentence="9" number="271">,</token>
<token t_id="273" sentence="9" number="272">Fairbanksian</token>
<token t_id="274" sentence="9" number="273">.</token>
<token t_id="275" sentence="10" number="274">But</token>
<token t_id="276" sentence="10" number="275">"</token>
<token t_id="277" sentence="10" number="276">The</token>
<token t_id="278" sentence="10" number="277">Mark</token>
<token t_id="279" sentence="10" number="278">of</token>
<token t_id="280" sentence="10" number="279">Zorro</token>
<token t_id="281" sentence="10" number="280">"</token>
<token t_id="282" sentence="10" number="281">is</token>
<token t_id="283" sentence="10" number="282">also</token>
<token t_id="284" sentence="10" number="283">different</token>
<token t_id="285" sentence="10" number="284">in</token>
<token t_id="286" sentence="10" number="285">some</token>
<token t_id="287" sentence="10" number="286">respects</token>
<token t_id="288" sentence="10" number="287">from</token>
<token t_id="289" sentence="10" number="288">the</token>
<token t_id="290" sentence="10" number="289">usual</token>
<token t_id="291" sentence="10" number="290">Fairbanks</token>
<token t_id="292" sentence="10" number="291">picture</token>
<token t_id="293" sentence="10" number="292">.</token>
<token t_id="294" sentence="11" number="293">It</token>
<token t_id="295" sentence="11" number="294">is</token>
<token t_id="296" sentence="11" number="295">somewhat</token>
<token t_id="297" sentence="11" number="296">tamer</token>
<token t_id="298" sentence="11" number="297">,</token>
<token t_id="299" sentence="11" number="298">for</token>
<token t_id="300" sentence="11" number="299">one</token>
<token t_id="301" sentence="11" number="300">thing</token>
<token t_id="302" sentence="11" number="301">,</token>
<token t_id="303" sentence="11" number="302">the</token>
<token t_id="304" sentence="11" number="303">scenery</token>
<token t_id="305" sentence="11" number="304">especially</token>
<token t_id="306" sentence="11" number="305">having</token>
<token t_id="307" sentence="11" number="306">more</token>
<token t_id="308" sentence="11" number="307">of</token>
<token t_id="309" sentence="11" number="308">the</token>
<token t_id="310" sentence="11" number="309">quality</token>
<token t_id="311" sentence="11" number="310">of</token>
<token t_id="312" sentence="11" number="311">inertia</token>
<token t_id="313" sentence="11" number="312">.</token>
<token t_id="314" sentence="12" number="313">There</token>
<token t_id="315" sentence="12" number="314">are</token>
<token t_id="316" sentence="12" number="315">no</token>
<token t_id="317" sentence="12" number="316">mountain</token>
<token t_id="318" sentence="12" number="317">slides</token>
<token t_id="319" sentence="12" number="318">or</token>
<token t_id="320" sentence="12" number="319">floods</token>
<token t_id="321" sentence="12" number="320">in</token>
<token t_id="322" sentence="12" number="321">it</token>
<token t_id="323" sentence="12" number="322">,</token>
<token t_id="324" sentence="12" number="323">and</token>
<token t_id="325" sentence="12" number="324">the</token>
<token t_id="326" sentence="12" number="325">hero</token>
<token t_id="327" sentence="12" number="326">himself</token>
<token t_id="328" sentence="12" number="327">actually</token>
<token t_id="329" sentence="12" number="328">appears</token>
<token t_id="330" sentence="12" number="329">sometimes</token>
<token t_id="331" sentence="12" number="330">as</token>
<token t_id="332" sentence="12" number="331">a</token>
<token t_id="333" sentence="12" number="332">constitutionally</token>
<token t_id="334" sentence="12" number="333">languid</token>
<token t_id="335" sentence="12" number="334">individual</token>
<token t_id="336" sentence="12" number="335">,</token>
<token t_id="337" sentence="12" number="336">wearied</token>
<token t_id="338" sentence="12" number="337">by</token>
<token t_id="339" sentence="12" number="338">the</token>
<token t_id="340" sentence="12" number="339">exertions</token>
<token t_id="341" sentence="12" number="340">of</token>
<token t_id="342" sentence="12" number="341">a</token>
<token t_id="343" sentence="12" number="342">carriage</token>
<token t_id="344" sentence="12" number="343">ride</token>
<token t_id="345" sentence="12" number="344">.</token>
<token t_id="346" sentence="13" number="345">He</token>
<token t_id="347" sentence="13" number="346">is</token>
<token t_id="348" sentence="13" number="347">one</token>
<token t_id="349" sentence="13" number="348">Don</token>
<token t_id="350" sentence="13" number="349">Diego</token>
<token t_id="351" sentence="13" number="350">Vega</token>
<token t_id="352" sentence="13" number="351">,</token>
<token t_id="353" sentence="13" number="352">an</token>
<token t_id="354" sentence="13" number="353">aristocrat</token>
<token t_id="355" sentence="13" number="354">of</token>
<token t_id="356" sentence="13" number="355">Spanish</token>
<token t_id="357" sentence="13" number="356">California</token>
<token t_id="358" sentence="13" number="357">,</token>
<token t_id="359" sentence="13" number="358">who</token>
<token t_id="360" sentence="13" number="359">seems</token>
<token t_id="361" sentence="13" number="360">content</token>
<token t_id="362" sentence="13" number="361">to</token>
<token t_id="363" sentence="13" number="362">loaf</token>
<token t_id="364" sentence="13" number="363">through</token>
<token t_id="365" sentence="13" number="364">life</token>
<token t_id="366" sentence="13" number="365">in</token>
<token t_id="367" sentence="13" number="366">fancy</token>
<token t_id="368" sentence="13" number="367">clothes</token>
<token t_id="369" sentence="13" number="368">and</token>
<token t_id="370" sentence="13" number="369">rich</token>
<token t_id="371" sentence="13" number="370">surroundings</token>
<token t_id="372" sentence="13" number="371">,</token>
<token t_id="373" sentence="13" number="372">but</token>
<token t_id="374" sentence="13" number="373">is</token>
<token t_id="375" sentence="13" number="374">really</token>
<token t_id="376" sentence="13" number="375">so</token>
<token t_id="377" sentence="13" number="376">moved</token>
<token t_id="378" sentence="13" number="377">by</token>
<token t_id="379" sentence="13" number="378">the</token>
<token t_id="380" sentence="13" number="379">tyranny</token>
<token t_id="381" sentence="13" number="380">of</token>
<token t_id="382" sentence="13" number="381">his</token>
<token t_id="383" sentence="13" number="382">country</token>
<token t_id="384" sentence="13" number="383">'s</token>
<token t_id="385" sentence="13" number="384">rulers</token>
<token t_id="386" sentence="13" number="385">that</token>
<token t_id="387" sentence="13" number="386">he</token>
<token t_id="388" sentence="13" number="387">originates</token>
<token t_id="389" sentence="13" number="388">for</token>
<token t_id="390" sentence="13" number="389">himself</token>
<token t_id="391" sentence="13" number="390">another</token>
<token t_id="392" sentence="13" number="391">role</token>
<token t_id="393" sentence="13" number="392">,</token>
<token t_id="394" sentence="13" number="393">that</token>
<token t_id="395" sentence="13" number="394">of</token>
<token t_id="396" sentence="13" number="395">Senor</token>
<token t_id="397" sentence="13" number="396">Zorro</token>
<token t_id="398" sentence="13" number="397">,</token>
<token t_id="399" sentence="13" number="398">an</token>
<token t_id="400" sentence="13" number="399">alert</token>
<token t_id="401" sentence="13" number="400">and</token>
<token t_id="402" sentence="13" number="401">mysterious</token>
<token t_id="403" sentence="13" number="402">avenger</token>
<token t_id="404" sentence="13" number="403">of</token>
<token t_id="405" sentence="13" number="404">the</token>
<token t_id="406" sentence="13" number="405">people</token>
<token t_id="407" sentence="13" number="406">'s</token>
<token t_id="408" sentence="13" number="407">wrongs</token>
<token t_id="409" sentence="13" number="408">,</token>
<token t_id="410" sentence="13" number="409">who</token>
<token t_id="411" sentence="13" number="410">appears</token>
<token t_id="412" sentence="13" number="411">suddenly</token>
<token t_id="413" sentence="13" number="412">when</token>
<token t_id="414" sentence="13" number="413">least</token>
<token t_id="415" sentence="13" number="414">expected</token>
<token t_id="416" sentence="13" number="415">by</token>
<token t_id="417" sentence="13" number="416">the</token>
<token t_id="418" sentence="13" number="417">authorities</token>
<token t_id="419" sentence="13" number="418">,</token>
<token t_id="420" sentence="13" number="419">and</token>
<token t_id="421" sentence="13" number="420">disappears</token>
<token t_id="422" sentence="13" number="421">as</token>
<token t_id="423" sentence="13" number="422">suddenly</token>
<token t_id="424" sentence="13" number="423">when</token>
<token t_id="425" sentence="13" number="424">most</token>
<token t_id="426" sentence="13" number="425">desired</token>
<token t_id="427" sentence="13" number="426">by</token>
<token t_id="428" sentence="13" number="427">them</token>
<token t_id="429" sentence="13" number="428">,</token>
<token t_id="430" sentence="13" number="429">always</token>
<token t_id="431" sentence="13" number="430">in</token>
<token t_id="432" sentence="13" number="431">black</token>
<token t_id="433" sentence="13" number="432">mask</token>
<token t_id="434" sentence="13" number="433">and</token>
<token t_id="435" sentence="13" number="434">costume</token>
<token t_id="436" sentence="13" number="435">,</token>
<token t_id="437" sentence="13" number="436">with</token>
<token t_id="438" sentence="13" number="437">a</token>
<token t_id="439" sentence="13" number="438">sure</token>
<token t_id="440" sentence="13" number="439">sword</token>
<token t_id="441" sentence="13" number="440">,</token>
<token t_id="442" sentence="13" number="441">a</token>
<token t_id="443" sentence="13" number="442">swift</token>
<token t_id="444" sentence="13" number="443">horse</token>
<token t_id="445" sentence="13" number="444">and</token>
<token t_id="446" sentence="13" number="445">a</token>
<token t_id="447" sentence="13" number="446">sense</token>
<token t_id="448" sentence="13" number="447">of</token>
<token t_id="449" sentence="13" number="448">humor</token>
<token t_id="450" sentence="13" number="449">.</token>
<token t_id="451" sentence="14" number="450">There</token>
<token t_id="452" sentence="14" number="451">may</token>
<token t_id="453" sentence="14" number="452">be</token>
<token t_id="454" sentence="14" number="453">those</token>
<token t_id="455" sentence="14" number="454">who</token>
<token t_id="456" sentence="14" number="455">will</token>
<token t_id="457" sentence="14" number="456">find</token>
<token t_id="458" sentence="14" number="457">"</token>
<token t_id="459" sentence="14" number="458">The</token>
<token t_id="460" sentence="14" number="459">Mark</token>
<token t_id="461" sentence="14" number="460">of</token>
<token t_id="462" sentence="14" number="461">Zorro</token>
<token t_id="463" sentence="14" number="462">"</token>
<token t_id="464" sentence="14" number="463">a</token>
<token t_id="465" sentence="14" number="464">little</token>
<token t_id="466" sentence="14" number="465">tedious</token>
<token t_id="467" sentence="14" number="466">in</token>
<token t_id="468" sentence="14" number="467">places</token>
<token t_id="469" sentence="14" number="468">because</token>
<token t_id="470" sentence="14" number="469">Fairbanks</token>
<token t_id="471" sentence="14" number="470">is</token>
<token t_id="472" sentence="14" number="471">not</token>
<token t_id="473" sentence="14" number="472">frolicking</token>
<token t_id="474" sentence="14" number="473">through</token>
<token t_id="475" sentence="14" number="474">every</token>
<token t_id="476" sentence="14" number="475">scene</token>
<token t_id="477" sentence="14" number="476">of</token>
<token t_id="478" sentence="14" number="477">it</token>
<token t_id="479" sentence="14" number="478">,</token>
<token t_id="480" sentence="14" number="479">and</token>
<token t_id="481" sentence="14" number="480">,</token>
<token t_id="482" sentence="14" number="481">as</token>
<token t_id="483" sentence="14" number="482">he</token>
<token t_id="484" sentence="14" number="483">never</token>
<token t_id="485" sentence="14" number="484">creates</token>
<token t_id="486" sentence="14" number="485">a</token>
<token t_id="487" sentence="14" number="486">character</token>
<token t_id="488" sentence="14" number="487">and</token>
<token t_id="489" sentence="14" number="488">will</token>
<token t_id="490" sentence="14" number="489">not</token>
<token t_id="491" sentence="14" number="490">confine</token>
<token t_id="492" sentence="14" number="491">himself</token>
<token t_id="493" sentence="14" number="492">to</token>
<token t_id="494" sentence="14" number="493">any</token>
<token t_id="495" sentence="14" number="494">possible</token>
<token t_id="496" sentence="14" number="495">plot</token>
<token t_id="497" sentence="14" number="496">or</token>
<token t_id="498" sentence="14" number="497">plan</token>
<token t_id="499" sentence="14" number="498">,</token>
<token t_id="500" sentence="14" number="499">his</token>
<token t_id="501" sentence="14" number="500">pictures</token>
<token t_id="502" sentence="14" number="501">must</token>
<token t_id="503" sentence="14" number="502">depend</token>
<token t_id="504" sentence="14" number="503">almost</token>
<token t_id="505" sentence="14" number="504">entirely</token>
<token t_id="506" sentence="14" number="505">upon</token>
<token t_id="507" sentence="14" number="506">his</token>
<token t_id="508" sentence="14" number="507">own</token>
<token t_id="509" sentence="14" number="508">athletics</token>
<token t_id="510" sentence="14" number="509">and</token>
<token t_id="511" sentence="14" number="510">absurdities</token>
<token t_id="512" sentence="14" number="511">,</token>
<token t_id="513" sentence="14" number="512">supplemented</token>
<token t_id="514" sentence="14" number="513">by</token>
<token t_id="515" sentence="14" number="514">those</token>
<token t_id="516" sentence="14" number="515">of</token>
<token t_id="517" sentence="14" number="516">scenery</token>
<token t_id="518" sentence="14" number="517">and</token>
<token t_id="519" sentence="14" number="518">cast</token>
<token t_id="520" sentence="14" number="519">.</token>
<token t_id="521" sentence="15" number="520">So</token>
<token t_id="522" sentence="15" number="521">,</token>
<token t_id="523" sentence="15" number="522">whenever</token>
<token t_id="524" sentence="15" number="523">"</token>
<token t_id="525" sentence="15" number="524">The</token>
<token t_id="526" sentence="15" number="525">Mark</token>
<token t_id="527" sentence="15" number="526">of</token>
<token t_id="528" sentence="15" number="527">Zorro</token>
<token t_id="529" sentence="15" number="528">"</token>
<token t_id="530" sentence="15" number="529">calms</token>
<token t_id="531" sentence="15" number="530">down</token>
<token t_id="532" sentence="15" number="531">,</token>
<token t_id="533" sentence="15" number="532">something</token>
<token t_id="534" sentence="15" number="533">seems</token>
<token t_id="535" sentence="15" number="534">to</token>
<token t_id="536" sentence="15" number="535">be</token>
<token t_id="537" sentence="15" number="536">missing</token>
<token t_id="538" sentence="15" number="537">.</token>
<token t_id="539" sentence="16" number="538">The</token>
<token t_id="540" sentence="16" number="539">settings</token>
<token t_id="541" sentence="16" number="540">of</token>
<token t_id="542" sentence="16" number="541">the</token>
<token t_id="543" sentence="16" number="542">picture</token>
<token t_id="544" sentence="16" number="543">are</token>
<token t_id="545" sentence="16" number="544">picturesquely</token>
<token t_id="546" sentence="16" number="545">,</token>
<token t_id="547" sentence="16" number="546">and</token>
<token t_id="548" sentence="16" number="547">some</token>
<token t_id="549" sentence="16" number="548">of</token>
<token t_id="550" sentence="16" number="549">them</token>
<token t_id="551" sentence="16" number="550">magnificently</token>
<token t_id="552" sentence="16" number="551">,</token>
<token t_id="553" sentence="16" number="552">Spanish</token>
<token t_id="554" sentence="16" number="553">,</token>
<token t_id="555" sentence="16" number="554">and</token>
<token t_id="556" sentence="16" number="555">they</token>
<token t_id="557" sentence="16" number="556">often</token>
<token t_id="558" sentence="16" number="557">contract</token>
<token t_id="559" sentence="16" number="558">amusingly</token>
<token t_id="560" sentence="16" number="559">with</token>
<token t_id="561" sentence="16" number="560">the</token>
<token t_id="562" sentence="16" number="561">emphatically</token>
<token t_id="563" sentence="16" number="562">non-Spanish</token>
<token t_id="564" sentence="16" number="563">appearance</token>
<token t_id="565" sentence="16" number="564">of</token>
<token t_id="566" sentence="16" number="565">some</token>
<token t_id="567" sentence="16" number="566">of</token>
<token t_id="568" sentence="16" number="567">the</token>
<token t_id="569" sentence="16" number="568">players</token>
<token t_id="570" sentence="16" number="569">,</token>
<token t_id="571" sentence="16" number="570">including</token>
<token t_id="572" sentence="16" number="571">,</token>
<token t_id="573" sentence="16" number="572">of</token>
<token t_id="574" sentence="16" number="573">course</token>
<token t_id="575" sentence="16" number="574">,</token>
<token t_id="576" sentence="16" number="575">Fairbanks</token>
<token t_id="577" sentence="16" number="576">himself</token>
<token t_id="578" sentence="16" number="577">.</token>
<token t_id="579" sentence="17" number="578">Still</token>
<token t_id="580" sentence="17" number="579">,</token>
<token t_id="581" sentence="17" number="580">the</token>
<token t_id="582" sentence="17" number="581">cast</token>
<token t_id="583" sentence="17" number="582">does</token>
<token t_id="584" sentence="17" number="583">what</token>
<token t_id="585" sentence="17" number="584">is</token>
<token t_id="586" sentence="17" number="585">expected</token>
<token t_id="587" sentence="17" number="586">of</token>
<token t_id="588" sentence="17" number="587">it</token>
<token t_id="589" sentence="17" number="588">,</token>
<token t_id="590" sentence="17" number="589">and</token>
<token t_id="591" sentence="17" number="590">,</token>
<token t_id="592" sentence="17" number="591">as</token>
<token t_id="593" sentence="17" number="592">no</token>
<token t_id="594" sentence="17" number="593">one</token>
<token t_id="595" sentence="17" number="594">cares</token>
<token t_id="596" sentence="17" number="595">whether</token>
<token t_id="597" sentence="17" number="596">the</token>
<token t_id="598" sentence="17" number="597">story</token>
<token t_id="599" sentence="17" number="598">is</token>
<token t_id="600" sentence="17" number="599">consistently</token>
<token t_id="601" sentence="17" number="600">Spanish</token>
<token t_id="602" sentence="17" number="601">or</token>
<token t_id="603" sentence="17" number="602">just</token>
<token t_id="604" sentence="17" number="603">outlandish</token>
<token t_id="605" sentence="17" number="604">,</token>
<token t_id="606" sentence="17" number="605">there</token>
<token t_id="607" sentence="17" number="606">'s</token>
<token t_id="608" sentence="17" number="607">no</token>
<token t_id="609" sentence="17" number="608">fault</token>
<token t_id="610" sentence="17" number="609">to</token>
<token t_id="611" sentence="17" number="610">find</token>
<token t_id="612" sentence="17" number="611">.</token>
<token t_id="613" sentence="18" number="612">Those</token>
<token t_id="614" sentence="18" number="613">who</token>
<token t_id="615" sentence="18" number="614">do</token>
<token t_id="616" sentence="18" number="615">the</token>
<token t_id="617" sentence="18" number="616">principal</token>
<token t_id="618" sentence="18" number="617">work</token>
<token t_id="619" sentence="18" number="618">are</token>
<token t_id="620" sentence="18" number="619">Noah</token>
<token t_id="621" sentence="18" number="620">Berry</token>
<token t_id="622" sentence="18" number="621">,</token>
<token t_id="623" sentence="18" number="622">Marguerite</token>
<token t_id="624" sentence="18" number="623">De</token>
<token t_id="625" sentence="18" number="624">La</token>
<token t_id="626" sentence="18" number="625">Motte</token>
<token t_id="627" sentence="18" number="626">and</token>
<token t_id="628" sentence="18" number="627">Robert</token>
<token t_id="629" sentence="18" number="628">McKim</token>
<token t_id="630" sentence="18" number="629">.</token>
<token t_id="631" sentence="19" number="630">The</token>
<token t_id="632" sentence="19" number="631">production</token>
<token t_id="633" sentence="19" number="632">was</token>
<token t_id="634" sentence="19" number="633">well-directed</token>
<token t_id="635" sentence="19" number="634">by</token>
<token t_id="636" sentence="19" number="635">Fred</token>
<token t_id="637" sentence="19" number="636">Niblo</token>
<token t_id="638" sentence="19" number="637">.</token>
<token t_id="639" sentence="20" number="638">"</token>
<token t_id="640" sentence="20" number="639">Heliotrope</token>
<token t_id="641" sentence="20" number="640">,</token>
<token t_id="642" sentence="20" number="641">"</token>
<token t_id="643" sentence="20" number="642">adapted</token>
<token t_id="644" sentence="20" number="643">from</token>
<token t_id="645" sentence="20" number="644">a</token>
<token t_id="646" sentence="20" number="645">story</token>
<token t_id="647" sentence="20" number="646">by</token>
<token t_id="648" sentence="20" number="647">Richard</token>
<token t_id="649" sentence="20" number="648">Washburn</token>
<token t_id="650" sentence="20" number="649">Child</token>
<token t_id="651" sentence="20" number="650">and</token>
<token t_id="652" sentence="20" number="651">directed</token>
<token t_id="653" sentence="20" number="652">by</token>
<token t_id="654" sentence="20" number="653">George</token>
<token t_id="655" sentence="20" number="654">D.</token>
<token t_id="656" sentence="20" number="655">Baker</token>
<token t_id="657" sentence="20" number="656">,</token>
<token t_id="658" sentence="20" number="657">who</token>
<token t_id="659" sentence="20" number="658">also</token>
<token t_id="660" sentence="20" number="659">wrote</token>
<token t_id="661" sentence="20" number="660">the</token>
<token t_id="662" sentence="20" number="661">scenario</token>
<token t_id="663" sentence="20" number="662">,</token>
<token t_id="664" sentence="20" number="663">is</token>
<token t_id="665" sentence="20" number="664">at</token>
<token t_id="666" sentence="20" number="665">the</token>
<token t_id="667" sentence="20" number="666">Rivoli</token>
<token t_id="668" sentence="20" number="667">this</token>
<token t_id="669" sentence="20" number="668">week</token>
<token t_id="670" sentence="20" number="669">.</token>
<token t_id="671" sentence="21" number="670">It</token>
<token t_id="672" sentence="21" number="671">is</token>
<token t_id="673" sentence="21" number="672">a</token>
<token t_id="674" sentence="21" number="673">melodrama</token>
<token t_id="675" sentence="21" number="674">which</token>
<token t_id="676" sentence="21" number="675">might</token>
<token t_id="677" sentence="21" number="676">have</token>
<token t_id="678" sentence="21" number="677">been</token>
<token t_id="679" sentence="21" number="678">a</token>
<token t_id="680" sentence="21" number="679">tragedy</token>
<token t_id="681" sentence="21" number="680">.</token>
<token t_id="682" sentence="22" number="681">It</token>
<token t_id="683" sentence="22" number="682">deals</token>
<token t_id="684" sentence="22" number="683">in</token>
<token t_id="685" sentence="22" number="684">mechanically</token>
<token t_id="686" sentence="22" number="685">contrived</token>
<token t_id="687" sentence="22" number="686">situations</token>
<token t_id="688" sentence="22" number="687">when</token>
<token t_id="689" sentence="22" number="688">it</token>
<token t_id="690" sentence="22" number="689">might</token>
<token t_id="691" sentence="22" number="690">have</token>
<token t_id="692" sentence="22" number="691">dealt</token>
<token t_id="693" sentence="22" number="692">in</token>
<token t_id="694" sentence="22" number="693">character</token>
<token t_id="695" sentence="22" number="694">.</token>
<token t_id="696" sentence="23" number="695">The</token>
<token t_id="697" sentence="23" number="696">story</token>
<token t_id="698" sentence="23" number="697">,</token>
<token t_id="699" sentence="23" number="698">briefly</token>
<token t_id="700" sentence="23" number="699">,</token>
<token t_id="701" sentence="23" number="700">is</token>
<token t_id="702" sentence="23" number="701">of</token>
<token t_id="703" sentence="23" number="702">an</token>
<token t_id="704" sentence="23" number="703">imprisoned</token>
<token t_id="705" sentence="23" number="704">criminal</token>
<token t_id="706" sentence="23" number="705">who</token>
<token t_id="707" sentence="23" number="706">obtains</token>
<token t_id="708" sentence="23" number="707">a</token>
<token t_id="709" sentence="23" number="708">pardon</token>
<token t_id="710" sentence="23" number="709">in</token>
<token t_id="711" sentence="23" number="710">order</token>
<token t_id="712" sentence="23" number="711">to</token>
<token t_id="713" sentence="23" number="712">protect</token>
<token t_id="714" sentence="23" number="713">his</token>
<token t_id="715" sentence="23" number="714">daughter</token>
<token t_id="716" sentence="23" number="715">from</token>
<token t_id="717" sentence="23" number="716">an</token>
<token t_id="718" sentence="23" number="717">unscrupulous</token>
<token t_id="719" sentence="23" number="718">mother</token>
<token t_id="720" sentence="23" number="719">.</token>
<token t_id="721" sentence="24" number="720">The</token>
<token t_id="722" sentence="24" number="721">girl</token>
<token t_id="723" sentence="24" number="722">is</token>
<token t_id="724" sentence="24" number="723">about</token>
<token t_id="725" sentence="24" number="724">to</token>
<token t_id="726" sentence="24" number="725">make</token>
<token t_id="727" sentence="24" number="726">an</token>
<token t_id="728" sentence="24" number="727">advantageous</token>
<token t_id="729" sentence="24" number="728">marriage</token>
<token t_id="730" sentence="24" number="729">to</token>
<token t_id="731" sentence="24" number="730">a</token>
<token t_id="732" sentence="24" number="731">man</token>
<token t_id="733" sentence="24" number="732">who</token>
<token t_id="734" sentence="24" number="733">knows</token>
<token t_id="735" sentence="24" number="734">nothing</token>
<token t_id="736" sentence="24" number="735">of</token>
<token t_id="737" sentence="24" number="736">her</token>
<token t_id="738" sentence="24" number="737">antecedents</token>
<token t_id="739" sentence="24" number="738">,</token>
<token t_id="740" sentence="24" number="739">and</token>
<token t_id="741" sentence="24" number="740">the</token>
<token t_id="742" sentence="24" number="741">mother</token>
<token t_id="743" sentence="24" number="742">is</token>
<token t_id="744" sentence="24" number="743">preparing</token>
<token t_id="745" sentence="24" number="744">to</token>
<token t_id="746" sentence="24" number="745">blackmail</token>
<token t_id="747" sentence="24" number="746">the</token>
<token t_id="748" sentence="24" number="747">prospective</token>
<token t_id="749" sentence="24" number="748">husband</token>
<token t_id="750" sentence="24" number="749">.</token>
<token t_id="751" sentence="25" number="750">The</token>
<token t_id="752" sentence="25" number="751">father</token>
<token t_id="753" sentence="25" number="752">has</token>
<token t_id="754" sentence="25" number="753">given</token>
<token t_id="755" sentence="25" number="754">his</token>
<token t_id="756" sentence="25" number="755">word</token>
<token t_id="757" sentence="25" number="756">that</token>
<token t_id="758" sentence="25" number="757">he</token>
<token t_id="759" sentence="25" number="758">will</token>
<token t_id="760" sentence="25" number="759">not</token>
<token t_id="761" sentence="25" number="760">kill</token>
<token t_id="762" sentence="25" number="761">the</token>
<token t_id="763" sentence="25" number="762">woman</token>
<token t_id="764" sentence="25" number="763">,</token>
<token t_id="765" sentence="25" number="764">so</token>
<token t_id="766" sentence="25" number="765">,</token>
<token t_id="767" sentence="25" number="766">by</token>
<token t_id="768" sentence="25" number="767">an</token>
<token t_id="769" sentence="25" number="768">ingenious</token>
<token t_id="770" sentence="25" number="769">method</token>
<token t_id="771" sentence="25" number="770">of</token>
<token t_id="772" sentence="25" number="771">putting</token>
<token t_id="773" sentence="25" number="772">terror</token>
<token t_id="774" sentence="25" number="773">into</token>
<token t_id="775" sentence="25" number="774">her</token>
<token t_id="776" sentence="25" number="775">heart</token>
<token t_id="777" sentence="25" number="776">,</token>
<token t_id="778" sentence="25" number="777">he</token>
<token t_id="779" sentence="25" number="778">drives</token>
<token t_id="780" sentence="25" number="779">her</token>
<token t_id="781" sentence="25" number="780">to</token>
<token t_id="782" sentence="25" number="781">kill</token>
<token t_id="783" sentence="25" number="782">him</token>
<token t_id="784" sentence="25" number="783">.</token>
<token t_id="785" sentence="26" number="784">She</token>
<token t_id="786" sentence="26" number="785">is</token>
<token t_id="787" sentence="26" number="786">arrested</token>
<token t_id="788" sentence="26" number="787">for</token>
<token t_id="789" sentence="26" number="788">the</token>
<token t_id="790" sentence="26" number="789">murder</token>
<token t_id="791" sentence="26" number="790">,</token>
<token t_id="792" sentence="26" number="791">and</token>
<token t_id="793" sentence="26" number="792">,</token>
<token t_id="794" sentence="26" number="793">the</token>
<token t_id="795" sentence="26" number="794">girl</token>
<token t_id="796" sentence="26" number="795">'s</token>
<token t_id="797" sentence="26" number="796">birth</token>
<token t_id="798" sentence="26" number="797">certificate</token>
<token t_id="799" sentence="26" number="798">having</token>
<token t_id="800" sentence="26" number="799">been</token>
<token t_id="801" sentence="26" number="800">destroyed</token>
<token t_id="802" sentence="26" number="801">by</token>
<token t_id="803" sentence="26" number="802">the</token>
<token t_id="804" sentence="26" number="803">father</token>
<token t_id="805" sentence="26" number="804">before</token>
<token t_id="806" sentence="26" number="805">his</token>
<token t_id="807" sentence="26" number="806">death</token>
<token t_id="808" sentence="26" number="807">,</token>
<token t_id="809" sentence="26" number="808">she</token>
<token t_id="810" sentence="26" number="809">is</token>
<token t_id="811" sentence="26" number="810">powerless</token>
<token t_id="812" sentence="26" number="811">.</token>
<token t_id="813" sentence="27" number="812">The</token>
<token t_id="814" sentence="27" number="813">last</token>
<token t_id="815" sentence="27" number="814">scene</token>
<token t_id="816" sentence="27" number="815">is</token>
<token t_id="817" sentence="27" number="816">of</token>
<token t_id="818" sentence="27" number="817">the</token>
<token t_id="819" sentence="27" number="818">girl</token>
<token t_id="820" sentence="27" number="819">'s</token>
<token t_id="821" sentence="27" number="820">presumably</token>
<token t_id="822" sentence="27" number="821">happy</token>
<token t_id="823" sentence="27" number="822">wedding</token>
<token t_id="824" sentence="27" number="823">.</token>
<token t_id="825" sentence="28" number="824">Herein</token>
<token t_id="826" sentence="28" number="825">the</token>
<token t_id="827" sentence="28" number="826">tragedy</token>
<token t_id="828" sentence="28" number="827">of</token>
<token t_id="829" sentence="28" number="828">the</token>
<token t_id="830" sentence="28" number="829">father</token>
<token t_id="831" sentence="28" number="830">'s</token>
<token t_id="832" sentence="28" number="831">sacrifice</token>
<token t_id="833" sentence="28" number="832">,</token>
<token t_id="834" sentence="28" number="833">brightened</token>
<token t_id="835" sentence="28" number="834">by</token>
<token t_id="836" sentence="28" number="835">its</token>
<token t_id="837" sentence="28" number="836">success</token>
<token t_id="838" sentence="28" number="837">,</token>
<token t_id="839" sentence="28" number="838">and</token>
<token t_id="840" sentence="28" number="839">the</token>
<token t_id="841" sentence="28" number="840">irony</token>
<token t_id="842" sentence="28" number="841">of</token>
<token t_id="843" sentence="28" number="842">the</token>
<token t_id="844" sentence="28" number="843">daughter</token>
<token t_id="845" sentence="28" number="844">'s</token>
<token t_id="846" sentence="28" number="845">unsuspecting</token>
<token t_id="847" sentence="28" number="846">happiness</token>
<token t_id="848" sentence="28" number="847">might</token>
<token t_id="849" sentence="28" number="848">have</token>
<token t_id="850" sentence="28" number="849">been</token>
<token t_id="851" sentence="28" number="850">developed</token>
<token t_id="852" sentence="28" number="851">if</token>
<token t_id="853" sentence="28" number="852">father</token>
<token t_id="854" sentence="28" number="853">and</token>
<token t_id="855" sentence="28" number="854">daughter</token>
<token t_id="856" sentence="28" number="855">had</token>
<token t_id="857" sentence="28" number="856">been</token>
<token t_id="858" sentence="28" number="857">made</token>
<token t_id="859" sentence="28" number="858">genuine</token>
<token t_id="860" sentence="28" number="859">characters</token>
<token t_id="861" sentence="28" number="860">.</token>
<token t_id="862" sentence="29" number="861">But</token>
<token t_id="863" sentence="29" number="862">they</token>
<token t_id="864" sentence="29" number="863">have</token>
<token t_id="865" sentence="29" number="864">not</token>
<token t_id="866" sentence="29" number="865">been</token>
<token t_id="867" sentence="29" number="866">,</token>
<token t_id="868" sentence="29" number="867">and</token>
<token t_id="869" sentence="29" number="868">so</token>
<token t_id="870" sentence="29" number="869">the</token>
<token t_id="871" sentence="29" number="870">story</token>
<token t_id="872" sentence="29" number="871">is</token>
<token t_id="873" sentence="29" number="872">simply</token>
<token t_id="874" sentence="29" number="873">a</token>
<token t_id="875" sentence="29" number="874">melodrama</token>
<token t_id="876" sentence="29" number="875">,</token>
<token t_id="877" sentence="29" number="876">interesting</token>
<token t_id="878" sentence="29" number="877">as</token>
<token t_id="879" sentence="29" number="878">such</token>
<token t_id="880" sentence="29" number="879">,</token>
<token t_id="881" sentence="29" number="880">and</token>
<token t_id="882" sentence="29" number="881">possibly</token>
<token t_id="883" sentence="29" number="882">destined</token>
<token t_id="884" sentence="29" number="883">to</token>
<token t_id="885" sentence="29" number="884">greater</token>
<token t_id="886" sentence="29" number="885">popularity</token>
<token t_id="887" sentence="29" number="886">than</token>
<token t_id="888" sentence="29" number="887">it</token>
<token t_id="889" sentence="29" number="888">would</token>
<token t_id="890" sentence="29" number="889">have</token>
<token t_id="891" sentence="29" number="890">had</token>
<token t_id="892" sentence="29" number="891">as</token>
<token t_id="893" sentence="29" number="892">a</token>
<token t_id="894" sentence="29" number="893">more</token>
<token t_id="895" sentence="29" number="894">human</token>
<token t_id="896" sentence="29" number="895">document</token>
<token t_id="897" sentence="29" number="896">.</token>
<token t_id="898" sentence="30" number="897">William</token>
<token t_id="899" sentence="30" number="898">D.</token>
<token t_id="900" sentence="30" number="899">Mack</token>
<token t_id="901" sentence="30" number="900">,</token>
<token t_id="902" sentence="30" number="901">in</token>
<token t_id="903" sentence="30" number="902">the</token>
<token t_id="904" sentence="30" number="903">minor</token>
<token t_id="905" sentence="30" number="904">rôle</token>
<token t_id="906" sentence="30" number="905">of</token>
<token t_id="907" sentence="30" number="906">"</token>
<token t_id="908" sentence="30" number="907">Spike</token>
<token t_id="909" sentence="30" number="908">"</token>
<token t_id="910" sentence="30" number="909">Foley</token>
<token t_id="911" sentence="30" number="910">,</token>
<token t_id="912" sentence="30" number="911">a</token>
<token t_id="913" sentence="30" number="912">pal</token>
<token t_id="914" sentence="30" number="913">of</token>
<token t_id="915" sentence="30" number="914">the</token>
<token t_id="916" sentence="30" number="915">father</token>
<token t_id="917" sentence="30" number="916">,</token>
<token t_id="918" sentence="30" number="917">is</token>
<token t_id="919" sentence="30" number="918">the</token>
<token t_id="920" sentence="30" number="919">most</token>
<token t_id="921" sentence="30" number="920">lifelike</token>
<token t_id="922" sentence="30" number="921">person</token>
<token t_id="923" sentence="30" number="922">in</token>
<token t_id="924" sentence="30" number="923">the</token>
<token t_id="925" sentence="30" number="924">cast</token>
<token t_id="926" sentence="30" number="925">.</token>
<token t_id="927" sentence="31" number="926">Fred</token>
<token t_id="928" sentence="31" number="927">Burton</token>
<token t_id="929" sentence="31" number="928">,</token>
<token t_id="930" sentence="31" number="929">as</token>
<token t_id="931" sentence="31" number="930">the</token>
<token t_id="932" sentence="31" number="931">father</token>
<token t_id="933" sentence="31" number="932">,</token>
<token t_id="934" sentence="31" number="933">and</token>
<token t_id="935" sentence="31" number="934">Julia</token>
<token t_id="936" sentence="31" number="935">Swayne</token>
<token t_id="937" sentence="31" number="936">Gordon</token>
<token t_id="938" sentence="31" number="937">,</token>
<token t_id="939" sentence="31" number="938">as</token>
<token t_id="940" sentence="31" number="939">the</token>
<token t_id="941" sentence="31" number="940">mother</token>
<token t_id="942" sentence="31" number="941">,</token>
<token t_id="943" sentence="31" number="942">have</token>
<token t_id="944" sentence="31" number="943">flashes</token>
<token t_id="945" sentence="31" number="944">of</token>
<token t_id="946" sentence="31" number="945">genuineness</token>
<token t_id="947" sentence="31" number="946">,</token>
<token t_id="948" sentence="31" number="947">but</token>
<token t_id="949" sentence="31" number="948">,</token>
<token t_id="950" sentence="31" number="949">for</token>
<token t_id="951" sentence="31" number="950">the</token>
<token t_id="952" sentence="31" number="951">most</token>
<token t_id="953" sentence="31" number="952">part</token>
<token t_id="954" sentence="31" number="953">,</token>
<token t_id="955" sentence="31" number="954">follow</token>
<token t_id="956" sentence="31" number="955">the</token>
<token t_id="957" sentence="31" number="956">broad</token>
<token t_id="958" sentence="31" number="957">,</token>
<token t_id="959" sentence="31" number="958">exaggerated</token>
<token t_id="960" sentence="31" number="959">style</token>
<token t_id="961" sentence="31" number="960">of</token>
<token t_id="962" sentence="31" number="961">acting</token>
<token t_id="963" sentence="31" number="962">suited</token>
<token t_id="964" sentence="31" number="963">to</token>
<token t_id="965" sentence="31" number="964">melodrama</token>
<token t_id="966" sentence="31" number="965">.</token>
<token t_id="967" sentence="32" number="966">Diana</token>
<token t_id="968" sentence="32" number="967">Allen</token>
<token t_id="969" sentence="32" number="968">,</token>
<token t_id="970" sentence="32" number="969">as</token>
<token t_id="971" sentence="32" number="970">the</token>
<token t_id="972" sentence="32" number="971">girl</token>
<token t_id="973" sentence="32" number="972">,</token>
<token t_id="974" sentence="32" number="973">and</token>
<token t_id="975" sentence="32" number="974">Wilfred</token>
<token t_id="976" sentence="32" number="975">Lytell</token>
<token t_id="977" sentence="32" number="976">,</token>
<token t_id="978" sentence="32" number="977">as</token>
<token t_id="979" sentence="32" number="978">her</token>
<token t_id="980" sentence="32" number="979">fiancé</token>
<token t_id="981" sentence="32" number="980">,</token>
<token t_id="982" sentence="32" number="981">are</token>
<token t_id="983" sentence="32" number="982">just</token>
<token t_id="984" sentence="32" number="983">two</token>
<token t_id="985" sentence="32" number="984">young</token>
<token t_id="986" sentence="32" number="985">people</token>
<token t_id="987" sentence="32" number="986">.</token>
<token t_id="988" sentence="33" number="987">Thomas</token>
<token t_id="989" sentence="33" number="988">J.</token>
<token t_id="990" sentence="33" number="989">Findlay</token>
<token t_id="991" sentence="33" number="990">,</token>
<token t_id="992" sentence="33" number="991">as</token>
<token t_id="993" sentence="33" number="992">a</token>
<token t_id="994" sentence="33" number="993">prison</token>
<token t_id="995" sentence="33" number="994">warden</token>
<token t_id="996" sentence="33" number="995">,</token>
<token t_id="997" sentence="33" number="996">is</token>
<token t_id="998" sentence="33" number="997">satisfactory</token>
<token t_id="999" sentence="33" number="998">.</token>
<token t_id="1000" sentence="34" number="999">The</token>
<token t_id="1001" sentence="34" number="1000">direction</token>
<token t_id="1002" sentence="34" number="1001">of</token>
<token t_id="1003" sentence="34" number="1002">Mr.</token>
<token t_id="1004" sentence="34" number="1003">Baker</token>
<token t_id="1005" sentence="34" number="1004">has</token>
<token t_id="1006" sentence="34" number="1005">produced</token>
<token t_id="1007" sentence="34" number="1006">many</token>
<token t_id="1008" sentence="34" number="1007">scenes</token>
<token t_id="1009" sentence="34" number="1008">photographically</token>
<token t_id="1010" sentence="34" number="1009">excellent</token>
<token t_id="1011" sentence="34" number="1010">,</token>
<token t_id="1012" sentence="34" number="1011">but</token>
<token t_id="1013" sentence="34" number="1012">few</token>
<token t_id="1014" sentence="34" number="1013">of</token>
<token t_id="1015" sentence="34" number="1014">cinematographic</token>
<token t_id="1016" sentence="34" number="1015">distinction</token>
<token t_id="1017" sentence="34" number="1016">.</token>
<token t_id="1018" sentence="35" number="1017">The</token>
<token t_id="1019" sentence="35" number="1018">Rivoli</token>
<token t_id="1020" sentence="35" number="1019">Pictorial</token>
<token t_id="1021" sentence="35" number="1020">includes</token>
<token t_id="1022" sentence="35" number="1021">,</token>
<token t_id="1023" sentence="35" number="1022">among</token>
<token t_id="1024" sentence="35" number="1023">other</token>
<token t_id="1025" sentence="35" number="1024">interesting</token>
<token t_id="1026" sentence="35" number="1025">subjects</token>
<token t_id="1027" sentence="35" number="1026">,</token>
<token t_id="1028" sentence="35" number="1027">amusing</token>
<token t_id="1029" sentence="35" number="1028">animal</token>
<token t_id="1030" sentence="35" number="1029">studies</token>
<token t_id="1031" sentence="35" number="1030">from</token>
<token t_id="1032" sentence="35" number="1031">the</token>
<token t_id="1033" sentence="35" number="1032">Urban</token>
<token t_id="1034" sentence="35" number="1033">studio</token>
<token t_id="1035" sentence="35" number="1034">,</token>
<token t_id="1036" sentence="35" number="1035">and</token>
<token t_id="1037" sentence="35" number="1036">a</token>
<token t_id="1038" sentence="35" number="1037">act</token>
<token t_id="1039" sentence="35" number="1038">of</token>
<token t_id="1040" sentence="35" number="1039">Marcus</token>
<token t_id="1041" sentence="35" number="1040">'s</token>
<token t_id="1042" sentence="35" number="1041">entertaining</token>
<token t_id="1043" sentence="35" number="1042">drawings</token>
<token t_id="1044" sentence="35" number="1043">with</token>
<token t_id="1045" sentence="35" number="1044">movable</token>
<token t_id="1046" sentence="35" number="1045">whiskers</token>
<token t_id="1047" sentence="35" number="1046">.</token>


<Markables>
<EVENT_MENTION m_id="33" factuality="" modality="" pred="" pos="" aspect="" certainty="" comment="" class="EXISTENCE-CAUSATION" tense="" polarity=""  >
<token_anchor t_id="222"/>
</EVENT_MENTION>
<EVENT_MENTION m_id="129" factuality="" modality="" pred="" pos="" aspect="" certainty="" comment="" class="EMOTIONS-EVALUATIONS" tense="" polarity=""  >
<token_anchor t_id="997"/>
<token_anchor t_id="998"/>
</EVENT_MENTION>
<EVENT_MENTION m_id="65" factuality="" modality="" pred="" pos="" aspect="" certainty="" comment="" class="EXISTENCE-CAUSATION" tense="" polarity=""  >
<token_anchor t_id="485"/>
</EVENT_MENTION>
<EVENT_MENTION m_id="1" factuality="" modality="" pred="" pos="" aspect="" certainty="" comment="" class="EXISTENCE-CAUSATION" tense="" polarity=""  >
<token_anchor t_id="23"/>
</EVENT_MENTION>
<EVENT_MENTION m_id="97" factuality="" modality="" pred="" pos="" aspect="" certainty="" comment="" class="MENTAL" tense="" polarity=""  >
<token_anchor t_id="734"/>
</EVENT_MENTION>
<EVENT_MENTION m_id="34" factuality="" modality="" pred="" pos="" aspect="" certainty="" comment="" class="HOSTILITY" tense="" polarity=""  >
<token_anchor t_id="224"/>
</EVENT_MENTION>
<EVENT_MENTION m_id="130" factuality="" modality="" pred="" pos="" aspect="" certainty="" comment="" class="GENERAL" tense="" polarity=""  >
<token_anchor t_id="1006"/>
</EVENT_MENTION>
<EVENT_MENTION m_id="66" factuality="" modality="" pred="" pos="" aspect="" certainty="" comment="" class="SPACE-MOVEMENT" tense="" polarity=""  >
<token_anchor t_id="491"/>
</EVENT_MENTION>
<EVENT_MENTION m_id="2" factuality="" modality="" pred="" pos="" aspect="" certainty="" comment="" class="COMMUNICATION" tense="" polarity=""  >
<token_anchor t_id="32"/>
</EVENT_MENTION>
<EVENT_MENTION m_id="98" factuality="" modality="" pred="" pos="" aspect="" certainty="" comment="" class="EXISTENCE-CAUSATION" tense="" polarity=""  >
<token_anchor t_id="723"/>
<token_anchor t_id="724"/>
</EVENT_MENTION>
<EVENT_MENTION m_id="35" factuality="" modality="" pred="" pos="" aspect="" certainty="" comment="" class="EMOTIONS-EVALUATIONS" tense="" polarity=""  >
<token_anchor t_id="231"/>
<token_anchor t_id="232"/>
<token_anchor t_id="233"/>
<token_anchor t_id="234"/>
</EVENT_MENTION>
<EVENT_MENTION m_id="131" factuality="" modality="" pred="" pos="" aspect="" certainty="" comment="" class="GENERAL" tense="" polarity=""  >
<token_anchor t_id="1021"/>
</EVENT_MENTION>
<EVENT_MENTION m_id="67" factuality="" modality="" pred="" pos="" aspect="" certainty="" comment="" class="MENTAL" tense="" polarity=""  >
<token_anchor t_id="503"/>
<token_anchor t_id="506"/>
</EVENT_MENTION>
<EVENT_MENTION m_id="3" factuality="" modality="" pred="" pos="" aspect="" certainty="" comment="" class="EXISTENCE-CAUSATION" tense="" polarity=""  >
<token_anchor t_id="35"/>
</EVENT_MENTION>
<EVENT_MENTION m_id="99" factuality="" modality="" pred="" pos="" aspect="" certainty="" comment="" class="GENERAL" tense="" polarity=""  >
<token_anchor t_id="744"/>
</EVENT_MENTION>
<EVENT_MENTION m_id="36" factuality="" modality="" pred="" pos="" aspect="" certainty="" comment="" class="HOSTILITY" tense="" polarity=""  >
<token_anchor t_id="239"/>
<token_anchor t_id="240"/>
</EVENT_MENTION>
<EVENT_MENTION m_id="132" factuality="" modality="" pred="" pos="" aspect="" certainty="" comment="" class="EMOTIONS-EVALUATIONS" tense="" polarity=""  >
<token_anchor t_id="1042"/>
</EVENT_MENTION>
<EVENT_MENTION m_id="68" factuality="" modality="" pred="" pos="" aspect="" certainty="" comment="" class="GENERAL" tense="" polarity=""  >
<token_anchor t_id="513"/>
</EVENT_MENTION>
<EVENT_MENTION m_id="4" factuality="" modality="" pred="" pos="" aspect="" certainty="" comment="" class="COMMUNICATION" tense="" polarity=""  >
<token_anchor t_id="45"/>
</EVENT_MENTION>
<EVENT_MENTION m_id="100" factuality="" modality="" pred="" pos="" aspect="" certainty="" comment="" class="TRADE-WORK" tense="" polarity=""  >
<token_anchor t_id="746"/>
</EVENT_MENTION>
<EVENT_MENTION m_id="37" factuality="" modality="" pred="" pos="" aspect="" certainty="" comment="" class="EXISTENCE-CAUSATION" tense="" polarity=""  >
<token_anchor t_id="249"/>
</EVENT_MENTION>
<EVENT_MENTION m_id="133" factuality="" modality="" pred="" pos="" aspect="" certainty="" comment="" class="TIME" tense="" polarity=""  >
<token_anchor t_id="738"/>
</EVENT_MENTION>
<EVENT_MENTION m_id="69" factuality="" modality="" pred="" pos="" aspect="" certainty="" comment="" class="EMOTIONS-EVALUATIONS" tense="" polarity=""  >
<token_anchor t_id="530"/>
<token_anchor t_id="531"/>
</EVENT_MENTION>
<EVENT_MENTION m_id="5" factuality="" modality="" pred="" pos="" aspect="" certainty="" comment="" class="COMMUNICATION" tense="" polarity=""  >
<token_anchor t_id="58"/>
</EVENT_MENTION>
<EVENT_MENTION m_id="101" factuality="" modality="" pred="" pos="" aspect="" certainty="" comment="" class="COMMUNICATION" tense="" polarity=""  >
<token_anchor t_id="754"/>
<token_anchor t_id="756"/>
</EVENT_MENTION>
<EVENT_MENTION m_id="38" factuality="" modality="" pred="" pos="" aspect="" certainty="" comment="" class="ENTERTAINMENT-ART" tense="" polarity=""  >
<token_anchor t_id="251"/>
</EVENT_MENTION>
<EVENT_MENTION m_id="134" factuality="" modality="" pred="" pos="" aspect="" certainty="" comment="" class="ENTERTAINMENT-ART" tense="" polarity=""  >
<token_anchor t_id="652"/>
</EVENT_MENTION>
<EVENT_MENTION m_id="70" factuality="" modality="" pred="" pos="" aspect="" certainty="" comment="" class="MENTAL" tense="" polarity=""  >
<token_anchor t_id="534"/>
</EVENT_MENTION>
<EVENT_MENTION m_id="6" factuality="" modality="" pred="" pos="" aspect="" certainty="" comment="" class="MENTAL" tense="" polarity=""  >
<token_anchor t_id="63"/>
</EVENT_MENTION>
<EVENT_MENTION m_id="102" factuality="" modality="" pred="" pos="" aspect="" certainty="" comment="" class="LIFE-HEALTH" tense="" polarity=""  >
<token_anchor t_id="761"/>
</EVENT_MENTION>
<EVENT_MENTION m_id="39" factuality="" modality="" pred="" pos="" aspect="" certainty="" comment="" class="SPACE-MOVEMENT" tense="" polarity=""  >
<token_anchor t_id="253"/>
</EVENT_MENTION>
<EVENT_MENTION m_id="71" factuality="" modality="" pred="" pos="" aspect="" certainty="" comment="" class="POSSESSION" tense="" polarity=""  >
<token_anchor t_id="537"/>
</EVENT_MENTION>
<EVENT_MENTION m_id="7" factuality="" modality="" pred="" pos="" aspect="" certainty="" comment="" class="SPACE-MOVEMENT" tense="" polarity=""  >
<token_anchor t_id="66"/>
<token_anchor t_id="67"/>
<token_anchor t_id="68"/>
</EVENT_MENTION>
<EVENT_MENTION m_id="103" factuality="" modality="" pred="" pos="" aspect="" certainty="" comment="" class="SPACE-MOVEMENT" tense="" polarity=""  >
<token_anchor t_id="779"/>
</EVENT_MENTION>
<EVENT_MENTION m_id="104" factuality="" modality="" pred="" pos="" aspect="" certainty="" comment="" class="LIFE-HEALTH" tense="" polarity=""  >
<token_anchor t_id="782"/>
</EVENT_MENTION>
<EVENT_MENTION m_id="40" factuality="" modality="" pred="" pos="" aspect="" certainty="" comment="" class="PHYSICAL SENSATIONS" tense="" polarity=""  >
<token_anchor t_id="256"/>
</EVENT_MENTION>
<EVENT_MENTION m_id="72" factuality="" modality="" pred="" pos="" aspect="" certainty="" comment="" class="ENVIRONMENT" tense="" polarity=""  >
<token_anchor t_id="544"/>
<token_anchor t_id="553"/>
</EVENT_MENTION>
<EVENT_MENTION m_id="8" factuality="" modality="" pred="" pos="" aspect="" certainty="" comment="" class="EXISTENCE-CAUSATION" tense="" polarity=""  >
<token_anchor t_id="73"/>
</EVENT_MENTION>
<EVENT_MENTION m_id="105" factuality="" modality="" pred="" pos="" aspect="" certainty="" comment="" class="SPACE-MOVEMENT" tense="" polarity=""  >
<token_anchor t_id="772"/>
</EVENT_MENTION>
<EVENT_MENTION m_id="41" factuality="" modality="" pred="" pos="" aspect="" certainty="" comment="" class="TIME" tense="" polarity=""  >
<token_anchor t_id="259"/>
</EVENT_MENTION>
<EVENT_MENTION m_id="73" factuality="" modality="" pred="" pos="" aspect="" certainty="" comment="" class="PHYSICAL SENSATIONS" tense="" polarity=""  >
<token_anchor t_id="564"/>
</EVENT_MENTION>
<EVENT_MENTION m_id="9" factuality="" modality="" pred="" pos="" aspect="" certainty="" comment="" class="COMMUNICATION" tense="" polarity=""  >
<token_anchor t_id="84"/>
</EVENT_MENTION>
<EVENT_MENTION m_id="106" factuality="" modality="" pred="" pos="" aspect="" certainty="" comment="" class="EMOTIONS-EVALUATIONS" tense="" polarity=""  >
<token_anchor t_id="773"/>
</EVENT_MENTION>
<EVENT_MENTION m_id="42" factuality="" modality="" pred="" pos="" aspect="" certainty="" comment="" class="LIFE-HEALTH" tense="" polarity=""  >
<token_anchor t_id="265"/>
</EVENT_MENTION>
<EVENT_MENTION m_id="74" factuality="" modality="" pred="" pos="" aspect="" certainty="" comment="" class="GENERAL" tense="" polarity=""  >
<token_anchor t_id="558"/>
</EVENT_MENTION>
<EVENT_MENTION m_id="10" factuality="" modality="" pred="" pos="" aspect="" certainty="" comment="" class="EXISTENCE-CAUSATION" tense="" polarity=""  >
<token_anchor t_id="99"/>
</EVENT_MENTION>
<EVENT_MENTION m_id="107" factuality="" modality="" pred="" pos="" aspect="" certainty="" comment="" class="AUTHORITY-LAW" tense="" polarity=""  >
<token_anchor t_id="787"/>
</EVENT_MENTION>
<EVENT_MENTION m_id="43" factuality="" modality="" pred="" pos="" aspect="" certainty="" comment="" class="EMOTIONS-EVALUATIONS" tense="" polarity=""  >
<token_anchor t_id="282"/>
<token_anchor t_id="283"/>
<token_anchor t_id="284"/>
</EVENT_MENTION>
<EVENT_MENTION m_id="75" factuality="" modality="" pred="" pos="" aspect="" certainty="" comment="" class="MENTAL" tense="" polarity=""  >
<token_anchor t_id="586"/>
</EVENT_MENTION>
<EVENT_MENTION m_id="11" factuality="" modality="" pred="" pos="" aspect="" certainty="" comment="" class="EXISTENCE-CAUSATION" tense="" polarity=""  >
<token_anchor t_id="95"/>
</EVENT_MENTION>
<EVENT_MENTION m_id="108" factuality="" modality="" pred="" pos="" aspect="" certainty="" comment="" class="LIFE-HEALTH" tense="" polarity=""  >
<token_anchor t_id="790"/>
</EVENT_MENTION>
<EVENT_MENTION m_id="44" factuality="" modality="" pred="" pos="" aspect="" certainty="" comment="" class="EMOTIONS-EVALUATIONS" tense="" polarity=""  >
<token_anchor t_id="295"/>
<token_anchor t_id="296"/>
<token_anchor t_id="297"/>
</EVENT_MENTION>
<EVENT_MENTION m_id="76" factuality="" modality="" pred="" pos="" aspect="" certainty="" comment="" class="GENERAL" tense="" polarity=""  >
<token_anchor t_id="583"/>
</EVENT_MENTION>
<EVENT_MENTION m_id="12" factuality="" modality="" pred="" pos="" aspect="" certainty="" comment="" class="EMOTIONS-EVALUATIONS" tense="" polarity=""  >
<token_anchor t_id="107"/>
</EVENT_MENTION>
<EVENT_MENTION m_id="109" factuality="" modality="" pred="" pos="" aspect="" certainty="" comment="" class="EXISTENCE-CAUSATION" tense="" polarity=""  >
<token_anchor t_id="801"/>
</EVENT_MENTION>
<EVENT_MENTION m_id="45" factuality="" modality="" pred="" pos="" aspect="" certainty="" comment="" class="POSSESSION" tense="" polarity=""  >
<token_anchor t_id="306"/>
</EVENT_MENTION>
<EVENT_MENTION m_id="77" factuality="" modality="" pred="" pos="" aspect="" certainty="" comment="" class="MENTAL" tense="" polarity=""  >
<token_anchor t_id="595"/>
</EVENT_MENTION>
<EVENT_MENTION m_id="13" factuality="" modality="" pred="" pos="" aspect="" certainty="" comment="" class="SPACE-MOVEMENT" tense="" polarity=""  >
<token_anchor t_id="109"/>
<token_anchor t_id="110"/>
</EVENT_MENTION>
<EVENT_MENTION m_id="110" factuality="" modality="" pred="" pos="" aspect="" certainty="" comment="" class="LIFE-HEALTH" tense="" polarity=""  >
<token_anchor t_id="807"/>
</EVENT_MENTION>
<EVENT_MENTION m_id="46" factuality="" modality="" pred="" pos="" aspect="" certainty="" comment="" class="EXISTENCE-CAUSATION" tense="" polarity=""  >
<token_anchor t_id="315"/>
</EVENT_MENTION>
<EVENT_MENTION m_id="78" factuality="" modality="" pred="" pos="" aspect="" certainty="" comment="" class="ENVIRONMENT" tense="" polarity=""  >
<token_anchor t_id="599"/>
<token_anchor t_id="600"/>
<token_anchor t_id="601"/>
<token_anchor t_id="602"/>
<token_anchor t_id="603"/>
<token_anchor t_id="604"/>
</EVENT_MENTION>
<EVENT_MENTION m_id="14" factuality="" modality="" pred="" pos="" aspect="" certainty="" comment="" class="MENTAL" tense="" polarity=""  >
<token_anchor t_id="112"/>
</EVENT_MENTION>
<EVENT_MENTION m_id="111" factuality="" modality="" pred="" pos="" aspect="" certainty="" comment="" class="EMOTIONS-EVALUATIONS" tense="" polarity=""  >
<token_anchor t_id="810"/>
<token_anchor t_id="811"/>
</EVENT_MENTION>
<EVENT_MENTION m_id="47" factuality="" modality="" pred="" pos="" aspect="" certainty="" comment="" class="SPACE-MOVEMENT" tense="" polarity=""  >
<token_anchor t_id="318"/>
</EVENT_MENTION>
<EVENT_MENTION m_id="79" factuality="" modality="" pred="" pos="" aspect="" certainty="" comment="" class="GENERAL" tense="" polarity=""  >
<token_anchor t_id="611"/>
</EVENT_MENTION>
<EVENT_MENTION m_id="15" factuality="" modality="" pred="" pos="" aspect="" certainty="" comment="" class="EMOTIONS-EVALUATIONS" tense="" polarity=""  >
<token_anchor t_id="122"/>
</EVENT_MENTION>
<EVENT_MENTION m_id="112" factuality="" modality="" pred="" pos="" aspect="" certainty="" comment="" class="SOCIAL" tense="" polarity=""  >
<token_anchor t_id="823"/>
</EVENT_MENTION>
<EVENT_MENTION m_id="48" factuality="" modality="" pred="" pos="" aspect="" certainty="" comment="" class="ENVIRONMENT" tense="" polarity=""  >
<token_anchor t_id="320"/>
</EVENT_MENTION>
<EVENT_MENTION m_id="80" factuality="" modality="" pred="" pos="" aspect="" certainty="" comment="" class="EXISTENCE-CAUSATION" tense="" polarity=""  >
<token_anchor t_id="607"/>
</EVENT_MENTION>
<EVENT_MENTION m_id="16" factuality="" modality="" pred="" pos="" aspect="" certainty="" comment="" class="ENTERTAINMENT-ART" tense="" polarity=""  >
<token_anchor t_id="129"/>
</EVENT_MENTION>
<EVENT_MENTION m_id="113" factuality="" modality="" pred="" pos="" aspect="" certainty="" comment="" class="POSSESSION" tense="" polarity=""  >
<token_anchor t_id="832"/>
</EVENT_MENTION>
<EVENT_MENTION m_id="49" factuality="" modality="" pred="" pos="" aspect="" certainty="" comment="" class="PHYSICAL SENSATIONS" tense="" polarity=""  >
<token_anchor t_id="329"/>
</EVENT_MENTION>
<EVENT_MENTION m_id="81" factuality="" modality="" pred="" pos="" aspect="" certainty="" comment="" class="GENERAL" tense="" polarity=""  >
<token_anchor t_id="615"/>
<token_anchor t_id="616"/>
<token_anchor t_id="618"/>
</EVENT_MENTION>
<EVENT_MENTION m_id="17" factuality="" modality="" pred="" pos="" aspect="" certainty="" comment="" class="MENTAL" tense="" polarity=""  >
<token_anchor t_id="132"/>
</EVENT_MENTION>
<EVENT_MENTION m_id="114" factuality="" modality="" pred="" pos="" aspect="" certainty="" comment="" class="MATTER" tense="" polarity=""  >
<token_anchor t_id="834"/>
</EVENT_MENTION>
<EVENT_MENTION m_id="50" factuality="" modality="" pred="" pos="" aspect="" certainty="" comment="" class="PHYSICAL SENSATIONS" tense="" polarity=""  >
<token_anchor t_id="337"/>
</EVENT_MENTION>
<EVENT_MENTION m_id="82" factuality="" modality="" pred="" pos="" aspect="" certainty="" comment="" class="EXISTENCE-CAUSATION" tense="" polarity=""  >
<token_anchor t_id="619"/>
</EVENT_MENTION>
<EVENT_MENTION m_id="18" factuality="" modality="" pred="" pos="" aspect="" certainty="" comment="" class="EXISTENCE-CAUSATION" tense="" polarity=""  >
<token_anchor t_id="137"/>
</EVENT_MENTION>
<EVENT_MENTION m_id="115" factuality="" modality="" pred="" pos="" aspect="" certainty="" comment="" class="EMOTIONS-EVALUATIONS" tense="" polarity=""  >
<token_anchor t_id="847"/>
</EVENT_MENTION>
<EVENT_MENTION m_id="51" factuality="" modality="" pred="" pos="" aspect="" certainty="" comment="" class="SPACE-MOVEMENT" tense="" polarity=""  >
<token_anchor t_id="344"/>
</EVENT_MENTION>
<EVENT_MENTION m_id="83" factuality="" modality="" pred="" pos="" aspect="" certainty="" comment="" class="ENTERTAINMENT-ART" tense="" polarity=""  >
<token_anchor t_id="633"/>
<token_anchor t_id="634"/>
</EVENT_MENTION>
<EVENT_MENTION m_id="19" factuality="" modality="" pred="" pos="" aspect="" certainty="" comment="" class="EXISTENCE-CAUSATION" tense="" polarity=""  >
<token_anchor t_id="143"/>
</EVENT_MENTION>
<EVENT_MENTION m_id="20" factuality="" modality="" pred="" pos="" aspect="" certainty="" comment="" class="GENERAL" tense="" polarity=""  >
<token_anchor t_id="146"/>
</EVENT_MENTION>
<EVENT_MENTION m_id="116" factuality="" modality="" pred="" pos="" aspect="" certainty="" comment="" class="GENERAL" tense="" polarity=""  >
<token_anchor t_id="851"/>
</EVENT_MENTION>
<EVENT_MENTION m_id="52" factuality="" modality="" pred="" pos="" aspect="" certainty="" comment="" class="EXISTENCE-CAUSATION" tense="" polarity=""  >
<token_anchor t_id="347"/>
</EVENT_MENTION>
<EVENT_MENTION m_id="84" factuality="" modality="" pred="" pos="" aspect="" certainty="" comment="" class="COMMUNICATION" tense="" polarity=""  >
<token_anchor t_id="643"/>
</EVENT_MENTION>
<EVENT_MENTION m_id="21" factuality="" modality="" pred="" pos="" aspect="" certainty="" comment="" class="EXISTENCE-CAUSATION" tense="" polarity=""  >
<token_anchor t_id="152"/>
</EVENT_MENTION>
<EVENT_MENTION m_id="117" factuality="" modality="" pred="" pos="" aspect="" certainty="" comment="" class="EXISTENCE-CAUSATION" tense="" polarity=""  >
<token_anchor t_id="858"/>
</EVENT_MENTION>
<EVENT_MENTION m_id="53" factuality="" modality="" pred="" pos="" aspect="" certainty="" comment="" class="EMOTIONS-EVALUATIONS" tense="" polarity=""  >
<token_anchor t_id="360"/>
<token_anchor t_id="361"/>
</EVENT_MENTION>
<EVENT_MENTION m_id="85" factuality="" modality="" pred="" pos="" aspect="" certainty="" comment="" class="COMMUNICATION" tense="" polarity=""  >
<token_anchor t_id="660"/>
</EVENT_MENTION>
<EVENT_MENTION m_id="22" factuality="" modality="" pred="" pos="" aspect="" certainty="" comment="" class="SPACE-MOVEMENT" tense="" polarity=""  >
<token_anchor t_id="154"/>
<token_anchor t_id="155"/>
</EVENT_MENTION>
<EVENT_MENTION m_id="118" factuality="" modality="" pred="" pos="" aspect="" certainty="" comment="" class="ENTERTAINMENT-ART" tense="" polarity=""  >
<token_anchor t_id="827"/>
</EVENT_MENTION>
<EVENT_MENTION m_id="54" factuality="" modality="" pred="" pos="" aspect="" certainty="" comment="" class="GENERAL" tense="" polarity=""  >
<token_anchor t_id="363"/>
</EVENT_MENTION>
<EVENT_MENTION m_id="86" factuality="" modality="" pred="" pos="" aspect="" certainty="" comment="" class="EXISTENCE-CAUSATION" tense="" polarity=""  >
<token_anchor t_id="664"/>
</EVENT_MENTION>
<EVENT_MENTION m_id="23" factuality="" modality="" pred="" pos="" aspect="" certainty="" comment="" class="EMOTIONS-EVALUATIONS" tense="" polarity=""  >
<token_anchor t_id="158"/>
</EVENT_MENTION>
<EVENT_MENTION m_id="119" factuality="" modality="" pred="" pos="" aspect="" certainty="" comment="" class="GENERAL" tense="" polarity=""  >
<token_anchor t_id="866"/>
</EVENT_MENTION>
<EVENT_MENTION m_id="55" factuality="" modality="" pred="" pos="" aspect="" certainty="" comment="" class="LIFE-HEALTH" tense="" polarity=""  >
<token_anchor t_id="365"/>
</EVENT_MENTION>
<EVENT_MENTION m_id="87" factuality="" modality="" pred="" pos="" aspect="" certainty="" comment="" class="ENTERTAINMENT-ART" tense="" polarity=""  >
<token_anchor t_id="672"/>
<token_anchor t_id="673"/>
<token_anchor t_id="674"/>
</EVENT_MENTION>
<EVENT_MENTION m_id="24" factuality="" modality="" pred="" pos="" aspect="" certainty="" comment="" class="EMOTIONS-EVALUATIONS" tense="" polarity=""  >
<token_anchor t_id="160"/>
</EVENT_MENTION>
<EVENT_MENTION m_id="120" factuality="" modality="" pred="" pos="" aspect="" certainty="" comment="" class="ENTERTAINMENT-ART" tense="" polarity=""  >
<token_anchor t_id="872"/>
<token_anchor t_id="873"/>
<token_anchor t_id="874"/>
<token_anchor t_id="875"/>
</EVENT_MENTION>
<EVENT_MENTION m_id="56" factuality="" modality="" pred="" pos="" aspect="" certainty="" comment="" class="EXISTENCE-CAUSATION" tense="" polarity=""  >
<token_anchor t_id="388"/>
</EVENT_MENTION>
<EVENT_MENTION m_id="88" factuality="" modality="" pred="" pos="" aspect="" certainty="" comment="" class="ENTERTAINMENT-ART" tense="" polarity=""  >
<token_anchor t_id="678"/>
<token_anchor t_id="679"/>
<token_anchor t_id="680"/>
</EVENT_MENTION>
<EVENT_MENTION m_id="25" factuality="" modality="" pred="" pos="" aspect="" certainty="" comment="" class="EMOTIONS-EVALUATIONS" tense="" polarity=""  >
<token_anchor t_id="169"/>
<token_anchor t_id="170"/>
<token_anchor t_id="171"/>
</EVENT_MENTION>
<EVENT_MENTION m_id="121" factuality="" modality="" pred="" pos="" aspect="" certainty="" comment="" class="MENTAL" tense="" polarity=""  >
<token_anchor t_id="883"/>
</EVENT_MENTION>
<EVENT_MENTION m_id="57" factuality="" modality="" pred="" pos="" aspect="" certainty="" comment="" class="PHYSICAL SENSATIONS" tense="" polarity=""  >
<token_anchor t_id="411"/>
</EVENT_MENTION>
<EVENT_MENTION m_id="89" factuality="" modality="" pred="" pos="" aspect="" certainty="" comment="" class="GENERAL" tense="" polarity=""  >
<token_anchor t_id="683"/>
</EVENT_MENTION>
<EVENT_MENTION m_id="26" factuality="" modality="" pred="" pos="" aspect="" certainty="" comment="" class="MENTAL" tense="" polarity=""  >
<token_anchor t_id="177"/>
</EVENT_MENTION>
<EVENT_MENTION m_id="122" factuality="" modality="" pred="" pos="" aspect="" certainty="" comment="" class="POSSESSION" tense="" polarity=""  >
<token_anchor t_id="891"/>
</EVENT_MENTION>
<EVENT_MENTION m_id="58" factuality="" modality="" pred="" pos="" aspect="" certainty="" comment="" class="MENTAL" tense="" polarity=""  >
<token_anchor t_id="415"/>
</EVENT_MENTION>
<EVENT_MENTION m_id="90" factuality="" modality="" pred="" pos="" aspect="" certainty="" comment="" class="GENERAL" tense="" polarity=""  >
<token_anchor t_id="692"/>
</EVENT_MENTION>
<EVENT_MENTION m_id="27" factuality="" modality="" pred="" pos="" aspect="" certainty="" comment="" class="EMOTIONS-EVALUATIONS" tense="" polarity=""  >
<token_anchor t_id="185"/>
<token_anchor t_id="186"/>
<token_anchor t_id="187"/>
</EVENT_MENTION>
<EVENT_MENTION m_id="123" factuality="" modality="" pred="" pos="" aspect="" certainty="" comment="" class="LIFE-HEALTH" tense="" polarity=""  >
<token_anchor t_id="918"/>
<token_anchor t_id="919"/>
<token_anchor t_id="920"/>
<token_anchor t_id="921"/>
<token_anchor t_id="922"/>
</EVENT_MENTION>
<EVENT_MENTION m_id="59" factuality="" modality="" pred="" pos="" aspect="" certainty="" comment="" class="PHYSICAL SENSATIONS" tense="" polarity=""  >
<token_anchor t_id="421"/>
</EVENT_MENTION>
<EVENT_MENTION m_id="91" factuality="" modality="" pred="" pos="" aspect="" certainty="" comment="" class="AUTHORITY-LAW" tense="" polarity=""  >
<token_anchor t_id="704"/>
</EVENT_MENTION>
<EVENT_MENTION m_id="28" factuality="" modality="" pred="" pos="" aspect="" certainty="" comment="" class="MENTAL" tense="" polarity=""  >
<token_anchor t_id="197"/>
</EVENT_MENTION>
<EVENT_MENTION m_id="124" factuality="" modality="" pred="" pos="" aspect="" certainty="" comment="" class="POSSESSION" tense="" polarity=""  >
<token_anchor t_id="943"/>
</EVENT_MENTION>
<EVENT_MENTION m_id="60" factuality="" modality="" pred="" pos="" aspect="" certainty="" comment="" class="MENTAL" tense="" polarity=""  >
<token_anchor t_id="426"/>
</EVENT_MENTION>
<EVENT_MENTION m_id="92" factuality="" modality="" pred="" pos="" aspect="" certainty="" comment="" class="EXISTENCE-CAUSATION" tense="" polarity=""  >
<token_anchor t_id="701"/>
</EVENT_MENTION>
<EVENT_MENTION m_id="29" factuality="" modality="" pred="" pos="" aspect="" certainty="" comment="" class="EXISTENCE-CAUSATION" tense="" polarity=""  >
<token_anchor t_id="199"/>
</EVENT_MENTION>
<EVENT_MENTION m_id="125" factuality="" modality="" pred="" pos="" aspect="" certainty="" comment="" class="SPACE-MOVEMENT" tense="" polarity=""  >
<token_anchor t_id="955"/>
</EVENT_MENTION>
<EVENT_MENTION m_id="61" factuality="" modality="" pred="" pos="" aspect="" certainty="" comment="" class="EMOTIONS-EVALUATIONS" tense="" polarity=""  >
<token_anchor t_id="374"/>
<token_anchor t_id="377"/>
</EVENT_MENTION>
<EVENT_MENTION m_id="93" factuality="" modality="" pred="" pos="" aspect="" certainty="" comment="" class="POSSESSION" tense="" polarity=""  >
<token_anchor t_id="707"/>
</EVENT_MENTION>
<EVENT_MENTION m_id="30" factuality="" modality="" pred="" pos="" aspect="" certainty="" comment="" class="EXISTENCE-CAUSATION" tense="" polarity=""  >
<token_anchor t_id="203"/>
</EVENT_MENTION>
<EVENT_MENTION m_id="126" factuality="" modality="" pred="" pos="" aspect="" certainty="" comment="" class="ENTERTAINMENT-ART" tense="" polarity=""  >
<token_anchor t_id="962"/>
</EVENT_MENTION>
<EVENT_MENTION m_id="62" factuality="" modality="" pred="" pos="" aspect="" certainty="" comment="" class="EXISTENCE-CAUSATION" tense="" polarity=""  >
<token_anchor t_id="453"/>
</EVENT_MENTION>
<EVENT_MENTION m_id="94" factuality="" modality="" pred="" pos="" aspect="" certainty="" comment="" class="AUTHORITY-LAW" tense="" polarity=""  >
<token_anchor t_id="709"/>
</EVENT_MENTION>
<EVENT_MENTION m_id="31" factuality="" modality="" pred="" pos="" aspect="" certainty="" comment="" class="EMOTIONS-EVALUATIONS" tense="" polarity=""  >
<token_anchor t_id="211"/>
</EVENT_MENTION>
<EVENT_MENTION m_id="127" factuality="" modality="" pred="" pos="" aspect="" certainty="" comment="" class="MENTAL" tense="" polarity=""  >
<token_anchor t_id="963"/>
</EVENT_MENTION>
<EVENT_MENTION m_id="63" factuality="" modality="" pred="" pos="" aspect="" certainty="" comment="" class="GENERAL" tense="" polarity=""  >
<token_anchor t_id="457"/>
</EVENT_MENTION>
<EVENT_MENTION m_id="95" factuality="" modality="" pred="" pos="" aspect="" certainty="" comment="" class="GENERAL" tense="" polarity=""  >
<token_anchor t_id="713"/>
</EVENT_MENTION>
<EVENT_MENTION m_id="32" factuality="" modality="" pred="" pos="" aspect="" certainty="" comment="" class="MENTAL" tense="" polarity=""  >
<token_anchor t_id="217"/>
<token_anchor t_id="219"/>
</EVENT_MENTION>
<EVENT_MENTION m_id="128" factuality="" modality="" pred="" pos="" aspect="" certainty="" comment="" class="LIFE-HEALTH" tense="" polarity=""  >
<token_anchor t_id="982"/>
<token_anchor t_id="983"/>
<token_anchor t_id="984"/>
<token_anchor t_id="985"/>
<token_anchor t_id="986"/>
</EVENT_MENTION>
<EVENT_MENTION m_id="64" factuality="" modality="" pred="" pos="" aspect="" certainty="" comment="" class="EMOTIONS-EVALUATIONS" tense="" polarity=""  >
<token_anchor t_id="473"/>
</EVENT_MENTION>
<EVENT_MENTION m_id="96" factuality="" modality="" pred="" pos="" aspect="" certainty="" comment="" class="SOCIAL" tense="" polarity=""  >
<token_anchor t_id="726"/>
<token_anchor t_id="729"/>
</EVENT_MENTION>


</Markables>

<Relations>
</Relations>
</Document>
