<Document doc_name="THE_CHESS_MATCH.txt">
<token t_id="1" sentence="0" number="0">February</token>
<token t_id="2" sentence="0" number="1">3</token>
<token t_id="3" sentence="0" number="2">,</token>
<token t_id="4" sentence="0" number="3">1886</token>
<token t_id="5" sentence="1" number="4">THE</token>
<token t_id="6" sentence="1" number="5">CHESS</token>
<token t_id="7" sentence="1" number="6">MATCH</token>
<token t_id="8" sentence="2" number="7">Everything</token>
<token t_id="9" sentence="2" number="8">is</token>
<token t_id="10" sentence="2" number="9">now</token>
<token t_id="11" sentence="2" number="10">ready</token>
<token t_id="12" sentence="2" number="11">for</token>
<token t_id="13" sentence="2" number="12">the</token>
<token t_id="14" sentence="2" number="13">second</token>
<token t_id="15" sentence="2" number="14">section</token>
<token t_id="16" sentence="2" number="15">of</token>
<token t_id="17" sentence="2" number="16">the</token>
<token t_id="18" sentence="2" number="17">match</token>
<token t_id="19" sentence="2" number="18">between</token>
<token t_id="20" sentence="2" number="19">J.</token>
<token t_id="21" sentence="2" number="20">H.</token>
<token t_id="22" sentence="2" number="21">Zukertort</token>
<token t_id="23" sentence="2" number="22">and</token>
<token t_id="24" sentence="2" number="23">Wilhelm</token>
<token t_id="25" sentence="2" number="24">Steinitz</token>
<token t_id="26" sentence="2" number="25">,</token>
<token t_id="27" sentence="2" number="26">the</token>
<token t_id="28" sentence="2" number="27">greatest</token>
<token t_id="29" sentence="2" number="28">chess</token>
<token t_id="30" sentence="2" number="29">players</token>
<token t_id="31" sentence="2" number="30">of</token>
<token t_id="32" sentence="2" number="31">the</token>
<token t_id="33" sentence="2" number="32">day</token>
<token t_id="34" sentence="2" number="33">.</token>
<token t_id="35" sentence="3" number="34">The</token>
<token t_id="36" sentence="3" number="35">number</token>
<token t_id="37" sentence="3" number="36">of</token>
<token t_id="38" sentence="3" number="37">games</token>
<token t_id="39" sentence="3" number="38">to</token>
<token t_id="40" sentence="3" number="39">be</token>
<token t_id="41" sentence="3" number="40">played</token>
<token t_id="42" sentence="3" number="41">here</token>
<token t_id="43" sentence="3" number="42">will</token>
<token t_id="44" sentence="3" number="43">be</token>
<token t_id="45" sentence="3" number="44">at</token>
<token t_id="46" sentence="3" number="45">least</token>
<token t_id="47" sentence="3" number="46">three</token>
<token t_id="48" sentence="3" number="47">,</token>
<token t_id="49" sentence="3" number="48">and</token>
<token t_id="50" sentence="3" number="49">probably</token>
<token t_id="51" sentence="3" number="50">more</token>
<token t_id="52" sentence="3" number="51">.</token>
<token t_id="53" sentence="4" number="52">The</token>
<token t_id="54" sentence="4" number="53">stakes</token>
<token t_id="55" sentence="4" number="54">are</token>
<token t_id="56" sentence="4" number="55">$</token>
<token t_id="57" sentence="4" number="56">2,000</token>
<token t_id="58" sentence="4" number="57">a</token>
<token t_id="59" sentence="4" number="58">side</token>
<token t_id="60" sentence="4" number="59">,</token>
<token t_id="61" sentence="4" number="60">and</token>
<token t_id="62" sentence="4" number="61">the</token>
<token t_id="63" sentence="4" number="62">time</token>
<token t_id="64" sentence="4" number="63">limit</token>
<token t_id="65" sentence="4" number="64">is</token>
<token t_id="66" sentence="4" number="65">fifteen</token>
<token t_id="67" sentence="4" number="66">moves</token>
<token t_id="68" sentence="4" number="67">per</token>
<token t_id="69" sentence="4" number="68">hour</token>
<token t_id="70" sentence="4" number="69">.</token>
<token t_id="71" sentence="5" number="70">The</token>
<token t_id="72" sentence="5" number="71">umpires</token>
<token t_id="73" sentence="5" number="72">will</token>
<token t_id="74" sentence="5" number="73">be</token>
<token t_id="75" sentence="5" number="74">Ben</token>
<token t_id="76" sentence="5" number="75">R.</token>
<token t_id="77" sentence="5" number="76">Foster</token>
<token t_id="78" sentence="5" number="77">for</token>
<token t_id="79" sentence="5" number="78">Steinitz</token>
<token t_id="80" sentence="5" number="79">and</token>
<token t_id="81" sentence="5" number="80">William</token>
<token t_id="82" sentence="5" number="81">Duncan</token>
<token t_id="83" sentence="5" number="82">for</token>
<token t_id="84" sentence="5" number="83">Zukertort</token>
<token t_id="85" sentence="5" number="84">.</token>
<token t_id="86" sentence="6" number="85">The</token>
<token t_id="87" sentence="6" number="86">contest</token>
<token t_id="88" sentence="6" number="87">will</token>
<token t_id="89" sentence="6" number="88">open</token>
<token t_id="90" sentence="6" number="89">at</token>
<token t_id="91" sentence="6" number="90">Harmonie</token>
<token t_id="92" sentence="6" number="91">Club</token>
<token t_id="93" sentence="6" number="92">,</token>
<token t_id="94" sentence="6" number="93">Olive</token>
<token t_id="95" sentence="6" number="94">and</token>
<token t_id="96" sentence="6" number="95">Eighteenth</token>
<token t_id="97" sentence="6" number="96">Streets</token>
<token t_id="98" sentence="6" number="97">,</token>
<token t_id="99" sentence="6" number="98">at</token>
<token t_id="100" sentence="6" number="99">2</token>
<token t_id="101" sentence="6" number="100">'</token>
<token t_id="102" sentence="6" number="101">oclock</token>
<token t_id="103" sentence="6" number="102">this</token>
<token t_id="104" sentence="6" number="103">afternoon</token>
<token t_id="105" sentence="6" number="104">.</token>
<token t_id="106" sentence="7" number="105">No</token>
<token t_id="107" sentence="7" number="106">tickets</token>
<token t_id="108" sentence="7" number="107">will</token>
<token t_id="109" sentence="7" number="108">be</token>
<token t_id="110" sentence="7" number="109">disposed</token>
<token t_id="111" sentence="7" number="110">of</token>
<token t_id="112" sentence="7" number="111">at</token>
<token t_id="113" sentence="7" number="112">the</token>
<token t_id="114" sentence="7" number="113">door</token>
<token t_id="115" sentence="7" number="114">,</token>
<token t_id="116" sentence="7" number="115">and</token>
<token t_id="117" sentence="7" number="116">they</token>
<token t_id="118" sentence="7" number="117">can</token>
<token t_id="119" sentence="7" number="118">be</token>
<token t_id="120" sentence="7" number="119">secured</token>
<token t_id="121" sentence="7" number="120">only</token>
<token t_id="122" sentence="7" number="121">from</token>
<token t_id="123" sentence="7" number="122">the</token>
<token t_id="124" sentence="7" number="123">members</token>
<token t_id="125" sentence="7" number="124">of</token>
<token t_id="126" sentence="7" number="125">the</token>
<token t_id="127" sentence="7" number="126">Committee</token>
<token t_id="128" sentence="7" number="127">on</token>
<token t_id="129" sentence="7" number="128">Arrangements</token>
<token t_id="130" sentence="7" number="129">.</token>
<token t_id="131" sentence="8" number="130">The</token>
<token t_id="132" sentence="8" number="131">New</token>
<token t_id="133" sentence="8" number="132">York</token>
<token t_id="134" sentence="8" number="133">Chess</token>
<token t_id="135" sentence="8" number="134">Club</token>
<token t_id="136" sentence="8" number="135">has</token>
<token t_id="137" sentence="8" number="136">made</token>
<token t_id="138" sentence="8" number="137">preparations</token>
<token t_id="139" sentence="8" number="138">for</token>
<token t_id="140" sentence="8" number="139">exhibiting</token>
<token t_id="141" sentence="8" number="140">each</token>
<token t_id="142" sentence="8" number="141">move</token>
<token t_id="143" sentence="8" number="142">as</token>
<token t_id="144" sentence="8" number="143">it</token>
<token t_id="145" sentence="8" number="144">is</token>
<token t_id="146" sentence="8" number="145">telegraphed</token>
<token t_id="147" sentence="8" number="146">on</token>
<token t_id="148" sentence="8" number="147">,</token>
<token t_id="149" sentence="8" number="148">as</token>
<token t_id="150" sentence="8" number="149">well</token>
<token t_id="151" sentence="8" number="150">as</token>
<token t_id="152" sentence="8" number="151">any</token>
<token t_id="153" sentence="8" number="152">interesting</token>
<token t_id="154" sentence="8" number="153">events</token>
<token t_id="155" sentence="8" number="154">of</token>
<token t_id="156" sentence="8" number="155">the</token>
<token t_id="157" sentence="8" number="156">match</token>
<token t_id="158" sentence="8" number="157">.</token>
<token t_id="159" sentence="9" number="158">The</token>
<token t_id="160" sentence="9" number="159">New</token>
<token t_id="161" sentence="9" number="160">York</token>
<token t_id="162" sentence="9" number="161">Evening</token>
<token t_id="163" sentence="9" number="162">Telegram</token>
<token t_id="164" sentence="9" number="163">will</token>
<token t_id="165" sentence="9" number="164">have</token>
<token t_id="166" sentence="9" number="165">a</token>
<token t_id="167" sentence="9" number="166">reporter</token>
<token t_id="168" sentence="9" number="167">for</token>
<token t_id="169" sentence="9" number="168">its</token>
<token t_id="170" sentence="9" number="169">paper</token>
<token t_id="171" sentence="9" number="170">.</token>
<token t_id="172" sentence="10" number="171">Henry</token>
<token t_id="173" sentence="10" number="172">Turner</token>
<token t_id="174" sentence="10" number="173">,</token>
<token t_id="175" sentence="10" number="174">President</token>
<token t_id="176" sentence="10" number="175">of</token>
<token t_id="177" sentence="10" number="176">the</token>
<token t_id="178" sentence="10" number="177">Brooklyn</token>
<token t_id="179" sentence="10" number="178">chess</token>
<token t_id="180" sentence="10" number="179">club</token>
<token t_id="181" sentence="10" number="180">,</token>
<token t_id="182" sentence="10" number="181">is</token>
<token t_id="183" sentence="10" number="182">in</token>
<token t_id="184" sentence="10" number="183">the</token>
<token t_id="185" sentence="10" number="184">city</token>
<token t_id="186" sentence="10" number="185">,</token>
<token t_id="187" sentence="10" number="186">and</token>
<token t_id="188" sentence="10" number="187">will</token>
<token t_id="189" sentence="10" number="188">witness</token>
<token t_id="190" sentence="10" number="189">the</token>
<token t_id="191" sentence="10" number="190">contest</token>
<token t_id="192" sentence="10" number="191">.</token>
<token t_id="193" sentence="11" number="192">"</token>
<token t_id="194" sentence="11" number="193">The</token>
<token t_id="195" sentence="11" number="194">first</token>
<token t_id="196" sentence="11" number="195">five</token>
<token t_id="197" sentence="11" number="196">games</token>
<token t_id="198" sentence="11" number="197">"</token>
<token t_id="199" sentence="11" number="198">,</token>
<token t_id="200" sentence="11" number="199">says</token>
<token t_id="201" sentence="11" number="200">a</token>
<token t_id="202" sentence="11" number="201">gentleman</token>
<token t_id="203" sentence="11" number="202">writing</token>
<token t_id="204" sentence="11" number="203">from</token>
<token t_id="205" sentence="11" number="204">the</token>
<token t_id="206" sentence="11" number="205">East</token>
<token t_id="207" sentence="11" number="206">,</token>
<token t_id="208" sentence="11" number="207">"</token>
<token t_id="209" sentence="11" number="208">were</token>
<token t_id="210" sentence="11" number="209">very</token>
<token t_id="211" sentence="11" number="210">unsatisfactory</token>
<token t_id="212" sentence="11" number="211">.</token>
<token t_id="213" sentence="12" number="212">Both</token>
<token t_id="214" sentence="12" number="213">players</token>
<token t_id="215" sentence="12" number="214">played</token>
<token t_id="216" sentence="12" number="215">badly</token>
<token t_id="217" sentence="12" number="216">and</token>
<token t_id="218" sentence="12" number="217">did</token>
<token t_id="219" sentence="12" number="218">themselves</token>
<token t_id="220" sentence="12" number="219">no</token>
<token t_id="221" sentence="12" number="220">credit</token>
<token t_id="222" sentence="12" number="221">.</token>
<token t_id="223" sentence="13" number="222">The</token>
<token t_id="224" sentence="13" number="223">games</token>
<token t_id="225" sentence="13" number="224">will</token>
<token t_id="226" sentence="13" number="225">not</token>
<token t_id="227" sentence="13" number="226">bear</token>
<token t_id="228" sentence="13" number="227">analysis</token>
<token t_id="229" sentence="13" number="228">,</token>
<token t_id="230" sentence="13" number="229">and</token>
<token t_id="231" sentence="13" number="230">only</token>
<token t_id="232" sentence="13" number="231">prove</token>
<token t_id="233" sentence="13" number="232">that</token>
<token t_id="234" sentence="13" number="233">earlier</token>
<token t_id="235" sentence="13" number="234">the</token>
<token t_id="236" sentence="13" number="235">players</token>
<token t_id="237" sentence="13" number="236">are</token>
<token t_id="238" sentence="13" number="237">entirely</token>
<token t_id="239" sentence="13" number="238">out</token>
<token t_id="240" sentence="13" number="239">of</token>
<token t_id="241" sentence="13" number="240">practice</token>
<token t_id="242" sentence="13" number="241">or</token>
<token t_id="243" sentence="13" number="242">are</token>
<token t_id="244" sentence="13" number="243">not</token>
<token t_id="245" sentence="13" number="244">possessed</token>
<token t_id="246" sentence="13" number="245">of</token>
<token t_id="247" sentence="13" number="246">sufficient</token>
<token t_id="248" sentence="13" number="247">nerve</token>
<token t_id="249" sentence="13" number="248">to</token>
<token t_id="250" sentence="13" number="249">play</token>
<token t_id="251" sentence="13" number="250">for</token>
<token t_id="252" sentence="13" number="251">such</token>
<token t_id="253" sentence="13" number="252">high</token>
<token t_id="254" sentence="13" number="253">stakes</token>
<token t_id="255" sentence="13" number="254">,</token>
<token t_id="256" sentence="13" number="255">or</token>
<token t_id="257" sentence="13" number="256">that</token>
<token t_id="258" sentence="13" number="257">they</token>
<token t_id="259" sentence="13" number="258">have</token>
<token t_id="260" sentence="13" number="259">deteriorated</token>
<token t_id="261" sentence="13" number="260">in</token>
<token t_id="262" sentence="13" number="261">their</token>
<token t_id="263" sentence="13" number="262">play</token>
<token t_id="264" sentence="13" number="263">.</token>
<token t_id="265" sentence="13" number="264">"</token>
<token t_id="266" sentence="14" number="265">Spectators</token>
<token t_id="267" sentence="14" number="266">will</token>
<token t_id="268" sentence="14" number="267">be</token>
<token t_id="269" sentence="14" number="268">permitted</token>
<token t_id="270" sentence="14" number="269">to</token>
<token t_id="271" sentence="14" number="270">use</token>
<token t_id="272" sentence="14" number="271">pocket</token>
<token t_id="273" sentence="14" number="272">chess</token>
<token t_id="274" sentence="14" number="273">boards</token>
<token t_id="275" sentence="14" number="274">only</token>
<token t_id="276" sentence="14" number="275">for</token>
<token t_id="277" sentence="14" number="276">following</token>
<token t_id="278" sentence="14" number="277">the</token>
<token t_id="279" sentence="14" number="278">games</token>
<token t_id="280" sentence="14" number="279">,</token>
<token t_id="281" sentence="14" number="280">but</token>
<token t_id="282" sentence="14" number="281">no</token>
<token t_id="283" sentence="14" number="282">analysis</token>
<token t_id="284" sentence="14" number="283">of</token>
<token t_id="285" sentence="14" number="284">them</token>
<token t_id="286" sentence="14" number="285">is</token>
<token t_id="287" sentence="14" number="286">allowed</token>
<token t_id="288" sentence="14" number="287">and</token>
<token t_id="289" sentence="14" number="288">loud</token>
<token t_id="290" sentence="14" number="289">conversation</token>
<token t_id="291" sentence="14" number="290">can</token>
<token t_id="292" sentence="14" number="291">not</token>
<token t_id="293" sentence="14" number="292">be</token>
<token t_id="294" sentence="14" number="293">indulged</token>
<token t_id="295" sentence="14" number="294">in</token>
<token t_id="296" sentence="14" number="295">.</token>
<token t_id="297" sentence="15" number="296">The</token>
<token t_id="298" sentence="15" number="297">Secretary</token>
<token t_id="299" sentence="15" number="298">of</token>
<token t_id="300" sentence="15" number="299">the</token>
<token t_id="301" sentence="15" number="300">Chess</token>
<token t_id="302" sentence="15" number="301">,</token>
<token t_id="303" sentence="15" number="302">Checker</token>
<token t_id="304" sentence="15" number="303">,</token>
<token t_id="305" sentence="15" number="304">and</token>
<token t_id="306" sentence="15" number="305">Whist</token>
<token t_id="307" sentence="15" number="306">Club</token>
<token t_id="308" sentence="15" number="307">,</token>
<token t_id="309" sentence="15" number="308">S.</token>
<token t_id="310" sentence="15" number="309">M.</token>
<token t_id="311" sentence="15" number="310">Joseph</token>
<token t_id="312" sentence="15" number="311">,</token>
<token t_id="313" sentence="15" number="312">103</token>
<token t_id="314" sentence="15" number="313">North</token>
<token t_id="315" sentence="15" number="314">Broadway</token>
<token t_id="316" sentence="15" number="315">,</token>
<token t_id="317" sentence="15" number="316">will</token>
<token t_id="318" sentence="15" number="317">furnish</token>
<token t_id="319" sentence="15" number="318">tickets</token>
<token t_id="320" sentence="15" number="319">on</token>
<token t_id="321" sentence="15" number="320">application</token>
<token t_id="322" sentence="15" number="321">to</token>
<token t_id="323" sentence="15" number="322">him</token>
<token t_id="324" sentence="15" number="323">.</token>
<token t_id="325" sentence="16" number="324">A</token>
<token t_id="326" sentence="16" number="325">large</token>
<token t_id="327" sentence="16" number="326">attendance</token>
<token t_id="328" sentence="16" number="327">at</token>
<token t_id="329" sentence="16" number="328">the</token>
<token t_id="330" sentence="16" number="329">match</token>
<token t_id="331" sentence="16" number="330">is</token>
<token t_id="332" sentence="16" number="331">expected</token>
<token t_id="333" sentence="16" number="332">.</token>


<Markables>
<EVENT_MENTION m_id="33" factuality="" modality="" pred="" pos="" aspect="" certainty="" comment="" class="POSSESSION" tense="" polarity=""  >
<token_anchor t_id="243"/>
<token_anchor t_id="245"/>
</EVENT_MENTION>
<EVENT_MENTION m_id="1" factuality="" modality="" pred="" pos="" aspect="" certainty="" comment="" class="ENTERTAINMENT-ART" tense="" polarity=""  >
<token_anchor t_id="7"/>
</EVENT_MENTION>
<EVENT_MENTION m_id="34" factuality="" modality="" pred="" pos="" aspect="" certainty="" comment="" class="ENTERTAINMENT-ART" tense="" polarity=""  >
<token_anchor t_id="250"/>
</EVENT_MENTION>
<EVENT_MENTION m_id="2" factuality="" modality="" pred="" pos="" aspect="" certainty="" comment="" class="MENTAL" tense="" polarity=""  >
<token_anchor t_id="9"/>
<token_anchor t_id="11"/>
</EVENT_MENTION>
<EVENT_MENTION m_id="35" factuality="" modality="" pred="" pos="" aspect="" certainty="" comment="" class="EXISTENCE-CAUSATION" tense="" polarity=""  >
<token_anchor t_id="260"/>
</EVENT_MENTION>
<EVENT_MENTION m_id="3" factuality="" modality="" pred="" pos="" aspect="" certainty="" comment="" class="ENTERTAINMENT-ART" tense="" polarity=""  >
<token_anchor t_id="18"/>
</EVENT_MENTION>
<EVENT_MENTION m_id="36" factuality="" modality="" pred="" pos="" aspect="" certainty="" comment="" class="ENTERTAINMENT-ART" tense="" polarity=""  >
<token_anchor t_id="263"/>
</EVENT_MENTION>
<EVENT_MENTION m_id="4" factuality="" modality="" pred="" pos="" aspect="" certainty="" comment="" class="ENTERTAINMENT-ART" tense="" polarity=""  >
<token_anchor t_id="38"/>
</EVENT_MENTION>
<EVENT_MENTION m_id="37" factuality="" modality="" pred="" pos="" aspect="" certainty="" comment="" class="MENTAL" tense="" polarity=""  >
<token_anchor t_id="269"/>
</EVENT_MENTION>
<EVENT_MENTION m_id="5" factuality="" modality="" pred="" pos="" aspect="" certainty="" comment="" class="ENTERTAINMENT-ART" tense="" polarity=""  >
<token_anchor t_id="41"/>
</EVENT_MENTION>
<EVENT_MENTION m_id="38" factuality="" modality="" pred="" pos="" aspect="" certainty="" comment="" class="GENERAL" tense="" polarity=""  >
<token_anchor t_id="271"/>
</EVENT_MENTION>
<EVENT_MENTION m_id="6" factuality="" modality="" pred="" pos="" aspect="" certainty="" comment="" class="MEASURE" tense="" polarity=""  >
<token_anchor t_id="44"/>
<token_anchor t_id="45"/>
<token_anchor t_id="46"/>
<token_anchor t_id="47"/>
</EVENT_MENTION>
<EVENT_MENTION m_id="39" factuality="" modality="" pred="" pos="" aspect="" certainty="" comment="" class="SPACE-MOVEMENT" tense="" polarity=""  >
<token_anchor t_id="277"/>
</EVENT_MENTION>
<EVENT_MENTION m_id="7" factuality="" modality="" pred="" pos="" aspect="" certainty="" comment="" class="TRADE-WORK" tense="" polarity=""  >
<token_anchor t_id="55"/>
<token_anchor t_id="56"/>
<token_anchor t_id="57"/>
</EVENT_MENTION>
<EVENT_MENTION m_id="40" factuality="" modality="" pred="" pos="" aspect="" certainty="" comment="" class="ENTERTAINMENT-ART" tense="" polarity=""  >
<token_anchor t_id="279"/>
</EVENT_MENTION>
<EVENT_MENTION m_id="8" factuality="" modality="" pred="" pos="" aspect="" certainty="" comment="" class="MEASURE" tense="" polarity=""  >
<token_anchor t_id="65"/>
<token_anchor t_id="66"/>
<token_anchor t_id="67"/>
<token_anchor t_id="68"/>
<token_anchor t_id="69"/>
</EVENT_MENTION>
<EVENT_MENTION m_id="41" factuality="" modality="" pred="" pos="" aspect="" certainty="" comment="" class="MENTAL" tense="" polarity=""  >
<token_anchor t_id="287"/>
</EVENT_MENTION>
<EVENT_MENTION m_id="9" factuality="" modality="" pred="" pos="" aspect="" certainty="" comment="" class="AUTHORITY-LAW" tense="" polarity=""  >
<token_anchor t_id="71"/>
<token_anchor t_id="72"/>
<token_anchor t_id="74"/>
</EVENT_MENTION>
<EVENT_MENTION m_id="42" factuality="" modality="" pred="" pos="" aspect="" certainty="" comment="" class="COMMUNICATION" tense="" polarity=""  >
<token_anchor t_id="290"/>
</EVENT_MENTION>
<EVENT_MENTION m_id="10" factuality="" modality="" pred="" pos="" aspect="" certainty="" comment="" class="ENTERTAINMENT-ART" tense="" polarity=""  >
<token_anchor t_id="87"/>
</EVENT_MENTION>
<EVENT_MENTION m_id="43" factuality="" modality="" pred="" pos="" aspect="" certainty="" comment="" class="MENTAL" tense="" polarity=""  >
<token_anchor t_id="294"/>
</EVENT_MENTION>
<EVENT_MENTION m_id="11" factuality="" modality="" pred="" pos="" aspect="" certainty="" comment="" class="GENERAL" tense="" polarity=""  >
<token_anchor t_id="89"/>
</EVENT_MENTION>
<EVENT_MENTION m_id="44" factuality="" modality="" pred="" pos="" aspect="" certainty="" comment="" class="MENTAL" tense="" polarity=""  >
<token_anchor t_id="283"/>
</EVENT_MENTION>
<EVENT_MENTION m_id="12" factuality="" modality="" pred="" pos="" aspect="" certainty="" comment="" class="SPACE-MOVEMENT" tense="" polarity=""  >
<token_anchor t_id="110"/>
<token_anchor t_id="111"/>
</EVENT_MENTION>
<EVENT_MENTION m_id="45" factuality="" modality="" pred="" pos="" aspect="" certainty="" comment="" class="MENTAL" tense="" polarity=""  >
<token_anchor t_id="228"/>
</EVENT_MENTION>
<EVENT_MENTION m_id="13" factuality="" modality="" pred="" pos="" aspect="" certainty="" comment="" class="GENERAL" tense="" polarity=""  >
<token_anchor t_id="120"/>
</EVENT_MENTION>
<EVENT_MENTION m_id="46" factuality="" modality="" pred="" pos="" aspect="" certainty="" comment="" class="POSSESSION" tense="" polarity=""  >
<token_anchor t_id="318"/>
</EVENT_MENTION>
<EVENT_MENTION m_id="14" factuality="" modality="" pred="" pos="" aspect="" certainty="" comment="" class="GENERAL" tense="" polarity=""  >
<token_anchor t_id="137"/>
<token_anchor t_id="138"/>
</EVENT_MENTION>
<EVENT_MENTION m_id="47" factuality="" modality="" pred="" pos="" aspect="" certainty="" comment="" class="COMMUNICATION" tense="" polarity=""  >
<token_anchor t_id="321"/>
</EVENT_MENTION>
<EVENT_MENTION m_id="15" factuality="" modality="" pred="" pos="" aspect="" certainty="" comment="" class="PHYSICAL SENSATIONS" tense="" polarity=""  >
<token_anchor t_id="140"/>
</EVENT_MENTION>
<EVENT_MENTION m_id="48" factuality="" modality="" pred="" pos="" aspect="" certainty="" comment="" class="SPACE-MOVEMENT" tense="" polarity=""  >
<token_anchor t_id="327"/>
</EVENT_MENTION>
<EVENT_MENTION m_id="16" factuality="" modality="" pred="" pos="" aspect="" certainty="" comment="" class="SPACE-MOVEMENT" tense="" polarity=""  >
<token_anchor t_id="142"/>
</EVENT_MENTION>
<EVENT_MENTION m_id="49" factuality="" modality="" pred="" pos="" aspect="" certainty="" comment="" class="MENTAL" tense="" polarity=""  >
<token_anchor t_id="332"/>
</EVENT_MENTION>
<EVENT_MENTION m_id="17" factuality="" modality="" pred="" pos="" aspect="" certainty="" comment="" class="COMMUNICATION" tense="" polarity=""  >
<token_anchor t_id="146"/>
</EVENT_MENTION>
<EVENT_MENTION m_id="50" factuality="" modality="" pred="" pos="" aspect="" certainty="" comment="" class="ENTERTAINMENT-ART" tense="" polarity=""  >
<token_anchor t_id="330"/>
</EVENT_MENTION>
<EVENT_MENTION m_id="18" factuality="" modality="" pred="" pos="" aspect="" certainty="" comment="" class="GENERAL" tense="" polarity=""  >
<token_anchor t_id="154"/>
</EVENT_MENTION>
<EVENT_MENTION m_id="19" factuality="" modality="" pred="" pos="" aspect="" certainty="" comment="" class="ENTERTAINMENT-ART" tense="" polarity=""  >
<token_anchor t_id="157"/>
</EVENT_MENTION>
<EVENT_MENTION m_id="20" factuality="" modality="" pred="" pos="" aspect="" certainty="" comment="" class="POSSESSION" tense="" polarity=""  >
<token_anchor t_id="165"/>
</EVENT_MENTION>
<EVENT_MENTION m_id="21" factuality="" modality="" pred="" pos="" aspect="" certainty="" comment="" class="PHYSICAL SENSATIONS" tense="" polarity=""  >
<token_anchor t_id="189"/>
</EVENT_MENTION>
<EVENT_MENTION m_id="22" factuality="" modality="" pred="" pos="" aspect="" certainty="" comment="" class="ENTERTAINMENT-ART" tense="" polarity=""  >
<token_anchor t_id="191"/>
</EVENT_MENTION>
<EVENT_MENTION m_id="23" factuality="" modality="" pred="" pos="" aspect="" certainty="" comment="" class="ENTERTAINMENT-ART" tense="" polarity=""  >
<token_anchor t_id="197"/>
</EVENT_MENTION>
<EVENT_MENTION m_id="24" factuality="" modality="" pred="" pos="" aspect="" certainty="" comment="" class="COMMUNICATION" tense="" polarity=""  >
<token_anchor t_id="200"/>
</EVENT_MENTION>
<EVENT_MENTION m_id="25" factuality="" modality="" pred="" pos="" aspect="" certainty="" comment="" class="COMMUNICATION" tense="" polarity=""  >
<token_anchor t_id="203"/>
</EVENT_MENTION>
<EVENT_MENTION m_id="26" factuality="" modality="" pred="" pos="" aspect="" certainty="" comment="" class="EMOTIONS-EVALUATIONS" tense="" polarity=""  >
<token_anchor t_id="209"/>
<token_anchor t_id="210"/>
<token_anchor t_id="211"/>
</EVENT_MENTION>
<EVENT_MENTION m_id="27" factuality="" modality="" pred="" pos="" aspect="" certainty="" comment="" class="ENTERTAINMENT-ART" tense="" polarity=""  >
<token_anchor t_id="215"/>
</EVENT_MENTION>
<EVENT_MENTION m_id="28" factuality="" modality="" pred="" pos="" aspect="" certainty="" comment="" class="EMOTIONS-EVALUATIONS" tense="" polarity=""  >
<token_anchor t_id="218"/>
<token_anchor t_id="220"/>
<token_anchor t_id="221"/>
</EVENT_MENTION>
<EVENT_MENTION m_id="29" factuality="" modality="" pred="" pos="" aspect="" certainty="" comment="" class="SPACE-MOVEMENT" tense="" polarity=""  >
<token_anchor t_id="227"/>
</EVENT_MENTION>
<EVENT_MENTION m_id="30" factuality="" modality="" pred="" pos="" aspect="" certainty="" comment="" class="ENTERTAINMENT-ART" tense="" polarity=""  >
<token_anchor t_id="224"/>
</EVENT_MENTION>
<EVENT_MENTION m_id="31" factuality="" modality="" pred="" pos="" aspect="" certainty="" comment="" class="GENERAL" tense="" polarity=""  >
<token_anchor t_id="232"/>
</EVENT_MENTION>
<EVENT_MENTION m_id="32" factuality="" modality="" pred="" pos="" aspect="" certainty="" comment="" class="EMOTIONS-EVALUATIONS" tense="" polarity=""  >
<token_anchor t_id="237"/>
<token_anchor t_id="239"/>
<token_anchor t_id="240"/>
<token_anchor t_id="241"/>
</EVENT_MENTION>


</Markables>

<Relations>
</Relations>
</Document>
