<Document doc_name="The_Whitehall_Discovery_Inquest_Today.txt">
<token t_id="1" sentence="0" number="0">October</token>
<token t_id="2" sentence="0" number="1">08</token>
<token t_id="3" sentence="0" number="2">,</token>
<token t_id="4" sentence="0" number="3">1888</token>
<token t_id="5" sentence="1" number="4">The</token>
<token t_id="6" sentence="1" number="5">Whitehall</token>
<token t_id="7" sentence="1" number="6">Discovery</token>
<token t_id="8" sentence="1" number="7">Inquest</token>
<token t_id="9" sentence="1" number="8">Today</token>
<token t_id="10" sentence="2" number="9">The</token>
<token t_id="11" sentence="2" number="10">inquest</token>
<token t_id="12" sentence="2" number="11">on</token>
<token t_id="13" sentence="2" number="12">the</token>
<token t_id="14" sentence="2" number="13">body</token>
<token t_id="15" sentence="2" number="14">found</token>
<token t_id="16" sentence="2" number="15">on</token>
<token t_id="17" sentence="2" number="16">the</token>
<token t_id="18" sentence="2" number="17">site</token>
<token t_id="19" sentence="2" number="18">of</token>
<token t_id="20" sentence="2" number="19">the</token>
<token t_id="21" sentence="2" number="20">new</token>
<token t_id="22" sentence="2" number="21">police</token>
<token t_id="23" sentence="2" number="22">buildings</token>
<token t_id="24" sentence="2" number="23">on</token>
<token t_id="25" sentence="2" number="24">the</token>
<token t_id="26" sentence="2" number="25">Thames</token>
<token t_id="27" sentence="2" number="26">Embankment</token>
<token t_id="28" sentence="2" number="27">was</token>
<token t_id="29" sentence="2" number="28">open</token>
<token t_id="30" sentence="2" number="29">at</token>
<token t_id="31" sentence="2" number="30">half</token>
<token t_id="32" sentence="2" number="31">past</token>
<token t_id="33" sentence="2" number="32">three</token>
<token t_id="34" sentence="2" number="33">this</token>
<token t_id="35" sentence="2" number="34">afternoon</token>
<token t_id="36" sentence="2" number="35">,</token>
<token t_id="37" sentence="2" number="36">at</token>
<token t_id="38" sentence="2" number="37">the</token>
<token t_id="39" sentence="2" number="38">Westminster</token>
<token t_id="40" sentence="2" number="39">Sessions</token>
<token t_id="41" sentence="2" number="40">Court</token>
<token t_id="42" sentence="2" number="41">,</token>
<token t_id="43" sentence="2" number="42">before</token>
<token t_id="44" sentence="2" number="43">Mr.</token>
<token t_id="45" sentence="2" number="44">Troutbeck</token>
<token t_id="46" sentence="2" number="45">,</token>
<token t_id="47" sentence="2" number="46">coroner</token>
<token t_id="48" sentence="2" number="47">for</token>
<token t_id="49" sentence="2" number="48">Westminster</token>
<token t_id="50" sentence="2" number="49">.</token>
<token t_id="51" sentence="3" number="50">Inspector</token>
<token t_id="52" sentence="3" number="51">Marshall</token>
<token t_id="53" sentence="3" number="52">,</token>
<token t_id="54" sentence="3" number="53">of</token>
<token t_id="55" sentence="3" number="54">the</token>
<token t_id="56" sentence="3" number="55">Criminal</token>
<token t_id="57" sentence="3" number="56">Investigation</token>
<token t_id="58" sentence="3" number="57">Department</token>
<token t_id="59" sentence="3" number="58">,</token>
<token t_id="60" sentence="3" number="59">Scotland</token>
<token t_id="61" sentence="3" number="60">Yard</token>
<token t_id="62" sentence="3" number="61">,</token>
<token t_id="63" sentence="3" number="62">represented</token>
<token t_id="64" sentence="3" number="63">the</token>
<token t_id="65" sentence="3" number="64">police</token>
<token t_id="66" sentence="3" number="65">authorities</token>
<token t_id="67" sentence="3" number="66">.</token>
<token t_id="68" sentence="4" number="67">Frederick</token>
<token t_id="69" sentence="4" number="68">Weldbore</token>
<token t_id="70" sentence="4" number="69">,</token>
<token t_id="71" sentence="4" number="70">a</token>
<token t_id="72" sentence="4" number="71">carpenter</token>
<token t_id="73" sentence="4" number="72">,</token>
<token t_id="74" sentence="4" number="73">employed</token>
<token t_id="75" sentence="4" number="74">by</token>
<token t_id="76" sentence="4" number="75">Messrs.</token>
<token t_id="77" sentence="4" number="76">Gurner</token>
<token t_id="78" sentence="4" number="77">and</token>
<token t_id="79" sentence="4" number="78">Son</token>
<token t_id="80" sentence="4" number="79">at</token>
<token t_id="81" sentence="4" number="80">Westminster</token>
<token t_id="82" sentence="4" number="81">,</token>
<token t_id="83" sentence="4" number="82">said</token>
<token t_id="84" sentence="4" number="83">he</token>
<token t_id="85" sentence="4" number="84">was</token>
<token t_id="86" sentence="4" number="85">working</token>
<token t_id="87" sentence="4" number="86">at</token>
<token t_id="88" sentence="4" number="87">the</token>
<token t_id="89" sentence="4" number="88">building</token>
<token t_id="90" sentence="4" number="89">in</token>
<token t_id="91" sentence="4" number="90">Cannon</token>
<token t_id="92" sentence="4" number="91">row</token>
<token t_id="93" sentence="4" number="92">last</token>
<token t_id="94" sentence="4" number="93">Monday</token>
<token t_id="95" sentence="4" number="94">.</token>
<token t_id="96" sentence="5" number="95">He</token>
<token t_id="97" sentence="5" number="96">went</token>
<token t_id="98" sentence="5" number="97">to</token>
<token t_id="99" sentence="5" number="98">a</token>
<token t_id="100" sentence="5" number="99">vault</token>
<token t_id="101" sentence="5" number="100">in</token>
<token t_id="102" sentence="5" number="101">search</token>
<token t_id="103" sentence="5" number="102">of</token>
<token t_id="104" sentence="5" number="103">his</token>
<token t_id="105" sentence="5" number="104">tools</token>
<token t_id="106" sentence="5" number="105">,</token>
<token t_id="107" sentence="5" number="106">which</token>
<token t_id="108" sentence="5" number="107">his</token>
<token t_id="109" sentence="5" number="108">labourer</token>
<token t_id="110" sentence="5" number="109">had</token>
<token t_id="111" sentence="5" number="110">left</token>
<token t_id="112" sentence="5" number="111">on</token>
<token t_id="113" sentence="5" number="112">the</token>
<token t_id="114" sentence="5" number="113">Saturday</token>
<token t_id="115" sentence="5" number="114">previous</token>
<token t_id="116" sentence="5" number="115">at</token>
<token t_id="117" sentence="5" number="116">two</token>
<token t_id="118" sentence="5" number="117">o'clock</token>
<token t_id="119" sentence="5" number="118">.</token>
<token t_id="120" sentence="6" number="119">He</token>
<token t_id="121" sentence="6" number="120">was</token>
<token t_id="122" sentence="6" number="121">not</token>
<token t_id="123" sentence="6" number="122">at</token>
<token t_id="124" sentence="6" number="123">the</token>
<token t_id="125" sentence="6" number="124">place</token>
<token t_id="126" sentence="6" number="125">himself</token>
<token t_id="127" sentence="6" number="126">on</token>
<token t_id="128" sentence="6" number="127">Saturday</token>
<token t_id="129" sentence="6" number="128">.</token>
<token t_id="130" sentence="7" number="129">When</token>
<token t_id="131" sentence="7" number="130">he</token>
<token t_id="132" sentence="7" number="131">went</token>
<token t_id="133" sentence="7" number="132">to</token>
<token t_id="134" sentence="7" number="133">the</token>
<token t_id="135" sentence="7" number="134">vault</token>
<token t_id="136" sentence="7" number="135">at</token>
<token t_id="137" sentence="7" number="136">six</token>
<token t_id="138" sentence="7" number="137">o'clock</token>
<token t_id="139" sentence="7" number="138">on</token>
<token t_id="140" sentence="7" number="139">Monday</token>
<token t_id="141" sentence="7" number="140">morning</token>
<token t_id="142" sentence="7" number="141">he</token>
<token t_id="143" sentence="7" number="142">noticed</token>
<token t_id="144" sentence="7" number="143">what</token>
<token t_id="145" sentence="7" number="144">he</token>
<token t_id="146" sentence="7" number="145">thought</token>
<token t_id="147" sentence="7" number="146">was</token>
<token t_id="148" sentence="7" number="147">an</token>
<token t_id="149" sentence="7" number="148">old</token>
<token t_id="150" sentence="7" number="149">coat</token>
<token t_id="151" sentence="7" number="150">lying</token>
<token t_id="152" sentence="7" number="151">in</token>
<token t_id="153" sentence="7" number="152">a</token>
<token t_id="154" sentence="7" number="153">recess</token>
<token t_id="155" sentence="7" number="154">.</token>
<token t_id="156" sentence="8" number="155">It</token>
<token t_id="157" sentence="8" number="156">was</token>
<token t_id="158" sentence="8" number="157">very</token>
<token t_id="159" sentence="8" number="158">dark</token>
<token t_id="160" sentence="8" number="159">in</token>
<token t_id="161" sentence="8" number="160">the</token>
<token t_id="162" sentence="8" number="161">vault</token>
<token t_id="163" sentence="8" number="162">,</token>
<token t_id="164" sentence="8" number="163">even</token>
<token t_id="165" sentence="8" number="164">in</token>
<token t_id="166" sentence="8" number="165">daylight</token>
<token t_id="167" sentence="8" number="166">.</token>
<token t_id="168" sentence="9" number="167">He</token>
<token t_id="169" sentence="9" number="168">did</token>
<token t_id="170" sentence="9" number="169">not</token>
<token t_id="171" sentence="9" number="170">find</token>
<token t_id="172" sentence="9" number="171">his</token>
<token t_id="173" sentence="9" number="172">tools</token>
<token t_id="174" sentence="9" number="173">there</token>
<token t_id="175" sentence="9" number="174">,</token>
<token t_id="176" sentence="9" number="175">as</token>
<token t_id="177" sentence="9" number="176">his</token>
<token t_id="178" sentence="9" number="177">labourer</token>
<token t_id="179" sentence="9" number="178">,</token>
<token t_id="180" sentence="9" number="179">named</token>
<token t_id="181" sentence="9" number="180">Richard</token>
<token t_id="182" sentence="9" number="181">,</token>
<token t_id="183" sentence="9" number="182">had</token>
<token t_id="184" sentence="9" number="183">shifted</token>
<token t_id="185" sentence="9" number="184">them</token>
<token t_id="186" sentence="9" number="185">previously</token>
<token t_id="187" sentence="9" number="186">.</token>
<token t_id="188" sentence="10" number="187">He</token>
<token t_id="189" sentence="10" number="188">went</token>
<token t_id="190" sentence="10" number="189">to</token>
<token t_id="191" sentence="10" number="190">the</token>
<token t_id="192" sentence="10" number="191">vaults</token>
<token t_id="193" sentence="10" number="192">again</token>
<token t_id="194" sentence="10" number="193">in</token>
<token t_id="195" sentence="10" number="194">the</token>
<token t_id="196" sentence="10" number="195">evening</token>
<token t_id="197" sentence="10" number="196">about</token>
<token t_id="198" sentence="10" number="197">half</token>
<token t_id="199" sentence="10" number="198">past</token>
<token t_id="200" sentence="10" number="199">five</token>
<token t_id="201" sentence="10" number="200">o'clock</token>
<token t_id="202" sentence="10" number="201">and</token>
<token t_id="203" sentence="10" number="202">noticed</token>
<token t_id="204" sentence="10" number="203">the</token>
<token t_id="205" sentence="10" number="204">same</token>
<token t_id="206" sentence="10" number="205">parcel</token>
<token t_id="207" sentence="10" number="206">,</token>
<token t_id="208" sentence="10" number="207">and</token>
<token t_id="209" sentence="10" number="208">he</token>
<token t_id="210" sentence="10" number="209">drew</token>
<token t_id="211" sentence="10" number="210">the</token>
<token t_id="212" sentence="10" number="211">attention</token>
<token t_id="213" sentence="10" number="212">of</token>
<token t_id="214" sentence="10" number="213">his</token>
<token t_id="215" sentence="10" number="214">mate</token>
<token t_id="216" sentence="10" number="215">who</token>
<token t_id="217" sentence="10" number="216">was</token>
<token t_id="218" sentence="10" number="217">with</token>
<token t_id="219" sentence="10" number="218">him</token>
<token t_id="220" sentence="10" number="219">to</token>
<token t_id="221" sentence="10" number="220">it</token>
<token t_id="222" sentence="10" number="221">.</token>
<token t_id="223" sentence="11" number="222">He</token>
<token t_id="224" sentence="11" number="223">struck</token>
<token t_id="225" sentence="11" number="224">a</token>
<token t_id="226" sentence="11" number="225">light</token>
<token t_id="227" sentence="11" number="226">and</token>
<token t_id="228" sentence="11" number="227">looked</token>
<token t_id="229" sentence="11" number="228">at</token>
<token t_id="230" sentence="11" number="229">it</token>
<token t_id="231" sentence="11" number="230">.</token>
<token t_id="232" sentence="12" number="231">He</token>
<token t_id="233" sentence="12" number="232">did</token>
<token t_id="234" sentence="12" number="233">not</token>
<token t_id="235" sentence="12" number="234">form</token>
<token t_id="236" sentence="12" number="235">any</token>
<token t_id="237" sentence="12" number="236">idea</token>
<token t_id="238" sentence="12" number="237">at</token>
<token t_id="239" sentence="12" number="238">the</token>
<token t_id="240" sentence="12" number="239">time</token>
<token t_id="241" sentence="12" number="240">what</token>
<token t_id="242" sentence="12" number="241">the</token>
<token t_id="243" sentence="12" number="242">parcel</token>
<token t_id="244" sentence="12" number="243">was</token>
<token t_id="245" sentence="12" number="244">.</token>
<token t_id="246" sentence="13" number="245">He</token>
<token t_id="247" sentence="13" number="246">saw</token>
<token t_id="248" sentence="13" number="247">it</token>
<token t_id="249" sentence="13" number="248">again</token>
<token t_id="250" sentence="13" number="249">the</token>
<token t_id="251" sentence="13" number="250">next</token>
<token t_id="252" sentence="13" number="251">morning</token>
<token t_id="253" sentence="13" number="252">,</token>
<token t_id="254" sentence="13" number="253">and</token>
<token t_id="255" sentence="13" number="254">at</token>
<token t_id="256" sentence="13" number="255">one</token>
<token t_id="257" sentence="13" number="256">o'clock</token>
<token t_id="258" sentence="13" number="257">he</token>
<token t_id="259" sentence="13" number="258">told</token>
<token t_id="260" sentence="13" number="259">Mr.</token>
<token t_id="261" sentence="13" number="260">Brown</token>
<token t_id="262" sentence="13" number="261">,</token>
<token t_id="263" sentence="13" number="262">an</token>
<token t_id="264" sentence="13" number="263">assistant</token>
<token t_id="265" sentence="13" number="264">foreman</token>
<token t_id="266" sentence="13" number="265">,</token>
<token t_id="267" sentence="13" number="266">about</token>
<token t_id="268" sentence="13" number="267">it</token>
<token t_id="269" sentence="13" number="268">.</token>
<token t_id="270" sentence="14" number="269">They</token>
<token t_id="271" sentence="14" number="270">went</token>
<token t_id="272" sentence="14" number="271">and</token>
<token t_id="273" sentence="14" number="272">looked</token>
<token t_id="274" sentence="14" number="273">at</token>
<token t_id="275" sentence="14" number="274">the</token>
<token t_id="276" sentence="14" number="275">parcel</token>
<token t_id="277" sentence="14" number="276">,</token>
<token t_id="278" sentence="14" number="277">but</token>
<token t_id="279" sentence="14" number="278">it</token>
<token t_id="280" sentence="14" number="279">was</token>
<token t_id="281" sentence="14" number="280">not</token>
<token t_id="282" sentence="14" number="281">opened</token>
<token t_id="283" sentence="14" number="282">in</token>
<token t_id="284" sentence="14" number="283">his</token>
<token t_id="285" sentence="14" number="284">presence</token>
<token t_id="286" sentence="14" number="285">.</token>
<token t_id="287" sentence="15" number="286">He</token>
<token t_id="288" sentence="15" number="287">had</token>
<token t_id="289" sentence="15" number="288">not</token>
<token t_id="290" sentence="15" number="289">been</token>
<token t_id="291" sentence="15" number="290">at</token>
<token t_id="292" sentence="15" number="291">the</token>
<token t_id="293" sentence="15" number="292">works</token>
<token t_id="294" sentence="15" number="293">for</token>
<token t_id="295" sentence="15" number="294">eight</token>
<token t_id="296" sentence="15" number="295">days</token>
<token t_id="297" sentence="15" number="296">before</token>
<token t_id="298" sentence="15" number="297">,</token>
<token t_id="299" sentence="15" number="298">and</token>
<token t_id="300" sentence="15" number="299">when</token>
<token t_id="301" sentence="15" number="300">he</token>
<token t_id="302" sentence="15" number="301">was</token>
<token t_id="303" sentence="15" number="302">last</token>
<token t_id="304" sentence="15" number="303">in</token>
<token t_id="305" sentence="15" number="304">the</token>
<token t_id="306" sentence="15" number="305">vaults</token>
<token t_id="307" sentence="15" number="306">,</token>
<token t_id="308" sentence="15" number="307">he</token>
<token t_id="309" sentence="15" number="308">did</token>
<token t_id="310" sentence="15" number="309">not</token>
<token t_id="311" sentence="15" number="310">notice</token>
<token t_id="312" sentence="15" number="311">anything</token>
<token t_id="313" sentence="15" number="312">.</token>
<token t_id="314" sentence="16" number="313">He</token>
<token t_id="315" sentence="16" number="314">was</token>
<token t_id="316" sentence="16" number="315">told</token>
<token t_id="317" sentence="16" number="316">three</token>
<token t_id="318" sentence="16" number="317">quarters</token>
<token t_id="319" sentence="16" number="318">of</token>
<token t_id="320" sentence="16" number="319">an</token>
<token t_id="321" sentence="16" number="320">hour</token>
<token t_id="322" sentence="16" number="321">after</token>
<token t_id="323" sentence="16" number="322">he</token>
<token t_id="324" sentence="16" number="323">had</token>
<token t_id="325" sentence="16" number="324">left</token>
<token t_id="326" sentence="16" number="325">the</token>
<token t_id="327" sentence="16" number="326">parcel</token>
<token t_id="328" sentence="16" number="327">with</token>
<token t_id="329" sentence="16" number="328">Mr.</token>
<token t_id="330" sentence="16" number="329">Brown</token>
<token t_id="331" sentence="16" number="330">that</token>
<token t_id="332" sentence="16" number="331">it</token>
<token t_id="333" sentence="16" number="332">contained</token>
<token t_id="334" sentence="16" number="333">a</token>
<token t_id="335" sentence="16" number="334">portion</token>
<token t_id="336" sentence="16" number="335">of</token>
<token t_id="337" sentence="16" number="336">a</token>
<token t_id="338" sentence="16" number="337">body</token>
<token t_id="339" sentence="16" number="338">.</token>
<token t_id="340" sentence="17" number="339">The</token>
<token t_id="341" sentence="17" number="340">parcel</token>
<token t_id="342" sentence="17" number="341">was</token>
<token t_id="343" sentence="17" number="342">not</token>
<token t_id="344" sentence="17" number="343">changed</token>
<token t_id="345" sentence="17" number="344">in</token>
<token t_id="346" sentence="17" number="345">position</token>
<token t_id="347" sentence="17" number="346">from</token>
<token t_id="348" sentence="17" number="347">the</token>
<token t_id="349" sentence="17" number="348">first</token>
<token t_id="350" sentence="17" number="349">time</token>
<token t_id="351" sentence="17" number="350">he</token>
<token t_id="352" sentence="17" number="351">saw</token>
<token t_id="353" sentence="17" number="352">it</token>
<token t_id="354" sentence="17" number="353">until</token>
<token t_id="355" sentence="17" number="354">Mr.</token>
<token t_id="356" sentence="17" number="355">Brown</token>
<token t_id="357" sentence="17" number="356">'s</token>
<token t_id="358" sentence="17" number="357">attention</token>
<token t_id="359" sentence="17" number="358">was</token>
<token t_id="360" sentence="17" number="359">called</token>
<token t_id="361" sentence="17" number="360">to</token>
<token t_id="362" sentence="17" number="361">it</token>
<token t_id="363" sentence="17" number="362">.</token>
<token t_id="364" sentence="18" number="363">There</token>
<token t_id="365" sentence="18" number="364">was</token>
<token t_id="366" sentence="18" number="365">no</token>
<token t_id="367" sentence="18" number="366">smell</token>
<token t_id="368" sentence="18" number="367">about</token>
<token t_id="369" sentence="18" number="368">the</token>
<token t_id="370" sentence="18" number="369">parcel</token>
<token t_id="371" sentence="18" number="370">.</token>
<token t_id="372" sentence="19" number="371">There</token>
<token t_id="373" sentence="19" number="372">was</token>
<token t_id="374" sentence="19" number="373">nothing</token>
<token t_id="375" sentence="19" number="374">else</token>
<token t_id="376" sentence="19" number="375">in</token>
<token t_id="377" sentence="19" number="376">the</token>
<token t_id="378" sentence="19" number="377">vault</token>
<token t_id="379" sentence="19" number="378">but</token>
<token t_id="380" sentence="19" number="379">debris</token>
<token t_id="381" sentence="19" number="380">from</token>
<token t_id="382" sentence="19" number="381">the</token>
<token t_id="383" sentence="19" number="382">drain</token>
<token t_id="384" sentence="19" number="383">which</token>
<token t_id="385" sentence="19" number="384">they</token>
<token t_id="386" sentence="19" number="385">had</token>
<token t_id="387" sentence="19" number="386">been</token>
<token t_id="388" sentence="19" number="387">making</token>
<token t_id="389" sentence="19" number="388">.</token>
<token t_id="390" sentence="20" number="389">The</token>
<token t_id="391" sentence="20" number="390">vault</token>
<token t_id="392" sentence="20" number="391">had</token>
<token t_id="393" sentence="20" number="392">been</token>
<token t_id="394" sentence="20" number="393">used</token>
<token t_id="395" sentence="20" number="394">to</token>
<token t_id="396" sentence="20" number="395">put</token>
<token t_id="397" sentence="20" number="396">the</token>
<token t_id="398" sentence="20" number="397">men</token>
<token t_id="399" sentence="20" number="398">'s</token>
<token t_id="400" sentence="20" number="399">tools</token>
<token t_id="401" sentence="20" number="400">in</token>
<token t_id="402" sentence="20" number="401">until</token>
<token t_id="403" sentence="20" number="402">three</token>
<token t_id="404" sentence="20" number="403">weeks</token>
<token t_id="405" sentence="20" number="404">ago</token>
<token t_id="406" sentence="20" number="405">,</token>
<token t_id="407" sentence="20" number="406">when</token>
<token t_id="408" sentence="20" number="407">they</token>
<token t_id="409" sentence="20" number="408">got</token>
<token t_id="410" sentence="20" number="409">a</token>
<token t_id="411" sentence="20" number="410">lock</token>
<token t_id="412" sentence="20" number="411">up</token>
<token t_id="413" sentence="20" number="412">.</token>
<token t_id="414" sentence="21" number="413">He</token>
<token t_id="415" sentence="21" number="414">only</token>
<token t_id="416" sentence="21" number="415">put</token>
<token t_id="417" sentence="21" number="416">his</token>
<token t_id="418" sentence="21" number="417">tools</token>
<token t_id="419" sentence="21" number="418">there</token>
<token t_id="420" sentence="21" number="419">from</token>
<token t_id="421" sentence="21" number="420">Saturday</token>
<token t_id="422" sentence="21" number="421">to</token>
<token t_id="423" sentence="21" number="422">Monday</token>
<token t_id="424" sentence="21" number="423">.</token>
<token t_id="425" sentence="22" number="424">He</token>
<token t_id="426" sentence="22" number="425">had</token>
<token t_id="427" sentence="22" number="426">not</token>
<token t_id="428" sentence="22" number="427">seen</token>
<token t_id="429" sentence="22" number="428">any</token>
<token t_id="430" sentence="22" number="429">person</token>
<token t_id="431" sentence="22" number="430">carrying</token>
<token t_id="432" sentence="22" number="431">such</token>
<token t_id="433" sentence="22" number="432">a</token>
<token t_id="434" sentence="22" number="433">parcel</token>
<token t_id="435" sentence="22" number="434">.</token>
<token t_id="436" sentence="23" number="435">He</token>
<token t_id="437" sentence="23" number="436">pointed</token>
<token t_id="438" sentence="23" number="437">out</token>
<token t_id="439" sentence="23" number="438">the</token>
<token t_id="440" sentence="23" number="439">position</token>
<token t_id="441" sentence="23" number="440">of</token>
<token t_id="442" sentence="23" number="441">the</token>
<token t_id="443" sentence="23" number="442">vault</token>
<token t_id="444" sentence="23" number="443">on</token>
<token t_id="445" sentence="23" number="444">a</token>
<token t_id="446" sentence="23" number="445">plan</token>
<token t_id="447" sentence="23" number="446">produced</token>
<token t_id="448" sentence="23" number="447">.</token>
<token t_id="449" sentence="24" number="448">He</token>
<token t_id="450" sentence="24" number="449">said</token>
<token t_id="451" sentence="24" number="450">that</token>
<token t_id="452" sentence="24" number="451">there</token>
<token t_id="453" sentence="24" number="452">would</token>
<token t_id="454" sentence="24" number="453">be</token>
<token t_id="455" sentence="24" number="454">difficulty</token>
<token t_id="456" sentence="24" number="455">in</token>
<token t_id="457" sentence="24" number="456">finding</token>
<token t_id="458" sentence="24" number="457">the</token>
<token t_id="459" sentence="24" number="458">way</token>
<token t_id="460" sentence="24" number="459">to</token>
<token t_id="461" sentence="24" number="460">the</token>
<token t_id="462" sentence="24" number="461">vault</token>
<token t_id="463" sentence="24" number="462">by</token>
<token t_id="464" sentence="24" number="463">any</token>
<token t_id="465" sentence="24" number="464">one</token>
<token t_id="466" sentence="24" number="465">not</token>
<token t_id="467" sentence="24" number="466">acquainted</token>
<token t_id="468" sentence="24" number="467">with</token>
<token t_id="469" sentence="24" number="468">the</token>
<token t_id="470" sentence="24" number="469">way</token>
<token t_id="471" sentence="24" number="470">.</token>
<token t_id="472" sentence="25" number="471">By</token>
<token t_id="473" sentence="25" number="472">the</token>
<token t_id="474" sentence="25" number="473">jury</token>
<token t_id="475" sentence="25" number="474">:</token>
<token t_id="476" sentence="25" number="475">There</token>
<token t_id="477" sentence="25" number="476">was</token>
<token t_id="478" sentence="25" number="477">a</token>
<token t_id="479" sentence="25" number="478">hoarding</token>
<token t_id="480" sentence="25" number="479">all</token>
<token t_id="481" sentence="25" number="480">round</token>
<token t_id="482" sentence="25" number="481">the</token>
<token t_id="483" sentence="25" number="482">works</token>
<token t_id="484" sentence="25" number="483">.</token>
<token t_id="485" sentence="26" number="484">On</token>
<token t_id="486" sentence="26" number="485">each</token>
<token t_id="487" sentence="26" number="486">occasion</token>
<token t_id="488" sentence="26" number="487">when</token>
<token t_id="489" sentence="26" number="488">he</token>
<token t_id="490" sentence="26" number="489">saw</token>
<token t_id="491" sentence="26" number="490">the</token>
<token t_id="492" sentence="26" number="491">parcel</token>
<token t_id="493" sentence="26" number="492">he</token>
<token t_id="494" sentence="26" number="493">struck</token>
<token t_id="495" sentence="26" number="494">a</token>
<token t_id="496" sentence="26" number="495">light</token>
<token t_id="497" sentence="26" number="496">.</token>
<token t_id="498" sentence="27" number="497">He</token>
<token t_id="499" sentence="27" number="498">struck</token>
<token t_id="500" sentence="27" number="499">the</token>
<token t_id="501" sentence="27" number="500">light</token>
<token t_id="502" sentence="27" number="501">to</token>
<token t_id="503" sentence="27" number="502">assist</token>
<token t_id="504" sentence="27" number="503">him</token>
<token t_id="505" sentence="27" number="504">to</token>
<token t_id="506" sentence="27" number="505">find</token>
<token t_id="507" sentence="27" number="506">his</token>
<token t_id="508" sentence="27" number="507">tools</token>
<token t_id="509" sentence="27" number="508">.</token>
<token t_id="510" sentence="28" number="509">He</token>
<token t_id="511" sentence="28" number="510">at</token>
<token t_id="512" sentence="28" number="511">first</token>
<token t_id="513" sentence="28" number="512">thought</token>
<token t_id="514" sentence="28" number="513">that</token>
<token t_id="515" sentence="28" number="514">the</token>
<token t_id="516" sentence="28" number="515">parcel</token>
<token t_id="517" sentence="28" number="516">was</token>
<token t_id="518" sentence="28" number="517">one</token>
<token t_id="519" sentence="28" number="518">of</token>
<token t_id="520" sentence="28" number="519">the</token>
<token t_id="521" sentence="28" number="520">workmen</token>
<token t_id="522" sentence="28" number="521">'s</token>
<token t_id="523" sentence="28" number="522">old</token>
<token t_id="524" sentence="28" number="523">coats</token>
<token t_id="525" sentence="28" number="524">.</token>
<token t_id="526" sentence="29" number="525">George</token>
<token t_id="527" sentence="29" number="526">Brigden</token>
<token t_id="528" sentence="29" number="527">,</token>
<token t_id="529" sentence="29" number="528">labourer</token>
<token t_id="530" sentence="29" number="529">in</token>
<token t_id="531" sentence="29" number="530">the</token>
<token t_id="532" sentence="29" number="531">service</token>
<token t_id="533" sentence="29" number="532">of</token>
<token t_id="534" sentence="29" number="533">Messrs.</token>
<token t_id="535" sentence="29" number="534">Gurner</token>
<token t_id="536" sentence="29" number="535">and</token>
<token t_id="537" sentence="29" number="536">Son</token>
<token t_id="538" sentence="29" number="537">,</token>
<token t_id="539" sentence="29" number="538">said</token>
<token t_id="540" sentence="29" number="539">he</token>
<token t_id="541" sentence="29" number="540">was</token>
<token t_id="542" sentence="29" number="541">in</token>
<token t_id="543" sentence="29" number="542">the</token>
<token t_id="544" sentence="29" number="543">vault</token>
<token t_id="545" sentence="29" number="544">Tuesday</token>
<token t_id="546" sentence="29" number="545">afternoon</token>
<token t_id="547" sentence="29" number="546">last</token>
<token t_id="548" sentence="29" number="547">.</token>
<token t_id="549" sentence="30" number="548">Mr.</token>
<token t_id="550" sentence="30" number="549">Cheque</token>
<token t_id="551" sentence="30" number="550">,</token>
<token t_id="552" sentence="30" number="551">the</token>
<token t_id="553" sentence="30" number="552">foreman</token>
<token t_id="554" sentence="30" number="553">bricklayer</token>
<token t_id="555" sentence="30" number="554">,</token>
<token t_id="556" sentence="30" number="555">told</token>
<token t_id="557" sentence="30" number="556">him</token>
<token t_id="558" sentence="30" number="557">there</token>
<token t_id="559" sentence="30" number="558">was</token>
<token t_id="560" sentence="30" number="559">a</token>
<token t_id="561" sentence="30" number="560">parcel</token>
<token t_id="562" sentence="30" number="561">in</token>
<token t_id="563" sentence="30" number="562">the</token>
<token t_id="564" sentence="30" number="563">vault</token>
<token t_id="565" sentence="30" number="564">,</token>
<token t_id="566" sentence="30" number="565">and</token>
<token t_id="567" sentence="30" number="566">asked</token>
<token t_id="568" sentence="30" number="567">him</token>
<token t_id="569" sentence="30" number="568">to</token>
<token t_id="570" sentence="30" number="569">get</token>
<token t_id="571" sentence="30" number="570">a</token>
<token t_id="572" sentence="30" number="571">light</token>
<token t_id="573" sentence="30" number="572">and</token>
<token t_id="574" sentence="30" number="573">bring</token>
<token t_id="575" sentence="30" number="574">it</token>
<token t_id="576" sentence="30" number="575">out</token>
<token t_id="577" sentence="30" number="576">.</token>
<token t_id="578" sentence="31" number="577">He</token>
<token t_id="579" sentence="31" number="578">thought</token>
<token t_id="580" sentence="31" number="579">it</token>
<token t_id="581" sentence="31" number="580">was</token>
<token t_id="582" sentence="31" number="581">a</token>
<token t_id="583" sentence="31" number="582">parcel</token>
<token t_id="584" sentence="31" number="583">of</token>
<token t_id="585" sentence="31" number="584">bacon</token>
<token t_id="586" sentence="31" number="585">.</token>
<token t_id="587" sentence="32" number="586">He</token>
<token t_id="588" sentence="32" number="587">dragged</token>
<token t_id="589" sentence="32" number="588">it</token>
<token t_id="590" sentence="32" number="589">into</token>
<token t_id="591" sentence="32" number="590">the</token>
<token t_id="592" sentence="32" number="591">light</token>
<token t_id="593" sentence="32" number="592">and</token>
<token t_id="594" sentence="32" number="593">,</token>
<token t_id="595" sentence="32" number="594">with</token>
<token t_id="596" sentence="32" number="595">his</token>
<token t_id="597" sentence="32" number="596">pocket</token>
<token t_id="598" sentence="32" number="597">knife</token>
<token t_id="599" sentence="32" number="598">,</token>
<token t_id="600" sentence="32" number="599">cut</token>
<token t_id="601" sentence="32" number="600">the</token>
<token t_id="602" sentence="32" number="601">strings</token>
<token t_id="603" sentence="32" number="602">.</token>
<token t_id="604" sentence="33" number="603">(</token>
<token t_id="605" sentence="33" number="604">The</token>
<token t_id="606" sentence="33" number="605">strings</token>
<token t_id="607" sentence="33" number="606">were</token>
<token t_id="608" sentence="33" number="607">produced</token>
<token t_id="609" sentence="33" number="608">.</token>
<token t_id="610" sentence="33" number="609">)</token>
<token t_id="611" sentence="34" number="610">He</token>
<token t_id="612" sentence="34" number="611">found</token>
<token t_id="613" sentence="34" number="612">it</token>
<token t_id="614" sentence="34" number="613">was</token>
<token t_id="615" sentence="34" number="614">the</token>
<token t_id="616" sentence="34" number="615">body</token>
<token t_id="617" sentence="34" number="616">of</token>
<token t_id="618" sentence="34" number="617">a</token>
<token t_id="619" sentence="34" number="618">woman</token>
<token t_id="620" sentence="34" number="619">.</token>
<token t_id="621" sentence="35" number="620">There</token>
<token t_id="622" sentence="35" number="621">were</token>
<token t_id="623" sentence="35" number="622">a</token>
<token t_id="624" sentence="35" number="623">lot</token>
<token t_id="625" sentence="35" number="624">of</token>
<token t_id="626" sentence="35" number="625">old</token>
<token t_id="627" sentence="35" number="626">wrappings</token>
<token t_id="628" sentence="35" number="627">round</token>
<token t_id="629" sentence="35" number="628">it</token>
<token t_id="630" sentence="35" number="629">,</token>
<token t_id="631" sentence="35" number="630">but</token>
<token t_id="632" sentence="35" number="631">no</token>
<token t_id="633" sentence="35" number="632">paper</token>
<token t_id="634" sentence="35" number="633">.</token>
<token t_id="635" sentence="36" number="634">Mr.</token>
<token t_id="636" sentence="36" number="635">Cheque</token>
<token t_id="637" sentence="36" number="636">,</token>
<token t_id="638" sentence="36" number="637">Mr.</token>
<token t_id="639" sentence="36" number="638">Brown</token>
<token t_id="640" sentence="36" number="639">,</token>
<token t_id="641" sentence="36" number="640">and</token>
<token t_id="642" sentence="36" number="641">the</token>
<token t_id="643" sentence="36" number="642">last</token>
<token t_id="644" sentence="36" number="643">witness</token>
<token t_id="645" sentence="36" number="644">were</token>
<token t_id="646" sentence="36" number="645">present</token>
<token t_id="647" sentence="36" number="646">.</token>
<token t_id="648" sentence="37" number="647">The</token>
<token t_id="649" sentence="37" number="648">police</token>
<token t_id="650" sentence="37" number="649">took</token>
<token t_id="651" sentence="37" number="650">charge</token>
<token t_id="652" sentence="37" number="651">of</token>
<token t_id="653" sentence="37" number="652">the</token>
<token t_id="654" sentence="37" number="653">parcel</token>
<token t_id="655" sentence="37" number="654">.</token>
<token t_id="656" sentence="38" number="655">Detective</token>
<token t_id="657" sentence="38" number="656">Thomas</token>
<token t_id="658" sentence="38" number="657">Hawkins</token>
<token t_id="659" sentence="38" number="658">said</token>
<token t_id="660" sentence="38" number="659">that</token>
<token t_id="661" sentence="38" number="660">Mr.</token>
<token t_id="662" sentence="38" number="661">Brown</token>
<token t_id="663" sentence="38" number="662">went</token>
<token t_id="664" sentence="38" number="663">to</token>
<token t_id="665" sentence="38" number="664">the</token>
<token t_id="666" sentence="38" number="665">King</token>
<token t_id="667" sentence="38" number="666">street</token>
<token t_id="668" sentence="38" number="667">police</token>
<token t_id="669" sentence="38" number="668">station</token>
<token t_id="670" sentence="38" number="669">on</token>
<token t_id="671" sentence="38" number="670">Tuesday</token>
<token t_id="672" sentence="38" number="671">afternoon</token>
<token t_id="673" sentence="38" number="672">,</token>
<token t_id="674" sentence="38" number="673">and</token>
<token t_id="675" sentence="38" number="674">in</token>
<token t_id="676" sentence="38" number="675">consequence</token>
<token t_id="677" sentence="38" number="676">of</token>
<token t_id="678" sentence="38" number="677">what</token>
<token t_id="679" sentence="38" number="678">he</token>
<token t_id="680" sentence="38" number="679">said</token>
<token t_id="681" sentence="38" number="680">the</token>
<token t_id="682" sentence="38" number="681">witness</token>
<token t_id="683" sentence="38" number="682">was</token>
<token t_id="684" sentence="38" number="683">sent</token>
<token t_id="685" sentence="38" number="684">to</token>
<token t_id="686" sentence="38" number="685">the</token>
<token t_id="687" sentence="38" number="686">building</token>
<token t_id="688" sentence="38" number="687">in</token>
<token t_id="689" sentence="38" number="688">Cannon</token>
<token t_id="690" sentence="38" number="689">row</token>
<token t_id="691" sentence="38" number="690">.</token>
<token t_id="692" sentence="39" number="691">He</token>
<token t_id="693" sentence="39" number="692">saw</token>
<token t_id="694" sentence="39" number="693">a</token>
<token t_id="695" sentence="39" number="694">parcel</token>
<token t_id="696" sentence="39" number="695">containing</token>
<token t_id="697" sentence="39" number="696">some</token>
<token t_id="698" sentence="39" number="697">human</token>
<token t_id="699" sentence="39" number="698">remains</token>
<token t_id="700" sentence="39" number="699">wrapped</token>
<token t_id="701" sentence="39" number="700">in</token>
<token t_id="702" sentence="39" number="701">some</token>
<token t_id="703" sentence="39" number="702">dress</token>
<token t_id="704" sentence="39" number="703">material</token>
<token t_id="705" sentence="39" number="704">which</token>
<token t_id="706" sentence="39" number="705">had</token>
<token t_id="707" sentence="39" number="706">been</token>
<token t_id="708" sentence="39" number="707">tied</token>
<token t_id="709" sentence="39" number="708">with</token>
<token t_id="710" sentence="39" number="709">string</token>
<token t_id="711" sentence="39" number="710">.</token>
<token t_id="712" sentence="40" number="711">The</token>
<token t_id="713" sentence="40" number="712">material</token>
<token t_id="714" sentence="40" number="713">produced</token>
<token t_id="715" sentence="40" number="714">had</token>
<token t_id="716" sentence="40" number="715">since</token>
<token t_id="717" sentence="40" number="716">been</token>
<token t_id="718" sentence="40" number="717">washed</token>
<token t_id="719" sentence="40" number="718">.</token>
<token t_id="720" sentence="41" number="719">The</token>
<token t_id="721" sentence="41" number="720">body</token>
<token t_id="722" sentence="41" number="721">was</token>
<token t_id="723" sentence="41" number="722">black</token>
<token t_id="724" sentence="41" number="723">and</token>
<token t_id="725" sentence="41" number="724">much</token>
<token t_id="726" sentence="41" number="725">decomposed</token>
<token t_id="727" sentence="41" number="726">.</token>
<token t_id="728" sentence="42" number="727">The</token>
<token t_id="729" sentence="42" number="728">way</token>
<token t_id="730" sentence="42" number="729">into</token>
<token t_id="731" sentence="42" number="730">the</token>
<token t_id="732" sentence="42" number="731">vaults</token>
<token t_id="733" sentence="42" number="732">was</token>
<token t_id="734" sentence="42" number="733">very</token>
<token t_id="735" sentence="42" number="734">dark</token>
<token t_id="736" sentence="42" number="735">,</token>
<token t_id="737" sentence="42" number="736">and</token>
<token t_id="738" sentence="42" number="737">he</token>
<token t_id="739" sentence="42" number="738">should</token>
<token t_id="740" sentence="42" number="739">say</token>
<token t_id="741" sentence="42" number="740">that</token>
<token t_id="742" sentence="42" number="741">it</token>
<token t_id="743" sentence="42" number="742">would</token>
<token t_id="744" sentence="42" number="743">be</token>
<token t_id="745" sentence="42" number="744">impossible</token>
<token t_id="746" sentence="42" number="745">for</token>
<token t_id="747" sentence="42" number="746">a</token>
<token t_id="748" sentence="42" number="747">stranger</token>
<token t_id="749" sentence="42" number="748">to</token>
<token t_id="750" sentence="42" number="749">find</token>
<token t_id="751" sentence="42" number="750">his</token>
<token t_id="752" sentence="42" number="751">way</token>
<token t_id="753" sentence="42" number="752">there</token>
<token t_id="754" sentence="42" number="753">except</token>
<token t_id="755" sentence="42" number="754">with</token>
<token t_id="756" sentence="42" number="755">a</token>
<token t_id="757" sentence="42" number="756">light</token>
<token t_id="758" sentence="42" number="757">.</token>
<token t_id="759" sentence="43" number="758">Frederick</token>
<token t_id="760" sentence="43" number="759">M.</token>
<token t_id="761" sentence="43" number="760">Moore</token>
<token t_id="762" sentence="43" number="761">,</token>
<token t_id="763" sentence="43" number="762">of</token>
<token t_id="764" sentence="43" number="763">Great</token>
<token t_id="765" sentence="43" number="764">Peter</token>
<token t_id="766" sentence="43" number="765">street</token>
<token t_id="767" sentence="43" number="766">,</token>
<token t_id="768" sentence="43" number="767">said</token>
<token t_id="769" sentence="43" number="768">he</token>
<token t_id="770" sentence="43" number="769">found</token>
<token t_id="771" sentence="43" number="770">an</token>
<token t_id="772" sentence="43" number="771">arm</token>
<token t_id="773" sentence="43" number="772">at</token>
<token t_id="774" sentence="43" number="773">a</token>
<token t_id="775" sentence="43" number="774">quarter</token>
<token t_id="776" sentence="43" number="775">to</token>
<token t_id="777" sentence="43" number="776">one</token>
<token t_id="778" sentence="43" number="777">o'clock</token>
<token t_id="779" sentence="43" number="778">on</token>
<token t_id="780" sentence="43" number="779">the</token>
<token t_id="781" sentence="43" number="780">11th</token>
<token t_id="782" sentence="43" number="781">of</token>
<token t_id="783" sentence="43" number="782">September</token>
<token t_id="784" sentence="43" number="783">,</token>
<token t_id="785" sentence="43" number="784">near</token>
<token t_id="786" sentence="43" number="785">the</token>
<token t_id="787" sentence="43" number="786">place</token>
<token t_id="788" sentence="43" number="787">where</token>
<token t_id="789" sentence="43" number="788">he</token>
<token t_id="790" sentence="43" number="789">worked</token>
<token t_id="791" sentence="43" number="790">-</token>
<token t_id="792" sentence="43" number="791">a</token>
<token t_id="793" sentence="43" number="792">deal</token>
<token t_id="794" sentence="43" number="793">wharf</token>
<token t_id="795" sentence="43" number="794">in</token>
<token t_id="796" sentence="43" number="795">Grosvenor</token>
<token t_id="797" sentence="43" number="796">road</token>
<token t_id="798" sentence="43" number="797">.</token>
<token t_id="799" sentence="44" number="798">A</token>
<token t_id="800" sentence="44" number="799">number</token>
<token t_id="801" sentence="44" number="800">of</token>
<token t_id="802" sentence="44" number="801">workmen</token>
<token t_id="803" sentence="44" number="802">were</token>
<token t_id="804" sentence="44" number="803">looking</token>
<token t_id="805" sentence="44" number="804">over</token>
<token t_id="806" sentence="44" number="805">the</token>
<token t_id="807" sentence="44" number="806">Embankment</token>
<token t_id="808" sentence="44" number="807">and</token>
<token t_id="809" sentence="44" number="808">drew</token>
<token t_id="810" sentence="44" number="809">his</token>
<token t_id="811" sentence="44" number="810">attention</token>
<token t_id="812" sentence="44" number="811">to</token>
<token t_id="813" sentence="44" number="812">an</token>
<token t_id="814" sentence="44" number="813">arm</token>
<token t_id="815" sentence="44" number="814">lying</token>
<token t_id="816" sentence="44" number="815">on</token>
<token t_id="817" sentence="44" number="816">the</token>
<token t_id="818" sentence="44" number="817">mud</token>
<token t_id="819" sentence="44" number="818">.</token>
<token t_id="820" sentence="45" number="819">It</token>
<token t_id="821" sentence="45" number="820">was</token>
<token t_id="822" sentence="45" number="821">not</token>
<token t_id="823" sentence="45" number="822">wrapped</token>
<token t_id="824" sentence="45" number="823">in</token>
<token t_id="825" sentence="45" number="824">anything</token>
<token t_id="826" sentence="45" number="825">.</token>
<token t_id="827" sentence="46" number="826">There</token>
<token t_id="828" sentence="46" number="827">was</token>
<token t_id="829" sentence="46" number="828">a</token>
<token t_id="830" sentence="46" number="829">string</token>
<token t_id="831" sentence="46" number="830">tied</token>
<token t_id="832" sentence="46" number="831">tightly</token>
<token t_id="833" sentence="46" number="832">round</token>
<token t_id="834" sentence="46" number="833">the</token>
<token t_id="835" sentence="46" number="834">upper</token>
<token t_id="836" sentence="46" number="835">part</token>
<token t_id="837" sentence="46" number="836">of</token>
<token t_id="838" sentence="46" number="837">the</token>
<token t_id="839" sentence="46" number="838">arm</token>
<token t_id="840" sentence="46" number="839">.</token>
<token t_id="841" sentence="47" number="840">He</token>
<token t_id="842" sentence="47" number="841">gave</token>
<token t_id="843" sentence="47" number="842">the</token>
<token t_id="844" sentence="47" number="843">arm</token>
<token t_id="845" sentence="47" number="844">to</token>
<token t_id="846" sentence="47" number="845">the</token>
<token t_id="847" sentence="47" number="846">police</token>
<token t_id="848" sentence="47" number="847">.</token>
<token t_id="849" sentence="48" number="848">Police</token>
<token t_id="850" sentence="48" number="849">Constable</token>
<token t_id="851" sentence="48" number="850">William</token>
<token t_id="852" sentence="48" number="851">James</token>
<token t_id="853" sentence="48" number="852">said</token>
<token t_id="854" sentence="48" number="853">he</token>
<token t_id="855" sentence="48" number="854">received</token>
<token t_id="856" sentence="48" number="855">an</token>
<token t_id="857" sentence="48" number="856">arm</token>
<token t_id="858" sentence="48" number="857">from</token>
<token t_id="859" sentence="48" number="858">the</token>
<token t_id="860" sentence="48" number="859">last</token>
<token t_id="861" sentence="48" number="860">witness</token>
<token t_id="862" sentence="48" number="861">.</token>
<token t_id="863" sentence="49" number="862">He</token>
<token t_id="864" sentence="49" number="863">had</token>
<token t_id="865" sentence="49" number="864">searched</token>
<token t_id="866" sentence="49" number="865">up</token>
<token t_id="867" sentence="49" number="866">and</token>
<token t_id="868" sentence="49" number="867">down</token>
<token t_id="869" sentence="49" number="868">the</token>
<token t_id="870" sentence="49" number="869">Embankment</token>
<token t_id="871" sentence="49" number="870">since</token>
<token t_id="872" sentence="49" number="871">,</token>
<token t_id="873" sentence="49" number="872">but</token>
<token t_id="874" sentence="49" number="873">no</token>
<token t_id="875" sentence="49" number="874">more</token>
<token t_id="876" sentence="49" number="875">remains</token>
<token t_id="877" sentence="49" number="876">had</token>
<token t_id="878" sentence="49" number="877">been</token>
<token t_id="879" sentence="49" number="878">found</token>
<token t_id="880" sentence="49" number="879">.</token>
<token t_id="881" sentence="50" number="880">Charles</token>
<token t_id="882" sentence="50" number="881">William</token>
<token t_id="883" sentence="50" number="882">Brown</token>
<token t_id="884" sentence="50" number="883">,</token>
<token t_id="885" sentence="50" number="884">of</token>
<token t_id="886" sentence="50" number="885">5</token>
<token t_id="887" sentence="50" number="886">,</token>
<token t_id="888" sentence="50" number="887">Hampton</token>
<token t_id="889" sentence="50" number="888">terrace</token>
<token t_id="890" sentence="50" number="889">,</token>
<token t_id="891" sentence="50" number="890">Hornsey</token>
<token t_id="892" sentence="50" number="891">,</token>
<token t_id="893" sentence="50" number="892">assistant</token>
<token t_id="894" sentence="50" number="893">foreman</token>
<token t_id="895" sentence="50" number="894">to</token>
<token t_id="896" sentence="50" number="895">Messrs.</token>
<token t_id="897" sentence="50" number="896">Gurner</token>
<token t_id="898" sentence="50" number="897">and</token>
<token t_id="899" sentence="50" number="898">Son</token>
<token t_id="900" sentence="50" number="899">,</token>
<token t_id="901" sentence="50" number="900">said</token>
<token t_id="902" sentence="50" number="901">he</token>
<token t_id="903" sentence="50" number="902">was</token>
<token t_id="904" sentence="50" number="903">working</token>
<token t_id="905" sentence="50" number="904">at</token>
<token t_id="906" sentence="50" number="905">the</token>
<token t_id="907" sentence="50" number="906">new</token>
<token t_id="908" sentence="50" number="907">police</token>
<token t_id="909" sentence="50" number="908">offices</token>
<token t_id="910" sentence="50" number="909">.</token>
<token t_id="911" sentence="51" number="910">The</token>
<token t_id="912" sentence="51" number="911">buildings</token>
<token t_id="913" sentence="51" number="912">were</token>
<token t_id="914" sentence="51" number="913">shut</token>
<token t_id="915" sentence="51" number="914">off</token>
<token t_id="916" sentence="51" number="915">from</token>
<token t_id="917" sentence="51" number="916">the</token>
<token t_id="918" sentence="51" number="917">street</token>
<token t_id="919" sentence="51" number="918">by</token>
<token t_id="920" sentence="51" number="919">hoardings</token>
<token t_id="921" sentence="51" number="920">7ft</token>
<token t_id="922" sentence="51" number="921">.</token>
<token t_id="923" sentence="51" number="922">high</token>
<token t_id="924" sentence="51" number="923">.</token>
<token t_id="925" sentence="52" number="924">There</token>
<token t_id="926" sentence="52" number="925">were</token>
<token t_id="927" sentence="52" number="926">two</token>
<token t_id="928" sentence="52" number="927">entrances</token>
<token t_id="929" sentence="52" number="928">into</token>
<token t_id="930" sentence="52" number="929">Cannon</token>
<token t_id="931" sentence="52" number="930">row</token>
<token t_id="932" sentence="52" number="931">and</token>
<token t_id="933" sentence="52" number="932">one</token>
<token t_id="934" sentence="52" number="933">by</token>
<token t_id="935" sentence="52" number="934">the</token>
<token t_id="936" sentence="52" number="935">Embankment</token>
<token t_id="937" sentence="52" number="936">.</token>
<token t_id="938" sentence="53" number="937">The</token>
<token t_id="939" sentence="53" number="938">vaults</token>
<token t_id="940" sentence="53" number="939">had</token>
<token t_id="941" sentence="53" number="940">been</token>
<token t_id="942" sentence="53" number="941">completed</token>
<token t_id="943" sentence="53" number="942">about</token>
<token t_id="944" sentence="53" number="943">three</token>
<token t_id="945" sentence="53" number="944">months</token>
<token t_id="946" sentence="53" number="945">.</token>
<token t_id="947" sentence="54" number="946">Only</token>
<token t_id="948" sentence="54" number="947">the</token>
<token t_id="949" sentence="54" number="948">workmen</token>
<token t_id="950" sentence="54" number="949">and</token>
<token t_id="951" sentence="54" number="950">those</token>
<token t_id="952" sentence="54" number="951">who</token>
<token t_id="953" sentence="54" number="952">had</token>
<token t_id="954" sentence="54" number="953">business</token>
<token t_id="955" sentence="54" number="954">with</token>
<token t_id="956" sentence="54" number="955">the</token>
<token t_id="957" sentence="54" number="956">clerk</token>
<token t_id="958" sentence="54" number="957">of</token>
<token t_id="959" sentence="54" number="958">the</token>
<token t_id="960" sentence="54" number="959">works</token>
<token t_id="961" sentence="54" number="960">were</token>
<token t_id="962" sentence="54" number="961">admitted</token>
<token t_id="963" sentence="54" number="962">.</token>
<token t_id="964" sentence="55" number="963">All</token>
<token t_id="965" sentence="55" number="964">the</token>
<token t_id="966" sentence="55" number="965">gates</token>
<token t_id="967" sentence="55" number="966">were</token>
<token t_id="968" sentence="55" number="967">locked</token>
<token t_id="969" sentence="55" number="968">up</token>
<token t_id="970" sentence="55" number="969">on</token>
<token t_id="971" sentence="55" number="970">Saturday</token>
<token t_id="972" sentence="55" number="971">except</token>
<token t_id="973" sentence="55" number="972">one</token>
<token t_id="974" sentence="55" number="973">small</token>
<token t_id="975" sentence="55" number="974">gate</token>
<token t_id="976" sentence="55" number="975">in</token>
<token t_id="977" sentence="55" number="976">Cannon</token>
<token t_id="978" sentence="55" number="977">row</token>
<token t_id="979" sentence="55" number="978">.</token>
<token t_id="980" sentence="56" number="979">There</token>
<token t_id="981" sentence="56" number="980">was</token>
<token t_id="982" sentence="56" number="981">no</token>
<token t_id="983" sentence="56" number="982">watchman</token>
<token t_id="984" sentence="56" number="983">and</token>
<token t_id="985" sentence="56" number="984">no</token>
<token t_id="986" sentence="56" number="985">one</token>
<token t_id="987" sentence="56" number="986">was</token>
<token t_id="988" sentence="56" number="987">left</token>
<token t_id="989" sentence="56" number="988">on</token>
<token t_id="990" sentence="56" number="989">the</token>
<token t_id="991" sentence="56" number="990">premises</token>
<token t_id="992" sentence="56" number="991">when</token>
<token t_id="993" sentence="56" number="992">the</token>
<token t_id="994" sentence="56" number="993">workmen</token>
<token t_id="995" sentence="56" number="994">left</token>
<token t_id="996" sentence="56" number="995">.</token>
<token t_id="997" sentence="57" number="996">The</token>
<token t_id="998" sentence="57" number="997">small</token>
<token t_id="999" sentence="57" number="998">gate</token>
<token t_id="1000" sentence="57" number="999">was</token>
<token t_id="1001" sentence="57" number="1000">on</token>
<token t_id="1002" sentence="57" number="1001">a</token>
<token t_id="1003" sentence="57" number="1002">latch</token>
<token t_id="1004" sentence="57" number="1003">,</token>
<token t_id="1005" sentence="57" number="1004">which</token>
<token t_id="1006" sentence="57" number="1005">the</token>
<token t_id="1007" sentence="57" number="1006">workmen</token>
<token t_id="1008" sentence="57" number="1007">knew</token>
<token t_id="1009" sentence="57" number="1008">how</token>
<token t_id="1010" sentence="57" number="1009">to</token>
<token t_id="1011" sentence="57" number="1010">open</token>
<token t_id="1012" sentence="57" number="1011">.</token>
<token t_id="1013" sentence="58" number="1012">There</token>
<token t_id="1014" sentence="58" number="1013">were</token>
<token t_id="1015" sentence="58" number="1014">no</token>
<token t_id="1016" sentence="58" number="1015">watchmen</token>
<token t_id="1017" sentence="58" number="1016">outside</token>
<token t_id="1018" sentence="58" number="1017">.</token>
<token t_id="1019" sentence="59" number="1018">The</token>
<token t_id="1020" sentence="59" number="1019">approaches</token>
<token t_id="1021" sentence="59" number="1020">to</token>
<token t_id="1022" sentence="59" number="1021">the</token>
<token t_id="1023" sentence="59" number="1022">vault</token>
<token t_id="1024" sentence="59" number="1023">were</token>
<token t_id="1025" sentence="59" number="1024">made</token>
<token t_id="1026" sentence="59" number="1025">by</token>
<token t_id="1027" sentence="59" number="1026">planks</token>
<token t_id="1028" sentence="59" number="1027">laid</token>
<token t_id="1029" sentence="59" number="1028">crossways</token>
<token t_id="1030" sentence="59" number="1029">.</token>
<token t_id="1031" sentence="60" number="1030">It</token>
<token t_id="1032" sentence="60" number="1031">was</token>
<token t_id="1033" sentence="60" number="1032">a</token>
<token t_id="1034" sentence="60" number="1033">wide</token>
<token t_id="1035" sentence="60" number="1034">road</token>
<token t_id="1036" sentence="60" number="1035">.</token>
<token t_id="1037" sentence="61" number="1036">The</token>
<token t_id="1038" sentence="61" number="1037">vault</token>
<token t_id="1039" sentence="61" number="1038">was</token>
<token t_id="1040" sentence="61" number="1039">very</token>
<token t_id="1041" sentence="61" number="1040">dark</token>
<token t_id="1042" sentence="61" number="1041">.</token>
<token t_id="1043" sentence="62" number="1042">There</token>
<token t_id="1044" sentence="62" number="1043">were</token>
<token t_id="1045" sentence="62" number="1044">no</token>
<token t_id="1046" sentence="62" number="1045">appearances</token>
<token t_id="1047" sentence="62" number="1046">that</token>
<token t_id="1048" sentence="62" number="1047">the</token>
<token t_id="1049" sentence="62" number="1048">locks</token>
<token t_id="1050" sentence="62" number="1049">had</token>
<token t_id="1051" sentence="62" number="1050">been</token>
<token t_id="1052" sentence="62" number="1051">forced</token>
<token t_id="1053" sentence="62" number="1052">on</token>
<token t_id="1054" sentence="62" number="1053">Monday</token>
<token t_id="1055" sentence="62" number="1054">morning</token>
<token t_id="1056" sentence="62" number="1055">.</token>
<token t_id="1057" sentence="63" number="1056">From</token>
<token t_id="1058" sentence="63" number="1057">his</token>
<token t_id="1059" sentence="63" number="1058">knowledge</token>
<token t_id="1060" sentence="63" number="1059">of</token>
<token t_id="1061" sentence="63" number="1060">the</token>
<token t_id="1062" sentence="63" number="1061">works</token>
<token t_id="1063" sentence="63" number="1062">he</token>
<token t_id="1064" sentence="63" number="1063">thought</token>
<token t_id="1065" sentence="63" number="1064">it</token>
<token t_id="1066" sentence="63" number="1065">would</token>
<token t_id="1067" sentence="63" number="1066">require</token>
<token t_id="1068" sentence="63" number="1067">a</token>
<token t_id="1069" sentence="63" number="1068">previous</token>
<token t_id="1070" sentence="63" number="1069">experience</token>
<token t_id="1071" sentence="63" number="1070">of</token>
<token t_id="1072" sentence="63" number="1071">them</token>
<token t_id="1073" sentence="63" number="1072">to</token>
<token t_id="1074" sentence="63" number="1073">get</token>
<token t_id="1075" sentence="63" number="1074">to</token>
<token t_id="1076" sentence="63" number="1075">the</token>
<token t_id="1077" sentence="63" number="1076">vaults</token>
<token t_id="1078" sentence="63" number="1077">.</token>
<token t_id="1079" sentence="64" number="1078">He</token>
<token t_id="1080" sentence="64" number="1079">had</token>
<token t_id="1081" sentence="64" number="1080">been</token>
<token t_id="1082" sentence="64" number="1081">several</token>
<token t_id="1083" sentence="64" number="1082">times</token>
<token t_id="1084" sentence="64" number="1083">in</token>
<token t_id="1085" sentence="64" number="1084">the</token>
<token t_id="1086" sentence="64" number="1085">in</token>
<token t_id="1087" sentence="64" number="1086">the</token>
<token t_id="1088" sentence="64" number="1087">vault</token>
<token t_id="1089" sentence="64" number="1088">recently</token>
<token t_id="1090" sentence="64" number="1089">.</token>
<token t_id="1091" sentence="65" number="1090">He</token>
<token t_id="1092" sentence="65" number="1091">had</token>
<token t_id="1093" sentence="65" number="1092">noticed</token>
<token t_id="1094" sentence="65" number="1093">no</token>
<token t_id="1095" sentence="65" number="1094">smell</token>
<token t_id="1096" sentence="65" number="1095">.</token>
<token t_id="1097" sentence="66" number="1096">He</token>
<token t_id="1098" sentence="66" number="1097">had</token>
<token t_id="1099" sentence="66" number="1098">not</token>
<token t_id="1100" sentence="66" number="1099">used</token>
<token t_id="1101" sentence="66" number="1100">lights</token>
<token t_id="1102" sentence="66" number="1101">as</token>
<token t_id="1103" sentence="66" number="1102">he</token>
<token t_id="1104" sentence="66" number="1103">knew</token>
<token t_id="1105" sentence="66" number="1104">his</token>
<token t_id="1106" sentence="66" number="1105">way</token>
<token t_id="1107" sentence="66" number="1106">about</token>
<token t_id="1108" sentence="66" number="1107">pretty</token>
<token t_id="1109" sentence="66" number="1108">well</token>
<token t_id="1110" sentence="66" number="1109">.</token>
<token t_id="1111" sentence="67" number="1110">Wildbore</token>
<token t_id="1112" sentence="67" number="1111">drew</token>
<token t_id="1113" sentence="67" number="1112">his</token>
<token t_id="1114" sentence="67" number="1113">attention</token>
<token t_id="1115" sentence="67" number="1114">ot</token>
<token t_id="1116" sentence="67" number="1115">the</token>
<token t_id="1117" sentence="67" number="1116">parcel</token>
<token t_id="1118" sentence="67" number="1117">.</token>
<token t_id="1119" sentence="68" number="1118">Charles</token>
<token t_id="1120" sentence="68" number="1119">Cheque</token>
<token t_id="1121" sentence="68" number="1120">,</token>
<token t_id="1122" sentence="68" number="1121">forman</token>
<token t_id="1123" sentence="68" number="1122">bricklayer</token>
<token t_id="1124" sentence="68" number="1123">,</token>
<token t_id="1125" sentence="68" number="1124">corroborated</token>
<token t_id="1126" sentence="68" number="1125">the</token>
<token t_id="1127" sentence="68" number="1126">evidence</token>
<token t_id="1128" sentence="68" number="1127">of</token>
<token t_id="1129" sentence="68" number="1128">Wildbore</token>
<token t_id="1130" sentence="68" number="1129">and</token>
<token t_id="1131" sentence="68" number="1130">Brown</token>
<token t_id="1132" sentence="68" number="1131">.</token>
<token t_id="1133" sentence="69" number="1132">Ernest</token>
<token t_id="1134" sentence="69" number="1133">Edge</token>
<token t_id="1135" sentence="69" number="1134">,</token>
<token t_id="1136" sentence="69" number="1135">of</token>
<token t_id="1137" sentence="69" number="1136">9</token>
<token t_id="1138" sentence="69" number="1137">,</token>
<token t_id="1139" sentence="69" number="1138">Peabody</token>
<token t_id="1140" sentence="69" number="1139">buildings</token>
<token t_id="1141" sentence="69" number="1140">,</token>
<token t_id="1142" sentence="69" number="1141">Farringdon</token>
<token t_id="1143" sentence="69" number="1142">road</token>
<token t_id="1144" sentence="69" number="1143">,</token>
<token t_id="1145" sentence="69" number="1144">general</token>
<token t_id="1146" sentence="69" number="1145">labourer</token>
<token t_id="1147" sentence="69" number="1146">,</token>
<token t_id="1148" sentence="69" number="1147">said</token>
<token t_id="1149" sentence="69" number="1148">he</token>
<token t_id="1150" sentence="69" number="1149">was</token>
<token t_id="1151" sentence="69" number="1150">in</token>
<token t_id="1152" sentence="69" number="1151">the</token>
<token t_id="1153" sentence="69" number="1152">vault</token>
<token t_id="1154" sentence="69" number="1153">on</token>
<token t_id="1155" sentence="69" number="1154">Saturday</token>
<token t_id="1156" sentence="69" number="1155">at</token>
<token t_id="1157" sentence="69" number="1156">twenty</token>
<token t_id="1158" sentence="69" number="1157">minutes</token>
<token t_id="1159" sentence="69" number="1158">to</token>
<token t_id="1160" sentence="69" number="1159">five</token>
<token t_id="1161" sentence="69" number="1160">in</token>
<token t_id="1162" sentence="69" number="1161">the</token>
<token t_id="1163" sentence="69" number="1162">evening</token>
<token t_id="1164" sentence="69" number="1163">for</token>
<token t_id="1165" sentence="69" number="1164">the</token>
<token t_id="1166" sentence="69" number="1165">purpose</token>
<token t_id="1167" sentence="69" number="1166">of</token>
<token t_id="1168" sentence="69" number="1167">getting</token>
<token t_id="1169" sentence="69" number="1168">a</token>
<token t_id="1170" sentence="69" number="1169">hammer</token>
<token t_id="1171" sentence="69" number="1170">.</token>
<token t_id="1172" sentence="70" number="1171">He</token>
<token t_id="1173" sentence="70" number="1172">struck</token>
<token t_id="1174" sentence="70" number="1173">a</token>
<token t_id="1175" sentence="70" number="1174">match</token>
<token t_id="1176" sentence="70" number="1175">,</token>
<token t_id="1177" sentence="70" number="1176">and</token>
<token t_id="1178" sentence="70" number="1177">there</token>
<token t_id="1179" sentence="70" number="1178">was</token>
<token t_id="1180" sentence="70" number="1179">nothing</token>
<token t_id="1181" sentence="70" number="1180">in</token>
<token t_id="1182" sentence="70" number="1181">the</token>
<token t_id="1183" sentence="70" number="1182">vault</token>
<token t_id="1184" sentence="70" number="1183">then</token>
<token t_id="1185" sentence="70" number="1184">on</token>
<token t_id="1186" sentence="70" number="1185">the</token>
<token t_id="1187" sentence="70" number="1186">spot</token>
<token t_id="1188" sentence="70" number="1187">where</token>
<token t_id="1189" sentence="70" number="1188">the</token>
<token t_id="1190" sentence="70" number="1189">remains</token>
<token t_id="1191" sentence="70" number="1190">were</token>
<token t_id="1192" sentence="70" number="1191">subsequently</token>
<token t_id="1193" sentence="70" number="1192">found</token>
<token t_id="1194" sentence="70" number="1193">.</token>
<token t_id="1195" sentence="71" number="1194">He</token>
<token t_id="1196" sentence="71" number="1195">might</token>
<token t_id="1197" sentence="71" number="1196">have</token>
<token t_id="1198" sentence="71" number="1197">been</token>
<token t_id="1199" sentence="71" number="1198">in</token>
<token t_id="1200" sentence="71" number="1199">the</token>
<token t_id="1201" sentence="71" number="1200">vault</token>
<token t_id="1202" sentence="71" number="1201">once</token>
<token t_id="1203" sentence="71" number="1202">or</token>
<token t_id="1204" sentence="71" number="1203">twice</token>
<token t_id="1205" sentence="71" number="1204">on</token>
<token t_id="1206" sentence="71" number="1205">Monday</token>
<token t_id="1207" sentence="71" number="1206">,</token>
<token t_id="1208" sentence="71" number="1207">but</token>
<token t_id="1209" sentence="71" number="1208">not</token>
<token t_id="1210" sentence="71" number="1209">in</token>
<token t_id="1211" sentence="71" number="1210">the</token>
<token t_id="1212" sentence="71" number="1211">same</token>
<token t_id="1213" sentence="71" number="1212">place</token>
<token t_id="1214" sentence="71" number="1213">.</token>
<token t_id="1215" sentence="72" number="1214">He</token>
<token t_id="1216" sentence="72" number="1215">was</token>
<token t_id="1217" sentence="72" number="1216">there</token>
<token t_id="1218" sentence="72" number="1217">again</token>
<token t_id="1219" sentence="72" number="1218">on</token>
<token t_id="1220" sentence="72" number="1219">Tuesday</token>
<token t_id="1221" sentence="72" number="1220">when</token>
<token t_id="1222" sentence="72" number="1221">the</token>
<token t_id="1223" sentence="72" number="1222">body</token>
<token t_id="1224" sentence="72" number="1223">was</token>
<token t_id="1225" sentence="72" number="1224">brought</token>
<token t_id="1226" sentence="72" number="1225">out</token>
<token t_id="1227" sentence="72" number="1226">.</token>
<token t_id="1228" sentence="73" number="1227">It</token>
<token t_id="1229" sentence="73" number="1228">was</token>
<token t_id="1230" sentence="73" number="1229">his</token>
<token t_id="1231" sentence="73" number="1230">duty</token>
<token t_id="1232" sentence="73" number="1231">to</token>
<token t_id="1233" sentence="73" number="1232">lock</token>
<token t_id="1234" sentence="73" number="1233">up</token>
<token t_id="1235" sentence="73" number="1234">the</token>
<token t_id="1236" sentence="73" number="1235">premises</token>
<token t_id="1237" sentence="73" number="1236">,</token>
<token t_id="1238" sentence="73" number="1237">and</token>
<token t_id="1239" sentence="73" number="1238">all</token>
<token t_id="1240" sentence="73" number="1239">the</token>
<token t_id="1241" sentence="73" number="1240">workmen</token>
<token t_id="1242" sentence="73" number="1241">had</token>
<token t_id="1243" sentence="73" number="1242">gone</token>
<token t_id="1244" sentence="73" number="1243">when</token>
<token t_id="1245" sentence="73" number="1244">he</token>
<token t_id="1246" sentence="73" number="1245">locked</token>
<token t_id="1247" sentence="73" number="1246">up</token>
<token t_id="1248" sentence="73" number="1247">on</token>
<token t_id="1249" sentence="73" number="1248">Saturday</token>
<token t_id="1250" sentence="73" number="1249">and</token>
<token t_id="1251" sentence="73" number="1250">Monday</token>
<token t_id="1252" sentence="73" number="1251">nights</token>
<token t_id="1253" sentence="73" number="1252">.</token>
<token t_id="1254" sentence="74" number="1253">All</token>
<token t_id="1255" sentence="74" number="1254">the</token>
<token t_id="1256" sentence="74" number="1255">workmen</token>
<token t_id="1257" sentence="74" number="1256">knew</token>
<token t_id="1258" sentence="74" number="1257">that</token>
<token t_id="1259" sentence="74" number="1258">the</token>
<token t_id="1260" sentence="74" number="1259">latch</token>
<token t_id="1261" sentence="74" number="1260">could</token>
<token t_id="1262" sentence="74" number="1261">be</token>
<token t_id="1263" sentence="74" number="1262">raised</token>
<token t_id="1264" sentence="74" number="1263">by</token>
<token t_id="1265" sentence="74" number="1264">the</token>
<token t_id="1266" sentence="74" number="1265">pulling</token>
<token t_id="1267" sentence="74" number="1266">up</token>
<token t_id="1268" sentence="74" number="1267">of</token>
<token t_id="1269" sentence="74" number="1268">a</token>
<token t_id="1270" sentence="74" number="1269">string</token>
<token t_id="1271" sentence="74" number="1270">,</token>
<token t_id="1272" sentence="74" number="1271">and</token>
<token t_id="1273" sentence="74" number="1272">this</token>
<token t_id="1274" sentence="74" number="1273">gave</token>
<token t_id="1275" sentence="74" number="1274">admission</token>
<token t_id="1276" sentence="74" number="1275">to</token>
<token t_id="1277" sentence="74" number="1276">the</token>
<token t_id="1278" sentence="74" number="1277">works</token>
<token t_id="1279" sentence="74" number="1278">.</token>
<token t_id="1280" sentence="75" number="1279">Dr.</token>
<token t_id="1281" sentence="75" number="1280">Thomas</token>
<token t_id="1282" sentence="75" number="1281">Bond</token>
<token t_id="1283" sentence="75" number="1282">said</token>
<token t_id="1284" sentence="75" number="1283">that</token>
<token t_id="1285" sentence="75" number="1284">on</token>
<token t_id="1286" sentence="75" number="1285">Tuesday</token>
<token t_id="1287" sentence="75" number="1286">,</token>
<token t_id="1288" sentence="75" number="1287">the</token>
<token t_id="1289" sentence="75" number="1288">2nd</token>
<token t_id="1290" sentence="75" number="1289">.</token>
<token t_id="1291" sentence="75" number="1290">inst.</token>
<token t_id="1292" sentence="75" number="1291">,</token>
<token t_id="1293" sentence="75" number="1292">he</token>
<token t_id="1294" sentence="75" number="1293">was</token>
<token t_id="1295" sentence="75" number="1294">called</token>
<token t_id="1296" sentence="75" number="1295">to</token>
<token t_id="1297" sentence="75" number="1296">the</token>
<token t_id="1298" sentence="75" number="1297">site</token>
<token t_id="1299" sentence="75" number="1298">of</token>
<token t_id="1300" sentence="75" number="1299">the</token>
<token t_id="1301" sentence="75" number="1300">new</token>
<token t_id="1302" sentence="75" number="1301">police</token>
<token t_id="1303" sentence="75" number="1302">station</token>
<token t_id="1304" sentence="75" number="1303">,</token>
<token t_id="1305" sentence="75" number="1304">and</token>
<token t_id="1306" sentence="75" number="1305">was</token>
<token t_id="1307" sentence="75" number="1306">shown</token>
<token t_id="1308" sentence="75" number="1307">the</token>
<token t_id="1309" sentence="75" number="1308">decomposed</token>
<token t_id="1310" sentence="75" number="1309">trunk</token>
<token t_id="1311" sentence="75" number="1310">of</token>
<token t_id="1312" sentence="75" number="1311">the</token>
<token t_id="1313" sentence="75" number="1312">body</token>
<token t_id="1314" sentence="75" number="1313">of</token>
<token t_id="1315" sentence="75" number="1314">a</token>
<token t_id="1316" sentence="75" number="1315">woman</token>
<token t_id="1317" sentence="75" number="1316">.</token>
<token t_id="1318" sentence="76" number="1317">It</token>
<token t_id="1319" sentence="76" number="1318">was</token>
<token t_id="1320" sentence="76" number="1319">lying</token>
<token t_id="1321" sentence="76" number="1320">on</token>
<token t_id="1322" sentence="76" number="1321">the</token>
<token t_id="1323" sentence="76" number="1322">basement</token>
<token t_id="1324" sentence="76" number="1323">in</token>
<token t_id="1325" sentence="76" number="1324">a</token>
<token t_id="1326" sentence="76" number="1325">parcel</token>
<token t_id="1327" sentence="76" number="1326">,</token>
<token t_id="1328" sentence="76" number="1327">the</token>
<token t_id="1329" sentence="76" number="1328">strings</token>
<token t_id="1330" sentence="76" number="1329">of</token>
<token t_id="1331" sentence="76" number="1330">which</token>
<token t_id="1332" sentence="76" number="1331">had</token>
<token t_id="1333" sentence="76" number="1332">been</token>
<token t_id="1334" sentence="76" number="1333">cut</token>
<token t_id="1335" sentence="76" number="1334">.</token>
<token t_id="1336" sentence="77" number="1335">He</token>
<token t_id="1337" sentence="77" number="1336">visited</token>
<token t_id="1338" sentence="77" number="1337">the</token>
<token t_id="1339" sentence="77" number="1338">place</token>
<token t_id="1340" sentence="77" number="1339">where</token>
<token t_id="1341" sentence="77" number="1340">the</token>
<token t_id="1342" sentence="77" number="1341">body</token>
<token t_id="1343" sentence="77" number="1342">had</token>
<token t_id="1344" sentence="77" number="1343">been</token>
<token t_id="1345" sentence="77" number="1344">discovered</token>
<token t_id="1346" sentence="77" number="1345">and</token>
<token t_id="1347" sentence="77" number="1346">found</token>
<token t_id="1348" sentence="77" number="1347">black</token>
<token t_id="1349" sentence="77" number="1348">stains</token>
<token t_id="1350" sentence="77" number="1349">on</token>
<token t_id="1351" sentence="77" number="1350">the</token>
<token t_id="1352" sentence="77" number="1351">wall</token>
<token t_id="1353" sentence="77" number="1352">.</token>
<token t_id="1354" sentence="78" number="1353">He</token>
<token t_id="1355" sentence="78" number="1354">though</token>
<token t_id="1356" sentence="78" number="1355">the</token>
<token t_id="1357" sentence="78" number="1356">remains</token>
<token t_id="1358" sentence="78" number="1357">had</token>
<token t_id="1359" sentence="78" number="1358">lain</token>
<token t_id="1360" sentence="78" number="1359">there</token>
<token t_id="1361" sentence="78" number="1360">several</token>
<token t_id="1362" sentence="78" number="1361">days</token>
<token t_id="1363" sentence="78" number="1362">.</token>
<token t_id="1364" sentence="79" number="1363">He</token>
<token t_id="1365" sentence="79" number="1364">directed</token>
<token t_id="1366" sentence="79" number="1365">their</token>
<token t_id="1367" sentence="79" number="1366">removal</token>
<token t_id="1368" sentence="79" number="1367">to</token>
<token t_id="1369" sentence="79" number="1368">the</token>
<token t_id="1370" sentence="79" number="1369">mortuary</token>
<token t_id="1371" sentence="79" number="1370">.</token>
<token t_id="1372" sentence="80" number="1371">On</token>
<token t_id="1373" sentence="80" number="1372">the</token>
<token t_id="1374" sentence="80" number="1373">following</token>
<token t_id="1375" sentence="80" number="1374">morning</token>
<token t_id="1376" sentence="80" number="1375">,</token>
<token t_id="1377" sentence="80" number="1376">assisted</token>
<token t_id="1378" sentence="80" number="1377">by</token>
<token t_id="1379" sentence="80" number="1378">Mr.</token>
<token t_id="1380" sentence="80" number="1379">Hebburn</token>
<token t_id="1381" sentence="80" number="1380">,</token>
<token t_id="1382" sentence="80" number="1381">he</token>
<token t_id="1383" sentence="80" number="1382">made</token>
<token t_id="1384" sentence="80" number="1383">an</token>
<token t_id="1385" sentence="80" number="1384">examination</token>
<token t_id="1386" sentence="80" number="1385">.</token>
<token t_id="1387" sentence="81" number="1386">The</token>
<token t_id="1388" sentence="81" number="1387">trunk</token>
<token t_id="1389" sentence="81" number="1388">was</token>
<token t_id="1390" sentence="81" number="1389">that</token>
<token t_id="1391" sentence="81" number="1390">of</token>
<token t_id="1392" sentence="81" number="1391">a</token>
<token t_id="1393" sentence="81" number="1392">woman</token>
<token t_id="1394" sentence="81" number="1393">of</token>
<token t_id="1395" sentence="81" number="1394">considerable</token>
<token t_id="1396" sentence="81" number="1395">stature</token>
<token t_id="1397" sentence="81" number="1396">and</token>
<token t_id="1398" sentence="81" number="1397">well</token>
<token t_id="1399" sentence="81" number="1398">nourished</token>
<token t_id="1400" sentence="81" number="1399">.</token>
<token t_id="1401" sentence="82" number="1400">The</token>
<token t_id="1402" sentence="82" number="1401">head</token>
<token t_id="1403" sentence="82" number="1402">had</token>
<token t_id="1404" sentence="82" number="1403">been</token>
<token t_id="1405" sentence="82" number="1404">severed</token>
<token t_id="1406" sentence="82" number="1405">from</token>
<token t_id="1407" sentence="82" number="1406">the</token>
<token t_id="1408" sentence="82" number="1407">trunk</token>
<token t_id="1409" sentence="82" number="1408">through</token>
<token t_id="1410" sentence="82" number="1409">the</token>
<token t_id="1411" sentence="82" number="1410">sixth</token>
<token t_id="1412" sentence="82" number="1411">cervical</token>
<token t_id="1413" sentence="82" number="1412">vertebra</token>
<token t_id="1414" sentence="82" number="1413">.</token>
<token t_id="1415" sentence="83" number="1414">That</token>
<token t_id="1416" sentence="83" number="1415">had</token>
<token t_id="1417" sentence="83" number="1416">been</token>
<token t_id="1418" sentence="83" number="1417">sawn</token>
<token t_id="1419" sentence="83" number="1418">through</token>
<token t_id="1420" sentence="83" number="1419">.</token>
<token t_id="1421" sentence="84" number="1420">The</token>
<token t_id="1422" sentence="84" number="1421">lower</token>
<token t_id="1423" sentence="84" number="1422">limbs</token>
<token t_id="1424" sentence="84" number="1423">and</token>
<token t_id="1425" sentence="84" number="1424">pelvis</token>
<token t_id="1426" sentence="84" number="1425">had</token>
<token t_id="1427" sentence="84" number="1426">been</token>
<token t_id="1428" sentence="84" number="1427">removed</token>
<token t_id="1429" sentence="84" number="1428">.</token>
<token t_id="1430" sentence="85" number="1429">The</token>
<token t_id="1431" sentence="85" number="1430">length</token>
<token t_id="1432" sentence="85" number="1431">of</token>
<token t_id="1433" sentence="85" number="1432">the</token>
<token t_id="1434" sentence="85" number="1433">trunk</token>
<token t_id="1435" sentence="85" number="1434">was</token>
<token t_id="1436" sentence="85" number="1435">17in</token>
<token t_id="1437" sentence="85" number="1436">.</token>
<token t_id="1438" sentence="85" number="1437">and</token>
<token t_id="1439" sentence="85" number="1438">the</token>
<token t_id="1440" sentence="85" number="1439">circumference</token>
<token t_id="1441" sentence="85" number="1440">of</token>
<token t_id="1442" sentence="85" number="1441">the</token>
<token t_id="1443" sentence="85" number="1442">waist</token>
<token t_id="1444" sentence="85" number="1443">35in</token>
<token t_id="1445" sentence="85" number="1444">.</token>
<token t_id="1446" sentence="86" number="1445">The</token>
<token t_id="1447" sentence="86" number="1446">arms</token>
<token t_id="1448" sentence="86" number="1447">had</token>
<token t_id="1449" sentence="86" number="1448">been</token>
<token t_id="1450" sentence="86" number="1449">removed</token>
<token t_id="1451" sentence="86" number="1450">at</token>
<token t_id="1452" sentence="86" number="1451">the</token>
<token t_id="1453" sentence="86" number="1452">shoulder</token>
<token t_id="1454" sentence="86" number="1453">joints</token>
<token t_id="1455" sentence="86" number="1454">by</token>
<token t_id="1456" sentence="86" number="1455">several</token>
<token t_id="1457" sentence="86" number="1456">downward</token>
<token t_id="1458" sentence="86" number="1457">cuts</token>
<token t_id="1459" sentence="86" number="1458">over</token>
<token t_id="1460" sentence="86" number="1459">the</token>
<token t_id="1461" sentence="86" number="1460">body</token>
<token t_id="1462" sentence="86" number="1461">.</token>
<token t_id="1463" sentence="87" number="1462">There</token>
<token t_id="1464" sentence="87" number="1463">were</token>
<token t_id="1465" sentence="87" number="1464">clearly</token>
<token t_id="1466" sentence="87" number="1465">defined</token>
<token t_id="1467" sentence="87" number="1466">marks</token>
<token t_id="1468" sentence="87" number="1467">of</token>
<token t_id="1469" sentence="87" number="1468">where</token>
<token t_id="1470" sentence="87" number="1469">the</token>
<token t_id="1471" sentence="87" number="1470">string</token>
<token t_id="1472" sentence="87" number="1471">had</token>
<token t_id="1473" sentence="87" number="1472">been</token>
<token t_id="1474" sentence="87" number="1473">tied</token>
<token t_id="1475" sentence="87" number="1474">.</token>
<token t_id="1476" sentence="88" number="1475">The</token>
<token t_id="1477" sentence="88" number="1476">parcel</token>
<token t_id="1478" sentence="88" number="1477">had</token>
<token t_id="1479" sentence="88" number="1478">been</token>
<token t_id="1480" sentence="88" number="1479">wrapped</token>
<token t_id="1481" sentence="88" number="1480">up</token>
<token t_id="1482" sentence="88" number="1481">in</token>
<token t_id="1483" sentence="88" number="1482">a</token>
<token t_id="1484" sentence="88" number="1483">skilful</token>
<token t_id="1485" sentence="88" number="1484">manner</token>
<token t_id="1486" sentence="88" number="1485">.</token>
<token t_id="1487" sentence="89" number="1486">The</token>
<token t_id="1488" sentence="89" number="1487">neck</token>
<token t_id="1489" sentence="89" number="1488">had</token>
<token t_id="1490" sentence="89" number="1489">been</token>
<token t_id="1491" sentence="89" number="1490">divided</token>
<token t_id="1492" sentence="89" number="1491">by</token>
<token t_id="1493" sentence="89" number="1492">several</token>
<token t_id="1494" sentence="89" number="1493">incisions</token>
<token t_id="1495" sentence="89" number="1494">and</token>
<token t_id="1496" sentence="89" number="1495">then</token>
<token t_id="1497" sentence="89" number="1496">sawn</token>
<token t_id="1498" sentence="89" number="1497">through</token>
<token t_id="1499" sentence="89" number="1498">.</token>
<token t_id="1500" sentence="90" number="1499">The</token>
<token t_id="1501" sentence="90" number="1500">woman</token>
<token t_id="1502" sentence="90" number="1501">had</token>
<token t_id="1503" sentence="90" number="1502">recently</token>
<token t_id="1504" sentence="90" number="1503">had</token>
<token t_id="1505" sentence="90" number="1504">severe</token>
<token t_id="1506" sentence="90" number="1505">pleurisy</token>
<token t_id="1507" sentence="90" number="1506">.</token>
<token t_id="1508" sentence="91" number="1507">There</token>
<token t_id="1509" sentence="91" number="1508">were</token>
<token t_id="1510" sentence="91" number="1509">indications</token>
<token t_id="1511" sentence="91" number="1510">that</token>
<token t_id="1512" sentence="91" number="1511">the</token>
<token t_id="1513" sentence="91" number="1512">woman</token>
<token t_id="1514" sentence="91" number="1513">did</token>
<token t_id="1515" sentence="91" number="1514">not</token>
<token t_id="1516" sentence="91" number="1515">die</token>
<token t_id="1517" sentence="91" number="1516">of</token>
<token t_id="1518" sentence="91" number="1517">suffocation</token>
<token t_id="1519" sentence="91" number="1518">or</token>
<token t_id="1520" sentence="91" number="1519">drowning</token>
<token t_id="1521" sentence="91" number="1520">.</token>
<token t_id="1522" sentence="92" number="1521">The</token>
<token t_id="1523" sentence="92" number="1522">inquiry</token>
<token t_id="1524" sentence="92" number="1523">was</token>
<token t_id="1525" sentence="92" number="1524">proceeding</token>
<token t_id="1526" sentence="92" number="1525">when</token>
<token t_id="1527" sentence="92" number="1526">this</token>
<token t_id="1528" sentence="92" number="1527">report</token>
<token t_id="1529" sentence="92" number="1528">left</token>
<token t_id="1530" sentence="92" number="1529">.</token>


<Markables>


</Markables>

<Relations>
</Relations>
</Document>
