<Document doc_name="The_Siege_Of_Mafeking.txt">
<token t_id="1" sentence="0" number="0">19th</token>
<token t_id="2" sentence="0" number="1">January</token>
<token t_id="3" sentence="0" number="2">1900</token>
<token t_id="4" sentence="1" number="3">The</token>
<token t_id="5" sentence="1" number="4">Siege</token>
<token t_id="6" sentence="1" number="5">Of</token>
<token t_id="7" sentence="1" number="6">Mafeking</token>
<token t_id="8" sentence="1" number="7">.</token>
<token t_id="9" sentence="2" number="8">(</token>
<token t_id="10" sentence="2" number="9">FROM</token>
<token t_id="11" sentence="2" number="10">OUR</token>
<token t_id="12" sentence="2" number="11">CORRESPONDENT</token>
<token t_id="13" sentence="2" number="12">.</token>
<token t_id="14" sentence="2" number="13">)</token>
<token t_id="15" sentence="3" number="14">MAFEKING</token>
<token t_id="16" sentence="3" number="15">,</token>
<token t_id="17" sentence="3" number="16">JAN.</token>
<token t_id="18" sentence="3" number="17">3</token>
<token t_id="19" sentence="3" number="18">.</token>
<token t_id="20" sentence="4" number="19">The</token>
<token t_id="21" sentence="4" number="20">enemy</token>
<token t_id="22" sentence="4" number="21">have</token>
<token t_id="23" sentence="4" number="22">received</token>
<token t_id="24" sentence="4" number="23">a</token>
<token t_id="25" sentence="4" number="24">New</token>
<token t_id="26" sentence="4" number="25">Year</token>
<token t_id="27" sentence="4" number="26">'s</token>
<token t_id="28" sentence="4" number="27">gift</token>
<token t_id="29" sentence="4" number="28">from</token>
<token t_id="30" sentence="4" number="29">Pretoria</token>
<token t_id="31" sentence="4" number="30">in</token>
<token t_id="32" sentence="4" number="31">the</token>
<token t_id="33" sentence="4" number="32">shape</token>
<token t_id="34" sentence="4" number="33">of</token>
<token t_id="35" sentence="4" number="34">a</token>
<token t_id="36" sentence="4" number="35">new</token>
<token t_id="37" sentence="4" number="36">gun</token>
<token t_id="38" sentence="4" number="37">and</token>
<token t_id="39" sentence="4" number="38">three</token>
<token t_id="40" sentence="4" number="39">wagon</token>
<token t_id="41" sentence="4" number="40">loads</token>
<token t_id="42" sentence="4" number="41">of</token>
<token t_id="43" sentence="4" number="42">ammunition</token>
<token t_id="44" sentence="4" number="43">.</token>
<token t_id="45" sentence="5" number="44">The</token>
<token t_id="46" sentence="5" number="45">bombardment</token>
<token t_id="47" sentence="5" number="46">consequently</token>
<token t_id="48" sentence="5" number="47">has</token>
<token t_id="49" sentence="5" number="48">continued</token>
<token t_id="50" sentence="5" number="49">more</token>
<token t_id="51" sentence="5" number="50">vigorously</token>
<token t_id="52" sentence="5" number="51">since</token>
<token t_id="53" sentence="5" number="52">.</token>
<token t_id="54" sentence="6" number="53">The</token>
<token t_id="55" sentence="6" number="54">new</token>
<token t_id="56" sentence="6" number="55">gun</token>
<token t_id="57" sentence="6" number="56">fires</token>
<token t_id="58" sentence="6" number="57">shells</token>
<token t_id="59" sentence="6" number="58">charged</token>
<token t_id="60" sentence="6" number="59">with</token>
<token t_id="61" sentence="6" number="60">a</token>
<token t_id="62" sentence="6" number="61">chemical</token>
<token t_id="63" sentence="6" number="62">liquid</token>
<token t_id="64" sentence="6" number="63">,</token>
<token t_id="65" sentence="6" number="64">which</token>
<token t_id="66" sentence="6" number="65">ignites</token>
<token t_id="67" sentence="6" number="66">upon</token>
<token t_id="68" sentence="6" number="67">contact</token>
<token t_id="69" sentence="6" number="68">with</token>
<token t_id="70" sentence="6" number="69">the</token>
<token t_id="71" sentence="6" number="70">air</token>
<token t_id="72" sentence="6" number="71">.</token>
<token t_id="73" sentence="7" number="72">This</token>
<token t_id="74" sentence="7" number="73">weapon</token>
<token t_id="75" sentence="7" number="74">has</token>
<token t_id="76" sentence="7" number="75">effected</token>
<token t_id="77" sentence="7" number="76">no</token>
<token t_id="78" sentence="7" number="77">damage</token>
<token t_id="79" sentence="7" number="78">hitherto</token>
<token t_id="80" sentence="7" number="79">,</token>
<token t_id="81" sentence="7" number="80">with</token>
<token t_id="82" sentence="7" number="81">the</token>
<token t_id="83" sentence="7" number="82">exception</token>
<token t_id="84" sentence="7" number="83">of</token>
<token t_id="85" sentence="7" number="84">a</token>
<token t_id="86" sentence="7" number="85">few</token>
<token t_id="87" sentence="7" number="86">minor</token>
<token t_id="88" sentence="7" number="87">fires</token>
<token t_id="89" sentence="7" number="88">in</token>
<token t_id="90" sentence="7" number="89">the</token>
<token t_id="91" sentence="7" number="90">gardens</token>
<token t_id="92" sentence="7" number="91">of</token>
<token t_id="93" sentence="7" number="92">Mafeking</token>
<token t_id="94" sentence="7" number="93">.</token>
<token t_id="95" sentence="8" number="94">The</token>
<token t_id="96" sentence="8" number="95">resistance</token>
<token t_id="97" sentence="8" number="96">of</token>
<token t_id="98" sentence="8" number="97">the</token>
<token t_id="99" sentence="8" number="98">garrison</token>
<token t_id="100" sentence="8" number="99">is</token>
<token t_id="101" sentence="8" number="100">goading</token>
<token t_id="102" sentence="8" number="101">the</token>
<token t_id="103" sentence="8" number="102">Boers</token>
<token t_id="104" sentence="8" number="103">to</token>
<token t_id="105" sentence="8" number="104">commit</token>
<token t_id="106" sentence="8" number="105">various</token>
<token t_id="107" sentence="8" number="106">atrocities</token>
<token t_id="108" sentence="8" number="107">.</token>
<token t_id="109" sentence="9" number="108">Despite</token>
<token t_id="110" sentence="9" number="109">innumerable</token>
<token t_id="111" sentence="9" number="110">warnings</token>
<token t_id="112" sentence="9" number="111">they</token>
<token t_id="113" sentence="9" number="112">have</token>
<token t_id="114" sentence="9" number="113">concentrated</token>
<token t_id="115" sentence="9" number="114">their</token>
<token t_id="116" sentence="9" number="115">fire</token>
<token t_id="117" sentence="9" number="116">during</token>
<token t_id="118" sentence="9" number="117">the</token>
<token t_id="119" sentence="9" number="118">last</token>
<token t_id="120" sentence="9" number="119">two</token>
<token t_id="121" sentence="9" number="120">days</token>
<token t_id="122" sentence="9" number="121">upon</token>
<token t_id="123" sentence="9" number="122">the</token>
<token t_id="124" sentence="9" number="123">women</token>
<token t_id="125" sentence="9" number="124">'s</token>
<token t_id="126" sentence="9" number="125">laager</token>
<token t_id="127" sentence="9" number="126">and</token>
<token t_id="128" sentence="9" number="127">hospital</token>
<token t_id="129" sentence="9" number="128">.</token>
<token t_id="130" sentence="10" number="129">Children</token>
<token t_id="131" sentence="10" number="130">have</token>
<token t_id="132" sentence="10" number="131">been</token>
<token t_id="133" sentence="10" number="132">killed</token>
<token t_id="134" sentence="10" number="133">and</token>
<token t_id="135" sentence="10" number="134">women</token>
<token t_id="136" sentence="10" number="135">mutilated</token>
<token t_id="137" sentence="10" number="136">by</token>
<token t_id="138" sentence="10" number="137">the</token>
<token t_id="139" sentence="10" number="138">bursting</token>
<token t_id="140" sentence="10" number="139">of</token>
<token t_id="141" sentence="10" number="140">shells</token>
<token t_id="142" sentence="10" number="141">.</token>
<token t_id="143" sentence="11" number="142">These</token>
<token t_id="144" sentence="11" number="143">occurrences</token>
<token t_id="145" sentence="11" number="144">are</token>
<token t_id="146" sentence="11" number="145">fanning</token>
<token t_id="147" sentence="11" number="146">a</token>
<token t_id="148" sentence="11" number="147">spirit</token>
<token t_id="149" sentence="11" number="148">of</token>
<token t_id="150" sentence="11" number="149">revenge</token>
<token t_id="151" sentence="11" number="150">in</token>
<token t_id="152" sentence="11" number="151">the</token>
<token t_id="153" sentence="11" number="152">breasts</token>
<token t_id="154" sentence="11" number="153">of</token>
<token t_id="155" sentence="11" number="154">the</token>
<token t_id="156" sentence="11" number="155">townspeople</token>
<token t_id="157" sentence="11" number="156">.</token>
<token t_id="158" sentence="12" number="157">It</token>
<token t_id="159" sentence="12" number="158">is</token>
<token t_id="160" sentence="12" number="159">no</token>
<token t_id="161" sentence="12" number="160">longer</token>
<token t_id="162" sentence="12" number="161">possible</token>
<token t_id="163" sentence="12" number="162">to</token>
<token t_id="164" sentence="12" number="163">guarantee</token>
<token t_id="165" sentence="12" number="164">the</token>
<token t_id="166" sentence="12" number="165">safety</token>
<token t_id="167" sentence="12" number="166">of</token>
<token t_id="168" sentence="12" number="167">the</token>
<token t_id="169" sentence="12" number="168">women</token>
<token t_id="170" sentence="12" number="169">and</token>
<token t_id="171" sentence="12" number="170">children</token>
<token t_id="172" sentence="12" number="171">of</token>
<token t_id="173" sentence="12" number="172">Mafeking</token>
<token t_id="174" sentence="12" number="173">,</token>
<token t_id="175" sentence="12" number="174">despite</token>
<token t_id="176" sentence="12" number="175">every</token>
<token t_id="177" sentence="12" number="176">precaution</token>
<token t_id="178" sentence="12" number="177">.</token>
<token t_id="179" sentence="13" number="178">Colonel</token>
<token t_id="180" sentence="13" number="179">Baden-Powell</token>
<token t_id="181" sentence="13" number="180">has</token>
<token t_id="182" sentence="13" number="181">stated</token>
<token t_id="183" sentence="13" number="182">that</token>
<token t_id="184" sentence="13" number="183">it</token>
<token t_id="185" sentence="13" number="184">is</token>
<token t_id="186" sentence="13" number="185">impossible</token>
<token t_id="187" sentence="13" number="186">to</token>
<token t_id="188" sentence="13" number="187">rely</token>
<token t_id="189" sentence="13" number="188">upon</token>
<token t_id="190" sentence="13" number="189">Boer</token>
<token t_id="191" sentence="13" number="190">honour</token>
<token t_id="192" sentence="13" number="191">.</token>
<token t_id="193" sentence="14" number="192">The</token>
<token t_id="194" sentence="14" number="193">scenes</token>
<token t_id="195" sentence="14" number="194">of</token>
<token t_id="196" sentence="14" number="195">terror</token>
<token t_id="197" sentence="14" number="196">and</token>
<token t_id="198" sentence="14" number="197">consternation</token>
<token t_id="199" sentence="14" number="198">among</token>
<token t_id="200" sentence="14" number="199">the</token>
<token t_id="201" sentence="14" number="200">women</token>
<token t_id="202" sentence="14" number="201">folk</token>
<token t_id="203" sentence="14" number="202">are</token>
<token t_id="204" sentence="14" number="203">pitiable</token>
<token t_id="205" sentence="14" number="204">in</token>
<token t_id="206" sentence="14" number="205">the</token>
<token t_id="207" sentence="14" number="206">extreme</token>
<token t_id="208" sentence="14" number="207">.</token>
<token t_id="209" sentence="15" number="208">Colonel</token>
<token t_id="210" sentence="15" number="209">Baden-Powell</token>
<token t_id="211" sentence="15" number="210">and</token>
<token t_id="212" sentence="15" number="211">Major</token>
<token t_id="213" sentence="15" number="212">Goold</token>
<token t_id="214" sentence="15" number="213">Adams</token>
<token t_id="215" sentence="15" number="214">have</token>
<token t_id="216" sentence="15" number="215">deposed</token>
<token t_id="217" sentence="15" number="216">Wessels</token>
<token t_id="218" sentence="15" number="217">,</token>
<token t_id="219" sentence="15" number="218">chief</token>
<token t_id="220" sentence="15" number="219">of</token>
<token t_id="221" sentence="15" number="220">the</token>
<token t_id="222" sentence="15" number="221">tribe</token>
<token t_id="223" sentence="15" number="222">of</token>
<token t_id="224" sentence="15" number="223">the</token>
<token t_id="225" sentence="15" number="224">Baralongs</token>
<token t_id="226" sentence="15" number="225">,</token>
<token t_id="227" sentence="15" number="226">who</token>
<token t_id="228" sentence="15" number="227">had</token>
<token t_id="229" sentence="15" number="228">quarters</token>
<token t_id="230" sentence="15" number="229">at</token>
<token t_id="231" sentence="15" number="230">Mafeking</token>
<token t_id="232" sentence="15" number="231">.</token>
<token t_id="233" sentence="16" number="232">Wessels</token>
<token t_id="234" sentence="16" number="233">has</token>
<token t_id="235" sentence="16" number="234">lately</token>
<token t_id="236" sentence="16" number="235">been</token>
<token t_id="237" sentence="16" number="236">intractable</token>
<token t_id="238" sentence="16" number="237">.</token>
<token t_id="239" sentence="17" number="238">He</token>
<token t_id="240" sentence="17" number="239">spread</token>
<token t_id="241" sentence="17" number="240">false</token>
<token t_id="242" sentence="17" number="241">reports</token>
<token t_id="243" sentence="17" number="242">among</token>
<token t_id="244" sentence="17" number="243">the</token>
<token t_id="245" sentence="17" number="244">tribes</token>
<token t_id="246" sentence="17" number="245">that</token>
<token t_id="247" sentence="17" number="246">the</token>
<token t_id="248" sentence="17" number="247">military</token>
<token t_id="249" sentence="17" number="248">authorities</token>
<token t_id="250" sentence="17" number="249">were</token>
<token t_id="251" sentence="17" number="250">endeavouring</token>
<token t_id="252" sentence="17" number="251">to</token>
<token t_id="253" sentence="17" number="252">make</token>
<token t_id="254" sentence="17" number="253">the</token>
<token t_id="255" sentence="17" number="254">natives</token>
<token t_id="256" sentence="17" number="255">slaves</token>
<token t_id="257" sentence="17" number="256">.</token>
<token t_id="258" sentence="18" number="257">The</token>
<token t_id="259" sentence="18" number="258">government</token>
<token t_id="260" sentence="18" number="259">of</token>
<token t_id="261" sentence="18" number="260">the</token>
<token t_id="262" sentence="18" number="261">tribe</token>
<token t_id="263" sentence="18" number="262">has</token>
<token t_id="264" sentence="18" number="263">been</token>
<token t_id="265" sentence="18" number="264">given</token>
<token t_id="266" sentence="18" number="265">over</token>
<token t_id="267" sentence="18" number="266">to</token>
<token t_id="268" sentence="18" number="267">two</token>
<token t_id="269" sentence="18" number="268">chief</token>
<token t_id="270" sentence="18" number="269">councillors</token>
<token t_id="271" sentence="18" number="270">,</token>
<token t_id="272" sentence="18" number="271">and</token>
<token t_id="273" sentence="18" number="272">a</token>
<token t_id="274" sentence="18" number="273">better</token>
<token t_id="275" sentence="18" number="274">feeling</token>
<token t_id="276" sentence="18" number="275">is</token>
<token t_id="277" sentence="18" number="276">already</token>
<token t_id="278" sentence="18" number="277">being</token>
<token t_id="279" sentence="18" number="278">established</token>
<token t_id="280" sentence="18" number="279">.</token>
<token t_id="281" sentence="19" number="280">Adverting</token>
<token t_id="282" sentence="19" number="281">to</token>
<token t_id="283" sentence="19" number="282">my</token>
<token t_id="284" sentence="19" number="283">telegram</token>
<token t_id="285" sentence="19" number="284">describing</token>
<token t_id="286" sentence="19" number="285">the</token>
<token t_id="287" sentence="19" number="286">Game</token>
<token t_id="288" sentence="19" number="287">Tree</token>
<token t_id="289" sentence="19" number="288">fight</token>
<token t_id="290" sentence="19" number="289">,</token>
<token t_id="291" sentence="19" number="290">there</token>
<token t_id="292" sentence="19" number="291">is</token>
<token t_id="293" sentence="19" number="292">no</token>
<token t_id="294" sentence="19" number="293">longer</token>
<token t_id="295" sentence="19" number="294">any</token>
<token t_id="296" sentence="19" number="295">doubt</token>
<token t_id="297" sentence="19" number="296">that</token>
<token t_id="298" sentence="19" number="297">the</token>
<token t_id="299" sentence="19" number="298">Boers</token>
<token t_id="300" sentence="19" number="299">used</token>
<token t_id="301" sentence="19" number="300">explosive</token>
<token t_id="302" sentence="19" number="301">bullets</token>
<token t_id="303" sentence="19" number="302">.</token>
<token t_id="304" sentence="20" number="303">The</token>
<token t_id="305" sentence="20" number="304">strictest</token>
<token t_id="306" sentence="20" number="305">and</token>
<token t_id="307" sentence="20" number="306">most</token>
<token t_id="308" sentence="20" number="307">impartial</token>
<token t_id="309" sentence="20" number="308">inquiry</token>
<token t_id="310" sentence="20" number="309">has</token>
<token t_id="311" sentence="20" number="310">been</token>
<token t_id="312" sentence="20" number="311">held</token>
<token t_id="313" sentence="20" number="312">among</token>
<token t_id="314" sentence="20" number="313">troopers</token>
<token t_id="315" sentence="20" number="314">and</token>
<token t_id="316" sentence="20" number="315">officers</token>
<token t_id="317" sentence="20" number="316">,</token>
<token t_id="318" sentence="20" number="317">the</token>
<token t_id="319" sentence="20" number="318">results</token>
<token t_id="320" sentence="20" number="319">of</token>
<token t_id="321" sentence="20" number="320">which</token>
<token t_id="322" sentence="20" number="321">have</token>
<token t_id="323" sentence="20" number="322">been</token>
<token t_id="324" sentence="20" number="323">embodied</token>
<token t_id="325" sentence="20" number="324">in</token>
<token t_id="326" sentence="20" number="325">a</token>
<token t_id="327" sentence="20" number="326">report</token>
<token t_id="328" sentence="20" number="327">.</token>
<token t_id="329" sentence="21" number="328">I</token>
<token t_id="330" sentence="21" number="329">have</token>
<token t_id="331" sentence="21" number="330">interviewed</token>
<token t_id="332" sentence="21" number="331">Surgeon-Major</token>
<token t_id="333" sentence="21" number="332">Anderson</token>
<token t_id="334" sentence="21" number="333">,</token>
<token t_id="335" sentence="21" number="334">an</token>
<token t_id="336" sentence="21" number="335">Imperial</token>
<token t_id="337" sentence="21" number="336">Service</token>
<token t_id="338" sentence="21" number="337">officer</token>
<token t_id="339" sentence="21" number="338">sent</token>
<token t_id="340" sentence="21" number="339">out</token>
<token t_id="341" sentence="21" number="340">by</token>
<token t_id="342" sentence="21" number="341">the</token>
<token t_id="343" sentence="21" number="342">Director</token>
<token t_id="344" sentence="21" number="343">of</token>
<token t_id="345" sentence="21" number="344">Hospitals</token>
<token t_id="346" sentence="21" number="345">to</token>
<token t_id="347" sentence="21" number="346">Colonel</token>
<token t_id="348" sentence="21" number="347">Baden-Powell</token>
<token t_id="349" sentence="21" number="348">'s</token>
<token t_id="350" sentence="21" number="349">force</token>
<token t_id="351" sentence="21" number="350">,</token>
<token t_id="352" sentence="21" number="351">who</token>
<token t_id="353" sentence="21" number="352">authorizes</token>
<token t_id="354" sentence="21" number="353">me</token>
<token t_id="355" sentence="21" number="354">to</token>
<token t_id="356" sentence="21" number="355">say</token>
<token t_id="357" sentence="21" number="356">that</token>
<token t_id="358" sentence="21" number="357">the</token>
<token t_id="359" sentence="21" number="358">wounds</token>
<token t_id="360" sentence="21" number="359">inflicted</token>
<token t_id="361" sentence="21" number="360">were</token>
<token t_id="362" sentence="21" number="361">altogether</token>
<token t_id="363" sentence="21" number="362">different</token>
<token t_id="364" sentence="21" number="363">to</token>
<token t_id="365" sentence="21" number="364">previous</token>
<token t_id="366" sentence="21" number="365">experience</token>
<token t_id="367" sentence="21" number="366">in</token>
<token t_id="368" sentence="21" number="367">Egypt</token>
<token t_id="369" sentence="21" number="368">and</token>
<token t_id="370" sentence="21" number="369">in</token>
<token t_id="371" sentence="21" number="370">India</token>
<token t_id="372" sentence="21" number="371">,</token>
<token t_id="373" sentence="21" number="372">and</token>
<token t_id="374" sentence="21" number="373">that</token>
<token t_id="375" sentence="21" number="374">it</token>
<token t_id="376" sentence="21" number="375">was</token>
<token t_id="377" sentence="21" number="376">impossible</token>
<token t_id="378" sentence="21" number="377">they</token>
<token t_id="379" sentence="21" number="378">could</token>
<token t_id="380" sentence="21" number="379">have</token>
<token t_id="381" sentence="21" number="380">been</token>
<token t_id="382" sentence="21" number="381">produced</token>
<token t_id="383" sentence="21" number="382">by</token>
<token t_id="384" sentence="21" number="383">Martini</token>
<token t_id="385" sentence="21" number="384">or</token>
<token t_id="386" sentence="21" number="385">Mauser</token>
<token t_id="387" sentence="21" number="386">bullets</token>
<token t_id="388" sentence="21" number="387">,</token>
<token t_id="389" sentence="21" number="388">though</token>
<token t_id="390" sentence="21" number="389">perhaps</token>
<token t_id="391" sentence="21" number="390">they</token>
<token t_id="392" sentence="21" number="391">might</token>
<token t_id="393" sentence="21" number="392">have</token>
<token t_id="394" sentence="21" number="393">been</token>
<token t_id="395" sentence="21" number="394">caused</token>
<token t_id="396" sentence="21" number="395">by</token>
<token t_id="397" sentence="21" number="396">Snider</token>
<token t_id="398" sentence="21" number="397">ones</token>
<token t_id="399" sentence="21" number="398">,</token>
<token t_id="400" sentence="21" number="399">but</token>
<token t_id="401" sentence="21" number="400">from</token>
<token t_id="402" sentence="21" number="401">a</token>
<token t_id="403" sentence="21" number="402">scrutiny</token>
<token t_id="404" sentence="21" number="403">of</token>
<token t_id="405" sentence="21" number="404">the</token>
<token t_id="406" sentence="21" number="405">wounds</token>
<token t_id="407" sentence="21" number="406">made</token>
<token t_id="408" sentence="21" number="407">while</token>
<token t_id="409" sentence="21" number="408">dressing</token>
<token t_id="410" sentence="21" number="409">them</token>
<token t_id="411" sentence="21" number="410">in</token>
<token t_id="412" sentence="21" number="411">hospital</token>
<token t_id="413" sentence="21" number="412">here</token>
<token t_id="414" sentence="21" number="413">he</token>
<token t_id="415" sentence="21" number="414">has</token>
<token t_id="416" sentence="21" number="415">no</token>
<token t_id="417" sentence="21" number="416">doubt</token>
<token t_id="418" sentence="21" number="417">in</token>
<token t_id="419" sentence="21" number="418">his</token>
<token t_id="420" sentence="21" number="419">own</token>
<token t_id="421" sentence="21" number="420">mind</token>
<token t_id="422" sentence="21" number="421">that</token>
<token t_id="423" sentence="21" number="422">bullets</token>
<token t_id="424" sentence="21" number="423">of</token>
<token t_id="425" sentence="21" number="424">an</token>
<token t_id="426" sentence="21" number="425">explosive</token>
<token t_id="427" sentence="21" number="426">character</token>
<token t_id="428" sentence="21" number="427">were</token>
<token t_id="429" sentence="21" number="428">used</token>
<token t_id="430" sentence="21" number="429">by</token>
<token t_id="431" sentence="21" number="430">the</token>
<token t_id="432" sentence="21" number="431">Boers</token>
<token t_id="433" sentence="21" number="432">.</token>
<token t_id="434" sentence="22" number="433">By</token>
<token t_id="435" sentence="22" number="434">Runner</token>
<token t_id="436" sentence="22" number="435">via</token>
<token t_id="437" sentence="22" number="436">Mochudi</token>
<token t_id="438" sentence="22" number="437">,</token>
<token t_id="439" sentence="22" number="438">Jan.</token>
<token t_id="440" sentence="22" number="439">18</token>
<token t_id="441" sentence="22" number="440">.</token>


<Markables>
<EVENT_MENTION m_id="33" factuality="" modality="" pred="" pos="" aspect="" certainty="" comment="" class="COMMUNICATION" tense="" polarity=""  >
<token_anchor t_id="240"/>
</EVENT_MENTION>
<EVENT_MENTION m_id="1" factuality="" modality="" pred="" pos="" aspect="" certainty="" comment="" class="HOSTILITY" tense="" polarity=""  >
<token_anchor t_id="5"/>
</EVENT_MENTION>
<EVENT_MENTION m_id="34" factuality="" modality="" pred="" pos="" aspect="" certainty="" comment="" class="GENERAL" tense="" polarity=""  >
<token_anchor t_id="251"/>
</EVENT_MENTION>
<EVENT_MENTION m_id="2" factuality="" modality="" pred="" pos="" aspect="" certainty="" comment="" class="POSSESSION" tense="" polarity=""  >
<token_anchor t_id="23"/>
</EVENT_MENTION>
<EVENT_MENTION m_id="35" factuality="" modality="" pred="" pos="" aspect="" certainty="" comment="" class="GENERAL" tense="" polarity=""  >
<token_anchor t_id="279"/>
</EVENT_MENTION>
<EVENT_MENTION m_id="3" factuality="" modality="" pred="" pos="" aspect="" certainty="" comment="" class="HOSTILITY" tense="" polarity=""  >
<token_anchor t_id="46"/>
</EVENT_MENTION>
<EVENT_MENTION m_id="36" factuality="" modality="" pred="" pos="" aspect="" certainty="" comment="" class="POSSESSION" tense="" polarity=""  >
<token_anchor t_id="265"/>
<token_anchor t_id="266"/>
</EVENT_MENTION>
<EVENT_MENTION m_id="4" factuality="" modality="" pred="" pos="" aspect="" certainty="" comment="" class="TIME" tense="" polarity=""  >
<token_anchor t_id="49"/>
</EVENT_MENTION>
<EVENT_MENTION m_id="37" factuality="" modality="" pred="" pos="" aspect="" certainty="" comment="" class="COMMUNICATION" tense="" polarity=""  >
<token_anchor t_id="281"/>
</EVENT_MENTION>
<EVENT_MENTION m_id="5" factuality="" modality="" pred="" pos="" aspect="" certainty="" comment="" class="HOSTILITY" tense="" polarity=""  >
<token_anchor t_id="66"/>
</EVENT_MENTION>
<EVENT_MENTION m_id="38" factuality="" modality="" pred="" pos="" aspect="" certainty="" comment="" class="COMMUNICATION" tense="" polarity=""  >
<token_anchor t_id="285"/>
</EVENT_MENTION>
<EVENT_MENTION m_id="6" factuality="" modality="" pred="" pos="" aspect="" certainty="" comment="" class="HOSTILITY" tense="" polarity=""  >
<token_anchor t_id="59"/>
</EVENT_MENTION>
<EVENT_MENTION m_id="39" factuality="" modality="" pred="" pos="" aspect="" certainty="" comment="" class="HOSTILITY" tense="" polarity=""  >
<token_anchor t_id="289"/>
</EVENT_MENTION>
<EVENT_MENTION m_id="7" factuality="" modality="" pred="" pos="" aspect="" certainty="" comment="" class="GENERAL" tense="" polarity=""  >
<token_anchor t_id="76"/>
</EVENT_MENTION>
<EVENT_MENTION m_id="40" factuality="" modality="" pred="" pos="" aspect="" certainty="" comment="" class="EXISTENCE-CAUSATION" tense="" polarity=""  >
<token_anchor t_id="292"/>
</EVENT_MENTION>
<EVENT_MENTION m_id="8" factuality="" modality="" pred="" pos="" aspect="" certainty="" comment="" class="EXISTENCE-CAUSATION" tense="" polarity=""  >
<token_anchor t_id="78"/>
</EVENT_MENTION>
<EVENT_MENTION m_id="41" factuality="" modality="" pred="" pos="" aspect="" certainty="" comment="" class="GENERAL" tense="" polarity=""  >
<token_anchor t_id="300"/>
</EVENT_MENTION>
<EVENT_MENTION m_id="9" factuality="" modality="" pred="" pos="" aspect="" certainty="" comment="" class="HOSTILITY" tense="" polarity=""  >
<token_anchor t_id="107"/>
</EVENT_MENTION>
<EVENT_MENTION m_id="42" factuality="" modality="" pred="" pos="" aspect="" certainty="" comment="" class="COMMUNICATION" tense="" polarity=""  >
<token_anchor t_id="309"/>
<token_anchor t_id="312"/>
</EVENT_MENTION>
<EVENT_MENTION m_id="10" factuality="" modality="" pred="" pos="" aspect="" certainty="" comment="" class="GENERAL" tense="" polarity=""  >
<token_anchor t_id="105"/>
</EVENT_MENTION>
<EVENT_MENTION m_id="43" factuality="" modality="" pred="" pos="" aspect="" certainty="" comment="" class="GENERAL" tense="" polarity=""  >
<token_anchor t_id="324"/>
</EVENT_MENTION>
<EVENT_MENTION m_id="11" factuality="" modality="" pred="" pos="" aspect="" certainty="" comment="" class="MENTAL" tense="" polarity=""  >
<token_anchor t_id="101"/>
</EVENT_MENTION>
<EVENT_MENTION m_id="44" factuality="" modality="" pred="" pos="" aspect="" certainty="" comment="" class="COMMUNICATION" tense="" polarity=""  >
<token_anchor t_id="331"/>
</EVENT_MENTION>
<EVENT_MENTION m_id="12" factuality="" modality="" pred="" pos="" aspect="" certainty="" comment="" class="SPACE-MOVEMENT" tense="" polarity=""  >
<token_anchor t_id="114"/>
</EVENT_MENTION>
<EVENT_MENTION m_id="45" factuality="" modality="" pred="" pos="" aspect="" certainty="" comment="" class="SPACE-MOVEMENT" tense="" polarity=""  >
<token_anchor t_id="339"/>
<token_anchor t_id="340"/>
</EVENT_MENTION>
<EVENT_MENTION m_id="13" factuality="" modality="" pred="" pos="" aspect="" certainty="" comment="" class="HOSTILITY" tense="" polarity=""  >
<token_anchor t_id="116"/>
</EVENT_MENTION>
<EVENT_MENTION m_id="46" factuality="" modality="" pred="" pos="" aspect="" certainty="" comment="" class="AUTHORITY-LAW" tense="" polarity=""  >
<token_anchor t_id="353"/>
</EVENT_MENTION>
<EVENT_MENTION m_id="14" factuality="" modality="" pred="" pos="" aspect="" certainty="" comment="" class="LIFE-HEALTH" tense="" polarity=""  >
<token_anchor t_id="133"/>
</EVENT_MENTION>
<EVENT_MENTION m_id="47" factuality="" modality="" pred="" pos="" aspect="" certainty="" comment="" class="COMMUNICATION" tense="" polarity=""  >
<token_anchor t_id="356"/>
</EVENT_MENTION>
<EVENT_MENTION m_id="15" factuality="" modality="" pred="" pos="" aspect="" certainty="" comment="" class="LIFE-HEALTH" tense="" polarity=""  >
<token_anchor t_id="136"/>
</EVENT_MENTION>
<EVENT_MENTION m_id="48" factuality="" modality="" pred="" pos="" aspect="" certainty="" comment="" class="GENERAL" tense="" polarity=""  >
<token_anchor t_id="360"/>
</EVENT_MENTION>
<EVENT_MENTION m_id="16" factuality="" modality="" pred="" pos="" aspect="" certainty="" comment="" class="MATTER" tense="" polarity=""  >
<token_anchor t_id="139"/>
</EVENT_MENTION>
<EVENT_MENTION m_id="49" factuality="" modality="" pred="" pos="" aspect="" certainty="" comment="" class="EMOTIONS-EVALUATIONS" tense="" polarity=""  >
<token_anchor t_id="361"/>
<token_anchor t_id="363"/>
</EVENT_MENTION>
<EVENT_MENTION m_id="17" factuality="" modality="" pred="" pos="" aspect="" certainty="" comment="" class="GENERAL" tense="" polarity=""  >
<token_anchor t_id="144"/>
</EVENT_MENTION>
<EVENT_MENTION m_id="50" factuality="" modality="" pred="" pos="" aspect="" certainty="" comment="" class="GENERAL" tense="" polarity=""  >
<token_anchor t_id="366"/>
</EVENT_MENTION>
<EVENT_MENTION m_id="18" factuality="" modality="" pred="" pos="" aspect="" certainty="" comment="" class="MENTAL" tense="" polarity=""  >
<token_anchor t_id="146"/>
</EVENT_MENTION>
<EVENT_MENTION m_id="51" factuality="" modality="" pred="" pos="" aspect="" certainty="" comment="" class="MENTAL" tense="" polarity=""  >
<token_anchor t_id="376"/>
<token_anchor t_id="377"/>
</EVENT_MENTION>
<EVENT_MENTION m_id="19" factuality="" modality="" pred="" pos="" aspect="" certainty="" comment="" class="HOSTILITY" tense="" polarity=""  >
<token_anchor t_id="150"/>
</EVENT_MENTION>
<EVENT_MENTION m_id="20" factuality="" modality="" pred="" pos="" aspect="" certainty="" comment="" class="GENERAL" tense="" polarity=""  >
<token_anchor t_id="164"/>
</EVENT_MENTION>
<EVENT_MENTION m_id="52" factuality="" modality="" pred="" pos="" aspect="" certainty="" comment="" class="GENERAL" tense="" polarity=""  >
<token_anchor t_id="382"/>
</EVENT_MENTION>
<EVENT_MENTION m_id="21" factuality="" modality="" pred="" pos="" aspect="" certainty="" comment="" class="GENERAL" tense="" polarity=""  >
<token_anchor t_id="166"/>
</EVENT_MENTION>
<EVENT_MENTION m_id="53" factuality="" modality="" pred="" pos="" aspect="" certainty="" comment="" class="EXISTENCE-CAUSATION" tense="" polarity=""  >
<token_anchor t_id="395"/>
</EVENT_MENTION>
<EVENT_MENTION m_id="22" factuality="" modality="" pred="" pos="" aspect="" certainty="" comment="" class="MENTAL" tense="" polarity=""  >
<token_anchor t_id="159"/>
<token_anchor t_id="162"/>
</EVENT_MENTION>
<EVENT_MENTION m_id="54" factuality="" modality="" pred="" pos="" aspect="" certainty="" comment="" class="PHYSICAL SENSATIONS" tense="" polarity=""  >
<token_anchor t_id="403"/>
</EVENT_MENTION>
<EVENT_MENTION m_id="23" factuality="" modality="" pred="" pos="" aspect="" certainty="" comment="" class="COMMUNICATION" tense="" polarity=""  >
<token_anchor t_id="182"/>
</EVENT_MENTION>
<EVENT_MENTION m_id="55" factuality="" modality="" pred="" pos="" aspect="" certainty="" comment="" class="CLOTHES" tense="" polarity=""  >
<token_anchor t_id="409"/>
</EVENT_MENTION>
<EVENT_MENTION m_id="24" factuality="" modality="" pred="" pos="" aspect="" certainty="" comment="" class="MENTAL" tense="" polarity=""  >
<token_anchor t_id="185"/>
<token_anchor t_id="186"/>
</EVENT_MENTION>
<EVENT_MENTION m_id="56" factuality="" modality="" pred="" pos="" aspect="" certainty="" comment="" class="MENTAL" tense="" polarity=""  >
<token_anchor t_id="415"/>
<token_anchor t_id="416"/>
<token_anchor t_id="417"/>
</EVENT_MENTION>
<EVENT_MENTION m_id="25" factuality="" modality="" pred="" pos="" aspect="" certainty="" comment="" class="MENTAL" tense="" polarity=""  >
<token_anchor t_id="188"/>
<token_anchor t_id="189"/>
</EVENT_MENTION>
<EVENT_MENTION m_id="57" factuality="" modality="" pred="" pos="" aspect="" certainty="" comment="" class="GENERAL" tense="" polarity=""  >
<token_anchor t_id="429"/>
</EVENT_MENTION>
<EVENT_MENTION m_id="26" factuality="" modality="" pred="" pos="" aspect="" certainty="" comment="" class="EMOTIONS-EVALUATIONS" tense="" polarity=""  >
<token_anchor t_id="203"/>
<token_anchor t_id="204"/>
</EVENT_MENTION>
<EVENT_MENTION m_id="58" factuality="" modality="" pred="" pos="" aspect="" certainty="" comment="" class="MENTAL" tense="" polarity=""  >
<token_anchor t_id="296"/>
</EVENT_MENTION>
<EVENT_MENTION m_id="27" factuality="" modality="" pred="" pos="" aspect="" certainty="" comment="" class="GENERAL" tense="" polarity=""  >
<token_anchor t_id="194"/>
</EVENT_MENTION>
<EVENT_MENTION m_id="59" factuality="" modality="" pred="" pos="" aspect="" certainty="" comment="" class="TRADE-WORK" tense="" polarity=""  >
<token_anchor t_id="253"/>
<token_anchor t_id="256"/>
</EVENT_MENTION>
<EVENT_MENTION m_id="28" factuality="" modality="" pred="" pos="" aspect="" certainty="" comment="" class="EMOTIONS-EVALUATIONS" tense="" polarity=""  >
<token_anchor t_id="196"/>
</EVENT_MENTION>
<EVENT_MENTION m_id="60" factuality="" modality="" pred="" pos="" aspect="" certainty="" comment="" class="EXISTENCE-CAUSATION" tense="" polarity=""  >
<token_anchor t_id="407"/>
</EVENT_MENTION>
<EVENT_MENTION m_id="29" factuality="" modality="" pred="" pos="" aspect="" certainty="" comment="" class="EMOTIONS-EVALUATIONS" tense="" polarity=""  >
<token_anchor t_id="198"/>
</EVENT_MENTION>
<EVENT_MENTION m_id="61" factuality="" modality="" pred="" pos="" aspect="" certainty="" comment="" class="EMOTIONS-EVALUATIONS" tense="" polarity=""  >
<token_anchor t_id="275"/>
</EVENT_MENTION>
<EVENT_MENTION m_id="30" factuality="" modality="" pred="" pos="" aspect="" certainty="" comment="" class="AUTHORITY-LAW" tense="" polarity=""  >
<token_anchor t_id="216"/>
</EVENT_MENTION>
<EVENT_MENTION m_id="31" factuality="" modality="" pred="" pos="" aspect="" certainty="" comment="" class="POSSESSION" tense="" polarity=""  >
<token_anchor t_id="228"/>
</EVENT_MENTION>
<EVENT_MENTION m_id="32" factuality="" modality="" pred="" pos="" aspect="" certainty="" comment="" class="EMOTIONS-EVALUATIONS" tense="" polarity=""  >
<token_anchor t_id="236"/>
<token_anchor t_id="237"/>
</EVENT_MENTION>


</Markables>

<Relations>
</Relations>
</Document>
