<Document doc_name="The_Child_Market_in_Germany.txt">
<token t_id="1" sentence="0" number="0">April</token>
<token t_id="2" sentence="0" number="1">17</token>
<token t_id="3" sentence="0" number="2">,</token>
<token t_id="4" sentence="0" number="3">1908</token>
<token t_id="5" sentence="1" number="4">The</token>
<token t_id="6" sentence="1" number="5">Child</token>
<token t_id="7" sentence="1" number="6">Market</token>
<token t_id="8" sentence="1" number="7">in</token>
<token t_id="9" sentence="1" number="8">Germany</token>
<token t_id="10" sentence="2" number="9">THAT</token>
<token t_id="11" sentence="2" number="10">MUST</token>
<token t_id="12" sentence="2" number="11">HAVE</token>
<token t_id="13" sentence="2" number="12">BEEN</token>
<token t_id="14" sentence="2" number="13">A</token>
<token t_id="15" sentence="2" number="14">SAD</token>
<token t_id="16" sentence="2" number="15">SIGHT</token>
<token t_id="17" sentence="2" number="16">THE</token>
<token t_id="18" sentence="2" number="17">OTHER</token>
<token t_id="19" sentence="2" number="18">DAY</token>
<token t_id="20" sentence="2" number="19">IN</token>
<token t_id="21" sentence="2" number="20">Friedrichshafen</token>
<token t_id="22" sentence="2" number="21">,</token>
<token t_id="23" sentence="2" number="22">Germany</token>
<token t_id="24" sentence="2" number="23">,</token>
<token t_id="25" sentence="2" number="24">when</token>
<token t_id="26" sentence="2" number="25">the</token>
<token t_id="27" sentence="2" number="26">century-old</token>
<token t_id="28" sentence="2" number="27">child</token>
<token t_id="29" sentence="2" number="28">labor</token>
<token t_id="30" sentence="2" number="29">market</token>
<token t_id="31" sentence="2" number="30">was</token>
<token t_id="32" sentence="2" number="31">resumed</token>
<token t_id="33" sentence="2" number="32">.</token>
<token t_id="34" sentence="3" number="33">Exposed</token>
<token t_id="35" sentence="3" number="34">advantageously</token>
<token t_id="36" sentence="3" number="35">in</token>
<token t_id="37" sentence="3" number="36">a</token>
<token t_id="38" sentence="3" number="37">public</token>
<token t_id="39" sentence="3" number="38">place</token>
<token t_id="40" sentence="3" number="39">,</token>
<token t_id="41" sentence="3" number="40">three</token>
<token t_id="42" sentence="3" number="41">or</token>
<token t_id="43" sentence="3" number="42">four</token>
<token t_id="44" sentence="3" number="43">hundred</token>
<token t_id="45" sentence="3" number="44">boys</token>
<token t_id="46" sentence="3" number="45">and</token>
<token t_id="47" sentence="3" number="46">girls</token>
<token t_id="48" sentence="3" number="47">were</token>
<token t_id="49" sentence="3" number="48">to</token>
<token t_id="50" sentence="3" number="49">be</token>
<token t_id="51" sentence="3" number="50">seen</token>
<token t_id="52" sentence="3" number="51">–</token>
<token t_id="53" sentence="3" number="52">none</token>
<token t_id="54" sentence="3" number="53">of</token>
<token t_id="55" sentence="3" number="54">them</token>
<token t_id="56" sentence="3" number="55">more</token>
<token t_id="57" sentence="3" number="56">than</token>
<token t_id="58" sentence="3" number="57">fourteen</token>
<token t_id="59" sentence="3" number="58">years</token>
<token t_id="60" sentence="3" number="59">of</token>
<token t_id="61" sentence="3" number="60">age</token>
<token t_id="62" sentence="3" number="61">–</token>
<token t_id="63" sentence="3" number="62">to</token>
<token t_id="64" sentence="3" number="63">be</token>
<token t_id="65" sentence="3" number="64">sent</token>
<token t_id="66" sentence="3" number="65">out</token>
<token t_id="67" sentence="3" number="66">into</token>
<token t_id="68" sentence="3" number="67">a</token>
<token t_id="69" sentence="3" number="68">seven-months</token>
<token t_id="70" sentence="3" number="69">bondage</token>
<token t_id="71" sentence="3" number="70">to</token>
<token t_id="72" sentence="3" number="71">the</token>
<token t_id="73" sentence="3" number="72">highest</token>
<token t_id="74" sentence="3" number="73">bidders</token>
<token t_id="75" sentence="3" number="74">.</token>
<token t_id="76" sentence="4" number="75">Intensely</token>
<token t_id="77" sentence="4" number="76">humiliating</token>
<token t_id="78" sentence="4" number="77">it</token>
<token t_id="79" sentence="4" number="78">must</token>
<token t_id="80" sentence="4" number="79">have</token>
<token t_id="81" sentence="4" number="80">been</token>
<token t_id="82" sentence="4" number="81">to</token>
<token t_id="83" sentence="4" number="82">these</token>
<token t_id="84" sentence="4" number="83">little</token>
<token t_id="85" sentence="4" number="84">people</token>
<token t_id="86" sentence="4" number="85">to</token>
<token t_id="87" sentence="4" number="86">be</token>
<token t_id="88" sentence="4" number="87">scrutinised</token>
<token t_id="89" sentence="4" number="88">by</token>
<token t_id="90" sentence="4" number="89">bull-necked</token>
<token t_id="91" sentence="4" number="90">farmers</token>
<token t_id="92" sentence="4" number="91">;</token>
<token t_id="93" sentence="4" number="92">to</token>
<token t_id="94" sentence="4" number="93">be</token>
<token t_id="95" sentence="4" number="94">pinched</token>
<token t_id="96" sentence="4" number="95">and</token>
<token t_id="97" sentence="4" number="96">poked</token>
<token t_id="98" sentence="4" number="97">;</token>
<token t_id="99" sentence="4" number="98">have</token>
<token t_id="100" sentence="4" number="99">their</token>
<token t_id="101" sentence="4" number="100">merits</token>
<token t_id="102" sentence="4" number="101">or</token>
<token t_id="103" sentence="4" number="102">demerits</token>
<token t_id="104" sentence="4" number="103">discussed</token>
<token t_id="105" sentence="4" number="104">for</token>
<token t_id="106" sentence="4" number="105">all</token>
<token t_id="107" sentence="4" number="106">the</token>
<token t_id="108" sentence="4" number="107">world</token>
<token t_id="109" sentence="4" number="108">as</token>
<token t_id="110" sentence="4" number="109">if</token>
<token t_id="111" sentence="4" number="110">they</token>
<token t_id="112" sentence="4" number="111">were</token>
<token t_id="113" sentence="4" number="112">a</token>
<token t_id="114" sentence="4" number="113">lot</token>
<token t_id="115" sentence="4" number="114">of</token>
<token t_id="116" sentence="4" number="115">calves</token>
<token t_id="117" sentence="4" number="116">or</token>
<token t_id="118" sentence="4" number="117">chickens</token>
<token t_id="119" sentence="4" number="118">.</token>
<token t_id="120" sentence="5" number="119">The</token>
<token t_id="121" sentence="5" number="120">less</token>
<token t_id="122" sentence="5" number="121">attractive</token>
<token t_id="123" sentence="5" number="122">of</token>
<token t_id="124" sentence="5" number="123">the</token>
<token t_id="125" sentence="5" number="124">outfit</token>
<token t_id="126" sentence="5" number="125">were</token>
<token t_id="127" sentence="5" number="126">sold</token>
<token t_id="128" sentence="5" number="127">cheap</token>
<token t_id="129" sentence="5" number="128">and</token>
<token t_id="130" sentence="5" number="129">at</token>
<token t_id="131" sentence="5" number="130">bargain</token>
<token t_id="132" sentence="5" number="131">prices</token>
<token t_id="133" sentence="5" number="132">–</token>
<token t_id="134" sentence="5" number="133">probably</token>
<token t_id="135" sentence="5" number="134">to</token>
<token t_id="136" sentence="5" number="135">the</token>
<token t_id="137" sentence="5" number="136">more</token>
<token t_id="138" sentence="5" number="137">ignorant</token>
<token t_id="139" sentence="5" number="138">,</token>
<token t_id="140" sentence="5" number="139">miserly</token>
<token t_id="141" sentence="5" number="140">and</token>
<token t_id="142" sentence="5" number="141">grasping</token>
<token t_id="143" sentence="5" number="142">of</token>
<token t_id="144" sentence="5" number="143">the</token>
<token t_id="145" sentence="5" number="144">frontier</token>
<token t_id="146" sentence="5" number="145">farmers</token>
<token t_id="147" sentence="5" number="146">.</token>
<token t_id="148" sentence="6" number="147">Once</token>
<token t_id="149" sentence="6" number="148">bound</token>
<token t_id="150" sentence="6" number="149">over</token>
<token t_id="151" sentence="6" number="150">in</token>
<token t_id="152" sentence="6" number="151">this</token>
<token t_id="153" sentence="6" number="152">temporary</token>
<token t_id="154" sentence="6" number="153">servitude</token>
<token t_id="155" sentence="6" number="154">,</token>
<token t_id="156" sentence="6" number="155">there</token>
<token t_id="157" sentence="6" number="156">was</token>
<token t_id="158" sentence="6" number="157">no</token>
<token t_id="159" sentence="6" number="158">law</token>
<token t_id="160" sentence="6" number="159">to</token>
<token t_id="161" sentence="6" number="160">protect</token>
<token t_id="162" sentence="6" number="161">them</token>
<token t_id="163" sentence="6" number="162">.</token>
<token t_id="164" sentence="7" number="163">As</token>
<token t_id="165" sentence="7" number="164">their</token>
<token t_id="166" sentence="7" number="165">masters</token>
<token t_id="167" sentence="7" number="166">directed</token>
<token t_id="168" sentence="7" number="167">,</token>
<token t_id="169" sentence="7" number="168">they</token>
<token t_id="170" sentence="7" number="169">could</token>
<token t_id="171" sentence="7" number="170">be</token>
<token t_id="172" sentence="7" number="171">used</token>
<token t_id="173" sentence="7" number="172">for</token>
<token t_id="174" sentence="7" number="173">"</token>
<token t_id="175" sentence="7" number="174">cattle</token>
<token t_id="176" sentence="7" number="175">herding</token>
<token t_id="177" sentence="7" number="176">,</token>
<token t_id="178" sentence="7" number="177">housework</token>
<token t_id="179" sentence="7" number="178">,</token>
<token t_id="180" sentence="7" number="179">stable</token>
<token t_id="181" sentence="7" number="180">cleaning</token>
<token t_id="182" sentence="7" number="181">,</token>
<token t_id="183" sentence="7" number="182">nursing</token>
<token t_id="184" sentence="7" number="183">children</token>
<token t_id="185" sentence="7" number="184">,</token>
<token t_id="186" sentence="7" number="185">feeding</token>
<token t_id="187" sentence="7" number="186">cattle</token>
<token t_id="188" sentence="7" number="187">or</token>
<token t_id="189" sentence="7" number="188">running</token>
<token t_id="190" sentence="7" number="189">errands</token>
<token t_id="191" sentence="7" number="190">.</token>
<token t_id="192" sentence="7" number="191">"</token>
<token t_id="193" sentence="8" number="192">They</token>
<token t_id="194" sentence="8" number="193">were</token>
<token t_id="195" sentence="8" number="194">to</token>
<token t_id="196" sentence="8" number="195">become</token>
<token t_id="197" sentence="8" number="196">household</token>
<token t_id="198" sentence="8" number="197">and</token>
<token t_id="199" sentence="8" number="198">farm</token>
<token t_id="200" sentence="8" number="199">drudges</token>
<token t_id="201" sentence="8" number="200">,</token>
<token t_id="202" sentence="8" number="201">were</token>
<token t_id="203" sentence="8" number="202">to</token>
<token t_id="204" sentence="8" number="203">be</token>
<token t_id="205" sentence="8" number="204">denied</token>
<token t_id="206" sentence="8" number="205">all</token>
<token t_id="207" sentence="8" number="206">the</token>
<token t_id="208" sentence="8" number="207">privileges</token>
<token t_id="209" sentence="8" number="208">of</token>
<token t_id="210" sentence="8" number="209">childhood</token>
<token t_id="211" sentence="8" number="210">or</token>
<token t_id="212" sentence="8" number="211">of</token>
<token t_id="213" sentence="8" number="212">freedom</token>
<token t_id="214" sentence="8" number="213">–</token>
<token t_id="215" sentence="8" number="214">were</token>
<token t_id="216" sentence="8" number="215">to</token>
<token t_id="217" sentence="8" number="216">become</token>
<token t_id="218" sentence="8" number="217">the</token>
<token t_id="219" sentence="8" number="218">property</token>
<token t_id="220" sentence="8" number="219">of</token>
<token t_id="221" sentence="8" number="220">their</token>
<token t_id="222" sentence="8" number="221">virtual</token>
<token t_id="223" sentence="8" number="222">owners</token>
<token t_id="224" sentence="8" number="223">,</token>
<token t_id="225" sentence="8" number="224">duly</token>
<token t_id="226" sentence="8" number="225">paid</token>
<token t_id="227" sentence="8" number="226">for</token>
<token t_id="228" sentence="8" number="227">,</token>
<token t_id="229" sentence="8" number="228">articles</token>
<token t_id="230" sentence="8" number="229">and</token>
<token t_id="231" sentence="8" number="230">receipted</token>
<token t_id="232" sentence="8" number="231">.</token>
<token t_id="233" sentence="9" number="232">And</token>
<token t_id="234" sentence="9" number="233">for</token>
<token t_id="235" sentence="9" number="234">this</token>
<token t_id="236" sentence="9" number="235">transaction</token>
<token t_id="237" sentence="9" number="236">the</token>
<token t_id="238" sentence="9" number="237">parents</token>
<token t_id="239" sentence="9" number="238">received</token>
<token t_id="240" sentence="9" number="239">sums</token>
<token t_id="241" sentence="9" number="240">ranging</token>
<token t_id="242" sentence="9" number="241">from</token>
<token t_id="243" sentence="9" number="242">$</token>
<token t_id="244" sentence="9" number="243">12.50</token>
<token t_id="245" sentence="9" number="244">to</token>
<token t_id="246" sentence="9" number="245">$</token>
<token t_id="247" sentence="9" number="246">20</token>
<token t_id="248" sentence="9" number="247">.</token>
<token t_id="249" sentence="10" number="248">In</token>
<token t_id="250" sentence="10" number="249">America</token>
<token t_id="251" sentence="10" number="250">we</token>
<token t_id="252" sentence="10" number="251">are</token>
<token t_id="253" sentence="10" number="252">more</token>
<token t_id="254" sentence="10" number="253">refined</token>
<token t_id="255" sentence="10" number="254">in</token>
<token t_id="256" sentence="10" number="255">matters</token>
<token t_id="257" sentence="10" number="256">of</token>
<token t_id="258" sentence="10" number="257">this</token>
<token t_id="259" sentence="10" number="258">sort</token>
<token t_id="260" sentence="10" number="259">.</token>
<token t_id="261" sentence="11" number="260">We</token>
<token t_id="262" sentence="11" number="261">do</token>
<token t_id="263" sentence="11" number="262">not</token>
<token t_id="264" sentence="11" number="263">ostentatiously</token>
<token t_id="265" sentence="11" number="264">sell</token>
<token t_id="266" sentence="11" number="265">our</token>
<token t_id="267" sentence="11" number="266">children</token>
<token t_id="268" sentence="11" number="267">into</token>
<token t_id="269" sentence="11" number="268">slavery</token>
<token t_id="270" sentence="11" number="269">.</token>
<token t_id="271" sentence="12" number="270">There</token>
<token t_id="272" sentence="12" number="271">is</token>
<token t_id="273" sentence="12" number="272">no</token>
<token t_id="274" sentence="12" number="273">public</token>
<token t_id="275" sentence="12" number="274">market</token>
<token t_id="276" sentence="12" number="275">as</token>
<token t_id="277" sentence="12" number="276">there</token>
<token t_id="278" sentence="12" number="277">is</token>
<token t_id="279" sentence="12" number="278">for</token>
<token t_id="280" sentence="12" number="279">flowers</token>
<token t_id="281" sentence="12" number="280">,</token>
<token t_id="282" sentence="12" number="281">cattle</token>
<token t_id="283" sentence="12" number="282">,</token>
<token t_id="284" sentence="12" number="283">or</token>
<token t_id="285" sentence="12" number="284">vegetables</token>
<token t_id="286" sentence="12" number="285">.</token>
<token t_id="287" sentence="13" number="286">We</token>
<token t_id="288" sentence="13" number="287">would</token>
<token t_id="289" sentence="13" number="288">revolt</token>
<token t_id="290" sentence="13" number="289">at</token>
<token t_id="291" sentence="13" number="290">the</token>
<token t_id="292" sentence="13" number="291">very</token>
<token t_id="293" sentence="13" number="292">idea</token>
<token t_id="294" sentence="13" number="293">.</token>
<token t_id="295" sentence="14" number="294">Yet</token>
<token t_id="296" sentence="14" number="295">,</token>
<token t_id="297" sentence="14" number="296">who</token>
<token t_id="298" sentence="14" number="297">can</token>
<token t_id="299" sentence="14" number="298">see</token>
<token t_id="300" sentence="14" number="299">the</token>
<token t_id="301" sentence="14" number="300">children</token>
<token t_id="302" sentence="14" number="301">trooping</token>
<token t_id="303" sentence="14" number="302">home</token>
<token t_id="304" sentence="14" number="303">from</token>
<token t_id="305" sentence="14" number="304">the</token>
<token t_id="306" sentence="14" number="305">factory</token>
<token t_id="307" sentence="14" number="306">,</token>
<token t_id="308" sentence="14" number="307">carrying</token>
<token t_id="309" sentence="14" number="308">their</token>
<token t_id="310" sentence="14" number="309">little</token>
<token t_id="311" sentence="14" number="310">dinner</token>
<token t_id="312" sentence="14" number="311">pails</token>
<token t_id="313" sentence="14" number="312">,</token>
<token t_id="314" sentence="14" number="313">their</token>
<token t_id="315" sentence="14" number="314">faces</token>
<token t_id="316" sentence="14" number="315">sad</token>
<token t_id="317" sentence="14" number="316">and</token>
<token t_id="318" sentence="14" number="317">wan</token>
<token t_id="319" sentence="14" number="318">and</token>
<token t_id="320" sentence="14" number="319">pinched</token>
<token t_id="321" sentence="14" number="320">,</token>
<token t_id="322" sentence="14" number="321">without</token>
<token t_id="323" sentence="14" number="322">wondering</token>
<token t_id="324" sentence="14" number="323">who</token>
<token t_id="325" sentence="14" number="324">has</token>
<token t_id="326" sentence="14" number="325">sold</token>
<token t_id="327" sentence="14" number="326">them</token>
<token t_id="328" sentence="14" number="327">to</token>
<token t_id="329" sentence="14" number="328">this</token>
<token t_id="330" sentence="14" number="329">service</token>
<token t_id="331" sentence="14" number="330">?</token>
<token t_id="332" sentence="15" number="331">Their</token>
<token t_id="333" sentence="15" number="332">puny</token>
<token t_id="334" sentence="15" number="333">bodies</token>
<token t_id="335" sentence="15" number="334">are</token>
<token t_id="336" sentence="15" number="335">converted</token>
<token t_id="337" sentence="15" number="336">into</token>
<token t_id="338" sentence="15" number="337">human</token>
<token t_id="339" sentence="15" number="338">machinery</token>
<token t_id="340" sentence="15" number="339">.</token>
<token t_id="341" sentence="16" number="340">They</token>
<token t_id="342" sentence="16" number="341">are</token>
<token t_id="343" sentence="16" number="342">but</token>
<token t_id="344" sentence="16" number="343">so</token>
<token t_id="345" sentence="16" number="344">many</token>
<token t_id="346" sentence="16" number="345">cogs</token>
<token t_id="347" sentence="16" number="346">in</token>
<token t_id="348" sentence="16" number="347">the</token>
<token t_id="349" sentence="16" number="348">remorseless</token>
<token t_id="350" sentence="16" number="349">wheel</token>
<token t_id="351" sentence="16" number="350">of</token>
<token t_id="352" sentence="16" number="351">industry</token>
<token t_id="353" sentence="16" number="352">.</token>
<token t_id="354" sentence="17" number="353">They</token>
<token t_id="355" sentence="17" number="354">are</token>
<token t_id="356" sentence="17" number="355">not</token>
<token t_id="357" sentence="17" number="356">learning</token>
<token t_id="358" sentence="17" number="357">anything</token>
<token t_id="359" sentence="17" number="358">in</token>
<token t_id="360" sentence="17" number="359">the</token>
<token t_id="361" sentence="17" number="360">department</token>
<token t_id="362" sentence="17" number="361">stores</token>
<token t_id="363" sentence="17" number="362">and</token>
<token t_id="364" sentence="17" number="363">the</token>
<token t_id="365" sentence="17" number="364">factories</token>
<token t_id="366" sentence="17" number="365">.</token>
<token t_id="367" sentence="18" number="366">They</token>
<token t_id="368" sentence="18" number="367">are</token>
<token t_id="369" sentence="18" number="368">not</token>
<token t_id="370" sentence="18" number="369">expected</token>
<token t_id="371" sentence="18" number="370">to</token>
<token t_id="372" sentence="18" number="371">develop</token>
<token t_id="373" sentence="18" number="372">skill</token>
<token t_id="374" sentence="18" number="373">.</token>
<token t_id="375" sentence="19" number="374">Their</token>
<token t_id="376" sentence="19" number="375">little</token>
<token t_id="377" sentence="19" number="376">lives</token>
<token t_id="378" sentence="19" number="377">are</token>
<token t_id="379" sentence="19" number="378">consecrated</token>
<token t_id="380" sentence="19" number="379">to</token>
<token t_id="381" sentence="19" number="380">dull</token>
<token t_id="382" sentence="19" number="381">routine</token>
<token t_id="383" sentence="19" number="382">;</token>
<token t_id="384" sentence="19" number="383">the</token>
<token t_id="385" sentence="19" number="384">endless</token>
<token t_id="386" sentence="19" number="385">spinning</token>
<token t_id="387" sentence="19" number="386">and</token>
<token t_id="388" sentence="19" number="387">grinding</token>
<token t_id="389" sentence="19" number="388">and</token>
<token t_id="390" sentence="19" number="389">hammering</token>
<token t_id="391" sentence="19" number="390">of</token>
<token t_id="392" sentence="19" number="391">the</token>
<token t_id="393" sentence="19" number="392">modern</token>
<token t_id="394" sentence="19" number="393">workshop</token>
<token t_id="395" sentence="19" number="394">.</token>
<token t_id="396" sentence="20" number="395">They</token>
<token t_id="397" sentence="20" number="396">do</token>
<token t_id="398" sentence="20" number="397">not</token>
<token t_id="399" sentence="20" number="398">enjoy</token>
<token t_id="400" sentence="20" number="399">even</token>
<token t_id="401" sentence="20" number="400">the</token>
<token t_id="402" sentence="20" number="401">open</token>
<token t_id="403" sentence="20" number="402">air</token>
<token t_id="404" sentence="20" number="403">and</token>
<token t_id="405" sentence="20" number="404">the</token>
<token t_id="406" sentence="20" number="405">freedom</token>
<token t_id="407" sentence="20" number="406">of</token>
<token t_id="408" sentence="20" number="407">movement</token>
<token t_id="409" sentence="20" number="408">of</token>
<token t_id="410" sentence="20" number="409">the</token>
<token t_id="411" sentence="20" number="410">children</token>
<token t_id="412" sentence="20" number="411">on</token>
<token t_id="413" sentence="20" number="412">the</token>
<token t_id="414" sentence="20" number="413">Bavarian</token>
<token t_id="415" sentence="20" number="414">and</token>
<token t_id="416" sentence="20" number="415">Tyrolean</token>
<token t_id="417" sentence="20" number="416">farms</token>
<token t_id="418" sentence="20" number="417">.</token>
<token t_id="419" sentence="21" number="418">Their</token>
<token t_id="420" sentence="21" number="419">days</token>
<token t_id="421" sentence="21" number="420">and</token>
<token t_id="422" sentence="21" number="421">years</token>
<token t_id="423" sentence="21" number="422">are</token>
<token t_id="424" sentence="21" number="423">regulated</token>
<token t_id="425" sentence="21" number="424">by</token>
<token t_id="426" sentence="21" number="425">the</token>
<token t_id="427" sentence="21" number="426">factory</token>
<token t_id="428" sentence="21" number="427">whistle</token>
<token t_id="429" sentence="21" number="428">and</token>
<token t_id="430" sentence="21" number="429">the</token>
<token t_id="431" sentence="21" number="430">time</token>
<token t_id="432" sentence="21" number="431">clock</token>
<token t_id="433" sentence="21" number="432">.</token>
<token t_id="434" sentence="22" number="433">Slaves</token>
<token t_id="435" sentence="22" number="434">to</token>
<token t_id="436" sentence="22" number="435">the</token>
<token t_id="437" sentence="22" number="436">wheel</token>
<token t_id="438" sentence="22" number="437">,</token>
<token t_id="439" sentence="22" number="438">they</token>
<token t_id="440" sentence="22" number="439">have</token>
<token t_id="441" sentence="22" number="440">no</token>
<token t_id="442" sentence="22" number="441">opportunity</token>
<token t_id="443" sentence="22" number="442">of</token>
<token t_id="444" sentence="22" number="443">mastering</token>
<token t_id="445" sentence="22" number="444">a</token>
<token t_id="446" sentence="22" number="445">trade</token>
<token t_id="447" sentence="22" number="446">or</token>
<token t_id="448" sentence="22" number="447">handicraft</token>
<token t_id="449" sentence="22" number="448">.</token>
<token t_id="450" sentence="23" number="449">The</token>
<token t_id="451" sentence="23" number="450">conditions</token>
<token t_id="452" sentence="23" number="451">under</token>
<token t_id="453" sentence="23" number="452">which</token>
<token t_id="454" sentence="23" number="453">they</token>
<token t_id="455" sentence="23" number="454">work</token>
<token t_id="456" sentence="23" number="455">are</token>
<token t_id="457" sentence="23" number="456">too</token>
<token t_id="458" sentence="23" number="457">often</token>
<token t_id="459" sentence="23" number="458">demoralising</token>
<token t_id="460" sentence="23" number="459">.</token>
<token t_id="461" sentence="24" number="460">Young</token>
<token t_id="462" sentence="24" number="461">girls</token>
<token t_id="463" sentence="24" number="462">are</token>
<token t_id="464" sentence="24" number="463">allowed</token>
<token t_id="465" sentence="24" number="464">to</token>
<token t_id="466" sentence="24" number="465">mingle</token>
<token t_id="467" sentence="24" number="466">promiscuously</token>
<token t_id="468" sentence="24" number="467">in</token>
<token t_id="469" sentence="24" number="468">the</token>
<token t_id="470" sentence="24" number="469">workshops</token>
<token t_id="471" sentence="24" number="470">with</token>
<token t_id="472" sentence="24" number="471">grown</token>
<token t_id="473" sentence="24" number="472">men</token>
<token t_id="474" sentence="24" number="473">.</token>
<token t_id="475" sentence="25" number="474">They</token>
<token t_id="476" sentence="25" number="475">are</token>
<token t_id="477" sentence="25" number="476">not</token>
<token t_id="478" sentence="25" number="477">paid</token>
<token t_id="479" sentence="25" number="478">"</token>
<token t_id="480" sentence="25" number="479">living</token>
<token t_id="481" sentence="25" number="480">wages</token>
<token t_id="482" sentence="25" number="481">,</token>
<token t_id="483" sentence="25" number="482">"</token>
<token t_id="484" sentence="25" number="483">but</token>
<token t_id="485" sentence="25" number="484">are</token>
<token t_id="486" sentence="25" number="485">informed</token>
<token t_id="487" sentence="25" number="486">that</token>
<token t_id="488" sentence="25" number="487">their</token>
<token t_id="489" sentence="25" number="488">time</token>
<token t_id="490" sentence="25" number="489">during</token>
<token t_id="491" sentence="25" number="490">the</token>
<token t_id="492" sentence="25" number="491">evening</token>
<token t_id="493" sentence="25" number="492">is</token>
<token t_id="494" sentence="25" number="493">their</token>
<token t_id="495" sentence="25" number="494">own</token>
<token t_id="496" sentence="25" number="495">.</token>
<token t_id="497" sentence="26" number="496">Their</token>
<token t_id="498" sentence="26" number="497">minds</token>
<token t_id="499" sentence="26" number="498">,</token>
<token t_id="500" sentence="26" number="499">being</token>
<token t_id="501" sentence="26" number="500">unoccupied</token>
<token t_id="502" sentence="26" number="501">during</token>
<token t_id="503" sentence="26" number="502">the</token>
<token t_id="504" sentence="26" number="503">monotonous</token>
<token t_id="505" sentence="26" number="504">working</token>
<token t_id="506" sentence="26" number="505">hours</token>
<token t_id="507" sentence="26" number="506">,</token>
<token t_id="508" sentence="26" number="507">are</token>
<token t_id="509" sentence="26" number="508">not</token>
<token t_id="510" sentence="26" number="509">improved</token>
<token t_id="511" sentence="26" number="510">.</token>
<token t_id="512" sentence="27" number="511">The</token>
<token t_id="513" sentence="27" number="512">tawdry</token>
<token t_id="514" sentence="27" number="513">attractions</token>
<token t_id="515" sentence="27" number="514">of</token>
<token t_id="516" sentence="27" number="515">the</token>
<token t_id="517" sentence="27" number="516">nickel</token>
<token t_id="518" sentence="27" number="517">theaters</token>
<token t_id="519" sentence="27" number="518">and</token>
<token t_id="520" sentence="27" number="519">the</token>
<token t_id="521" sentence="27" number="520">penny</token>
<token t_id="522" sentence="27" number="521">arcades</token>
<token t_id="523" sentence="27" number="522">afford</token>
<token t_id="524" sentence="27" number="523">the</token>
<token t_id="525" sentence="27" number="524">only</token>
<token t_id="526" sentence="27" number="525">relaxation</token>
<token t_id="527" sentence="27" number="526">that</token>
<token t_id="528" sentence="27" number="527">they</token>
<token t_id="529" sentence="27" number="528">know</token>
<token t_id="530" sentence="27" number="529">.</token>
<token t_id="531" sentence="28" number="530">Ohio</token>
<token t_id="532" sentence="28" number="531">,</token>
<token t_id="533" sentence="28" number="532">tardily</token>
<token t_id="534" sentence="28" number="533">enough</token>
<token t_id="535" sentence="28" number="534">,</token>
<token t_id="536" sentence="28" number="535">has</token>
<token t_id="537" sentence="28" number="536">passed</token>
<token t_id="538" sentence="28" number="537">an</token>
<token t_id="539" sentence="28" number="538">efficient</token>
<token t_id="540" sentence="28" number="539">child</token>
<token t_id="541" sentence="28" number="540">labor</token>
<token t_id="542" sentence="28" number="541">law</token>
<token t_id="543" sentence="28" number="542">.</token>
<token t_id="544" sentence="29" number="543">By</token>
<token t_id="545" sentence="29" number="544">virtue</token>
<token t_id="546" sentence="29" number="545">of</token>
<token t_id="547" sentence="29" number="546">this</token>
<token t_id="548" sentence="29" number="547">measure</token>
<token t_id="549" sentence="29" number="548">,</token>
<token t_id="550" sentence="29" number="549">children</token>
<token t_id="551" sentence="29" number="550">under</token>
<token t_id="552" sentence="29" number="551">school</token>
<token t_id="553" sentence="29" number="552">age</token>
<token t_id="554" sentence="29" number="553">can</token>
<token t_id="555" sentence="29" number="554">no</token>
<token t_id="556" sentence="29" number="555">longer</token>
<token t_id="557" sentence="29" number="556">be</token>
<token t_id="558" sentence="29" number="557">exploited</token>
<token t_id="559" sentence="29" number="558">in</token>
<token t_id="560" sentence="29" number="559">the</token>
<token t_id="561" sentence="29" number="560">shops</token>
<token t_id="562" sentence="29" number="561">and</token>
<token t_id="563" sentence="29" number="562">factories</token>
<token t_id="564" sentence="29" number="563">.</token>
<token t_id="565" sentence="30" number="564">The</token>
<token t_id="566" sentence="30" number="565">State</token>
<token t_id="567" sentence="30" number="566">must</token>
<token t_id="568" sentence="30" number="567">first</token>
<token t_id="569" sentence="30" number="568">give</token>
<token t_id="570" sentence="30" number="569">them</token>
<token t_id="571" sentence="30" number="570">a</token>
<token t_id="572" sentence="30" number="571">chance</token>
<token t_id="573" sentence="30" number="572">and</token>
<token t_id="574" sentence="30" number="573">protect</token>
<token t_id="575" sentence="30" number="574">them</token>
<token t_id="576" sentence="30" number="575">both</token>
<token t_id="577" sentence="30" number="576">from</token>
<token t_id="578" sentence="30" number="577">grasping</token>
<token t_id="579" sentence="30" number="578">parents</token>
<token t_id="580" sentence="30" number="579">and</token>
<token t_id="581" sentence="30" number="580">unscrupulous</token>
<token t_id="582" sentence="30" number="581">employers</token>
<token t_id="583" sentence="30" number="582">.</token>
<token t_id="584" sentence="31" number="583">But</token>
<token t_id="585" sentence="31" number="584">there</token>
<token t_id="586" sentence="31" number="585">are</token>
<token t_id="587" sentence="31" number="586">too</token>
<token t_id="588" sentence="31" number="587">few</token>
<token t_id="589" sentence="31" number="588">States</token>
<token t_id="590" sentence="31" number="589">in</token>
<token t_id="591" sentence="31" number="590">which</token>
<token t_id="592" sentence="31" number="591">such</token>
<token t_id="593" sentence="31" number="592">legislation</token>
<token t_id="594" sentence="31" number="593">has</token>
<token t_id="595" sentence="31" number="594">been</token>
<token t_id="596" sentence="31" number="595">enacted</token>
<token t_id="597" sentence="31" number="596">.</token>
<token t_id="598" sentence="32" number="597">President</token>
<token t_id="599" sentence="32" number="598">Roosevelt</token>
<token t_id="600" sentence="32" number="599">in</token>
<token t_id="601" sentence="32" number="600">a</token>
<token t_id="602" sentence="32" number="601">recent</token>
<token t_id="603" sentence="32" number="602">message</token>
<token t_id="604" sentence="32" number="603">has</token>
<token t_id="605" sentence="32" number="604">made</token>
<token t_id="606" sentence="32" number="605">clear</token>
<token t_id="607" sentence="32" number="606">the</token>
<token t_id="608" sentence="32" number="607">necessity</token>
<token t_id="609" sentence="32" number="608">for</token>
<token t_id="610" sentence="32" number="609">a</token>
<token t_id="611" sentence="32" number="610">Federal</token>
<token t_id="612" sentence="32" number="611">child</token>
<token t_id="613" sentence="32" number="612">labor</token>
<token t_id="614" sentence="32" number="613">law</token>
<token t_id="615" sentence="32" number="614">.</token>
<token t_id="616" sentence="33" number="615">The</token>
<token t_id="617" sentence="33" number="616">District</token>
<token t_id="618" sentence="33" number="617">of</token>
<token t_id="619" sentence="33" number="618">Columbia</token>
<token t_id="620" sentence="33" number="619">,</token>
<token t_id="621" sentence="33" number="620">which</token>
<token t_id="622" sentence="33" number="621">,</token>
<token t_id="623" sentence="33" number="622">being</token>
<token t_id="624" sentence="33" number="623">under</token>
<token t_id="625" sentence="33" number="624">the</token>
<token t_id="626" sentence="33" number="625">direct</token>
<token t_id="627" sentence="33" number="626">jurisdiction</token>
<token t_id="628" sentence="33" number="627">of</token>
<token t_id="629" sentence="33" number="628">Congress</token>
<token t_id="630" sentence="33" number="629">,</token>
<token t_id="631" sentence="33" number="630">ought</token>
<token t_id="632" sentence="33" number="631">to</token>
<token t_id="633" sentence="33" number="632">be</token>
<token t_id="634" sentence="33" number="633">a</token>
<token t_id="635" sentence="33" number="634">model</token>
<token t_id="636" sentence="33" number="635">commonwealth</token>
<token t_id="637" sentence="33" number="636">,</token>
<token t_id="638" sentence="33" number="637">is</token>
<token t_id="639" sentence="33" number="638">particularly</token>
<token t_id="640" sentence="33" number="639">flagrant</token>
<token t_id="641" sentence="33" number="640">in</token>
<token t_id="642" sentence="33" number="641">its</token>
<token t_id="643" sentence="33" number="642">disregard</token>
<token t_id="644" sentence="33" number="643">for</token>
<token t_id="645" sentence="33" number="644">the</token>
<token t_id="646" sentence="33" number="645">rights</token>
<token t_id="647" sentence="33" number="646">of</token>
<token t_id="648" sentence="33" number="647">the</token>
<token t_id="649" sentence="33" number="648">children</token>
<token t_id="650" sentence="33" number="649">.</token>
<token t_id="651" sentence="34" number="650">While</token>
<token t_id="652" sentence="34" number="651">such</token>
<token t_id="653" sentence="34" number="652">conditions</token>
<token t_id="654" sentence="34" number="653">exist</token>
<token t_id="655" sentence="34" number="654">it</token>
<token t_id="656" sentence="34" number="655">ill</token>
<token t_id="657" sentence="34" number="656">behooves</token>
<token t_id="658" sentence="34" number="657">us</token>
<token t_id="659" sentence="34" number="658">to</token>
<token t_id="660" sentence="34" number="659">shudder</token>
<token t_id="661" sentence="34" number="660">at</token>
<token t_id="662" sentence="34" number="661">the</token>
<token t_id="663" sentence="34" number="662">Friedrichshafen</token>
<token t_id="664" sentence="34" number="663">labor</token>
<token t_id="665" sentence="34" number="664">market</token>
<token t_id="666" sentence="34" number="665">,</token>
<token t_id="667" sentence="34" number="666">for</token>
<token t_id="668" sentence="34" number="667">we</token>
<token t_id="669" sentence="34" number="668">are</token>
<token t_id="670" sentence="34" number="669">conducting</token>
<token t_id="671" sentence="34" number="670">similar</token>
<token t_id="672" sentence="34" number="671">institutions</token>
<token t_id="673" sentence="34" number="672">ourselves</token>
<token t_id="674" sentence="34" number="673">,</token>
<token t_id="675" sentence="34" number="674">only</token>
<token t_id="676" sentence="34" number="675">not</token>
<token t_id="677" sentence="34" number="676">so</token>
<token t_id="678" sentence="34" number="677">openly</token>
<token t_id="679" sentence="34" number="678">.</token>


<Markables>
<EVENT_MENTION m_id="33" factuality="" modality="" pred="" pos="" aspect="" certainty="" comment="" class="TRADE-WORK" tense="" polarity=""  >
<token_anchor t_id="236"/>
</EVENT_MENTION>
<EVENT_MENTION m_id="65" factuality="" modality="" pred="" pos="" aspect="" certainty="" comment="" class="EMOTIONS-EVALUATIONS" tense="" polarity=""  >
<token_anchor t_id="456"/>
<token_anchor t_id="457"/>
<token_anchor t_id="458"/>
<token_anchor t_id="459"/>
</EVENT_MENTION>
<EVENT_MENTION m_id="1" factuality="" modality="" pred="" pos="" aspect="" certainty="" comment="" class="PHYSICAL SENSATIONS" tense="" polarity=""  >
<token_anchor t_id="16"/>
</EVENT_MENTION>
<EVENT_MENTION m_id="34" factuality="" modality="" pred="" pos="" aspect="" certainty="" comment="" class="POSSESSION" tense="" polarity=""  >
<token_anchor t_id="239"/>
</EVENT_MENTION>
<EVENT_MENTION m_id="66" factuality="" modality="" pred="" pos="" aspect="" certainty="" comment="" class="MENTAL" tense="" polarity=""  >
<token_anchor t_id="464"/>
</EVENT_MENTION>
<EVENT_MENTION m_id="2" factuality="" modality="" pred="" pos="" aspect="" certainty="" comment="" class="GENERAL" tense="" polarity=""  >
<token_anchor t_id="32"/>
</EVENT_MENTION>
<EVENT_MENTION m_id="35" factuality="" modality="" pred="" pos="" aspect="" certainty="" comment="" class="MEASURE" tense="" polarity=""  >
<token_anchor t_id="241"/>
</EVENT_MENTION>
<EVENT_MENTION m_id="67" factuality="" modality="" pred="" pos="" aspect="" certainty="" comment="" class="SOCIAL" tense="" polarity=""  >
<token_anchor t_id="466"/>
</EVENT_MENTION>
<EVENT_MENTION m_id="3" factuality="" modality="" pred="" pos="" aspect="" certainty="" comment="" class="PHYSICAL SENSATIONS" tense="" polarity=""  >
<token_anchor t_id="34"/>
</EVENT_MENTION>
<EVENT_MENTION m_id="36" factuality="" modality="" pred="" pos="" aspect="" certainty="" comment="" class="EMOTIONS-EVALUATIONS" tense="" polarity=""  >
<token_anchor t_id="253"/>
<token_anchor t_id="254"/>
</EVENT_MENTION>
<EVENT_MENTION m_id="68" factuality="" modality="" pred="" pos="" aspect="" certainty="" comment="" class="TRADE-WORK" tense="" polarity=""  >
<token_anchor t_id="478"/>
</EVENT_MENTION>
<EVENT_MENTION m_id="4" factuality="" modality="" pred="" pos="" aspect="" certainty="" comment="" class="PHYSICAL SENSATIONS" tense="" polarity=""  >
<token_anchor t_id="51"/>
</EVENT_MENTION>
<EVENT_MENTION m_id="37" factuality="" modality="" pred="" pos="" aspect="" certainty="" comment="" class="TRADE-WORK" tense="" polarity=""  >
<token_anchor t_id="265"/>
</EVENT_MENTION>
<EVENT_MENTION m_id="69" factuality="" modality="" pred="" pos="" aspect="" certainty="" comment="" class="COMMUNICATION" tense="" polarity=""  >
<token_anchor t_id="486"/>
</EVENT_MENTION>
<EVENT_MENTION m_id="5" factuality="" modality="" pred="" pos="" aspect="" certainty="" comment="" class="SPACE-MOVEMENT" tense="" polarity=""  >
<token_anchor t_id="65"/>
<token_anchor t_id="66"/>
</EVENT_MENTION>
<EVENT_MENTION m_id="38" factuality="" modality="" pred="" pos="" aspect="" certainty="" comment="" class="TRADE-WORK" tense="" polarity=""  >
<token_anchor t_id="269"/>
</EVENT_MENTION>
<EVENT_MENTION m_id="70" factuality="" modality="" pred="" pos="" aspect="" certainty="" comment="" class="LIFE-HEALTH" tense="" polarity=""  >
<token_anchor t_id="480"/>
</EVENT_MENTION>
<EVENT_MENTION m_id="6" factuality="" modality="" pred="" pos="" aspect="" certainty="" comment="" class="TRADE-WORK" tense="" polarity=""  >
<token_anchor t_id="70"/>
</EVENT_MENTION>
<EVENT_MENTION m_id="39" factuality="" modality="" pred="" pos="" aspect="" certainty="" comment="" class="EXISTENCE-CAUSATION" tense="" polarity=""  >
<token_anchor t_id="272"/>
</EVENT_MENTION>
<EVENT_MENTION m_id="71" factuality="" modality="" pred="" pos="" aspect="" certainty="" comment="" class="EXISTENCE-CAUSATION" tense="" polarity=""  >
<token_anchor t_id="493"/>
</EVENT_MENTION>
<EVENT_MENTION m_id="7" factuality="" modality="" pred="" pos="" aspect="" certainty="" comment="" class="EMOTIONS-EVALUATIONS" tense="" polarity=""  >
<token_anchor t_id="77"/>
<token_anchor t_id="81"/>
</EVENT_MENTION>
<EVENT_MENTION m_id="40" factuality="" modality="" pred="" pos="" aspect="" certainty="" comment="" class="EXISTENCE-CAUSATION" tense="" polarity=""  >
<token_anchor t_id="278"/>
</EVENT_MENTION>
<EVENT_MENTION m_id="72" factuality="" modality="" pred="" pos="" aspect="" certainty="" comment="" class="GENERAL" tense="" polarity=""  >
<token_anchor t_id="500"/>
<token_anchor t_id="501"/>
</EVENT_MENTION>
<EVENT_MENTION m_id="8" factuality="" modality="" pred="" pos="" aspect="" certainty="" comment="" class="PHYSICAL SENSATIONS" tense="" polarity=""  >
<token_anchor t_id="88"/>
</EVENT_MENTION>
<EVENT_MENTION m_id="41" factuality="" modality="" pred="" pos="" aspect="" certainty="" comment="" class="HOSTILITY" tense="" polarity=""  >
<token_anchor t_id="289"/>
</EVENT_MENTION>
<EVENT_MENTION m_id="73" factuality="" modality="" pred="" pos="" aspect="" certainty="" comment="" class="TRADE-WORK" tense="" polarity=""  >
<token_anchor t_id="505"/>
</EVENT_MENTION>
<EVENT_MENTION m_id="9" factuality="" modality="" pred="" pos="" aspect="" certainty="" comment="" class="PHYSICAL SENSATIONS" tense="" polarity=""  >
<token_anchor t_id="95"/>
</EVENT_MENTION>
<EVENT_MENTION m_id="42" factuality="" modality="" pred="" pos="" aspect="" certainty="" comment="" class="PHYSICAL SENSATIONS" tense="" polarity=""  >
<token_anchor t_id="299"/>
</EVENT_MENTION>
<EVENT_MENTION m_id="74" factuality="" modality="" pred="" pos="" aspect="" certainty="" comment="" class="MENTAL" tense="" polarity=""  >
<token_anchor t_id="508"/>
<token_anchor t_id="509"/>
<token_anchor t_id="510"/>
</EVENT_MENTION>
<EVENT_MENTION m_id="10" factuality="" modality="" pred="" pos="" aspect="" certainty="" comment="" class="PHYSICAL SENSATIONS" tense="" polarity=""  >
<token_anchor t_id="97"/>
</EVENT_MENTION>
<EVENT_MENTION m_id="43" factuality="" modality="" pred="" pos="" aspect="" certainty="" comment="" class="SPACE-MOVEMENT" tense="" polarity=""  >
<token_anchor t_id="302"/>
</EVENT_MENTION>
<EVENT_MENTION m_id="75" factuality="" modality="" pred="" pos="" aspect="" certainty="" comment="" class="TRADE-WORK" tense="" polarity=""  >
<token_anchor t_id="523"/>
</EVENT_MENTION>
<EVENT_MENTION m_id="11" factuality="" modality="" pred="" pos="" aspect="" certainty="" comment="" class="COMMUNICATION" tense="" polarity=""  >
<token_anchor t_id="104"/>
</EVENT_MENTION>
<EVENT_MENTION m_id="44" factuality="" modality="" pred="" pos="" aspect="" certainty="" comment="" class="SPACE-MOVEMENT" tense="" polarity=""  >
<token_anchor t_id="308"/>
</EVENT_MENTION>
<EVENT_MENTION m_id="76" factuality="" modality="" pred="" pos="" aspect="" certainty="" comment="" class="PHYSICAL SENSATIONS" tense="" polarity=""  >
<token_anchor t_id="526"/>
</EVENT_MENTION>
<EVENT_MENTION m_id="12" factuality="" modality="" pred="" pos="" aspect="" certainty="" comment="" class="LIFE-HEALTH" tense="" polarity=""  >
<token_anchor t_id="112"/>
<token_anchor t_id="113"/>
<token_anchor t_id="114"/>
<token_anchor t_id="115"/>
<token_anchor t_id="116"/>
</EVENT_MENTION>
<EVENT_MENTION m_id="45" factuality="" modality="" pred="" pos="" aspect="" certainty="" comment="" class="COMMUNICATION" tense="" polarity=""  >
<token_anchor t_id="323"/>
</EVENT_MENTION>
<EVENT_MENTION m_id="77" factuality="" modality="" pred="" pos="" aspect="" certainty="" comment="" class="MENTAL" tense="" polarity=""  >
<token_anchor t_id="529"/>
</EVENT_MENTION>
<EVENT_MENTION m_id="13" factuality="" modality="" pred="" pos="" aspect="" certainty="" comment="" class="TRADE-WORK" tense="" polarity=""  >
<token_anchor t_id="127"/>
</EVENT_MENTION>
<EVENT_MENTION m_id="46" factuality="" modality="" pred="" pos="" aspect="" certainty="" comment="" class="TRADE-WORK" tense="" polarity=""  >
<token_anchor t_id="326"/>
</EVENT_MENTION>
<EVENT_MENTION m_id="78" factuality="" modality="" pred="" pos="" aspect="" certainty="" comment="" class="AUTHORITY-LAW" tense="" polarity=""  >
<token_anchor t_id="537"/>
</EVENT_MENTION>
<EVENT_MENTION m_id="14" factuality="" modality="" pred="" pos="" aspect="" certainty="" comment="" class="TRADE-WORK" tense="" polarity=""  >
<token_anchor t_id="154"/>
</EVENT_MENTION>
<EVENT_MENTION m_id="47" factuality="" modality="" pred="" pos="" aspect="" certainty="" comment="" class="TIME" tense="" polarity=""  >
<token_anchor t_id="336"/>
</EVENT_MENTION>
<EVENT_MENTION m_id="79" factuality="" modality="" pred="" pos="" aspect="" certainty="" comment="" class="TRADE-WORK" tense="" polarity=""  >
<token_anchor t_id="540"/>
<token_anchor t_id="541"/>
</EVENT_MENTION>
<EVENT_MENTION m_id="15" factuality="" modality="" pred="" pos="" aspect="" certainty="" comment="" class="EXISTENCE-CAUSATION" tense="" polarity=""  >
<token_anchor t_id="157"/>
</EVENT_MENTION>
<EVENT_MENTION m_id="48" factuality="" modality="" pred="" pos="" aspect="" certainty="" comment="" class="EXISTENCE-CAUSATION" tense="" polarity=""  >
<token_anchor t_id="342"/>
</EVENT_MENTION>
<EVENT_MENTION m_id="80" factuality="" modality="" pred="" pos="" aspect="" certainty="" comment="" class="GENERAL" tense="" polarity=""  >
<token_anchor t_id="558"/>
</EVENT_MENTION>
<EVENT_MENTION m_id="16" factuality="" modality="" pred="" pos="" aspect="" certainty="" comment="" class="GENERAL" tense="" polarity=""  >
<token_anchor t_id="161"/>
</EVENT_MENTION>
<EVENT_MENTION m_id="49" factuality="" modality="" pred="" pos="" aspect="" certainty="" comment="" class="EDUCATION" tense="" polarity=""  >
<token_anchor t_id="357"/>
</EVENT_MENTION>
<EVENT_MENTION m_id="81" factuality="" modality="" pred="" pos="" aspect="" certainty="" comment="" class="EXISTENCE-CAUSATION" tense="" polarity=""  >
<token_anchor t_id="569"/>
<token_anchor t_id="571"/>
<token_anchor t_id="572"/>
</EVENT_MENTION>
<EVENT_MENTION m_id="17" factuality="" modality="" pred="" pos="" aspect="" certainty="" comment="" class="AUTHORITY-LAW" tense="" polarity=""  >
<token_anchor t_id="149"/>
<token_anchor t_id="150"/>
</EVENT_MENTION>
<EVENT_MENTION m_id="50" factuality="" modality="" pred="" pos="" aspect="" certainty="" comment="" class="MENTAL" tense="" polarity=""  >
<token_anchor t_id="370"/>
</EVENT_MENTION>
<EVENT_MENTION m_id="82" factuality="" modality="" pred="" pos="" aspect="" certainty="" comment="" class="GENERAL" tense="" polarity=""  >
<token_anchor t_id="574"/>
</EVENT_MENTION>
<EVENT_MENTION m_id="18" factuality="" modality="" pred="" pos="" aspect="" certainty="" comment="" class="COMMUNICATION" tense="" polarity=""  >
<token_anchor t_id="167"/>
</EVENT_MENTION>
<EVENT_MENTION m_id="51" factuality="" modality="" pred="" pos="" aspect="" certainty="" comment="" class="EXISTENCE-CAUSATION" tense="" polarity=""  >
<token_anchor t_id="372"/>
</EVENT_MENTION>
<EVENT_MENTION m_id="83" factuality="" modality="" pred="" pos="" aspect="" certainty="" comment="" class="AUTHORITY-LAW" tense="" polarity=""  >
<token_anchor t_id="596"/>
</EVENT_MENTION>
<EVENT_MENTION m_id="19" factuality="" modality="" pred="" pos="" aspect="" certainty="" comment="" class="GENERAL" tense="" polarity=""  >
<token_anchor t_id="172"/>
</EVENT_MENTION>
<EVENT_MENTION m_id="20" factuality="" modality="" pred="" pos="" aspect="" certainty="" comment="" class="FOOD-FARMING" tense="" polarity=""  >
<token_anchor t_id="176"/>
</EVENT_MENTION>
<EVENT_MENTION m_id="52" factuality="" modality="" pred="" pos="" aspect="" certainty="" comment="" class="LIFE-HEALTH" tense="" polarity=""  >
<token_anchor t_id="377"/>
</EVENT_MENTION>
<EVENT_MENTION m_id="84" factuality="" modality="" pred="" pos="" aspect="" certainty="" comment="" class="EXISTENCE-CAUSATION" tense="" polarity=""  >
<token_anchor t_id="586"/>
</EVENT_MENTION>
<EVENT_MENTION m_id="21" factuality="" modality="" pred="" pos="" aspect="" certainty="" comment="" class="TRADE-WORK" tense="" polarity=""  >
<token_anchor t_id="178"/>
</EVENT_MENTION>
<EVENT_MENTION m_id="53" factuality="" modality="" pred="" pos="" aspect="" certainty="" comment="" class="MENTAL" tense="" polarity=""  >
<token_anchor t_id="379"/>
</EVENT_MENTION>
<EVENT_MENTION m_id="85" factuality="" modality="" pred="" pos="" aspect="" certainty="" comment="" class="COMMUNICATION" tense="" polarity=""  >
<token_anchor t_id="605"/>
<token_anchor t_id="606"/>
</EVENT_MENTION>
<EVENT_MENTION m_id="22" factuality="" modality="" pred="" pos="" aspect="" certainty="" comment="" class="PHYSICAL SENSATIONS" tense="" polarity=""  >
<token_anchor t_id="181"/>
</EVENT_MENTION>
<EVENT_MENTION m_id="54" factuality="" modality="" pred="" pos="" aspect="" certainty="" comment="" class="GENERAL" tense="" polarity=""  >
<token_anchor t_id="382"/>
</EVENT_MENTION>
<EVENT_MENTION m_id="86" factuality="" modality="" pred="" pos="" aspect="" certainty="" comment="" class="MENTAL" tense="" polarity=""  >
<token_anchor t_id="608"/>
</EVENT_MENTION>
<EVENT_MENTION m_id="23" factuality="" modality="" pred="" pos="" aspect="" certainty="" comment="" class="LIFE-HEALTH" tense="" polarity=""  >
<token_anchor t_id="183"/>
</EVENT_MENTION>
<EVENT_MENTION m_id="55" factuality="" modality="" pred="" pos="" aspect="" certainty="" comment="" class="SPACE-MOVEMENT" tense="" polarity=""  >
<token_anchor t_id="386"/>
</EVENT_MENTION>
<EVENT_MENTION m_id="87" factuality="" modality="" pred="" pos="" aspect="" certainty="" comment="" class="TRADE-WORK" tense="" polarity=""  >
<token_anchor t_id="612"/>
<token_anchor t_id="613"/>
</EVENT_MENTION>
<EVENT_MENTION m_id="24" factuality="" modality="" pred="" pos="" aspect="" certainty="" comment="" class="FOOD-FARMING" tense="" polarity=""  >
<token_anchor t_id="186"/>
</EVENT_MENTION>
<EVENT_MENTION m_id="56" factuality="" modality="" pred="" pos="" aspect="" certainty="" comment="" class="TRADE-WORK" tense="" polarity=""  >
<token_anchor t_id="388"/>
</EVENT_MENTION>
<EVENT_MENTION m_id="88" factuality="" modality="" pred="" pos="" aspect="" certainty="" comment="" class="MENTAL" tense="" polarity=""  >
<token_anchor t_id="633"/>
<token_anchor t_id="634"/>
<token_anchor t_id="635"/>
</EVENT_MENTION>
<EVENT_MENTION m_id="25" factuality="" modality="" pred="" pos="" aspect="" certainty="" comment="" class="TRADE-WORK" tense="" polarity=""  >
<token_anchor t_id="189"/>
<token_anchor t_id="190"/>
</EVENT_MENTION>
<EVENT_MENTION m_id="57" factuality="" modality="" pred="" pos="" aspect="" certainty="" comment="" class="TRADE-WORK" tense="" polarity=""  >
<token_anchor t_id="390"/>
</EVENT_MENTION>
<EVENT_MENTION m_id="89" factuality="" modality="" pred="" pos="" aspect="" certainty="" comment="" class="EMOTIONS-EVALUATIONS" tense="" polarity=""  >
<token_anchor t_id="638"/>
<token_anchor t_id="639"/>
<token_anchor t_id="640"/>
</EVENT_MENTION>
<EVENT_MENTION m_id="26" factuality="" modality="" pred="" pos="" aspect="" certainty="" comment="" class="EXISTENCE-CAUSATION" tense="" polarity=""  >
<token_anchor t_id="194"/>
</EVENT_MENTION>
<EVENT_MENTION m_id="58" factuality="" modality="" pred="" pos="" aspect="" certainty="" comment="" class="EMOTIONS-EVALUATIONS" tense="" polarity=""  >
<token_anchor t_id="399"/>
</EVENT_MENTION>
<EVENT_MENTION m_id="90" factuality="" modality="" pred="" pos="" aspect="" certainty="" comment="" class="AUTHORITY-LAW" tense="" polarity=""  >
<token_anchor t_id="623"/>
<token_anchor t_id="624"/>
</EVENT_MENTION>
<EVENT_MENTION m_id="27" factuality="" modality="" pred="" pos="" aspect="" certainty="" comment="" class="FOOD-FARMING" tense="" polarity=""  >
<token_anchor t_id="196"/>
<token_anchor t_id="197"/>
<token_anchor t_id="198"/>
<token_anchor t_id="199"/>
<token_anchor t_id="200"/>
</EVENT_MENTION>
<EVENT_MENTION m_id="59" factuality="" modality="" pred="" pos="" aspect="" certainty="" comment="" class="SPACE-MOVEMENT" tense="" polarity=""  >
<token_anchor t_id="406"/>
<token_anchor t_id="407"/>
<token_anchor t_id="408"/>
</EVENT_MENTION>
<EVENT_MENTION m_id="91" factuality="" modality="" pred="" pos="" aspect="" certainty="" comment="" class="AUTHORITY-LAW" tense="" polarity=""  >
<token_anchor t_id="627"/>
</EVENT_MENTION>
<EVENT_MENTION m_id="28" factuality="" modality="" pred="" pos="" aspect="" certainty="" comment="" class="EXISTENCE-CAUSATION" tense="" polarity=""  >
<token_anchor t_id="202"/>
</EVENT_MENTION>
<EVENT_MENTION m_id="60" factuality="" modality="" pred="" pos="" aspect="" certainty="" comment="" class="AUTHORITY-LAW" tense="" polarity=""  >
<token_anchor t_id="424"/>
</EVENT_MENTION>
<EVENT_MENTION m_id="92" factuality="" modality="" pred="" pos="" aspect="" certainty="" comment="" class="GENERAL" tense="" polarity=""  >
<token_anchor t_id="653"/>
</EVENT_MENTION>
<EVENT_MENTION m_id="29" factuality="" modality="" pred="" pos="" aspect="" certainty="" comment="" class="MENTAL" tense="" polarity=""  >
<token_anchor t_id="205"/>
</EVENT_MENTION>
<EVENT_MENTION m_id="61" factuality="" modality="" pred="" pos="" aspect="" certainty="" comment="" class="GENERAL" tense="" polarity=""  >
<token_anchor t_id="440"/>
<token_anchor t_id="441"/>
<token_anchor t_id="442"/>
</EVENT_MENTION>
<EVENT_MENTION m_id="93" factuality="" modality="" pred="" pos="" aspect="" certainty="" comment="" class="EXISTENCE-CAUSATION" tense="" polarity=""  >
<token_anchor t_id="654"/>
</EVENT_MENTION>
<EVENT_MENTION m_id="30" factuality="" modality="" pred="" pos="" aspect="" certainty="" comment="" class="EXISTENCE-CAUSATION" tense="" polarity=""  >
<token_anchor t_id="215"/>
</EVENT_MENTION>
<EVENT_MENTION m_id="62" factuality="" modality="" pred="" pos="" aspect="" certainty="" comment="" class="EDUCATION" tense="" polarity=""  >
<token_anchor t_id="444"/>
</EVENT_MENTION>
<EVENT_MENTION m_id="94" factuality="" modality="" pred="" pos="" aspect="" certainty="" comment="" class="GENERAL" tense="" polarity=""  >
<token_anchor t_id="670"/>
</EVENT_MENTION>
<EVENT_MENTION m_id="31" factuality="" modality="" pred="" pos="" aspect="" certainty="" comment="" class="POSSESSION" tense="" polarity=""  >
<token_anchor t_id="217"/>
<token_anchor t_id="218"/>
<token_anchor t_id="219"/>
</EVENT_MENTION>
<EVENT_MENTION m_id="63" factuality="" modality="" pred="" pos="" aspect="" certainty="" comment="" class="GENERAL" tense="" polarity=""  >
<token_anchor t_id="451"/>
</EVENT_MENTION>
<EVENT_MENTION m_id="95" factuality="" modality="" pred="" pos="" aspect="" certainty="" comment="" class="EMOTIONS-EVALUATIONS" tense="" polarity=""  >
<token_anchor t_id="660"/>
</EVENT_MENTION>
<EVENT_MENTION m_id="32" factuality="" modality="" pred="" pos="" aspect="" certainty="" comment="" class="TRADE-WORK" tense="" polarity=""  >
<token_anchor t_id="226"/>
<token_anchor t_id="227"/>
</EVENT_MENTION>
<EVENT_MENTION m_id="64" factuality="" modality="" pred="" pos="" aspect="" certainty="" comment="" class="TRADE-WORK" tense="" polarity=""  >
<token_anchor t_id="455"/>
</EVENT_MENTION>
<EVENT_MENTION m_id="96" factuality="" modality="" pred="" pos="" aspect="" certainty="" comment="" class="PHYSICAL SENSATIONS" tense="" polarity=""  >
<token_anchor t_id="320"/>
</EVENT_MENTION>


</Markables>

<Relations>
</Relations>
</Document>
