<Document doc_name="The_New_Council.txt">
<token t_id="1" sentence="0" number="0">January</token>
<token t_id="2" sentence="0" number="1">5</token>
<token t_id="3" sentence="0" number="2">,</token>
<token t_id="4" sentence="0" number="3">1893</token>
<token t_id="5" sentence="1" number="4">The</token>
<token t_id="6" sentence="1" number="5">New</token>
<token t_id="7" sentence="1" number="6">Council</token>
<token t_id="8" sentence="2" number="7">The</token>
<token t_id="9" sentence="2" number="8">second</token>
<token t_id="10" sentence="2" number="9">municipal</token>
<token t_id="11" sentence="2" number="10">election</token>
<token t_id="12" sentence="2" number="11">in</token>
<token t_id="13" sentence="2" number="12">the</token>
<token t_id="14" sentence="2" number="13">history</token>
<token t_id="15" sentence="2" number="14">of</token>
<token t_id="16" sentence="2" number="15">Edmonton</token>
<token t_id="17" sentence="2" number="16">,</token>
<token t_id="18" sentence="2" number="17">which</token>
<token t_id="19" sentence="2" number="18">took</token>
<token t_id="20" sentence="2" number="19">place</token>
<token t_id="21" sentence="2" number="20">Tuesday</token>
<token t_id="22" sentence="2" number="21">last</token>
<token t_id="23" sentence="2" number="22">,</token>
<token t_id="24" sentence="2" number="23">was</token>
<token t_id="25" sentence="2" number="24">not</token>
<token t_id="26" sentence="2" number="25">less</token>
<token t_id="27" sentence="2" number="26">important</token>
<token t_id="28" sentence="2" number="27">than</token>
<token t_id="29" sentence="2" number="28">the</token>
<token t_id="30" sentence="2" number="29">first</token>
<token t_id="31" sentence="2" number="30">which</token>
<token t_id="32" sentence="2" number="31">occurred</token>
<token t_id="33" sentence="2" number="32">nearly</token>
<token t_id="34" sentence="2" number="33">a</token>
<token t_id="35" sentence="2" number="34">year</token>
<token t_id="36" sentence="2" number="35">ago</token>
<token t_id="37" sentence="2" number="36">.</token>
<token t_id="38" sentence="3" number="37">It</token>
<token t_id="39" sentence="3" number="38">is</token>
<token t_id="40" sentence="3" number="39">a</token>
<token t_id="41" sentence="3" number="40">mistake</token>
<token t_id="42" sentence="3" number="41">to</token>
<token t_id="43" sentence="3" number="42">think</token>
<token t_id="44" sentence="3" number="43">lightly</token>
<token t_id="45" sentence="3" number="44">of</token>
<token t_id="46" sentence="3" number="45">the</token>
<token t_id="47" sentence="3" number="46">importance</token>
<token t_id="48" sentence="3" number="47">of</token>
<token t_id="49" sentence="3" number="48">municipal</token>
<token t_id="50" sentence="3" number="49">office</token>
<token t_id="51" sentence="3" number="50">,</token>
<token t_id="52" sentence="3" number="51">or</token>
<token t_id="53" sentence="3" number="52">of</token>
<token t_id="54" sentence="3" number="53">the</token>
<token t_id="55" sentence="3" number="54">responsibilities</token>
<token t_id="56" sentence="3" number="55">which</token>
<token t_id="57" sentence="3" number="56">are</token>
<token t_id="58" sentence="3" number="57">attached</token>
<token t_id="59" sentence="3" number="58">to</token>
<token t_id="60" sentence="3" number="59">it</token>
<token t_id="61" sentence="3" number="60">,</token>
<token t_id="62" sentence="3" number="61">either</token>
<token t_id="63" sentence="3" number="62">on</token>
<token t_id="64" sentence="3" number="63">the</token>
<token t_id="65" sentence="3" number="64">part</token>
<token t_id="66" sentence="3" number="65">of</token>
<token t_id="67" sentence="3" number="66">the</token>
<token t_id="68" sentence="3" number="67">citizen</token>
<token t_id="69" sentence="3" number="68">,</token>
<token t_id="70" sentence="3" number="69">who</token>
<token t_id="71" sentence="3" number="70">,</token>
<token t_id="72" sentence="3" number="71">as</token>
<token t_id="73" sentence="3" number="72">a</token>
<token t_id="74" sentence="3" number="73">member</token>
<token t_id="75" sentence="3" number="74">of</token>
<token t_id="76" sentence="3" number="75">the</token>
<token t_id="77" sentence="3" number="76">council</token>
<token t_id="78" sentence="3" number="77">,</token>
<token t_id="79" sentence="3" number="78">conducts</token>
<token t_id="80" sentence="3" number="79">the</token>
<token t_id="81" sentence="3" number="80">affairs</token>
<token t_id="82" sentence="3" number="81">of</token>
<token t_id="83" sentence="3" number="82">the</token>
<token t_id="84" sentence="3" number="83">town</token>
<token t_id="85" sentence="3" number="84">,</token>
<token t_id="86" sentence="3" number="85">or</token>
<token t_id="87" sentence="3" number="86">of</token>
<token t_id="88" sentence="3" number="87">the</token>
<token t_id="89" sentence="3" number="88">citizen</token>
<token t_id="90" sentence="3" number="89">who</token>
<token t_id="91" sentence="3" number="90">plays</token>
<token t_id="92" sentence="3" number="91">the</token>
<token t_id="93" sentence="3" number="92">part</token>
<token t_id="94" sentence="3" number="93">of</token>
<token t_id="95" sentence="3" number="94">taxpayer</token>
<token t_id="96" sentence="3" number="95">—</token>
<token t_id="97" sentence="3" number="96">and</token>
<token t_id="98" sentence="3" number="97">complainant</token>
<token t_id="99" sentence="3" number="98">in</token>
<token t_id="100" sentence="3" number="99">general</token>
<token t_id="101" sentence="3" number="100">.</token>
<token t_id="102" sentence="4" number="101">There</token>
<token t_id="103" sentence="4" number="102">is</token>
<token t_id="104" sentence="4" number="103">no</token>
<token t_id="105" sentence="4" number="104">question</token>
<token t_id="106" sentence="4" number="105">as</token>
<token t_id="107" sentence="4" number="106">to</token>
<token t_id="108" sentence="4" number="107">the</token>
<token t_id="109" sentence="4" number="108">importance</token>
<token t_id="110" sentence="4" number="109">of</token>
<token t_id="111" sentence="4" number="110">the</token>
<token t_id="112" sentence="4" number="111">power</token>
<token t_id="113" sentence="4" number="112">of</token>
<token t_id="114" sentence="4" number="113">taxation</token>
<token t_id="115" sentence="4" number="114">which</token>
<token t_id="116" sentence="4" number="115">rests</token>
<token t_id="117" sentence="4" number="116">in</token>
<token t_id="118" sentence="4" number="117">the</token>
<token t_id="119" sentence="4" number="118">council</token>
<token t_id="120" sentence="4" number="119">—</token>
<token t_id="121" sentence="4" number="120">everyone</token>
<token t_id="122" sentence="4" number="121">feels</token>
<token t_id="123" sentence="4" number="122">and</token>
<token t_id="124" sentence="4" number="123">knows</token>
<token t_id="125" sentence="4" number="124">that</token>
<token t_id="126" sentence="4" number="125">—</token>
<token t_id="127" sentence="4" number="126">and</token>
<token t_id="128" sentence="4" number="127">there</token>
<token t_id="129" sentence="4" number="128">is</token>
<token t_id="130" sentence="4" number="129">as</token>
<token t_id="131" sentence="4" number="130">little</token>
<token t_id="132" sentence="4" number="131">as</token>
<token t_id="133" sentence="4" number="132">to</token>
<token t_id="134" sentence="4" number="133">the</token>
<token t_id="135" sentence="4" number="134">important</token>
<token t_id="136" sentence="4" number="135">effect</token>
<token t_id="137" sentence="4" number="136">which</token>
<token t_id="138" sentence="4" number="137">the</token>
<token t_id="139" sentence="4" number="138">proper</token>
<token t_id="140" sentence="4" number="139">or</token>
<token t_id="141" sentence="4" number="140">improper</token>
<token t_id="142" sentence="4" number="141">application</token>
<token t_id="143" sentence="4" number="142">of</token>
<token t_id="144" sentence="4" number="143">the</token>
<token t_id="145" sentence="4" number="144">taxes</token>
<token t_id="146" sentence="4" number="145">so</token>
<token t_id="147" sentence="4" number="146">raised</token>
<token t_id="148" sentence="4" number="147">has</token>
<token t_id="149" sentence="4" number="148">in</token>
<token t_id="150" sentence="4" number="149">advancing</token>
<token t_id="151" sentence="4" number="150">or</token>
<token t_id="152" sentence="4" number="151">retarding</token>
<token t_id="153" sentence="4" number="152">the</token>
<token t_id="154" sentence="4" number="153">general</token>
<token t_id="155" sentence="4" number="154">prosperity</token>
<token t_id="156" sentence="4" number="155">of</token>
<token t_id="157" sentence="4" number="156">the</token>
<token t_id="158" sentence="4" number="157">municipality</token>
<token t_id="159" sentence="4" number="158">—</token>
<token t_id="160" sentence="4" number="159">but</token>
<token t_id="161" sentence="4" number="160">this</token>
<token t_id="162" sentence="4" number="161">side</token>
<token t_id="163" sentence="4" number="162">of</token>
<token t_id="164" sentence="4" number="163">the</token>
<token t_id="165" sentence="4" number="164">question</token>
<token t_id="166" sentence="4" number="165">is</token>
<token t_id="167" sentence="4" number="166">not</token>
<token t_id="168" sentence="4" number="167">always</token>
<token t_id="169" sentence="4" number="168">as</token>
<token t_id="170" sentence="4" number="169">thoroughly</token>
<token t_id="171" sentence="4" number="170">understood</token>
<token t_id="172" sentence="4" number="171">or</token>
<token t_id="173" sentence="4" number="172">appreciated</token>
<token t_id="174" sentence="4" number="173">.</token>
<token t_id="175" sentence="5" number="174">It</token>
<token t_id="176" sentence="5" number="175">is</token>
<token t_id="177" sentence="5" number="176">a</token>
<token t_id="178" sentence="5" number="177">good</token>
<token t_id="179" sentence="5" number="178">sign</token>
<token t_id="180" sentence="5" number="179">when</token>
<token t_id="181" sentence="5" number="180">the</token>
<token t_id="182" sentence="5" number="181">heavy</token>
<token t_id="183" sentence="5" number="182">taxpayers</token>
<token t_id="184" sentence="5" number="183">of</token>
<token t_id="185" sentence="5" number="184">the</token>
<token t_id="186" sentence="5" number="185">town</token>
<token t_id="187" sentence="5" number="186">take</token>
<token t_id="188" sentence="5" number="187">an</token>
<token t_id="189" sentence="5" number="188">active</token>
<token t_id="190" sentence="5" number="189">interest</token>
<token t_id="191" sentence="5" number="190">in</token>
<token t_id="192" sentence="5" number="191">its</token>
<token t_id="193" sentence="5" number="192">public</token>
<token t_id="194" sentence="5" number="193">affairs</token>
<token t_id="195" sentence="5" number="194">,</token>
<token t_id="196" sentence="5" number="195">either</token>
<token t_id="197" sentence="5" number="196">by</token>
<token t_id="198" sentence="5" number="197">offering</token>
<token t_id="199" sentence="5" number="198">themselves</token>
<token t_id="200" sentence="5" number="199">for</token>
<token t_id="201" sentence="5" number="200">office</token>
<token t_id="202" sentence="5" number="201">or</token>
<token t_id="203" sentence="5" number="202">by</token>
<token t_id="204" sentence="5" number="203">turning</token>
<token t_id="205" sentence="5" number="204">out</token>
<token t_id="206" sentence="5" number="205">and</token>
<token t_id="207" sentence="5" number="206">voting</token>
<token t_id="208" sentence="5" number="207">and</token>
<token t_id="209" sentence="5" number="208">working</token>
<token t_id="210" sentence="5" number="209">for</token>
<token t_id="211" sentence="5" number="210">or</token>
<token t_id="212" sentence="5" number="211">against</token>
<token t_id="213" sentence="5" number="212">the</token>
<token t_id="214" sentence="5" number="213">several</token>
<token t_id="215" sentence="5" number="214">candidates</token>
<token t_id="216" sentence="5" number="215">who</token>
<token t_id="217" sentence="5" number="216">may</token>
<token t_id="218" sentence="5" number="217">be</token>
<token t_id="219" sentence="5" number="218">so</token>
<token t_id="220" sentence="5" number="219">offering</token>
<token t_id="221" sentence="5" number="220">.</token>
<token t_id="222" sentence="6" number="221">As</token>
<token t_id="223" sentence="6" number="222">to</token>
<token t_id="224" sentence="6" number="223">the</token>
<token t_id="225" sentence="6" number="224">personal</token>
<token t_id="226" sentence="6" number="225">feeling</token>
<token t_id="227" sentence="6" number="226">which</token>
<token t_id="228" sentence="6" number="227">may</token>
<token t_id="229" sentence="6" number="228">enter</token>
<token t_id="230" sentence="6" number="229">into</token>
<token t_id="231" sentence="6" number="230">a</token>
<token t_id="232" sentence="6" number="231">municipal</token>
<token t_id="233" sentence="6" number="232">contest</token>
<token t_id="234" sentence="6" number="233">nothing</token>
<token t_id="235" sentence="6" number="234">need</token>
<token t_id="236" sentence="6" number="235">be</token>
<token t_id="237" sentence="6" number="236">said</token>
<token t_id="238" sentence="6" number="237">.</token>
<token t_id="239" sentence="7" number="238">It</token>
<token t_id="240" sentence="7" number="239">is</token>
<token t_id="241" sentence="7" number="240">only</token>
<token t_id="242" sentence="7" number="241">fair</token>
<token t_id="243" sentence="7" number="242">to</token>
<token t_id="244" sentence="7" number="243">say</token>
<token t_id="245" sentence="7" number="244">,</token>
<token t_id="246" sentence="7" number="245">however</token>
<token t_id="247" sentence="7" number="246">,</token>
<token t_id="248" sentence="7" number="247">that</token>
<token t_id="249" sentence="7" number="248">in</token>
<token t_id="250" sentence="7" number="249">the</token>
<token t_id="251" sentence="7" number="250">two</token>
<token t_id="252" sentence="7" number="251">contests</token>
<token t_id="253" sentence="7" number="252">which</token>
<token t_id="254" sentence="7" number="253">Edmonton</token>
<token t_id="255" sentence="7" number="254">has</token>
<token t_id="256" sentence="7" number="255">gone</token>
<token t_id="257" sentence="7" number="256">through</token>
<token t_id="258" sentence="7" number="257">,</token>
<token t_id="259" sentence="7" number="258">personal</token>
<token t_id="260" sentence="7" number="259">feeling</token>
<token t_id="261" sentence="7" number="260">—</token>
<token t_id="262" sentence="7" number="261">either</token>
<token t_id="263" sentence="7" number="262">ambition</token>
<token t_id="264" sentence="7" number="263">or</token>
<token t_id="265" sentence="7" number="264">animosity</token>
<token t_id="266" sentence="7" number="265">—</token>
<token t_id="267" sentence="7" number="266">played</token>
<token t_id="268" sentence="7" number="267">the</token>
<token t_id="269" sentence="7" number="268">very</token>
<token t_id="270" sentence="7" number="269">smallest</token>
<token t_id="271" sentence="7" number="270">part</token>
<token t_id="272" sentence="7" number="271">.</token>
<token t_id="273" sentence="8" number="272">Of</token>
<token t_id="274" sentence="8" number="273">the</token>
<token t_id="275" sentence="8" number="274">late</token>
<token t_id="276" sentence="8" number="275">council</token>
<token t_id="277" sentence="8" number="276">it</token>
<token t_id="278" sentence="8" number="277">can</token>
<token t_id="279" sentence="8" number="278">truthfully</token>
<token t_id="280" sentence="8" number="279">be</token>
<token t_id="281" sentence="8" number="280">said</token>
<token t_id="282" sentence="8" number="281">that</token>
<token t_id="283" sentence="8" number="282">it</token>
<token t_id="284" sentence="8" number="283">fairly</token>
<token t_id="285" sentence="8" number="284">represented</token>
<token t_id="286" sentence="8" number="285">the</token>
<token t_id="287" sentence="8" number="286">business</token>
<token t_id="288" sentence="8" number="287">interests</token>
<token t_id="289" sentence="8" number="288">of</token>
<token t_id="290" sentence="8" number="289">the</token>
<token t_id="291" sentence="8" number="290">town</token>
<token t_id="292" sentence="8" number="291">,</token>
<token t_id="293" sentence="8" number="292">and</token>
<token t_id="294" sentence="8" number="293">of</token>
<token t_id="295" sentence="8" number="294">the</token>
<token t_id="296" sentence="8" number="295">present</token>
<token t_id="297" sentence="8" number="296">one</token>
<token t_id="298" sentence="8" number="297">the</token>
<token t_id="299" sentence="8" number="298">same</token>
<token t_id="300" sentence="8" number="299">may</token>
<token t_id="301" sentence="8" number="300">be</token>
<token t_id="302" sentence="8" number="301">said</token>
<token t_id="303" sentence="8" number="302">an</token>
<token t_id="304" sentence="8" number="303">almost</token>
<token t_id="305" sentence="8" number="304">equal</token>
<token t_id="306" sentence="8" number="305">degree</token>
<token t_id="307" sentence="8" number="306">.</token>
<token t_id="308" sentence="9" number="307">The</token>
<token t_id="309" sentence="9" number="308">only</token>
<token t_id="310" sentence="9" number="309">fault</token>
<token t_id="311" sentence="9" number="310">found</token>
<token t_id="312" sentence="9" number="311">with</token>
<token t_id="313" sentence="9" number="312">the</token>
<token t_id="314" sentence="9" number="313">retiring</token>
<token t_id="315" sentence="9" number="314">council</token>
<token t_id="316" sentence="9" number="315">was</token>
<token t_id="317" sentence="9" number="316">that</token>
<token t_id="318" sentence="9" number="317">it</token>
<token t_id="319" sentence="9" number="318">was</token>
<token t_id="320" sentence="9" number="319">somewhat</token>
<token t_id="321" sentence="9" number="320">too</token>
<token t_id="322" sentence="9" number="321">liberal</token>
<token t_id="323" sentence="9" number="322">in</token>
<token t_id="324" sentence="9" number="323">expenditure</token>
<token t_id="325" sentence="9" number="324">,</token>
<token t_id="326" sentence="9" number="325">and</token>
<token t_id="327" sentence="9" number="326">at</token>
<token t_id="328" sentence="9" number="327">times</token>
<token t_id="329" sentence="9" number="328">somewhat</token>
<token t_id="330" sentence="9" number="329">lax</token>
<token t_id="331" sentence="9" number="330">in</token>
<token t_id="332" sentence="9" number="331">its</token>
<token t_id="333" sentence="9" number="332">business</token>
<token t_id="334" sentence="9" number="333">methods</token>
<token t_id="335" sentence="9" number="334">.</token>
<token t_id="336" sentence="10" number="335">On</token>
<token t_id="337" sentence="10" number="336">the</token>
<token t_id="338" sentence="10" number="337">other</token>
<token t_id="339" sentence="10" number="338">hand</token>
<token t_id="340" sentence="10" number="339">,</token>
<token t_id="341" sentence="10" number="340">in</token>
<token t_id="342" sentence="10" number="341">taking</token>
<token t_id="343" sentence="10" number="342">hold</token>
<token t_id="344" sentence="10" number="343">of</token>
<token t_id="345" sentence="10" number="344">a</token>
<token t_id="346" sentence="10" number="345">town</token>
<token t_id="347" sentence="10" number="346">laid</token>
<token t_id="348" sentence="10" number="347">out</token>
<token t_id="349" sentence="10" number="348">and</token>
<token t_id="350" sentence="10" number="349">situated</token>
<token t_id="351" sentence="10" number="350">as</token>
<token t_id="352" sentence="10" number="351">this</token>
<token t_id="353" sentence="10" number="352">was</token>
<token t_id="354" sentence="10" number="353">,</token>
<token t_id="355" sentence="10" number="354">with</token>
<token t_id="356" sentence="10" number="355">everything</token>
<token t_id="357" sentence="10" number="356">to</token>
<token t_id="358" sentence="10" number="357">do</token>
<token t_id="359" sentence="10" number="358">,</token>
<token t_id="360" sentence="10" number="359">a</token>
<token t_id="361" sentence="10" number="360">liberal</token>
<token t_id="362" sentence="10" number="361">expenditure</token>
<token t_id="363" sentence="10" number="362">was</token>
<token t_id="364" sentence="10" number="363">necessary</token>
<token t_id="365" sentence="10" number="364">,</token>
<token t_id="366" sentence="10" number="365">and</token>
<token t_id="367" sentence="10" number="366">it</token>
<token t_id="368" sentence="10" number="367">was</token>
<token t_id="369" sentence="10" number="368">not</token>
<token t_id="370" sentence="10" number="369">desirable</token>
<token t_id="371" sentence="10" number="370">that</token>
<token t_id="372" sentence="10" number="371">mere</token>
<token t_id="373" sentence="10" number="372">formalities</token>
<token t_id="374" sentence="10" number="373">should</token>
<token t_id="375" sentence="10" number="374">be</token>
<token t_id="376" sentence="10" number="375">allowed</token>
<token t_id="377" sentence="10" number="376">to</token>
<token t_id="378" sentence="10" number="377">retard</token>
<token t_id="379" sentence="10" number="378">the</token>
<token t_id="380" sentence="10" number="379">work</token>
<token t_id="381" sentence="10" number="380">of</token>
<token t_id="382" sentence="10" number="381">improvement</token>
<token t_id="383" sentence="10" number="382">.</token>
<token t_id="384" sentence="11" number="383">Comparing</token>
<token t_id="385" sentence="11" number="384">the</token>
<token t_id="386" sentence="11" number="385">town</token>
<token t_id="387" sentence="11" number="386">as</token>
<token t_id="388" sentence="11" number="387">it</token>
<token t_id="389" sentence="11" number="388">is</token>
<token t_id="390" sentence="11" number="389">to-day</token>
<token t_id="391" sentence="11" number="390">with</token>
<token t_id="392" sentence="11" number="391">what</token>
<token t_id="393" sentence="11" number="392">it</token>
<token t_id="394" sentence="11" number="393">was</token>
<token t_id="395" sentence="11" number="394">a</token>
<token t_id="396" sentence="11" number="395">year</token>
<token t_id="397" sentence="11" number="396">ago</token>
<token t_id="398" sentence="11" number="397">,</token>
<token t_id="399" sentence="11" number="398">it</token>
<token t_id="400" sentence="11" number="399">must</token>
<token t_id="401" sentence="11" number="400">be</token>
<token t_id="402" sentence="11" number="401">admitted</token>
<token t_id="403" sentence="11" number="402">that</token>
<token t_id="404" sentence="11" number="403">the</token>
<token t_id="405" sentence="11" number="404">retiring</token>
<token t_id="406" sentence="11" number="405">council</token>
<token t_id="407" sentence="11" number="406">did</token>
<token t_id="408" sentence="11" number="407">a</token>
<token t_id="409" sentence="11" number="408">great</token>
<token t_id="410" sentence="11" number="409">deal</token>
<token t_id="411" sentence="11" number="410">of</token>
<token t_id="412" sentence="11" number="411">very</token>
<token t_id="413" sentence="11" number="412">good</token>
<token t_id="414" sentence="11" number="413">work</token>
<token t_id="415" sentence="11" number="414">,</token>
<token t_id="416" sentence="11" number="415">and</token>
<token t_id="417" sentence="11" number="416">certainly</token>
<token t_id="418" sentence="11" number="417">every</token>
<token t_id="419" sentence="11" number="418">member</token>
<token t_id="420" sentence="11" number="419">of</token>
<token t_id="421" sentence="11" number="420">it</token>
<token t_id="422" sentence="11" number="421">exerted</token>
<token t_id="423" sentence="11" number="422">himself</token>
<token t_id="424" sentence="11" number="423">to</token>
<token t_id="425" sentence="11" number="424">the</token>
<token t_id="426" sentence="11" number="425">very</token>
<token t_id="427" sentence="11" number="426">fullest</token>
<token t_id="428" sentence="11" number="427">extent</token>
<token t_id="429" sentence="11" number="428">—</token>
<token t_id="430" sentence="11" number="429">never</token>
<token t_id="431" sentence="11" number="430">stinting</token>
<token t_id="432" sentence="11" number="431">his</token>
<token t_id="433" sentence="11" number="432">time</token>
<token t_id="434" sentence="11" number="433">—</token>
<token t_id="435" sentence="11" number="434">in</token>
<token t_id="436" sentence="11" number="435">attending</token>
<token t_id="437" sentence="11" number="436">to</token>
<token t_id="438" sentence="11" number="437">the</token>
<token t_id="439" sentence="11" number="438">duties</token>
<token t_id="440" sentence="11" number="439">which</token>
<token t_id="441" sentence="11" number="440">devolved</token>
<token t_id="442" sentence="11" number="441">upon</token>
<token t_id="443" sentence="11" number="442">him</token>
<token t_id="444" sentence="11" number="443">.</token>
<token t_id="445" sentence="12" number="444">The</token>
<token t_id="446" sentence="12" number="445">first</token>
<token t_id="447" sentence="12" number="446">year</token>
<token t_id="448" sentence="12" number="447">of</token>
<token t_id="449" sentence="12" number="448">a</token>
<token t_id="450" sentence="12" number="449">town</token>
<token t_id="451" sentence="12" number="450">'s</token>
<token t_id="452" sentence="12" number="451">existence</token>
<token t_id="453" sentence="12" number="452">is</token>
<token t_id="454" sentence="12" number="453">the</token>
<token t_id="455" sentence="12" number="454">most</token>
<token t_id="456" sentence="12" number="455">critical</token>
<token t_id="457" sentence="12" number="456">,</token>
<token t_id="458" sentence="12" number="457">for</token>
<token t_id="459" sentence="12" number="458">mistakes</token>
<token t_id="460" sentence="12" number="459">made</token>
<token t_id="461" sentence="12" number="460">then</token>
<token t_id="462" sentence="12" number="461">are</token>
<token t_id="463" sentence="12" number="462">liable</token>
<token t_id="464" sentence="12" number="463">to</token>
<token t_id="465" sentence="12" number="464">affect</token>
<token t_id="466" sentence="12" number="465">it</token>
<token t_id="467" sentence="12" number="466">ever</token>
<token t_id="468" sentence="12" number="467">afterwards</token>
<token t_id="469" sentence="12" number="468">,</token>
<token t_id="470" sentence="12" number="469">and</token>
<token t_id="471" sentence="12" number="470">for</token>
<token t_id="472" sentence="12" number="471">lack</token>
<token t_id="473" sentence="12" number="472">of</token>
<token t_id="474" sentence="12" number="473">any</token>
<token t_id="475" sentence="12" number="474">foundation</token>
<token t_id="476" sentence="12" number="475">to</token>
<token t_id="477" sentence="12" number="476">build</token>
<token t_id="478" sentence="12" number="477">on</token>
<token t_id="479" sentence="12" number="478">mistakes</token>
<token t_id="480" sentence="12" number="479">are</token>
<token t_id="481" sentence="12" number="480">then</token>
<token t_id="482" sentence="12" number="481">most</token>
<token t_id="483" sentence="12" number="482">liable</token>
<token t_id="484" sentence="12" number="483">to</token>
<token t_id="485" sentence="12" number="484">be</token>
<token t_id="486" sentence="12" number="485">made</token>
<token t_id="487" sentence="12" number="486">.</token>
<token t_id="488" sentence="13" number="487">Compared</token>
<token t_id="489" sentence="13" number="488">with</token>
<token t_id="490" sentence="13" number="489">almost</token>
<token t_id="491" sentence="13" number="490">any</token>
<token t_id="492" sentence="13" number="491">other</token>
<token t_id="493" sentence="13" number="492">town</token>
<token t_id="494" sentence="13" number="493">in</token>
<token t_id="495" sentence="13" number="494">the</token>
<token t_id="496" sentence="13" number="495">Northwest</token>
<token t_id="497" sentence="13" number="496">Edmonton</token>
<token t_id="498" sentence="13" number="497">has</token>
<token t_id="499" sentence="13" number="498">come</token>
<token t_id="500" sentence="13" number="499">through</token>
<token t_id="501" sentence="13" number="500">the</token>
<token t_id="502" sentence="13" number="501">first</token>
<token t_id="503" sentence="13" number="502">year</token>
<token t_id="504" sentence="13" number="503">of</token>
<token t_id="505" sentence="13" number="504">its</token>
<token t_id="506" sentence="13" number="505">municipal</token>
<token t_id="507" sentence="13" number="506">existence</token>
<token t_id="508" sentence="13" number="507">very</token>
<token t_id="509" sentence="13" number="508">creditably</token>
<token t_id="510" sentence="13" number="509">,</token>
<token t_id="511" sentence="13" number="510">and</token>
<token t_id="512" sentence="13" number="511">to</token>
<token t_id="513" sentence="13" number="512">the</token>
<token t_id="514" sentence="13" number="513">members</token>
<token t_id="515" sentence="13" number="514">of</token>
<token t_id="516" sentence="13" number="515">the</token>
<token t_id="517" sentence="13" number="516">council</token>
<token t_id="518" sentence="13" number="517">who</token>
<token t_id="519" sentence="13" number="518">had</token>
<token t_id="520" sentence="13" number="519">charge</token>
<token t_id="521" sentence="13" number="520">of</token>
<token t_id="522" sentence="13" number="521">its</token>
<token t_id="523" sentence="13" number="522">affairs</token>
<token t_id="524" sentence="13" number="523">during</token>
<token t_id="525" sentence="13" number="524">that</token>
<token t_id="526" sentence="13" number="525">time</token>
<token t_id="527" sentence="13" number="526">full</token>
<token t_id="528" sentence="13" number="527">credit</token>
<token t_id="529" sentence="13" number="528">is</token>
<token t_id="530" sentence="13" number="529">due</token>
<token t_id="531" sentence="13" number="530">.</token>
<token t_id="532" sentence="14" number="531">The</token>
<token t_id="533" sentence="14" number="532">incoming</token>
<token t_id="534" sentence="14" number="533">council</token>
<token t_id="535" sentence="14" number="534">has</token>
<token t_id="536" sentence="14" number="535">been</token>
<token t_id="537" sentence="14" number="536">elected</token>
<token t_id="538" sentence="14" number="537">under</token>
<token t_id="539" sentence="14" number="538">most</token>
<token t_id="540" sentence="14" number="539">favorable</token>
<token t_id="541" sentence="14" number="540">circumstances</token>
<token t_id="542" sentence="14" number="541">.</token>
<token t_id="543" sentence="15" number="542">The</token>
<token t_id="544" sentence="15" number="543">mayor</token>
<token t_id="545" sentence="15" number="544">and</token>
<token t_id="546" sentence="15" number="545">two</token>
<token t_id="547" sentence="15" number="546">members</token>
<token t_id="548" sentence="15" number="547">of</token>
<token t_id="549" sentence="15" number="548">the</token>
<token t_id="550" sentence="15" number="549">retiring</token>
<token t_id="551" sentence="15" number="550">council</token>
<token t_id="552" sentence="15" number="551">have</token>
<token t_id="553" sentence="15" number="552">been</token>
<token t_id="554" sentence="15" number="553">re-elected</token>
<token t_id="555" sentence="15" number="554">,</token>
<token t_id="556" sentence="15" number="555">and</token>
<token t_id="557" sentence="15" number="556">their</token>
<token t_id="558" sentence="15" number="557">experience</token>
<token t_id="559" sentence="15" number="558">will</token>
<token t_id="560" sentence="15" number="559">be</token>
<token t_id="561" sentence="15" number="560">useful</token>
<token t_id="562" sentence="15" number="561">in</token>
<token t_id="563" sentence="15" number="562">all</token>
<token t_id="564" sentence="15" number="563">matters</token>
<token t_id="565" sentence="15" number="564">of</token>
<token t_id="566" sentence="15" number="565">procedure</token>
<token t_id="567" sentence="15" number="566">,</token>
<token t_id="568" sentence="15" number="567">saving</token>
<token t_id="569" sentence="15" number="568">time</token>
<token t_id="570" sentence="15" number="569">and</token>
<token t_id="571" sentence="15" number="570">tending</token>
<token t_id="572" sentence="15" number="571">to</token>
<token t_id="573" sentence="15" number="572">avoid</token>
<token t_id="574" sentence="15" number="573">irregularity</token>
<token t_id="575" sentence="15" number="574">,</token>
<token t_id="576" sentence="15" number="575">and</token>
<token t_id="577" sentence="15" number="576">so</token>
<token t_id="578" sentence="15" number="577">leaving</token>
<token t_id="579" sentence="15" number="578">less</token>
<token t_id="580" sentence="15" number="579">room</token>
<token t_id="581" sentence="15" number="580">for</token>
<token t_id="582" sentence="15" number="581">criticism</token>
<token t_id="583" sentence="15" number="582">.</token>
<token t_id="584" sentence="16" number="583">At</token>
<token t_id="585" sentence="16" number="584">the</token>
<token t_id="586" sentence="16" number="585">same</token>
<token t_id="587" sentence="16" number="586">time</token>
<token t_id="588" sentence="16" number="587">a</token>
<token t_id="589" sentence="16" number="588">majority</token>
<token t_id="590" sentence="16" number="589">of</token>
<token t_id="591" sentence="16" number="590">new</token>
<token t_id="592" sentence="16" number="591">members</token>
<token t_id="593" sentence="16" number="592">have</token>
<token t_id="594" sentence="16" number="593">been</token>
<token t_id="595" sentence="16" number="594">elected</token>
<token t_id="596" sentence="16" number="595">,</token>
<token t_id="597" sentence="16" number="596">so</token>
<token t_id="598" sentence="16" number="597">that</token>
<token t_id="599" sentence="16" number="598">if</token>
<token t_id="600" sentence="16" number="599">a</token>
<token t_id="601" sentence="16" number="600">change</token>
<token t_id="602" sentence="16" number="601">of</token>
<token t_id="603" sentence="16" number="602">policy</token>
<token t_id="604" sentence="16" number="603">in</token>
<token t_id="605" sentence="16" number="604">any</token>
<token t_id="606" sentence="16" number="605">particular</token>
<token t_id="607" sentence="16" number="606">is</token>
<token t_id="608" sentence="16" number="607">felt</token>
<token t_id="609" sentence="16" number="608">to</token>
<token t_id="610" sentence="16" number="609">be</token>
<token t_id="611" sentence="16" number="610">desirable</token>
<token t_id="612" sentence="16" number="611">it</token>
<token t_id="613" sentence="16" number="612">is</token>
<token t_id="614" sentence="16" number="613">possible</token>
<token t_id="615" sentence="16" number="614">to</token>
<token t_id="616" sentence="16" number="615">effect</token>
<token t_id="617" sentence="16" number="616">it</token>
<token t_id="618" sentence="16" number="617">.</token>
<token t_id="619" sentence="17" number="618">There</token>
<token t_id="620" sentence="17" number="619">is</token>
<token t_id="621" sentence="17" number="620">no</token>
<token t_id="622" sentence="17" number="621">doubt</token>
<token t_id="623" sentence="17" number="622">that</token>
<token t_id="624" sentence="17" number="623">the</token>
<token t_id="625" sentence="17" number="624">new</token>
<token t_id="626" sentence="17" number="625">members</token>
<token t_id="627" sentence="17" number="626">have</token>
<token t_id="628" sentence="17" number="627">been</token>
<token t_id="629" sentence="17" number="628">elected</token>
<token t_id="630" sentence="17" number="629">on</token>
<token t_id="631" sentence="17" number="630">the</token>
<token t_id="632" sentence="17" number="631">idea</token>
<token t_id="633" sentence="17" number="632">that</token>
<token t_id="634" sentence="17" number="633">they</token>
<token t_id="635" sentence="17" number="634">will</token>
<token t_id="636" sentence="17" number="635">secure</token>
<token t_id="637" sentence="17" number="636">a</token>
<token t_id="638" sentence="17" number="637">more</token>
<token t_id="639" sentence="17" number="638">economical</token>
<token t_id="640" sentence="17" number="639">efficiency</token>
<token t_id="641" sentence="17" number="640">in</token>
<token t_id="642" sentence="17" number="641">the</token>
<token t_id="643" sentence="17" number="642">municipal</token>
<token t_id="644" sentence="17" number="643">service</token>
<token t_id="645" sentence="17" number="644">.</token>
<token t_id="646" sentence="18" number="645">This</token>
<token t_id="647" sentence="18" number="646">is</token>
<token t_id="648" sentence="18" number="647">always</token>
<token t_id="649" sentence="18" number="648">desirable</token>
<token t_id="650" sentence="18" number="649">,</token>
<token t_id="651" sentence="18" number="650">and</token>
<token t_id="652" sentence="18" number="651">in</token>
<token t_id="653" sentence="18" number="652">their</token>
<token t_id="654" sentence="18" number="653">efforts</token>
<token t_id="655" sentence="18" number="654">in</token>
<token t_id="656" sentence="18" number="655">this</token>
<token t_id="657" sentence="18" number="656">direction</token>
<token t_id="658" sentence="18" number="657">they</token>
<token t_id="659" sentence="18" number="658">will</token>
<token t_id="660" sentence="18" number="659">have</token>
<token t_id="661" sentence="18" number="660">the</token>
<token t_id="662" sentence="18" number="661">support</token>
<token t_id="663" sentence="18" number="662">of</token>
<token t_id="664" sentence="18" number="663">every</token>
<token t_id="665" sentence="18" number="664">taxpayer</token>
<token t_id="666" sentence="18" number="665">.</token>
<token t_id="667" sentence="19" number="666">But</token>
<token t_id="668" sentence="19" number="667">there</token>
<token t_id="669" sentence="19" number="668">are</token>
<token t_id="670" sentence="19" number="669">two</token>
<token t_id="671" sentence="19" number="670">or</token>
<token t_id="672" sentence="19" number="671">three</token>
<token t_id="673" sentence="19" number="672">questions</token>
<token t_id="674" sentence="19" number="673">immediately</token>
<token t_id="675" sentence="19" number="674">facing</token>
<token t_id="676" sentence="19" number="675">them</token>
<token t_id="677" sentence="19" number="676">which</token>
<token t_id="678" sentence="19" number="677">must</token>
<token t_id="679" sentence="19" number="678">be</token>
<token t_id="680" sentence="19" number="679">dealt</token>
<token t_id="681" sentence="19" number="680">with</token>
<token t_id="682" sentence="19" number="681">on</token>
<token t_id="683" sentence="19" number="682">other</token>
<token t_id="684" sentence="19" number="683">grounds</token>
<token t_id="685" sentence="19" number="684">than</token>
<token t_id="686" sentence="19" number="685">those</token>
<token t_id="687" sentence="19" number="686">of</token>
<token t_id="688" sentence="19" number="687">mere</token>
<token t_id="689" sentence="19" number="688">economy</token>
<token t_id="690" sentence="19" number="689">.</token>
<token t_id="691" sentence="20" number="690">The</token>
<token t_id="692" sentence="20" number="691">first</token>
<token t_id="693" sentence="20" number="692">of</token>
<token t_id="694" sentence="20" number="693">these</token>
<token t_id="695" sentence="20" number="694">is</token>
<token t_id="696" sentence="20" number="695">the</token>
<token t_id="697" sentence="20" number="696">ferry</token>
<token t_id="698" sentence="20" number="697">matter</token>
<token t_id="699" sentence="20" number="698">.</token>
<token t_id="700" sentence="21" number="699">With</token>
<token t_id="701" sentence="21" number="700">the</token>
<token t_id="702" sentence="21" number="701">coming</token>
<token t_id="703" sentence="21" number="702">spring</token>
<token t_id="704" sentence="21" number="703">the</token>
<token t_id="705" sentence="21" number="704">control</token>
<token t_id="706" sentence="21" number="705">of</token>
<token t_id="707" sentence="21" number="706">ferries</token>
<token t_id="708" sentence="21" number="707">on</token>
<token t_id="709" sentence="21" number="708">the</token>
<token t_id="710" sentence="21" number="709">river</token>
<token t_id="711" sentence="21" number="710">opposite</token>
<token t_id="712" sentence="21" number="711">the</token>
<token t_id="713" sentence="21" number="712">town</token>
<token t_id="714" sentence="21" number="713">limits</token>
<token t_id="715" sentence="21" number="714">devolves</token>
<token t_id="716" sentence="21" number="715">upon</token>
<token t_id="717" sentence="21" number="716">the</token>
<token t_id="718" sentence="21" number="717">town</token>
<token t_id="719" sentence="21" number="718">.</token>
<token t_id="720" sentence="22" number="719">To</token>
<token t_id="721" sentence="22" number="720">arrange</token>
<token t_id="722" sentence="22" number="721">for</token>
<token t_id="723" sentence="22" number="722">the</token>
<token t_id="724" sentence="22" number="723">running</token>
<token t_id="725" sentence="22" number="724">of</token>
<token t_id="726" sentence="22" number="725">these</token>
<token t_id="727" sentence="22" number="726">ferries</token>
<token t_id="728" sentence="22" number="727">so</token>
<token t_id="729" sentence="22" number="728">that</token>
<token t_id="730" sentence="22" number="729">they</token>
<token t_id="731" sentence="22" number="730">shall</token>
<token t_id="732" sentence="22" number="731">not</token>
<token t_id="733" sentence="22" number="732">be</token>
<token t_id="734" sentence="22" number="733">an</token>
<token t_id="735" sentence="22" number="734">undue</token>
<token t_id="736" sentence="22" number="735">burden</token>
<token t_id="737" sentence="22" number="736">upon</token>
<token t_id="738" sentence="22" number="737">the</token>
<token t_id="739" sentence="22" number="738">town</token>
<token t_id="740" sentence="22" number="739">treasury</token>
<token t_id="741" sentence="22" number="740">,</token>
<token t_id="742" sentence="22" number="741">and</token>
<token t_id="743" sentence="22" number="742">at</token>
<token t_id="744" sentence="22" number="743">the</token>
<token t_id="745" sentence="22" number="744">same</token>
<token t_id="746" sentence="22" number="745">time</token>
<token t_id="747" sentence="22" number="746">so</token>
<token t_id="748" sentence="22" number="747">that</token>
<token t_id="749" sentence="22" number="748">travel</token>
<token t_id="750" sentence="22" number="749">shall</token>
<token t_id="751" sentence="22" number="750">have</token>
<token t_id="752" sentence="22" number="751">the</token>
<token t_id="753" sentence="22" number="752">greatest</token>
<token t_id="754" sentence="22" number="753">possible</token>
<token t_id="755" sentence="22" number="754">facility</token>
<token t_id="756" sentence="22" number="755">,</token>
<token t_id="757" sentence="22" number="756">as</token>
<token t_id="758" sentence="22" number="757">the</token>
<token t_id="759" sentence="22" number="758">business</token>
<token t_id="760" sentence="22" number="759">interests</token>
<token t_id="761" sentence="22" number="760">of</token>
<token t_id="762" sentence="22" number="761">the</token>
<token t_id="763" sentence="22" number="762">place</token>
<token t_id="764" sentence="22" number="763">requires</token>
<token t_id="765" sentence="22" number="764">,</token>
<token t_id="766" sentence="22" number="765">is</token>
<token t_id="767" sentence="22" number="766">a</token>
<token t_id="768" sentence="22" number="767">duty</token>
<token t_id="769" sentence="22" number="768">which</token>
<token t_id="770" sentence="22" number="769">will</token>
<token t_id="771" sentence="22" number="770">require</token>
<token t_id="772" sentence="22" number="771">the</token>
<token t_id="773" sentence="22" number="772">greatest</token>
<token t_id="774" sentence="22" number="773">delicacy</token>
<token t_id="775" sentence="22" number="774">,</token>
<token t_id="776" sentence="22" number="775">and</token>
<token t_id="777" sentence="22" number="776">tact</token>
<token t_id="778" sentence="22" number="777">in</token>
<token t_id="779" sentence="22" number="778">its</token>
<token t_id="780" sentence="22" number="779">discharge</token>
<token t_id="781" sentence="22" number="780">.</token>
<token t_id="782" sentence="23" number="781">The</token>
<token t_id="783" sentence="23" number="782">bridge</token>
<token t_id="784" sentence="23" number="783">question</token>
<token t_id="785" sentence="23" number="784">is</token>
<token t_id="786" sentence="23" number="785">also</token>
<token t_id="787" sentence="23" number="786">up</token>
<token t_id="788" sentence="23" number="787">,</token>
<token t_id="789" sentence="23" number="788">not</token>
<token t_id="790" sentence="23" number="789">simply</token>
<token t_id="791" sentence="23" number="790">for</token>
<token t_id="792" sentence="23" number="791">discussion</token>
<token t_id="793" sentence="23" number="792">,</token>
<token t_id="794" sentence="23" number="793">but</token>
<token t_id="795" sentence="23" number="794">for</token>
<token t_id="796" sentence="23" number="795">action</token>
<token t_id="797" sentence="23" number="796">,</token>
<token t_id="798" sentence="23" number="797">and</token>
<token t_id="799" sentence="23" number="798">also</token>
<token t_id="800" sentence="23" number="799">the</token>
<token t_id="801" sentence="23" number="800">question</token>
<token t_id="802" sentence="23" number="801">of</token>
<token t_id="803" sentence="23" number="802">securing</token>
<token t_id="804" sentence="23" number="803">an</token>
<token t_id="805" sentence="23" number="804">adequate</token>
<token t_id="806" sentence="23" number="805">supply</token>
<token t_id="807" sentence="23" number="806">of</token>
<token t_id="808" sentence="23" number="807">water</token>
<token t_id="809" sentence="23" number="808">for</token>
<token t_id="810" sentence="23" number="809">fire</token>
<token t_id="811" sentence="23" number="810">protection</token>
<token t_id="812" sentence="23" number="811">purposes</token>
<token t_id="813" sentence="23" number="812">in</token>
<token t_id="814" sentence="23" number="813">the</token>
<token t_id="815" sentence="23" number="814">business</token>
<token t_id="816" sentence="23" number="815">part</token>
<token t_id="817" sentence="23" number="816">of</token>
<token t_id="818" sentence="23" number="817">town</token>
<token t_id="819" sentence="23" number="818">.</token>
<token t_id="820" sentence="24" number="819">These</token>
<token t_id="821" sentence="24" number="820">are</token>
<token t_id="822" sentence="24" number="821">matters</token>
<token t_id="823" sentence="24" number="822">which</token>
<token t_id="824" sentence="24" number="823">must</token>
<token t_id="825" sentence="24" number="824">be</token>
<token t_id="826" sentence="24" number="825">dealt</token>
<token t_id="827" sentence="24" number="826">with</token>
<token t_id="828" sentence="24" number="827">,</token>
<token t_id="829" sentence="24" number="828">in</token>
<token t_id="830" sentence="24" number="829">one</token>
<token t_id="831" sentence="24" number="830">way</token>
<token t_id="832" sentence="24" number="831">or</token>
<token t_id="833" sentence="24" number="832">another</token>
<token t_id="834" sentence="24" number="833">—</token>
<token t_id="835" sentence="24" number="834">which</token>
<token t_id="836" sentence="24" number="835">will</token>
<token t_id="837" sentence="24" number="836">not</token>
<token t_id="838" sentence="24" number="837">be</token>
<token t_id="839" sentence="24" number="838">ignored</token>
<token t_id="840" sentence="24" number="839">.</token>
<token t_id="841" sentence="25" number="840">Upon</token>
<token t_id="842" sentence="25" number="841">the</token>
<token t_id="843" sentence="25" number="842">ability</token>
<token t_id="844" sentence="25" number="843">with</token>
<token t_id="845" sentence="25" number="844">which</token>
<token t_id="846" sentence="25" number="845">they</token>
<token t_id="847" sentence="25" number="846">—</token>
<token t_id="848" sentence="25" number="847">especially</token>
<token t_id="849" sentence="25" number="848">the</token>
<token t_id="850" sentence="25" number="849">bridge</token>
<token t_id="851" sentence="25" number="850">matter</token>
<token t_id="852" sentence="25" number="851">—</token>
<token t_id="853" sentence="25" number="852">are</token>
<token t_id="854" sentence="25" number="853">handled</token>
<token t_id="855" sentence="25" number="854">,</token>
<token t_id="856" sentence="25" number="855">depends</token>
<token t_id="857" sentence="25" number="856">very</token>
<token t_id="858" sentence="25" number="857">greatly</token>
<token t_id="859" sentence="25" number="858">the</token>
<token t_id="860" sentence="25" number="859">future</token>
<token t_id="861" sentence="25" number="860">of</token>
<token t_id="862" sentence="25" number="861">the</token>
<token t_id="863" sentence="25" number="862">place</token>
<token t_id="864" sentence="25" number="863">.</token>
<token t_id="865" sentence="26" number="864">In</token>
<token t_id="866" sentence="26" number="865">the</token>
<token t_id="867" sentence="26" number="866">incoming</token>
<token t_id="868" sentence="26" number="867">council</token>
<token t_id="869" sentence="26" number="868">we</token>
<token t_id="870" sentence="26" number="869">have</token>
<token t_id="871" sentence="26" number="870">men</token>
<token t_id="872" sentence="26" number="871">whose</token>
<token t_id="873" sentence="26" number="872">interests</token>
<token t_id="874" sentence="26" number="873">in</token>
<token t_id="875" sentence="26" number="874">the</token>
<token t_id="876" sentence="26" number="875">place</token>
<token t_id="877" sentence="26" number="876">are</token>
<token t_id="878" sentence="26" number="877">such</token>
<token t_id="879" sentence="26" number="878">,</token>
<token t_id="880" sentence="26" number="879">and</token>
<token t_id="881" sentence="26" number="880">whose</token>
<token t_id="882" sentence="26" number="881">success</token>
<token t_id="883" sentence="26" number="882">in</token>
<token t_id="884" sentence="26" number="883">business</token>
<token t_id="885" sentence="26" number="884">has</token>
<token t_id="886" sentence="26" number="885">been</token>
<token t_id="887" sentence="26" number="886">such</token>
<token t_id="888" sentence="26" number="887">,</token>
<token t_id="889" sentence="26" number="888">as</token>
<token t_id="890" sentence="26" number="889">to</token>
<token t_id="891" sentence="26" number="890">ensure</token>
<token t_id="892" sentence="26" number="891">that</token>
<token t_id="893" sentence="26" number="892">they</token>
<token t_id="894" sentence="26" number="893">have</token>
<token t_id="895" sentence="26" number="894">both</token>
<token t_id="896" sentence="26" number="895">the</token>
<token t_id="897" sentence="26" number="896">will</token>
<token t_id="898" sentence="26" number="897">and</token>
<token t_id="899" sentence="26" number="898">the</token>
<token t_id="900" sentence="26" number="899">ability</token>
<token t_id="901" sentence="26" number="900">to</token>
<token t_id="902" sentence="26" number="901">deal</token>
<token t_id="903" sentence="26" number="902">with</token>
<token t_id="904" sentence="26" number="903">these</token>
<token t_id="905" sentence="26" number="904">important</token>
<token t_id="906" sentence="26" number="905">questions</token>
<token t_id="907" sentence="26" number="906">in</token>
<token t_id="908" sentence="26" number="907">the</token>
<token t_id="909" sentence="26" number="908">manner</token>
<token t_id="910" sentence="26" number="909">which</token>
<token t_id="911" sentence="26" number="910">shall</token>
<token t_id="912" sentence="26" number="911">best</token>
<token t_id="913" sentence="26" number="912">advance</token>
<token t_id="914" sentence="26" number="913">the</token>
<token t_id="915" sentence="26" number="914">prosperity</token>
<token t_id="916" sentence="26" number="915">of</token>
<token t_id="917" sentence="26" number="916">the</token>
<token t_id="918" sentence="26" number="917">place</token>
<token t_id="919" sentence="26" number="918">.</token>


<Markables>
<EVENT_MENTION m_id="33" factuality="" modality="" pred="" pos="" aspect="" certainty="" comment="" class="COMMUNICATION" tense="" polarity=""  >
<token_anchor t_id="237"/>
</EVENT_MENTION>
<EVENT_MENTION m_id="129" factuality="" modality="" pred="" pos="" aspect="" certainty="" comment="" class="COMMUNICATION" tense="" polarity=""  >
<token_anchor t_id="792"/>
</EVENT_MENTION>
<EVENT_MENTION m_id="65" factuality="" modality="" pred="" pos="" aspect="" certainty="" comment="" class="COMMUNICATION" tense="" polarity=""  >
<token_anchor t_id="402"/>
</EVENT_MENTION>
<EVENT_MENTION m_id="1" factuality="" modality="" pred="" pos="" aspect="" certainty="" comment="" class="AUTHORITY-LAW" tense="" polarity=""  >
<token_anchor t_id="11"/>
</EVENT_MENTION>
<EVENT_MENTION m_id="97" factuality="" modality="" pred="" pos="" aspect="" certainty="" comment="" class="MENTAL" tense="" polarity=""  >
<token_anchor t_id="571"/>
</EVENT_MENTION>
<EVENT_MENTION m_id="34" factuality="" modality="" pred="" pos="" aspect="" certainty="" comment="" class="EMOTIONS-EVALUATIONS" tense="" polarity=""  >
<token_anchor t_id="240"/>
<token_anchor t_id="241"/>
<token_anchor t_id="242"/>
</EVENT_MENTION>
<EVENT_MENTION m_id="130" factuality="" modality="" pred="" pos="" aspect="" certainty="" comment="" class="GENERAL" tense="" polarity=""  >
<token_anchor t_id="796"/>
</EVENT_MENTION>
<EVENT_MENTION m_id="66" factuality="" modality="" pred="" pos="" aspect="" certainty="" comment="" class="TRADE-WORK" tense="" polarity=""  >
<token_anchor t_id="405"/>
</EVENT_MENTION>
<EVENT_MENTION m_id="2" factuality="" modality="" pred="" pos="" aspect="" certainty="" comment="" class="GENERAL" tense="" polarity=""  >
<token_anchor t_id="19"/>
<token_anchor t_id="20"/>
</EVENT_MENTION>
<EVENT_MENTION m_id="98" factuality="" modality="" pred="" pos="" aspect="" certainty="" comment="" class="MENTAL" tense="" polarity=""  >
<token_anchor t_id="573"/>
</EVENT_MENTION>
<EVENT_MENTION m_id="35" factuality="" modality="" pred="" pos="" aspect="" certainty="" comment="" class="COMMUNICATION" tense="" polarity=""  >
<token_anchor t_id="244"/>
</EVENT_MENTION>
<EVENT_MENTION m_id="131" factuality="" modality="" pred="" pos="" aspect="" certainty="" comment="" class="GENERAL" tense="" polarity=""  >
<token_anchor t_id="803"/>
</EVENT_MENTION>
<EVENT_MENTION m_id="67" factuality="" modality="" pred="" pos="" aspect="" certainty="" comment="" class="GENERAL" tense="" polarity=""  >
<token_anchor t_id="414"/>
</EVENT_MENTION>
<EVENT_MENTION m_id="3" factuality="" modality="" pred="" pos="" aspect="" certainty="" comment="" class="EMOTIONS-EVALUATIONS" tense="" polarity=""  >
<token_anchor t_id="24"/>
<token_anchor t_id="25"/>
<token_anchor t_id="26"/>
<token_anchor t_id="27"/>
</EVENT_MENTION>
<EVENT_MENTION m_id="99" factuality="" modality="" pred="" pos="" aspect="" certainty="" comment="" class="POSSESSION" tense="" polarity=""  >
<token_anchor t_id="578"/>
</EVENT_MENTION>
<EVENT_MENTION m_id="36" factuality="" modality="" pred="" pos="" aspect="" certainty="" comment="" class="SOCIAL" tense="" polarity=""  >
<token_anchor t_id="252"/>
</EVENT_MENTION>
<EVENT_MENTION m_id="132" factuality="" modality="" pred="" pos="" aspect="" certainty="" comment="" class="POSSESSION" tense="" polarity=""  >
<token_anchor t_id="806"/>
</EVENT_MENTION>
<EVENT_MENTION m_id="68" factuality="" modality="" pred="" pos="" aspect="" certainty="" comment="" class="GENERAL" tense="" polarity=""  >
<token_anchor t_id="407"/>
</EVENT_MENTION>
<EVENT_MENTION m_id="4" factuality="" modality="" pred="" pos="" aspect="" certainty="" comment="" class="AUTHORITY-LAW" tense="" polarity=""  >
<token_anchor t_id="29"/>
<token_anchor t_id="30"/>
</EVENT_MENTION>
<EVENT_MENTION m_id="100" factuality="" modality="" pred="" pos="" aspect="" certainty="" comment="" class="MENTAL" tense="" polarity=""  >
<token_anchor t_id="582"/>
</EVENT_MENTION>
<EVENT_MENTION m_id="37" factuality="" modality="" pred="" pos="" aspect="" certainty="" comment="" class="GENERAL" tense="" polarity=""  >
<token_anchor t_id="256"/>
<token_anchor t_id="257"/>
</EVENT_MENTION>
<EVENT_MENTION m_id="133" factuality="" modality="" pred="" pos="" aspect="" certainty="" comment="" class="GENERAL" tense="" polarity=""  >
<token_anchor t_id="811"/>
</EVENT_MENTION>
<EVENT_MENTION m_id="69" factuality="" modality="" pred="" pos="" aspect="" certainty="" comment="" class="GENERAL" tense="" polarity=""  >
<token_anchor t_id="422"/>
</EVENT_MENTION>
<EVENT_MENTION m_id="5" factuality="" modality="" pred="" pos="" aspect="" certainty="" comment="" class="GENERAL" tense="" polarity=""  >
<token_anchor t_id="32"/>
</EVENT_MENTION>
<EVENT_MENTION m_id="101" factuality="" modality="" pred="" pos="" aspect="" certainty="" comment="" class="AUTHORITY-LAW" tense="" polarity=""  >
<token_anchor t_id="595"/>
</EVENT_MENTION>
<EVENT_MENTION m_id="38" factuality="" modality="" pred="" pos="" aspect="" certainty="" comment="" class="EMOTIONS-EVALUATIONS" tense="" polarity=""  >
<token_anchor t_id="260"/>
</EVENT_MENTION>
<EVENT_MENTION m_id="134" factuality="" modality="" pred="" pos="" aspect="" certainty="" comment="" class="GENERAL" tense="" polarity=""  >
<token_anchor t_id="821"/>
<token_anchor t_id="822"/>
</EVENT_MENTION>
<EVENT_MENTION m_id="70" factuality="" modality="" pred="" pos="" aspect="" certainty="" comment="" class="GENERAL" tense="" polarity=""  >
<token_anchor t_id="431"/>
</EVENT_MENTION>
<EVENT_MENTION m_id="6" factuality="" modality="" pred="" pos="" aspect="" certainty="" comment="" class="MENTAL" tense="" polarity=""  >
<token_anchor t_id="39"/>
<token_anchor t_id="40"/>
<token_anchor t_id="41"/>
</EVENT_MENTION>
<EVENT_MENTION m_id="102" factuality="" modality="" pred="" pos="" aspect="" certainty="" comment="" class="MENTAL" tense="" polarity=""  >
<token_anchor t_id="608"/>
</EVENT_MENTION>
<EVENT_MENTION m_id="39" factuality="" modality="" pred="" pos="" aspect="" certainty="" comment="" class="EMOTIONS-EVALUATIONS" tense="" polarity=""  >
<token_anchor t_id="263"/>
</EVENT_MENTION>
<EVENT_MENTION m_id="135" factuality="" modality="" pred="" pos="" aspect="" certainty="" comment="" class="GENERAL" tense="" polarity=""  >
<token_anchor t_id="826"/>
<token_anchor t_id="827"/>
</EVENT_MENTION>
<EVENT_MENTION m_id="71" factuality="" modality="" pred="" pos="" aspect="" certainty="" comment="" class="AUTHORITY-LAW" tense="" polarity=""  >
<token_anchor t_id="436"/>
</EVENT_MENTION>
<EVENT_MENTION m_id="7" factuality="" modality="" pred="" pos="" aspect="" certainty="" comment="" class="MENTAL" tense="" polarity=""  >
<token_anchor t_id="43"/>
</EVENT_MENTION>
<EVENT_MENTION m_id="103" factuality="" modality="" pred="" pos="" aspect="" certainty="" comment="" class="EMOTIONS-EVALUATIONS" tense="" polarity=""  >
<token_anchor t_id="610"/>
<token_anchor t_id="611"/>
</EVENT_MENTION>
<EVENT_MENTION m_id="104" factuality="" modality="" pred="" pos="" aspect="" certainty="" comment="" class="MENTAL" tense="" polarity=""  >
<token_anchor t_id="613"/>
<token_anchor t_id="614"/>
</EVENT_MENTION>
<EVENT_MENTION m_id="40" factuality="" modality="" pred="" pos="" aspect="" certainty="" comment="" class="EMOTIONS-EVALUATIONS" tense="" polarity=""  >
<token_anchor t_id="265"/>
</EVENT_MENTION>
<EVENT_MENTION m_id="136" factuality="" modality="" pred="" pos="" aspect="" certainty="" comment="" class="MENTAL" tense="" polarity=""  >
<token_anchor t_id="839"/>
</EVENT_MENTION>
<EVENT_MENTION m_id="72" factuality="" modality="" pred="" pos="" aspect="" certainty="" comment="" class="AUTHORITY-LAW" tense="" polarity=""  >
<token_anchor t_id="441"/>
</EVENT_MENTION>
<EVENT_MENTION m_id="8" factuality="" modality="" pred="" pos="" aspect="" certainty="" comment="" class="GENERAL" tense="" polarity=""  >
<token_anchor t_id="58"/>
</EVENT_MENTION>
<EVENT_MENTION m_id="105" factuality="" modality="" pred="" pos="" aspect="" certainty="" comment="" class="GENERAL" tense="" polarity=""  >
<token_anchor t_id="616"/>
</EVENT_MENTION>
<EVENT_MENTION m_id="41" factuality="" modality="" pred="" pos="" aspect="" certainty="" comment="" class="GENERAL" tense="" polarity=""  >
<token_anchor t_id="267"/>
<token_anchor t_id="268"/>
<token_anchor t_id="269"/>
<token_anchor t_id="270"/>
<token_anchor t_id="271"/>
</EVENT_MENTION>
<EVENT_MENTION m_id="137" factuality="" modality="" pred="" pos="" aspect="" certainty="" comment="" class="GENERAL" tense="" polarity=""  >
<token_anchor t_id="854"/>
</EVENT_MENTION>
<EVENT_MENTION m_id="73" factuality="" modality="" pred="" pos="" aspect="" certainty="" comment="" class="EXISTENCE-CAUSATION" tense="" polarity=""  >
<token_anchor t_id="452"/>
</EVENT_MENTION>
<EVENT_MENTION m_id="9" factuality="" modality="" pred="" pos="" aspect="" certainty="" comment="" class="AUTHORITY-LAW" tense="" polarity=""  >
<token_anchor t_id="79"/>
</EVENT_MENTION>
<EVENT_MENTION m_id="106" factuality="" modality="" pred="" pos="" aspect="" certainty="" comment="" class="EXISTENCE-CAUSATION" tense="" polarity=""  >
<token_anchor t_id="620"/>
</EVENT_MENTION>
<EVENT_MENTION m_id="42" factuality="" modality="" pred="" pos="" aspect="" certainty="" comment="" class="COMMUNICATION" tense="" polarity=""  >
<token_anchor t_id="281"/>
</EVENT_MENTION>
<EVENT_MENTION m_id="138" factuality="" modality="" pred="" pos="" aspect="" certainty="" comment="" class="MENTAL" tense="" polarity=""  >
<token_anchor t_id="856"/>
</EVENT_MENTION>
<EVENT_MENTION m_id="74" factuality="" modality="" pred="" pos="" aspect="" certainty="" comment="" class="EMOTIONS-EVALUATIONS" tense="" polarity=""  >
<token_anchor t_id="453"/>
<token_anchor t_id="454"/>
<token_anchor t_id="455"/>
<token_anchor t_id="456"/>
</EVENT_MENTION>
<EVENT_MENTION m_id="10" factuality="" modality="" pred="" pos="" aspect="" certainty="" comment="" class="GENERAL" tense="" polarity=""  >
<token_anchor t_id="91"/>
<token_anchor t_id="92"/>
<token_anchor t_id="93"/>
</EVENT_MENTION>
<EVENT_MENTION m_id="107" factuality="" modality="" pred="" pos="" aspect="" certainty="" comment="" class="AUTHORITY-LAW" tense="" polarity=""  >
<token_anchor t_id="629"/>
</EVENT_MENTION>
<EVENT_MENTION m_id="43" factuality="" modality="" pred="" pos="" aspect="" certainty="" comment="" class="AUTHORITY-LAW" tense="" polarity=""  >
<token_anchor t_id="285"/>
</EVENT_MENTION>
<EVENT_MENTION m_id="139" factuality="" modality="" pred="" pos="" aspect="" certainty="" comment="" class="TIME" tense="" polarity=""  >
<token_anchor t_id="867"/>
</EVENT_MENTION>
<EVENT_MENTION m_id="75" factuality="" modality="" pred="" pos="" aspect="" certainty="" comment="" class="MENTAL" tense="" polarity=""  >
<token_anchor t_id="459"/>
<token_anchor t_id="460"/>
</EVENT_MENTION>
<EVENT_MENTION m_id="11" factuality="" modality="" pred="" pos="" aspect="" certainty="" comment="" class="TRADE-WORK" tense="" polarity=""  >
<token_anchor t_id="114"/>
</EVENT_MENTION>
<EVENT_MENTION m_id="108" factuality="" modality="" pred="" pos="" aspect="" certainty="" comment="" class="GENERAL" tense="" polarity=""  >
<token_anchor t_id="636"/>
</EVENT_MENTION>
<EVENT_MENTION m_id="44" factuality="" modality="" pred="" pos="" aspect="" certainty="" comment="" class="COMMUNICATION" tense="" polarity=""  >
<token_anchor t_id="302"/>
</EVENT_MENTION>
<EVENT_MENTION m_id="140" factuality="" modality="" pred="" pos="" aspect="" certainty="" comment="" class="POSSESSION" tense="" polarity=""  >
<token_anchor t_id="870"/>
</EVENT_MENTION>
<EVENT_MENTION m_id="76" factuality="" modality="" pred="" pos="" aspect="" certainty="" comment="" class="EMOTIONS-EVALUATIONS" tense="" polarity=""  >
<token_anchor t_id="462"/>
<token_anchor t_id="463"/>
</EVENT_MENTION>
<EVENT_MENTION m_id="12" factuality="" modality="" pred="" pos="" aspect="" certainty="" comment="" class="SPACE-MOVEMENT" tense="" polarity=""  >
<token_anchor t_id="116"/>
</EVENT_MENTION>
<EVENT_MENTION m_id="109" factuality="" modality="" pred="" pos="" aspect="" certainty="" comment="" class="EMOTIONS-EVALUATIONS" tense="" polarity=""  >
<token_anchor t_id="647"/>
<token_anchor t_id="648"/>
<token_anchor t_id="649"/>
</EVENT_MENTION>
<EVENT_MENTION m_id="45" factuality="" modality="" pred="" pos="" aspect="" certainty="" comment="" class="GENERAL" tense="" polarity=""  >
<token_anchor t_id="311"/>
</EVENT_MENTION>
<EVENT_MENTION m_id="141" factuality="" modality="" pred="" pos="" aspect="" certainty="" comment="" class="EXISTENCE-CAUSATION" tense="" polarity=""  >
<token_anchor t_id="877"/>
</EVENT_MENTION>
<EVENT_MENTION m_id="77" factuality="" modality="" pred="" pos="" aspect="" certainty="" comment="" class="EXISTENCE-CAUSATION" tense="" polarity=""  >
<token_anchor t_id="465"/>
</EVENT_MENTION>
<EVENT_MENTION m_id="13" factuality="" modality="" pred="" pos="" aspect="" certainty="" comment="" class="MENTAL" tense="" polarity=""  >
<token_anchor t_id="122"/>
</EVENT_MENTION>
<EVENT_MENTION m_id="110" factuality="" modality="" pred="" pos="" aspect="" certainty="" comment="" class="POSSESSION" tense="" polarity=""  >
<token_anchor t_id="660"/>
</EVENT_MENTION>
<EVENT_MENTION m_id="46" factuality="" modality="" pred="" pos="" aspect="" certainty="" comment="" class="TRADE-WORK" tense="" polarity=""  >
<token_anchor t_id="314"/>
</EVENT_MENTION>
<EVENT_MENTION m_id="142" factuality="" modality="" pred="" pos="" aspect="" certainty="" comment="" class="EXISTENCE-CAUSATION" tense="" polarity=""  >
<token_anchor t_id="886"/>
</EVENT_MENTION>
<EVENT_MENTION m_id="78" factuality="" modality="" pred="" pos="" aspect="" certainty="" comment="" class="POSSESSION" tense="" polarity=""  >
<token_anchor t_id="472"/>
</EVENT_MENTION>
<EVENT_MENTION m_id="14" factuality="" modality="" pred="" pos="" aspect="" certainty="" comment="" class="MENTAL" tense="" polarity=""  >
<token_anchor t_id="124"/>
</EVENT_MENTION>
<EVENT_MENTION m_id="111" factuality="" modality="" pred="" pos="" aspect="" certainty="" comment="" class="MENTAL" tense="" polarity=""  >
<token_anchor t_id="675"/>
</EVENT_MENTION>
<EVENT_MENTION m_id="47" factuality="" modality="" pred="" pos="" aspect="" certainty="" comment="" class="TRADE-WORK" tense="" polarity=""  >
<token_anchor t_id="319"/>
<token_anchor t_id="320"/>
<token_anchor t_id="321"/>
<token_anchor t_id="322"/>
</EVENT_MENTION>
<EVENT_MENTION m_id="143" factuality="" modality="" pred="" pos="" aspect="" certainty="" comment="" class="MENTAL" tense="" polarity=""  >
<token_anchor t_id="891"/>
</EVENT_MENTION>
<EVENT_MENTION m_id="79" factuality="" modality="" pred="" pos="" aspect="" certainty="" comment="" class="EXISTENCE-CAUSATION" tense="" polarity=""  >
<token_anchor t_id="477"/>
</EVENT_MENTION>
<EVENT_MENTION m_id="15" factuality="" modality="" pred="" pos="" aspect="" certainty="" comment="" class="GENERAL" tense="" polarity=""  >
<token_anchor t_id="142"/>
</EVENT_MENTION>
<EVENT_MENTION m_id="112" factuality="" modality="" pred="" pos="" aspect="" certainty="" comment="" class="GENERAL" tense="" polarity=""  >
<token_anchor t_id="680"/>
<token_anchor t_id="681"/>
</EVENT_MENTION>
<EVENT_MENTION m_id="48" factuality="" modality="" pred="" pos="" aspect="" certainty="" comment="" class="TRADE-WORK" tense="" polarity=""  >
<token_anchor t_id="324"/>
</EVENT_MENTION>
<EVENT_MENTION m_id="144" factuality="" modality="" pred="" pos="" aspect="" certainty="" comment="" class="POSSESSION" tense="" polarity=""  >
<token_anchor t_id="894"/>
</EVENT_MENTION>
<EVENT_MENTION m_id="80" factuality="" modality="" pred="" pos="" aspect="" certainty="" comment="" class="EMOTIONS-EVALUATIONS" tense="" polarity=""  >
<token_anchor t_id="480"/>
<token_anchor t_id="483"/>
</EVENT_MENTION>
<EVENT_MENTION m_id="16" factuality="" modality="" pred="" pos="" aspect="" certainty="" comment="" class="SPACE-MOVEMENT" tense="" polarity=""  >
<token_anchor t_id="147"/>
</EVENT_MENTION>
<EVENT_MENTION m_id="113" factuality="" modality="" pred="" pos="" aspect="" certainty="" comment="" class="GENERAL" tense="" polarity=""  >
<token_anchor t_id="654"/>
</EVENT_MENTION>
<EVENT_MENTION m_id="49" factuality="" modality="" pred="" pos="" aspect="" certainty="" comment="" class="MATTER" tense="" polarity=""  >
<token_anchor t_id="319"/>
<token_anchor t_id="330"/>
</EVENT_MENTION>
<EVENT_MENTION m_id="145" factuality="" modality="" pred="" pos="" aspect="" certainty="" comment="" class="GENERAL" tense="" polarity=""  >
<token_anchor t_id="902"/>
<token_anchor t_id="903"/>
</EVENT_MENTION>
<EVENT_MENTION m_id="81" factuality="" modality="" pred="" pos="" aspect="" certainty="" comment="" class="MENTAL" tense="" polarity=""  >
<token_anchor t_id="479"/>
<token_anchor t_id="486"/>
</EVENT_MENTION>
<EVENT_MENTION m_id="17" factuality="" modality="" pred="" pos="" aspect="" certainty="" comment="" class="TIME" tense="" polarity=""  >
<token_anchor t_id="150"/>
</EVENT_MENTION>
<EVENT_MENTION m_id="114" factuality="" modality="" pred="" pos="" aspect="" certainty="" comment="" class="EXISTENCE-CAUSATION" tense="" polarity=""  >
<token_anchor t_id="669"/>
</EVENT_MENTION>
<EVENT_MENTION m_id="50" factuality="" modality="" pred="" pos="" aspect="" certainty="" comment="" class="AUTHORITY-LAW" tense="" polarity=""  >
<token_anchor t_id="342"/>
<token_anchor t_id="343"/>
</EVENT_MENTION>
<EVENT_MENTION m_id="146" factuality="" modality="" pred="" pos="" aspect="" certainty="" comment="" class="TIME" tense="" polarity=""  >
<token_anchor t_id="913"/>
</EVENT_MENTION>
<EVENT_MENTION m_id="82" factuality="" modality="" pred="" pos="" aspect="" certainty="" comment="" class="MENTAL" tense="" polarity=""  >
<token_anchor t_id="488"/>
</EVENT_MENTION>
<EVENT_MENTION m_id="18" factuality="" modality="" pred="" pos="" aspect="" certainty="" comment="" class="TIME" tense="" polarity=""  >
<token_anchor t_id="152"/>
</EVENT_MENTION>
<EVENT_MENTION m_id="115" factuality="" modality="" pred="" pos="" aspect="" certainty="" comment="" class="SPACE-MOVEMENT" tense="" polarity=""  >
<token_anchor t_id="695"/>
<token_anchor t_id="696"/>
<token_anchor t_id="697"/>
<token_anchor t_id="698"/>
</EVENT_MENTION>
<EVENT_MENTION m_id="51" factuality="" modality="" pred="" pos="" aspect="" certainty="" comment="" class="SPACE-MOVEMENT" tense="" polarity=""  >
<token_anchor t_id="347"/>
<token_anchor t_id="348"/>
</EVENT_MENTION>
<EVENT_MENTION m_id="147" factuality="" modality="" pred="" pos="" aspect="" certainty="" comment="" class="AUTHORITY-LAW" tense="" polarity=""  >
<token_anchor t_id="81"/>
</EVENT_MENTION>
<EVENT_MENTION m_id="83" factuality="" modality="" pred="" pos="" aspect="" certainty="" comment="" class="GENERAL" tense="" polarity=""  >
<token_anchor t_id="499"/>
<token_anchor t_id="500"/>
</EVENT_MENTION>
<EVENT_MENTION m_id="19" factuality="" modality="" pred="" pos="" aspect="" certainty="" comment="" class="MENTAL" tense="" polarity=""  >
<token_anchor t_id="171"/>
</EVENT_MENTION>
<EVENT_MENTION m_id="20" factuality="" modality="" pred="" pos="" aspect="" certainty="" comment="" class="EMOTIONS-EVALUATIONS" tense="" polarity=""  >
<token_anchor t_id="173"/>
</EVENT_MENTION>
<EVENT_MENTION m_id="116" factuality="" modality="" pred="" pos="" aspect="" certainty="" comment="" class="SPACE-MOVEMENT" tense="" polarity=""  >
<token_anchor t_id="702"/>
</EVENT_MENTION>
<EVENT_MENTION m_id="52" factuality="" modality="" pred="" pos="" aspect="" certainty="" comment="" class="SPACE-MOVEMENT" tense="" polarity=""  >
<token_anchor t_id="350"/>
</EVENT_MENTION>
<EVENT_MENTION m_id="148" factuality="" modality="" pred="" pos="" aspect="" certainty="" comment="" class="AUTHORITY-LAW" tense="" polarity=""  >
<token_anchor t_id="193"/>
<token_anchor t_id="194"/>
</EVENT_MENTION>
<EVENT_MENTION m_id="84" factuality="" modality="" pred="" pos="" aspect="" certainty="" comment="" class="EXISTENCE-CAUSATION" tense="" polarity=""  >
<token_anchor t_id="507"/>
</EVENT_MENTION>
<EVENT_MENTION m_id="21" factuality="" modality="" pred="" pos="" aspect="" certainty="" comment="" class="EXISTENCE-CAUSATION" tense="" polarity=""  >
<token_anchor t_id="103"/>
</EVENT_MENTION>
<EVENT_MENTION m_id="117" factuality="" modality="" pred="" pos="" aspect="" certainty="" comment="" class="AUTHORITY-LAW" tense="" polarity=""  >
<token_anchor t_id="705"/>
</EVENT_MENTION>
<EVENT_MENTION m_id="53" factuality="" modality="" pred="" pos="" aspect="" certainty="" comment="" class="EXISTENCE-CAUSATION" tense="" polarity=""  >
<token_anchor t_id="353"/>
</EVENT_MENTION>
<EVENT_MENTION m_id="149" factuality="" modality="" pred="" pos="" aspect="" certainty="" comment="" class="TIME" tense="" polarity=""  >
<token_anchor t_id="601"/>
</EVENT_MENTION>
<EVENT_MENTION m_id="85" factuality="" modality="" pred="" pos="" aspect="" certainty="" comment="" class="MENTAL" tense="" polarity=""  >
<token_anchor t_id="529"/>
<token_anchor t_id="530"/>
</EVENT_MENTION>
<EVENT_MENTION m_id="22" factuality="" modality="" pred="" pos="" aspect="" certainty="" comment="" class="LIFE-HEALTH" tense="" polarity=""  >
<token_anchor t_id="129"/>
</EVENT_MENTION>
<EVENT_MENTION m_id="118" factuality="" modality="" pred="" pos="" aspect="" certainty="" comment="" class="AUTHORITY-LAW" tense="" polarity=""  >
<token_anchor t_id="715"/>
</EVENT_MENTION>
<EVENT_MENTION m_id="54" factuality="" modality="" pred="" pos="" aspect="" certainty="" comment="" class="GENERAL" tense="" polarity=""  >
<token_anchor t_id="358"/>
</EVENT_MENTION>
<EVENT_MENTION m_id="150" factuality="" modality="" pred="" pos="" aspect="" certainty="" comment="" class="POSSESSION" tense="" polarity=""  >
<token_anchor t_id="148"/>
</EVENT_MENTION>
<EVENT_MENTION m_id="86" factuality="" modality="" pred="" pos="" aspect="" certainty="" comment="" class="AUTHORITY-LAW" tense="" polarity=""  >
<token_anchor t_id="523"/>
</EVENT_MENTION>
<EVENT_MENTION m_id="23" factuality="" modality="" pred="" pos="" aspect="" certainty="" comment="" class="EMOTIONS-EVALUATIONS" tense="" polarity=""  >
<token_anchor t_id="176"/>
<token_anchor t_id="177"/>
<token_anchor t_id="178"/>
<token_anchor t_id="179"/>
</EVENT_MENTION>
<EVENT_MENTION m_id="119" factuality="" modality="" pred="" pos="" aspect="" certainty="" comment="" class="GENERAL" tense="" polarity=""  >
<token_anchor t_id="721"/>
</EVENT_MENTION>
<EVENT_MENTION m_id="55" factuality="" modality="" pred="" pos="" aspect="" certainty="" comment="" class="TRADE-WORK" tense="" polarity=""  >
<token_anchor t_id="362"/>
</EVENT_MENTION>
<EVENT_MENTION m_id="151" factuality="" modality="" pred="" pos="" aspect="" certainty="" comment="" class="MENTAL" tense="" polarity=""  >
<token_anchor t_id="235"/>
</EVENT_MENTION>
<EVENT_MENTION m_id="87" factuality="" modality="" pred="" pos="" aspect="" certainty="" comment="" class="POSSESSION" tense="" polarity=""  >
<token_anchor t_id="519"/>
</EVENT_MENTION>
<EVENT_MENTION m_id="24" factuality="" modality="" pred="" pos="" aspect="" certainty="" comment="" class="MENTAL" tense="" polarity=""  >
<token_anchor t_id="187"/>
<token_anchor t_id="188"/>
<token_anchor t_id="190"/>
</EVENT_MENTION>
<EVENT_MENTION m_id="120" factuality="" modality="" pred="" pos="" aspect="" certainty="" comment="" class="SPACE-MOVEMENT" tense="" polarity=""  >
<token_anchor t_id="724"/>
</EVENT_MENTION>
<EVENT_MENTION m_id="56" factuality="" modality="" pred="" pos="" aspect="" certainty="" comment="" class="MENTAL" tense="" polarity=""  >
<token_anchor t_id="363"/>
<token_anchor t_id="364"/>
</EVENT_MENTION>
<EVENT_MENTION m_id="88" factuality="" modality="" pred="" pos="" aspect="" certainty="" comment="" class="TIME" tense="" polarity=""  >
<token_anchor t_id="533"/>
</EVENT_MENTION>
<EVENT_MENTION m_id="25" factuality="" modality="" pred="" pos="" aspect="" certainty="" comment="" class="POSSESSION" tense="" polarity=""  >
<token_anchor t_id="198"/>
</EVENT_MENTION>
<EVENT_MENTION m_id="121" factuality="" modality="" pred="" pos="" aspect="" certainty="" comment="" class="EMOTIONS-EVALUATIONS" tense="" polarity=""  >
<token_anchor t_id="733"/>
<token_anchor t_id="734"/>
<token_anchor t_id="735"/>
<token_anchor t_id="736"/>
</EVENT_MENTION>
<EVENT_MENTION m_id="57" factuality="" modality="" pred="" pos="" aspect="" certainty="" comment="" class="EMOTIONS-EVALUATIONS" tense="" polarity=""  >
<token_anchor t_id="368"/>
<token_anchor t_id="369"/>
<token_anchor t_id="370"/>
</EVENT_MENTION>
<EVENT_MENTION m_id="89" factuality="" modality="" pred="" pos="" aspect="" certainty="" comment="" class="AUTHORITY-LAW" tense="" polarity=""  >
<token_anchor t_id="537"/>
</EVENT_MENTION>
<EVENT_MENTION m_id="26" factuality="" modality="" pred="" pos="" aspect="" certainty="" comment="" class="GENERAL" tense="" polarity=""  >
<token_anchor t_id="204"/>
<token_anchor t_id="205"/>
</EVENT_MENTION>
<EVENT_MENTION m_id="122" factuality="" modality="" pred="" pos="" aspect="" certainty="" comment="" class="SPACE-MOVEMENT" tense="" polarity=""  >
<token_anchor t_id="749"/>
</EVENT_MENTION>
<EVENT_MENTION m_id="58" factuality="" modality="" pred="" pos="" aspect="" certainty="" comment="" class="MENTAL" tense="" polarity=""  >
<token_anchor t_id="376"/>
</EVENT_MENTION>
<EVENT_MENTION m_id="90" factuality="" modality="" pred="" pos="" aspect="" certainty="" comment="" class="GENERAL" tense="" polarity=""  >
<token_anchor t_id="541"/>
</EVENT_MENTION>
<EVENT_MENTION m_id="27" factuality="" modality="" pred="" pos="" aspect="" certainty="" comment="" class="AUTHORITY-LAW" tense="" polarity=""  >
<token_anchor t_id="207"/>
</EVENT_MENTION>
<EVENT_MENTION m_id="123" factuality="" modality="" pred="" pos="" aspect="" certainty="" comment="" class="POSSESSION" tense="" polarity=""  >
<token_anchor t_id="751"/>
</EVENT_MENTION>
<EVENT_MENTION m_id="59" factuality="" modality="" pred="" pos="" aspect="" certainty="" comment="" class="TIME" tense="" polarity=""  >
<token_anchor t_id="378"/>
</EVENT_MENTION>
<EVENT_MENTION m_id="91" factuality="" modality="" pred="" pos="" aspect="" certainty="" comment="" class="TRADE-WORK" tense="" polarity=""  >
<token_anchor t_id="550"/>
</EVENT_MENTION>
<EVENT_MENTION m_id="28" factuality="" modality="" pred="" pos="" aspect="" certainty="" comment="" class="GENERAL" tense="" polarity=""  >
<token_anchor t_id="209"/>
</EVENT_MENTION>
<EVENT_MENTION m_id="124" factuality="" modality="" pred="" pos="" aspect="" certainty="" comment="" class="MENTAL" tense="" polarity=""  >
<token_anchor t_id="764"/>
</EVENT_MENTION>
<EVENT_MENTION m_id="60" factuality="" modality="" pred="" pos="" aspect="" certainty="" comment="" class="GENERAL" tense="" polarity=""  >
<token_anchor t_id="380"/>
</EVENT_MENTION>
<EVENT_MENTION m_id="92" factuality="" modality="" pred="" pos="" aspect="" certainty="" comment="" class="AUTHORITY-LAW" tense="" polarity=""  >
<token_anchor t_id="554"/>
</EVENT_MENTION>
<EVENT_MENTION m_id="29" factuality="" modality="" pred="" pos="" aspect="" certainty="" comment="" class="POSSESSION" tense="" polarity=""  >
<token_anchor t_id="220"/>
</EVENT_MENTION>
<EVENT_MENTION m_id="125" factuality="" modality="" pred="" pos="" aspect="" certainty="" comment="" class="AUTHORITY-LAW" tense="" polarity=""  >
<token_anchor t_id="766"/>
<token_anchor t_id="767"/>
<token_anchor t_id="768"/>
</EVENT_MENTION>
<EVENT_MENTION m_id="61" factuality="" modality="" pred="" pos="" aspect="" certainty="" comment="" class="GENERAL" tense="" polarity=""  >
<token_anchor t_id="382"/>
</EVENT_MENTION>
<EVENT_MENTION m_id="93" factuality="" modality="" pred="" pos="" aspect="" certainty="" comment="" class="GENERAL" tense="" polarity=""  >
<token_anchor t_id="558"/>
</EVENT_MENTION>
<EVENT_MENTION m_id="30" factuality="" modality="" pred="" pos="" aspect="" certainty="" comment="" class="EMOTIONS-EVALUATIONS" tense="" polarity=""  >
<token_anchor t_id="226"/>
</EVENT_MENTION>
<EVENT_MENTION m_id="126" factuality="" modality="" pred="" pos="" aspect="" certainty="" comment="" class="MENTAL" tense="" polarity=""  >
<token_anchor t_id="771"/>
</EVENT_MENTION>
<EVENT_MENTION m_id="62" factuality="" modality="" pred="" pos="" aspect="" certainty="" comment="" class="MENTAL" tense="" polarity=""  >
<token_anchor t_id="384"/>
</EVENT_MENTION>
<EVENT_MENTION m_id="94" factuality="" modality="" pred="" pos="" aspect="" certainty="" comment="" class="EMOTIONS-EVALUATIONS" tense="" polarity=""  >
<token_anchor t_id="560"/>
<token_anchor t_id="561"/>
</EVENT_MENTION>
<EVENT_MENTION m_id="31" factuality="" modality="" pred="" pos="" aspect="" certainty="" comment="" class="SOCIAL" tense="" polarity=""  >
<token_anchor t_id="233"/>
</EVENT_MENTION>
<EVENT_MENTION m_id="127" factuality="" modality="" pred="" pos="" aspect="" certainty="" comment="" class="AUTHORITY-LAW" tense="" polarity=""  >
<token_anchor t_id="780"/>
</EVENT_MENTION>
<EVENT_MENTION m_id="63" factuality="" modality="" pred="" pos="" aspect="" certainty="" comment="" class="EXISTENCE-CAUSATION" tense="" polarity=""  >
<token_anchor t_id="394"/>
</EVENT_MENTION>
<EVENT_MENTION m_id="95" factuality="" modality="" pred="" pos="" aspect="" certainty="" comment="" class="AUTHORITY-LAW" tense="" polarity=""  >
<token_anchor t_id="566"/>
</EVENT_MENTION>
<EVENT_MENTION m_id="32" factuality="" modality="" pred="" pos="" aspect="" certainty="" comment="" class="SPACE-MOVEMENT" tense="" polarity=""  >
<token_anchor t_id="229"/>
<token_anchor t_id="230"/>
</EVENT_MENTION>
<EVENT_MENTION m_id="128" factuality="" modality="" pred="" pos="" aspect="" certainty="" comment="" class="TIME" tense="" polarity=""  >
<token_anchor t_id="785"/>
<token_anchor t_id="786"/>
<token_anchor t_id="787"/>
</EVENT_MENTION>
<EVENT_MENTION m_id="64" factuality="" modality="" pred="" pos="" aspect="" certainty="" comment="" class="EXISTENCE-CAUSATION" tense="" polarity=""  >
<token_anchor t_id="389"/>
</EVENT_MENTION>
<EVENT_MENTION m_id="96" factuality="" modality="" pred="" pos="" aspect="" certainty="" comment="" class="TIME" tense="" polarity=""  >
<token_anchor t_id="568"/>
<token_anchor t_id="569"/>
</EVENT_MENTION>


</Markables>

<Relations>
</Relations>
</Document>
