<Document doc_name="Three_Grades_of_Fabric.txt">
<token t_id="1" sentence="0" number="0">October</token>
<token t_id="2" sentence="0" number="1">9</token>
<token t_id="3" sentence="0" number="2">,</token>
<token t_id="4" sentence="0" number="3">1902</token>
<token t_id="5" sentence="1" number="4">Three</token>
<token t_id="6" sentence="1" number="5">Grades</token>
<token t_id="7" sentence="1" number="6">of</token>
<token t_id="8" sentence="1" number="7">Fabric</token>
<token t_id="9" sentence="2" number="8">Police</token>
<token t_id="10" sentence="2" number="9">,</token>
<token t_id="11" sentence="2" number="10">Navy</token>
<token t_id="12" sentence="2" number="11">Yard</token>
<token t_id="13" sentence="2" number="12">and</token>
<token t_id="14" sentence="2" number="13">Militia</token>
<token t_id="15" sentence="2" number="14">Officers</token>
<token t_id="16" sentence="2" number="15">Invited</token>
<token t_id="17" sentence="2" number="16">to</token>
<token t_id="18" sentence="2" number="17">Local</token>
<token t_id="19" sentence="2" number="18">Test</token>
<token t_id="20" sentence="2" number="19">Arranged</token>
<token t_id="21" sentence="2" number="20">for</token>
<token t_id="22" sentence="2" number="21">To-morrow</token>
<token t_id="23" sentence="2" number="22">Night</token>
<token t_id="24" sentence="2" number="23">.</token>
<token t_id="25" sentence="3" number="24">The</token>
<token t_id="26" sentence="3" number="25">Rev.</token>
<token t_id="27" sentence="3" number="26">Casimir</token>
<token t_id="28" sentence="3" number="27">Zeglen</token>
<token t_id="29" sentence="3" number="28">of</token>
<token t_id="30" sentence="3" number="29">St.</token>
<token t_id="31" sentence="3" number="30">Stanislaus</token>
<token t_id="32" sentence="3" number="31">'</token>
<token t_id="33" sentence="3" number="32">Roman</token>
<token t_id="34" sentence="3" number="33">Catholic</token>
<token t_id="35" sentence="3" number="34">Church</token>
<token t_id="36" sentence="3" number="35">in</token>
<token t_id="37" sentence="3" number="36">Chicago</token>
<token t_id="38" sentence="3" number="37">,</token>
<token t_id="39" sentence="3" number="38">the</token>
<token t_id="40" sentence="3" number="39">largest</token>
<token t_id="41" sentence="3" number="40">Polish</token>
<token t_id="42" sentence="3" number="41">church</token>
<token t_id="43" sentence="3" number="42">in</token>
<token t_id="44" sentence="3" number="43">the</token>
<token t_id="45" sentence="3" number="44">country</token>
<token t_id="46" sentence="3" number="45">,</token>
<token t_id="47" sentence="3" number="46">there</token>
<token t_id="48" sentence="3" number="47">being</token>
<token t_id="49" sentence="3" number="48">40,000</token>
<token t_id="50" sentence="3" number="49">souls</token>
<token t_id="51" sentence="3" number="50">in</token>
<token t_id="52" sentence="3" number="51">the</token>
<token t_id="53" sentence="3" number="52">parish</token>
<token t_id="54" sentence="3" number="53">,</token>
<token t_id="55" sentence="3" number="54">has</token>
<token t_id="56" sentence="3" number="55">invented</token>
<token t_id="57" sentence="3" number="56">a</token>
<token t_id="58" sentence="3" number="57">bullet</token>
<token t_id="59" sentence="3" number="58">proof</token>
<token t_id="60" sentence="3" number="59">cloth</token>
<token t_id="61" sentence="3" number="60">which</token>
<token t_id="62" sentence="3" number="61">has</token>
<token t_id="63" sentence="3" number="62">stood</token>
<token t_id="64" sentence="3" number="63">the</token>
<token t_id="65" sentence="3" number="64">test</token>
<token t_id="66" sentence="3" number="65">of</token>
<token t_id="67" sentence="3" number="66">many</token>
<token t_id="68" sentence="3" number="67">shots</token>
<token t_id="69" sentence="3" number="68">of</token>
<token t_id="70" sentence="3" number="69">all</token>
<token t_id="71" sentence="3" number="70">calibers</token>
<token t_id="72" sentence="3" number="71">fired</token>
<token t_id="73" sentence="3" number="72">at</token>
<token t_id="74" sentence="3" number="73">all</token>
<token t_id="75" sentence="3" number="74">distances</token>
<token t_id="76" sentence="3" number="75">.</token>
<token t_id="77" sentence="4" number="76">Mr.</token>
<token t_id="78" sentence="4" number="77">Zeglen</token>
<token t_id="79" sentence="4" number="78">is</token>
<token t_id="80" sentence="4" number="79">a</token>
<token t_id="81" sentence="4" number="80">young</token>
<token t_id="82" sentence="4" number="81">priest</token>
<token t_id="83" sentence="4" number="82">,</token>
<token t_id="84" sentence="4" number="83">about</token>
<token t_id="85" sentence="4" number="84">35</token>
<token t_id="86" sentence="4" number="85">years</token>
<token t_id="87" sentence="4" number="86">of</token>
<token t_id="88" sentence="4" number="87">age</token>
<token t_id="89" sentence="4" number="88">.</token>
<token t_id="90" sentence="5" number="89">He</token>
<token t_id="91" sentence="5" number="90">began</token>
<token t_id="92" sentence="5" number="91">experimenting</token>
<token t_id="93" sentence="5" number="92">on</token>
<token t_id="94" sentence="5" number="93">bullet</token>
<token t_id="95" sentence="5" number="94">proof</token>
<token t_id="96" sentence="5" number="95">cloth</token>
<token t_id="97" sentence="5" number="96">fifteen</token>
<token t_id="98" sentence="5" number="97">years</token>
<token t_id="99" sentence="5" number="98">ago</token>
<token t_id="100" sentence="5" number="99">,</token>
<token t_id="101" sentence="5" number="100">using</token>
<token t_id="102" sentence="5" number="101">steel</token>
<token t_id="103" sentence="5" number="102">shavings</token>
<token t_id="104" sentence="5" number="103">,</token>
<token t_id="105" sentence="5" number="104">moss</token>
<token t_id="106" sentence="5" number="105">,</token>
<token t_id="107" sentence="5" number="106">hair</token>
<token t_id="108" sentence="5" number="107">,</token>
<token t_id="109" sentence="5" number="108">etc.</token>
<token t_id="110" sentence="5" number="109">but</token>
<token t_id="111" sentence="5" number="110">nothing</token>
<token t_id="112" sentence="5" number="111">stood</token>
<token t_id="113" sentence="5" number="112">the</token>
<token t_id="114" sentence="5" number="113">test</token>
<token t_id="115" sentence="5" number="114">until</token>
<token t_id="116" sentence="5" number="115">he</token>
<token t_id="117" sentence="5" number="116">made</token>
<token t_id="118" sentence="5" number="117">use</token>
<token t_id="119" sentence="5" number="118">of</token>
<token t_id="120" sentence="5" number="119">silk</token>
<token t_id="121" sentence="5" number="120">.</token>
<token t_id="122" sentence="6" number="121">All</token>
<token t_id="123" sentence="6" number="122">early</token>
<token t_id="124" sentence="6" number="123">experiments</token>
<token t_id="125" sentence="6" number="124">produced</token>
<token t_id="126" sentence="6" number="125">an</token>
<token t_id="127" sentence="6" number="126">inflexible</token>
<token t_id="128" sentence="6" number="127">cloth</token>
<token t_id="129" sentence="6" number="128">which</token>
<token t_id="130" sentence="6" number="129">was</token>
<token t_id="131" sentence="6" number="130">more</token>
<token t_id="132" sentence="6" number="131">in</token>
<token t_id="133" sentence="6" number="132">the</token>
<token t_id="134" sentence="6" number="133">nature</token>
<token t_id="135" sentence="6" number="134">of</token>
<token t_id="136" sentence="6" number="135">a</token>
<token t_id="137" sentence="6" number="136">coat</token>
<token t_id="138" sentence="6" number="137">of</token>
<token t_id="139" sentence="6" number="138">mail</token>
<token t_id="140" sentence="6" number="139">.</token>
<token t_id="141" sentence="7" number="140">After</token>
<token t_id="142" sentence="7" number="141">the</token>
<token t_id="143" sentence="7" number="142">assassination</token>
<token t_id="144" sentence="7" number="143">of</token>
<token t_id="145" sentence="7" number="144">Mayor</token>
<token t_id="146" sentence="7" number="145">Carter</token>
<token t_id="147" sentence="7" number="146">Harrison</token>
<token t_id="148" sentence="7" number="147">in</token>
<token t_id="149" sentence="7" number="148">Chicago</token>
<token t_id="150" sentence="7" number="149">Mr.</token>
<token t_id="151" sentence="7" number="150">Zeglen</token>
<token t_id="152" sentence="7" number="151">renewed</token>
<token t_id="153" sentence="7" number="152">his</token>
<token t_id="154" sentence="7" number="153">efforts</token>
<token t_id="155" sentence="7" number="154">to</token>
<token t_id="156" sentence="7" number="155">find</token>
<token t_id="157" sentence="7" number="156">a</token>
<token t_id="158" sentence="7" number="157">bullet</token>
<token t_id="159" sentence="7" number="158">proof</token>
<token t_id="160" sentence="7" number="159">material</token>
<token t_id="161" sentence="7" number="160">and</token>
<token t_id="162" sentence="7" number="161">determined</token>
<token t_id="163" sentence="7" number="162">to</token>
<token t_id="164" sentence="7" number="163">use</token>
<token t_id="165" sentence="7" number="164">silk</token>
<token t_id="166" sentence="7" number="165">.</token>
<token t_id="167" sentence="8" number="166">A</token>
<token t_id="168" sentence="8" number="167">problem</token>
<token t_id="169" sentence="8" number="168">,</token>
<token t_id="170" sentence="8" number="169">however</token>
<token t_id="171" sentence="8" number="170">,</token>
<token t_id="172" sentence="8" number="171">presented</token>
<token t_id="173" sentence="8" number="172">itself</token>
<token t_id="174" sentence="8" number="173">in</token>
<token t_id="175" sentence="8" number="174">securing</token>
<token t_id="176" sentence="8" number="175">perfection</token>
<token t_id="177" sentence="8" number="176">of</token>
<token t_id="178" sentence="8" number="177">weave</token>
<token t_id="179" sentence="8" number="178">,</token>
<token t_id="180" sentence="8" number="179">and</token>
<token t_id="181" sentence="8" number="180">this</token>
<token t_id="182" sentence="8" number="181">was</token>
<token t_id="183" sentence="8" number="182">not</token>
<token t_id="184" sentence="8" number="183">made</token>
<token t_id="185" sentence="8" number="184">possible</token>
<token t_id="186" sentence="8" number="185">until</token>
<token t_id="187" sentence="8" number="186">he</token>
<token t_id="188" sentence="8" number="187">visited</token>
<token t_id="189" sentence="8" number="188">Vienna</token>
<token t_id="190" sentence="8" number="189">and</token>
<token t_id="191" sentence="8" number="190">Aachen</token>
<token t_id="192" sentence="8" number="191">,</token>
<token t_id="193" sentence="8" number="192">in</token>
<token t_id="194" sentence="8" number="193">Germany</token>
<token t_id="195" sentence="8" number="194">,</token>
<token t_id="196" sentence="8" number="195">where</token>
<token t_id="197" sentence="8" number="196">there</token>
<token t_id="198" sentence="8" number="197">are</token>
<token t_id="199" sentence="8" number="198">great</token>
<token t_id="200" sentence="8" number="199">weaving</token>
<token t_id="201" sentence="8" number="200">mills</token>
<token t_id="202" sentence="8" number="201">,</token>
<token t_id="203" sentence="8" number="202">manned</token>
<token t_id="204" sentence="8" number="203">by</token>
<token t_id="205" sentence="8" number="204">Polaks</token>
<token t_id="206" sentence="8" number="205">,</token>
<token t_id="207" sentence="8" number="206">who</token>
<token t_id="208" sentence="8" number="207">are</token>
<token t_id="209" sentence="8" number="208">renowned</token>
<token t_id="210" sentence="8" number="209">for</token>
<token t_id="211" sentence="8" number="210">their</token>
<token t_id="212" sentence="8" number="211">skill</token>
<token t_id="213" sentence="8" number="212">in</token>
<token t_id="214" sentence="8" number="213">weaving</token>
<token t_id="215" sentence="8" number="214">.</token>
<token t_id="216" sentence="9" number="215">A</token>
<token t_id="217" sentence="9" number="216">fabric</token>
<token t_id="218" sentence="9" number="217">produced</token>
<token t_id="219" sentence="9" number="218">there</token>
<token t_id="220" sentence="9" number="219">,</token>
<token t_id="221" sentence="9" number="220">which</token>
<token t_id="222" sentence="9" number="221">is</token>
<token t_id="223" sentence="9" number="222">one-eighth</token>
<token t_id="224" sentence="9" number="223">of</token>
<token t_id="225" sentence="9" number="224">an</token>
<token t_id="226" sentence="9" number="225">inch</token>
<token t_id="227" sentence="9" number="226">in</token>
<token t_id="228" sentence="9" number="227">thickness</token>
<token t_id="229" sentence="9" number="228">,</token>
<token t_id="230" sentence="9" number="229">four</token>
<token t_id="231" sentence="9" number="230">ply</token>
<token t_id="232" sentence="9" number="231">,</token>
<token t_id="233" sentence="9" number="232">presents</token>
<token t_id="234" sentence="9" number="233">this</token>
<token t_id="235" sentence="9" number="234">perfection</token>
<token t_id="236" sentence="9" number="235">of</token>
<token t_id="237" sentence="9" number="236">weave</token>
<token t_id="238" sentence="9" number="237">,</token>
<token t_id="239" sentence="9" number="238">and</token>
<token t_id="240" sentence="9" number="239">all</token>
<token t_id="241" sentence="9" number="240">efforts</token>
<token t_id="242" sentence="9" number="241">to</token>
<token t_id="243" sentence="9" number="242">penetrate</token>
<token t_id="244" sentence="9" number="243">it</token>
<token t_id="245" sentence="9" number="244">with</token>
<token t_id="246" sentence="9" number="245">bullets</token>
<token t_id="247" sentence="9" number="246">has</token>
<token t_id="248" sentence="9" number="247">proved</token>
<token t_id="249" sentence="9" number="248">futile</token>
<token t_id="250" sentence="9" number="249">.</token>
<token t_id="251" sentence="10" number="250">The</token>
<token t_id="252" sentence="10" number="251">Rev.</token>
<token t_id="253" sentence="10" number="252">Mr.</token>
<token t_id="254" sentence="10" number="253">Zeglen</token>
<token t_id="255" sentence="10" number="254">himself</token>
<token t_id="256" sentence="10" number="255">submitted</token>
<token t_id="257" sentence="10" number="256">to</token>
<token t_id="258" sentence="10" number="257">a</token>
<token t_id="259" sentence="10" number="258">test</token>
<token t_id="260" sentence="10" number="259">in</token>
<token t_id="261" sentence="10" number="260">Chicago</token>
<token t_id="262" sentence="10" number="261">.</token>
<token t_id="263" sentence="11" number="262">He</token>
<token t_id="264" sentence="11" number="263">put</token>
<token t_id="265" sentence="11" number="264">on</token>
<token t_id="266" sentence="11" number="265">a</token>
<token t_id="267" sentence="11" number="266">vest</token>
<token t_id="268" sentence="11" number="267">of</token>
<token t_id="269" sentence="11" number="268">the</token>
<token t_id="270" sentence="11" number="269">material</token>
<token t_id="271" sentence="11" number="270">and</token>
<token t_id="272" sentence="11" number="271">an</token>
<token t_id="273" sentence="11" number="272">expert</token>
<token t_id="274" sentence="11" number="273">revolver</token>
<token t_id="275" sentence="11" number="274">shot</token>
<token t_id="276" sentence="11" number="275">fired</token>
<token t_id="277" sentence="11" number="276">at</token>
<token t_id="278" sentence="11" number="277">the</token>
<token t_id="279" sentence="11" number="278">vest</token>
<token t_id="280" sentence="11" number="279">at</token>
<token t_id="281" sentence="11" number="280">eight</token>
<token t_id="282" sentence="11" number="281">paces</token>
<token t_id="283" sentence="11" number="282">and</token>
<token t_id="284" sentence="11" number="283">no</token>
<token t_id="285" sentence="11" number="284">one</token>
<token t_id="286" sentence="11" number="285">of</token>
<token t_id="287" sentence="11" number="286">the</token>
<token t_id="288" sentence="11" number="287">bullets</token>
<token t_id="289" sentence="11" number="288">at</token>
<token t_id="290" sentence="11" number="289">all</token>
<token t_id="291" sentence="11" number="290">disturbed</token>
<token t_id="292" sentence="11" number="291">Mr.</token>
<token t_id="293" sentence="11" number="292">Zeglen</token>
<token t_id="294" sentence="11" number="293">.</token>
<token t_id="295" sentence="12" number="294">The</token>
<token t_id="296" sentence="12" number="295">weight</token>
<token t_id="297" sentence="12" number="296">of</token>
<token t_id="298" sentence="12" number="297">the</token>
<token t_id="299" sentence="12" number="298">fabric</token>
<token t_id="300" sentence="12" number="299">is</token>
<token t_id="301" sentence="12" number="300">half</token>
<token t_id="302" sentence="12" number="301">a</token>
<token t_id="303" sentence="12" number="302">pound</token>
<token t_id="304" sentence="12" number="303">to</token>
<token t_id="305" sentence="12" number="304">the</token>
<token t_id="306" sentence="12" number="305">square</token>
<token t_id="307" sentence="12" number="306">foot</token>
<token t_id="308" sentence="12" number="307">.</token>
<token t_id="309" sentence="13" number="308">It</token>
<token t_id="310" sentence="13" number="309">is</token>
<token t_id="311" sentence="13" number="310">soft</token>
<token t_id="312" sentence="13" number="311">and</token>
<token t_id="313" sentence="13" number="312">flexible</token>
<token t_id="314" sentence="13" number="313">,</token>
<token t_id="315" sentence="13" number="314">so</token>
<token t_id="316" sentence="13" number="315">that</token>
<token t_id="317" sentence="13" number="316">all</token>
<token t_id="318" sentence="13" number="317">kinds</token>
<token t_id="319" sentence="13" number="318">of</token>
<token t_id="320" sentence="13" number="319">garments</token>
<token t_id="321" sentence="13" number="320">can</token>
<token t_id="322" sentence="13" number="321">be</token>
<token t_id="323" sentence="13" number="322">manufactured</token>
<token t_id="324" sentence="13" number="323">out</token>
<token t_id="325" sentence="13" number="324">of</token>
<token t_id="326" sentence="13" number="325">it</token>
<token t_id="327" sentence="13" number="326">.</token>
<token t_id="328" sentence="14" number="327">The</token>
<token t_id="329" sentence="14" number="328">most</token>
<token t_id="330" sentence="14" number="329">practical</token>
<token t_id="331" sentence="14" number="330">form</token>
<token t_id="332" sentence="14" number="331">of</token>
<token t_id="333" sentence="14" number="332">garment</token>
<token t_id="334" sentence="14" number="333">is</token>
<token t_id="335" sentence="14" number="334">a</token>
<token t_id="336" sentence="14" number="335">vest</token>
<token t_id="337" sentence="14" number="336">,</token>
<token t_id="338" sentence="14" number="337">which</token>
<token t_id="339" sentence="14" number="338">can</token>
<token t_id="340" sentence="14" number="339">be</token>
<token t_id="341" sentence="14" number="340">worn</token>
<token t_id="342" sentence="14" number="341">at</token>
<token t_id="343" sentence="14" number="342">all</token>
<token t_id="344" sentence="14" number="343">times</token>
<token t_id="345" sentence="14" number="344">as</token>
<token t_id="346" sentence="14" number="345">a</token>
<token t_id="347" sentence="14" number="346">protection</token>
<token t_id="348" sentence="14" number="347">to</token>
<token t_id="349" sentence="14" number="348">life</token>
<token t_id="350" sentence="14" number="349">.</token>
<token t_id="351" sentence="15" number="350">The</token>
<token t_id="352" sentence="15" number="351">second</token>
<token t_id="353" sentence="15" number="352">kind</token>
<token t_id="354" sentence="15" number="353">of</token>
<token t_id="355" sentence="15" number="354">fabric</token>
<token t_id="356" sentence="15" number="355">is</token>
<token t_id="357" sentence="15" number="356">a</token>
<token t_id="358" sentence="15" number="357">simple</token>
<token t_id="359" sentence="15" number="358">textile</token>
<token t_id="360" sentence="15" number="359">goods</token>
<token t_id="361" sentence="15" number="360">,</token>
<token t_id="362" sentence="15" number="361">being</token>
<token t_id="363" sentence="15" number="362">an</token>
<token t_id="364" sentence="15" number="363">inch</token>
<token t_id="365" sentence="15" number="364">thick</token>
<token t_id="366" sentence="15" number="365">and</token>
<token t_id="367" sentence="15" number="366">weighing</token>
<token t_id="368" sentence="15" number="367">two</token>
<token t_id="369" sentence="15" number="368">pounds</token>
<token t_id="370" sentence="15" number="369">to</token>
<token t_id="371" sentence="15" number="370">the</token>
<token t_id="372" sentence="15" number="371">square</token>
<token t_id="373" sentence="15" number="372">foot</token>
<token t_id="374" sentence="15" number="373">.</token>
<token t_id="375" sentence="16" number="374">This</token>
<token t_id="376" sentence="16" number="375">fabric</token>
<token t_id="377" sentence="16" number="376">resists</token>
<token t_id="378" sentence="16" number="377">and</token>
<token t_id="379" sentence="16" number="378">wards</token>
<token t_id="380" sentence="16" number="379">off</token>
<token t_id="381" sentence="16" number="380">all</token>
<token t_id="382" sentence="16" number="381">kinds</token>
<token t_id="383" sentence="16" number="382">of</token>
<token t_id="384" sentence="16" number="383">leaden</token>
<token t_id="385" sentence="16" number="384">bullets</token>
<token t_id="386" sentence="16" number="385">from</token>
<token t_id="387" sentence="16" number="386">military</token>
<token t_id="388" sentence="16" number="387">rifles</token>
<token t_id="389" sentence="16" number="388">at</token>
<token t_id="390" sentence="16" number="389">any</token>
<token t_id="391" sentence="16" number="390">distance</token>
<token t_id="392" sentence="16" number="391">,</token>
<token t_id="393" sentence="16" number="392">dum-dum</token>
<token t_id="394" sentence="16" number="393">bullets</token>
<token t_id="395" sentence="16" number="394">at</token>
<token t_id="396" sentence="16" number="395">a</token>
<token t_id="397" sentence="16" number="396">range</token>
<token t_id="398" sentence="16" number="397">of</token>
<token t_id="399" sentence="16" number="398">400</token>
<token t_id="400" sentence="16" number="399">yards</token>
<token t_id="401" sentence="16" number="400">and</token>
<token t_id="402" sentence="16" number="401">steel</token>
<token t_id="403" sentence="16" number="402">bullets</token>
<token t_id="404" sentence="16" number="403">at</token>
<token t_id="405" sentence="16" number="404">a</token>
<token t_id="406" sentence="16" number="405">distance</token>
<token t_id="407" sentence="16" number="406">of</token>
<token t_id="408" sentence="16" number="407">800</token>
<token t_id="409" sentence="16" number="408">yards</token>
<token t_id="410" sentence="16" number="409">.</token>
<token t_id="411" sentence="17" number="410">The</token>
<token t_id="412" sentence="17" number="411">third</token>
<token t_id="413" sentence="17" number="412">kind</token>
<token t_id="414" sentence="17" number="413">of</token>
<token t_id="415" sentence="17" number="414">fabric</token>
<token t_id="416" sentence="17" number="415">is</token>
<token t_id="417" sentence="17" number="416">also</token>
<token t_id="418" sentence="17" number="417">of</token>
<token t_id="419" sentence="17" number="418">silk</token>
<token t_id="420" sentence="17" number="419">,</token>
<token t_id="421" sentence="17" number="420">textile</token>
<token t_id="422" sentence="17" number="421">,</token>
<token t_id="423" sentence="17" number="422">one</token>
<token t_id="424" sentence="17" number="423">inch</token>
<token t_id="425" sentence="17" number="424">thick</token>
<token t_id="426" sentence="17" number="425">,</token>
<token t_id="427" sentence="17" number="426">covered</token>
<token t_id="428" sentence="17" number="427">on</token>
<token t_id="429" sentence="17" number="428">the</token>
<token t_id="430" sentence="17" number="429">outside</token>
<token t_id="431" sentence="17" number="430">with</token>
<token t_id="432" sentence="17" number="431">a</token>
<token t_id="433" sentence="17" number="432">steel</token>
<token t_id="434" sentence="17" number="433">armor</token>
<token t_id="435" sentence="17" number="434">one-sixteenth</token>
<token t_id="436" sentence="17" number="435">of</token>
<token t_id="437" sentence="17" number="436">an</token>
<token t_id="438" sentence="17" number="437">inch</token>
<token t_id="439" sentence="17" number="438">in</token>
<token t_id="440" sentence="17" number="439">thickness</token>
<token t_id="441" sentence="17" number="440">.</token>
<token t_id="442" sentence="18" number="441">The</token>
<token t_id="443" sentence="18" number="442">silk</token>
<token t_id="444" sentence="18" number="443">and</token>
<token t_id="445" sentence="18" number="444">steel</token>
<token t_id="446" sentence="18" number="445">together</token>
<token t_id="447" sentence="18" number="446">weigh</token>
<token t_id="448" sentence="18" number="447">four</token>
<token t_id="449" sentence="18" number="448">pounds</token>
<token t_id="450" sentence="18" number="449">to</token>
<token t_id="451" sentence="18" number="450">the</token>
<token t_id="452" sentence="18" number="451">square</token>
<token t_id="453" sentence="18" number="452">foot</token>
<token t_id="454" sentence="18" number="453">,</token>
<token t_id="455" sentence="18" number="454">and</token>
<token t_id="456" sentence="18" number="455">the</token>
<token t_id="457" sentence="18" number="456">armor</token>
<token t_id="458" sentence="18" number="457">wards</token>
<token t_id="459" sentence="18" number="458">off</token>
<token t_id="460" sentence="18" number="459">steel</token>
<token t_id="461" sentence="18" number="460">bullets</token>
<token t_id="462" sentence="18" number="461">from</token>
<token t_id="463" sentence="18" number="462">military</token>
<token t_id="464" sentence="18" number="463">rifles</token>
<token t_id="465" sentence="18" number="464">at</token>
<token t_id="466" sentence="18" number="465">a</token>
<token t_id="467" sentence="18" number="466">range</token>
<token t_id="468" sentence="18" number="467">of</token>
<token t_id="469" sentence="18" number="468">250</token>
<token t_id="470" sentence="18" number="469">yards</token>
<token t_id="471" sentence="18" number="470">.</token>
<token t_id="472" sentence="19" number="471">The</token>
<token t_id="473" sentence="19" number="472">same</token>
<token t_id="474" sentence="19" number="473">steel</token>
<token t_id="475" sentence="19" number="474">bullets</token>
<token t_id="476" sentence="19" number="475">can</token>
<token t_id="477" sentence="19" number="476">be</token>
<token t_id="478" sentence="19" number="477">warded</token>
<token t_id="479" sentence="19" number="478">off</token>
<token t_id="480" sentence="19" number="479">at</token>
<token t_id="481" sentence="19" number="480">a</token>
<token t_id="482" sentence="19" number="481">range</token>
<token t_id="483" sentence="19" number="482">of</token>
<token t_id="484" sentence="19" number="483">200</token>
<token t_id="485" sentence="19" number="484">,</token>
<token t_id="486" sentence="19" number="485">100</token>
<token t_id="487" sentence="19" number="486">and</token>
<token t_id="488" sentence="19" number="487">50</token>
<token t_id="489" sentence="19" number="488">yards</token>
<token t_id="490" sentence="19" number="489">,</token>
<token t_id="491" sentence="19" number="490">but</token>
<token t_id="492" sentence="19" number="491">the</token>
<token t_id="493" sentence="19" number="492">steel</token>
<token t_id="494" sentence="19" number="493">armor</token>
<token t_id="495" sentence="19" number="494">must</token>
<token t_id="496" sentence="19" number="495">be</token>
<token t_id="497" sentence="19" number="496">increased</token>
<token t_id="498" sentence="19" number="497">to</token>
<token t_id="499" sentence="19" number="498">the</token>
<token t_id="500" sentence="19" number="499">thickness</token>
<token t_id="501" sentence="19" number="500">of</token>
<token t_id="502" sentence="19" number="501">one-tenth</token>
<token t_id="503" sentence="19" number="502">of</token>
<token t_id="504" sentence="19" number="503">an</token>
<token t_id="505" sentence="19" number="504">inch</token>
<token t_id="506" sentence="19" number="505">and</token>
<token t_id="507" sentence="19" number="506">at</token>
<token t_id="508" sentence="19" number="507">a</token>
<token t_id="509" sentence="19" number="508">range</token>
<token t_id="510" sentence="19" number="509">of</token>
<token t_id="511" sentence="19" number="510">50</token>
<token t_id="512" sentence="19" number="511">yards</token>
<token t_id="513" sentence="19" number="512">to</token>
<token t_id="514" sentence="19" number="513">one-eight</token>
<token t_id="515" sentence="19" number="514">of</token>
<token t_id="516" sentence="19" number="515">an</token>
<token t_id="517" sentence="19" number="516">inch</token>
<token t_id="518" sentence="19" number="517">.</token>
<token t_id="519" sentence="20" number="518">Tests</token>
<token t_id="520" sentence="20" number="519">of</token>
<token t_id="521" sentence="20" number="520">this</token>
<token t_id="522" sentence="20" number="521">fabric</token>
<token t_id="523" sentence="20" number="522">have</token>
<token t_id="524" sentence="20" number="523">been</token>
<token t_id="525" sentence="20" number="524">made</token>
<token t_id="526" sentence="20" number="525">in</token>
<token t_id="527" sentence="20" number="526">a</token>
<token t_id="528" sentence="20" number="527">number</token>
<token t_id="529" sentence="20" number="528">of</token>
<token t_id="530" sentence="20" number="529">places</token>
<token t_id="531" sentence="20" number="530">,</token>
<token t_id="532" sentence="20" number="531">and</token>
<token t_id="533" sentence="20" number="532">they</token>
<token t_id="534" sentence="20" number="533">have</token>
<token t_id="535" sentence="20" number="534">all</token>
<token t_id="536" sentence="20" number="535">been</token>
<token t_id="537" sentence="20" number="536">successful</token>
<token t_id="538" sentence="20" number="537">.</token>
<token t_id="539" sentence="21" number="538">One</token>
<token t_id="540" sentence="21" number="539">of</token>
<token t_id="541" sentence="21" number="540">the</token>
<token t_id="542" sentence="21" number="541">most</token>
<token t_id="543" sentence="21" number="542">important</token>
<token t_id="544" sentence="21" number="543">was</token>
<token t_id="545" sentence="21" number="544">at</token>
<token t_id="546" sentence="21" number="545">Fort</token>
<token t_id="547" sentence="21" number="546">Sheridan</token>
<token t_id="548" sentence="21" number="547">.</token>
<token t_id="549" sentence="22" number="548">Krag-Jorgensen</token>
<token t_id="550" sentence="22" number="549">bullets</token>
<token t_id="551" sentence="22" number="550">were</token>
<token t_id="552" sentence="22" number="551">fired</token>
<token t_id="553" sentence="22" number="552">at</token>
<token t_id="554" sentence="22" number="553">a</token>
<token t_id="555" sentence="22" number="554">distance</token>
<token t_id="556" sentence="22" number="555">of</token>
<token t_id="557" sentence="22" number="556">200</token>
<token t_id="558" sentence="22" number="557">and</token>
<token t_id="559" sentence="22" number="558">300</token>
<token t_id="560" sentence="22" number="559">yards</token>
<token t_id="561" sentence="22" number="560">.</token>
<token t_id="562" sentence="23" number="561">At</token>
<token t_id="563" sentence="23" number="562">the</token>
<token t_id="564" sentence="23" number="563">300-yard</token>
<token t_id="565" sentence="23" number="564">range</token>
<token t_id="566" sentence="23" number="565">the</token>
<token t_id="567" sentence="23" number="566">bullet</token>
<token t_id="568" sentence="23" number="567">perforated</token>
<token t_id="569" sentence="23" number="568">the</token>
<token t_id="570" sentence="23" number="569">steel</token>
<token t_id="571" sentence="23" number="570">and</token>
<token t_id="572" sentence="23" number="571">imbedded</token>
<token t_id="573" sentence="23" number="572">itself</token>
<token t_id="574" sentence="23" number="573">in</token>
<token t_id="575" sentence="23" number="574">the</token>
<token t_id="576" sentence="23" number="575">second</token>
<token t_id="577" sentence="23" number="576">thickness</token>
<token t_id="578" sentence="23" number="577">of</token>
<token t_id="579" sentence="23" number="578">the</token>
<token t_id="580" sentence="23" number="579">cloth</token>
<token t_id="581" sentence="23" number="580">.</token>
<token t_id="582" sentence="24" number="581">At</token>
<token t_id="583" sentence="24" number="582">the</token>
<token t_id="584" sentence="24" number="583">range</token>
<token t_id="585" sentence="24" number="584">of</token>
<token t_id="586" sentence="24" number="585">200</token>
<token t_id="587" sentence="24" number="586">yards</token>
<token t_id="588" sentence="24" number="587">the</token>
<token t_id="589" sentence="24" number="588">bullet</token>
<token t_id="590" sentence="24" number="589">pierced</token>
<token t_id="591" sentence="24" number="590">the</token>
<token t_id="592" sentence="24" number="591">entire</token>
<token t_id="593" sentence="24" number="592">shield</token>
<token t_id="594" sentence="24" number="593">,</token>
<token t_id="595" sentence="24" number="594">but</token>
<token t_id="596" sentence="24" number="595">the</token>
<token t_id="597" sentence="24" number="596">steel</token>
<token t_id="598" sentence="24" number="597">mantel</token>
<token t_id="599" sentence="24" number="598">of</token>
<token t_id="600" sentence="24" number="599">the</token>
<token t_id="601" sentence="24" number="600">bullet</token>
<token t_id="602" sentence="24" number="601">stopped</token>
<token t_id="603" sentence="24" number="602">at</token>
<token t_id="604" sentence="24" number="603">the</token>
<token t_id="605" sentence="24" number="604">third</token>
<token t_id="606" sentence="24" number="605">thickness</token>
<token t_id="607" sentence="24" number="606">.</token>
<token t_id="608" sentence="25" number="607">A</token>
<token t_id="609" sentence="25" number="608">test</token>
<token t_id="610" sentence="25" number="609">was</token>
<token t_id="611" sentence="25" number="610">made</token>
<token t_id="612" sentence="25" number="611">at</token>
<token t_id="613" sentence="25" number="612">Chelsea</token>
<token t_id="614" sentence="25" number="613">,</token>
<token t_id="615" sentence="25" number="614">Mass.</token>
<token t_id="616" sentence="25" number="615">,</token>
<token t_id="617" sentence="25" number="616">before</token>
<token t_id="618" sentence="25" number="617">Chief</token>
<token t_id="619" sentence="25" number="618">of</token>
<token t_id="620" sentence="25" number="619">Police</token>
<token t_id="621" sentence="25" number="620">Hudson</token>
<token t_id="622" sentence="25" number="621">,</token>
<token t_id="623" sentence="25" number="622">who</token>
<token t_id="624" sentence="25" number="623">fired</token>
<token t_id="625" sentence="25" number="624">a</token>
<token t_id="626" sentence="25" number="625">shot</token>
<token t_id="627" sentence="25" number="626">at</token>
<token t_id="628" sentence="25" number="627">the</token>
<token t_id="629" sentence="25" number="628">vest</token>
<token t_id="630" sentence="25" number="629">seven</token>
<token t_id="631" sentence="25" number="630">paces</token>
<token t_id="632" sentence="25" number="631">away</token>
<token t_id="633" sentence="25" number="632">with</token>
<token t_id="634" sentence="25" number="633">a</token>
<token t_id="635" sentence="25" number="634">44-caliber</token>
<token t_id="636" sentence="25" number="635">pistol</token>
<token t_id="637" sentence="25" number="636">,</token>
<token t_id="638" sentence="25" number="637">but</token>
<token t_id="639" sentence="25" number="638">the</token>
<token t_id="640" sentence="25" number="639">bullet</token>
<token t_id="641" sentence="25" number="640">failed</token>
<token t_id="642" sentence="25" number="641">to</token>
<token t_id="643" sentence="25" number="642">pierce</token>
<token t_id="644" sentence="25" number="643">the</token>
<token t_id="645" sentence="25" number="644">cloth</token>
<token t_id="646" sentence="25" number="645">.</token>
<token t_id="647" sentence="26" number="646">C.W.</token>
<token t_id="648" sentence="26" number="647">Ryder</token>
<token t_id="649" sentence="26" number="648">,</token>
<token t_id="650" sentence="26" number="649">who</token>
<token t_id="651" sentence="26" number="650">is</token>
<token t_id="652" sentence="26" number="651">exhibiting</token>
<token t_id="653" sentence="26" number="652">the</token>
<token t_id="654" sentence="26" number="653">armor</token>
<token t_id="655" sentence="26" number="654">cloth</token>
<token t_id="656" sentence="26" number="655">in</token>
<token t_id="657" sentence="26" number="656">Brooklyn</token>
<token t_id="658" sentence="26" number="657">,</token>
<token t_id="659" sentence="26" number="658">has</token>
<token t_id="660" sentence="26" number="659">arranged</token>
<token t_id="661" sentence="26" number="660">for</token>
<token t_id="662" sentence="26" number="661">a</token>
<token t_id="663" sentence="26" number="662">test</token>
<token t_id="664" sentence="26" number="663">in</token>
<token t_id="665" sentence="26" number="664">the</token>
<token t_id="666" sentence="26" number="665">Montauk</token>
<token t_id="667" sentence="26" number="666">Theater</token>
<token t_id="668" sentence="26" number="667">building</token>
<token t_id="669" sentence="26" number="668">next</token>
<token t_id="670" sentence="26" number="669">Tuesday</token>
<token t_id="671" sentence="26" number="670">at</token>
<token t_id="672" sentence="26" number="671">3:30</token>
<token t_id="673" sentence="26" number="672">P.M.</token>
<token t_id="674" sentence="26" number="673">,</token>
<token t_id="675" sentence="26" number="674">to</token>
<token t_id="676" sentence="26" number="675">which</token>
<token t_id="677" sentence="26" number="676">the</token>
<token t_id="678" sentence="26" number="677">police</token>
<token t_id="679" sentence="26" number="678">,</token>
<token t_id="680" sentence="26" number="679">Navy</token>
<token t_id="681" sentence="26" number="680">Yard</token>
<token t_id="682" sentence="26" number="681">officers</token>
<token t_id="683" sentence="26" number="682">,</token>
<token t_id="684" sentence="26" number="683">militia</token>
<token t_id="685" sentence="26" number="684">officers</token>
<token t_id="686" sentence="26" number="685">and</token>
<token t_id="687" sentence="26" number="686">others</token>
<token t_id="688" sentence="26" number="687">will</token>
<token t_id="689" sentence="26" number="688">be</token>
<token t_id="690" sentence="26" number="689">invited</token>
<token t_id="691" sentence="26" number="690">.</token>
<token t_id="692" sentence="27" number="691">A</token>
<token t_id="693" sentence="27" number="692">22-caliber</token>
<token t_id="694" sentence="27" number="693">pistol</token>
<token t_id="695" sentence="27" number="694">,</token>
<token t_id="696" sentence="27" number="695">a</token>
<token t_id="697" sentence="27" number="696">32-caliber</token>
<token t_id="698" sentence="27" number="697">revolver</token>
<token t_id="699" sentence="27" number="698">,</token>
<token t_id="700" sentence="27" number="699">and</token>
<token t_id="701" sentence="27" number="700">a</token>
<token t_id="702" sentence="27" number="701">44-caliber</token>
<token t_id="703" sentence="27" number="702">Russian</token>
<token t_id="704" sentence="27" number="703">revolver</token>
<token t_id="705" sentence="27" number="704">,</token>
<token t_id="706" sentence="27" number="705">the</token>
<token t_id="707" sentence="27" number="706">largest</token>
<token t_id="708" sentence="27" number="707">made</token>
<token t_id="709" sentence="27" number="708">,</token>
<token t_id="710" sentence="27" number="709">will</token>
<token t_id="711" sentence="27" number="710">be</token>
<token t_id="712" sentence="27" number="711">fired</token>
<token t_id="713" sentence="27" number="712">.</token>
<token t_id="714" sentence="28" number="713">Smokeless</token>
<token t_id="715" sentence="28" number="714">powder</token>
<token t_id="716" sentence="28" number="715">will</token>
<token t_id="717" sentence="28" number="716">be</token>
<token t_id="718" sentence="28" number="717">used</token>
<token t_id="719" sentence="28" number="718">.</token>
<token t_id="720" sentence="29" number="719">Dr.</token>
<token t_id="721" sentence="29" number="720">Ashley</token>
<token t_id="722" sentence="29" number="721">A.</token>
<token t_id="723" sentence="29" number="722">Webber</token>
<token t_id="724" sentence="29" number="723">,</token>
<token t_id="725" sentence="29" number="724">who</token>
<token t_id="726" sentence="29" number="725">is</token>
<token t_id="727" sentence="29" number="726">known</token>
<token t_id="728" sentence="29" number="727">as</token>
<token t_id="729" sentence="29" number="728">one</token>
<token t_id="730" sentence="29" number="729">of</token>
<token t_id="731" sentence="29" number="730">the</token>
<token t_id="732" sentence="29" number="731">greatest</token>
<token t_id="733" sentence="29" number="732">marksmen</token>
<token t_id="734" sentence="29" number="733">in</token>
<token t_id="735" sentence="29" number="734">the</token>
<token t_id="736" sentence="29" number="735">country</token>
<token t_id="737" sentence="29" number="736">,</token>
<token t_id="738" sentence="29" number="737">will</token>
<token t_id="739" sentence="29" number="738">fire</token>
<token t_id="740" sentence="29" number="739">the</token>
<token t_id="741" sentence="29" number="740">shots</token>
<token t_id="742" sentence="29" number="741">.</token>
<token t_id="743" sentence="30" number="742">Mr.</token>
<token t_id="744" sentence="30" number="743">Ryder</token>
<token t_id="745" sentence="30" number="744">has</token>
<token t_id="746" sentence="30" number="745">made</token>
<token t_id="747" sentence="30" number="746">an</token>
<token t_id="748" sentence="30" number="747">offer</token>
<token t_id="749" sentence="30" number="748">of</token>
<token t_id="750" sentence="30" number="749">$</token>
<token t_id="751" sentence="30" number="750">500</token>
<token t_id="752" sentence="30" number="751">reward</token>
<token t_id="753" sentence="30" number="752">if</token>
<token t_id="754" sentence="30" number="753">Dr.</token>
<token t_id="755" sentence="30" number="754">Webber</token>
<token t_id="756" sentence="30" number="755">succeeds</token>
<token t_id="757" sentence="30" number="756">in</token>
<token t_id="758" sentence="30" number="757">penetrating</token>
<token t_id="759" sentence="30" number="758">the</token>
<token t_id="760" sentence="30" number="759">fabric</token>
<token t_id="761" sentence="30" number="760">.</token>
<token t_id="762" sentence="31" number="761">It</token>
<token t_id="763" sentence="31" number="762">is</token>
<token t_id="764" sentence="31" number="763">expected</token>
<token t_id="765" sentence="31" number="764">that</token>
<token t_id="766" sentence="31" number="765">the</token>
<token t_id="767" sentence="31" number="766">Rev.</token>
<token t_id="768" sentence="31" number="767">Mr.</token>
<token t_id="769" sentence="31" number="768">Zeglen</token>
<token t_id="770" sentence="31" number="769">will</token>
<token t_id="771" sentence="31" number="770">be</token>
<token t_id="772" sentence="31" number="771">present</token>
<token t_id="773" sentence="31" number="772">in</token>
<token t_id="774" sentence="31" number="773">person</token>
<token t_id="775" sentence="31" number="774">to</token>
<token t_id="776" sentence="31" number="775">wear</token>
<token t_id="777" sentence="31" number="776">the</token>
<token t_id="778" sentence="31" number="777">vest</token>
<token t_id="779" sentence="31" number="778">.</token>


<Markables>
<EVENT_MENTION m_id="33" factuality="" modality="" pred="" pos="" aspect="" certainty="" comment="" class="POSSESSION" tense="" polarity=""  >
<token_anchor t_id="233"/>
</EVENT_MENTION>
<EVENT_MENTION m_id="65" factuality="" modality="" pred="" pos="" aspect="" certainty="" comment="" class="SPACE-MOVEMENT" tense="" polarity=""  >
<token_anchor t_id="568"/>
</EVENT_MENTION>
<EVENT_MENTION m_id="1" factuality="" modality="" pred="" pos="" aspect="" certainty="" comment="" class="SOCIAL" tense="" polarity=""  >
<token_anchor t_id="16"/>
</EVENT_MENTION>
<EVENT_MENTION m_id="34" factuality="" modality="" pred="" pos="" aspect="" certainty="" comment="" class="CLOTHES" tense="" polarity=""  >
<token_anchor t_id="237"/>
</EVENT_MENTION>
<EVENT_MENTION m_id="66" factuality="" modality="" pred="" pos="" aspect="" certainty="" comment="" class="SPACE-MOVEMENT" tense="" polarity=""  >
<token_anchor t_id="572"/>
</EVENT_MENTION>
<EVENT_MENTION m_id="2" factuality="" modality="" pred="" pos="" aspect="" certainty="" comment="" class="GENERAL" tense="" polarity=""  >
<token_anchor t_id="19"/>
</EVENT_MENTION>
<EVENT_MENTION m_id="35" factuality="" modality="" pred="" pos="" aspect="" certainty="" comment="" class="SPACE-MOVEMENT" tense="" polarity=""  >
<token_anchor t_id="243"/>
</EVENT_MENTION>
<EVENT_MENTION m_id="67" factuality="" modality="" pred="" pos="" aspect="" certainty="" comment="" class="SPACE-MOVEMENT" tense="" polarity=""  >
<token_anchor t_id="590"/>
</EVENT_MENTION>
<EVENT_MENTION m_id="3" factuality="" modality="" pred="" pos="" aspect="" certainty="" comment="" class="GENERAL" tense="" polarity=""  >
<token_anchor t_id="20"/>
</EVENT_MENTION>
<EVENT_MENTION m_id="36" factuality="" modality="" pred="" pos="" aspect="" certainty="" comment="" class="MENTAL" tense="" polarity=""  >
<token_anchor t_id="248"/>
<token_anchor t_id="249"/>
</EVENT_MENTION>
<EVENT_MENTION m_id="68" factuality="" modality="" pred="" pos="" aspect="" certainty="" comment="" class="SPACE-MOVEMENT" tense="" polarity=""  >
<token_anchor t_id="602"/>
</EVENT_MENTION>
<EVENT_MENTION m_id="4" factuality="" modality="" pred="" pos="" aspect="" certainty="" comment="" class="EXISTENCE-CAUSATION" tense="" polarity=""  >
<token_anchor t_id="48"/>
</EVENT_MENTION>
<EVENT_MENTION m_id="37" factuality="" modality="" pred="" pos="" aspect="" certainty="" comment="" class="SPACE-MOVEMENT" tense="" polarity=""  >
<token_anchor t_id="256"/>
</EVENT_MENTION>
<EVENT_MENTION m_id="69" factuality="" modality="" pred="" pos="" aspect="" certainty="" comment="" class="GENERAL" tense="" polarity=""  >
<token_anchor t_id="609"/>
<token_anchor t_id="611"/>
</EVENT_MENTION>
<EVENT_MENTION m_id="5" factuality="" modality="" pred="" pos="" aspect="" certainty="" comment="" class="MENTAL" tense="" polarity=""  >
<token_anchor t_id="56"/>
</EVENT_MENTION>
<EVENT_MENTION m_id="38" factuality="" modality="" pred="" pos="" aspect="" certainty="" comment="" class="GENERAL" tense="" polarity=""  >
<token_anchor t_id="259"/>
</EVENT_MENTION>
<EVENT_MENTION m_id="70" factuality="" modality="" pred="" pos="" aspect="" certainty="" comment="" class="HOSTILITY" tense="" polarity=""  >
<token_anchor t_id="624"/>
</EVENT_MENTION>
<EVENT_MENTION m_id="6" factuality="" modality="" pred="" pos="" aspect="" certainty="" comment="" class="MATTER" tense="" polarity=""  >
<token_anchor t_id="63"/>
<token_anchor t_id="64"/>
<token_anchor t_id="65"/>
</EVENT_MENTION>
<EVENT_MENTION m_id="39" factuality="" modality="" pred="" pos="" aspect="" certainty="" comment="" class="CLOTHES" tense="" polarity=""  >
<token_anchor t_id="264"/>
<token_anchor t_id="265"/>
</EVENT_MENTION>
<EVENT_MENTION m_id="71" factuality="" modality="" pred="" pos="" aspect="" certainty="" comment="" class="HOSTILITY" tense="" polarity=""  >
<token_anchor t_id="626"/>
</EVENT_MENTION>
<EVENT_MENTION m_id="7" factuality="" modality="" pred="" pos="" aspect="" certainty="" comment="" class="HOSTILITY" tense="" polarity=""  >
<token_anchor t_id="68"/>
</EVENT_MENTION>
<EVENT_MENTION m_id="40" factuality="" modality="" pred="" pos="" aspect="" certainty="" comment="" class="HOSTILITY" tense="" polarity=""  >
<token_anchor t_id="275"/>
</EVENT_MENTION>
<EVENT_MENTION m_id="72" factuality="" modality="" pred="" pos="" aspect="" certainty="" comment="" class="MENTAL" tense="" polarity=""  >
<token_anchor t_id="641"/>
</EVENT_MENTION>
<EVENT_MENTION m_id="8" factuality="" modality="" pred="" pos="" aspect="" certainty="" comment="" class="HOSTILITY" tense="" polarity=""  >
<token_anchor t_id="72"/>
</EVENT_MENTION>
<EVENT_MENTION m_id="41" factuality="" modality="" pred="" pos="" aspect="" certainty="" comment="" class="HOSTILITY" tense="" polarity=""  >
<token_anchor t_id="276"/>
</EVENT_MENTION>
<EVENT_MENTION m_id="73" factuality="" modality="" pred="" pos="" aspect="" certainty="" comment="" class="SPACE-MOVEMENT" tense="" polarity=""  >
<token_anchor t_id="643"/>
</EVENT_MENTION>
<EVENT_MENTION m_id="9" factuality="" modality="" pred="" pos="" aspect="" certainty="" comment="" class="FAITH" tense="" polarity=""  >
<token_anchor t_id="79"/>
<token_anchor t_id="80"/>
<token_anchor t_id="81"/>
<token_anchor t_id="82"/>
</EVENT_MENTION>
<EVENT_MENTION m_id="42" factuality="" modality="" pred="" pos="" aspect="" certainty="" comment="" class="EMOTIONS-EVALUATIONS" tense="" polarity=""  >
<token_anchor t_id="291"/>
</EVENT_MENTION>
<EVENT_MENTION m_id="74" factuality="" modality="" pred="" pos="" aspect="" certainty="" comment="" class="PHYSICAL SENSATIONS" tense="" polarity=""  >
<token_anchor t_id="652"/>
</EVENT_MENTION>
<EVENT_MENTION m_id="10" factuality="" modality="" pred="" pos="" aspect="" certainty="" comment="" class="TIME" tense="" polarity=""  >
<token_anchor t_id="91"/>
</EVENT_MENTION>
<EVENT_MENTION m_id="43" factuality="" modality="" pred="" pos="" aspect="" certainty="" comment="" class="MEASURE" tense="" polarity=""  >
<token_anchor t_id="300"/>
<token_anchor t_id="301"/>
<token_anchor t_id="302"/>
<token_anchor t_id="303"/>
</EVENT_MENTION>
<EVENT_MENTION m_id="75" factuality="" modality="" pred="" pos="" aspect="" certainty="" comment="" class="GENERAL" tense="" polarity=""  >
<token_anchor t_id="660"/>
</EVENT_MENTION>
<EVENT_MENTION m_id="11" factuality="" modality="" pred="" pos="" aspect="" certainty="" comment="" class="MENTAL" tense="" polarity=""  >
<token_anchor t_id="92"/>
</EVENT_MENTION>
<EVENT_MENTION m_id="44" factuality="" modality="" pred="" pos="" aspect="" certainty="" comment="" class="MATTER" tense="" polarity=""  >
<token_anchor t_id="310"/>
<token_anchor t_id="311"/>
<token_anchor t_id="312"/>
<token_anchor t_id="313"/>
</EVENT_MENTION>
<EVENT_MENTION m_id="76" factuality="" modality="" pred="" pos="" aspect="" certainty="" comment="" class="GENERAL" tense="" polarity=""  >
<token_anchor t_id="663"/>
</EVENT_MENTION>
<EVENT_MENTION m_id="12" factuality="" modality="" pred="" pos="" aspect="" certainty="" comment="" class="GENERAL" tense="" polarity=""  >
<token_anchor t_id="101"/>
</EVENT_MENTION>
<EVENT_MENTION m_id="45" factuality="" modality="" pred="" pos="" aspect="" certainty="" comment="" class="TRADE-WORK" tense="" polarity=""  >
<token_anchor t_id="323"/>
</EVENT_MENTION>
<EVENT_MENTION m_id="77" factuality="" modality="" pred="" pos="" aspect="" certainty="" comment="" class="SOCIAL" tense="" polarity=""  >
<token_anchor t_id="690"/>
</EVENT_MENTION>
<EVENT_MENTION m_id="13" factuality="" modality="" pred="" pos="" aspect="" certainty="" comment="" class="MATTER" tense="" polarity=""  >
<token_anchor t_id="112"/>
<token_anchor t_id="113"/>
<token_anchor t_id="114"/>
</EVENT_MENTION>
<EVENT_MENTION m_id="46" factuality="" modality="" pred="" pos="" aspect="" certainty="" comment="" class="CLOTHES" tense="" polarity=""  >
<token_anchor t_id="334"/>
<token_anchor t_id="335"/>
<token_anchor t_id="336"/>
</EVENT_MENTION>
<EVENT_MENTION m_id="78" factuality="" modality="" pred="" pos="" aspect="" certainty="" comment="" class="HOSTILITY" tense="" polarity=""  >
<token_anchor t_id="712"/>
</EVENT_MENTION>
<EVENT_MENTION m_id="14" factuality="" modality="" pred="" pos="" aspect="" certainty="" comment="" class="GENERAL" tense="" polarity=""  >
<token_anchor t_id="117"/>
<token_anchor t_id="118"/>
</EVENT_MENTION>
<EVENT_MENTION m_id="47" factuality="" modality="" pred="" pos="" aspect="" certainty="" comment="" class="CLOTHES" tense="" polarity=""  >
<token_anchor t_id="341"/>
</EVENT_MENTION>
<EVENT_MENTION m_id="79" factuality="" modality="" pred="" pos="" aspect="" certainty="" comment="" class="GENERAL" tense="" polarity=""  >
<token_anchor t_id="718"/>
</EVENT_MENTION>
<EVENT_MENTION m_id="15" factuality="" modality="" pred="" pos="" aspect="" certainty="" comment="" class="TRADE-WORK" tense="" polarity=""  >
<token_anchor t_id="125"/>
</EVENT_MENTION>
<EVENT_MENTION m_id="48" factuality="" modality="" pred="" pos="" aspect="" certainty="" comment="" class="GENERAL" tense="" polarity=""  >
<token_anchor t_id="347"/>
</EVENT_MENTION>
<EVENT_MENTION m_id="80" factuality="" modality="" pred="" pos="" aspect="" certainty="" comment="" class="MENTAL" tense="" polarity=""  >
<token_anchor t_id="727"/>
</EVENT_MENTION>
<EVENT_MENTION m_id="16" factuality="" modality="" pred="" pos="" aspect="" certainty="" comment="" class="LIFE-HEALTH" tense="" polarity=""  >
<token_anchor t_id="143"/>
</EVENT_MENTION>
<EVENT_MENTION m_id="49" factuality="" modality="" pred="" pos="" aspect="" certainty="" comment="" class="LIFE-HEALTH" tense="" polarity=""  >
<token_anchor t_id="349"/>
</EVENT_MENTION>
<EVENT_MENTION m_id="81" factuality="" modality="" pred="" pos="" aspect="" certainty="" comment="" class="HOSTILITY" tense="" polarity=""  >
<token_anchor t_id="739"/>
</EVENT_MENTION>
<EVENT_MENTION m_id="17" factuality="" modality="" pred="" pos="" aspect="" certainty="" comment="" class="TIME" tense="" polarity=""  >
<token_anchor t_id="152"/>
</EVENT_MENTION>
<EVENT_MENTION m_id="50" factuality="" modality="" pred="" pos="" aspect="" certainty="" comment="" class="CLOTHES" tense="" polarity=""  >
<token_anchor t_id="356"/>
<token_anchor t_id="357"/>
<token_anchor t_id="358"/>
<token_anchor t_id="359"/>
<token_anchor t_id="360"/>
</EVENT_MENTION>
<EVENT_MENTION m_id="82" factuality="" modality="" pred="" pos="" aspect="" certainty="" comment="" class="HOSTILITY" tense="" polarity=""  >
<token_anchor t_id="741"/>
</EVENT_MENTION>
<EVENT_MENTION m_id="18" factuality="" modality="" pred="" pos="" aspect="" certainty="" comment="" class="GENERAL" tense="" polarity=""  >
<token_anchor t_id="156"/>
</EVENT_MENTION>
<EVENT_MENTION m_id="51" factuality="" modality="" pred="" pos="" aspect="" certainty="" comment="" class="MEASURE" tense="" polarity=""  >
<token_anchor t_id="362"/>
<token_anchor t_id="363"/>
<token_anchor t_id="364"/>
</EVENT_MENTION>
<EVENT_MENTION m_id="83" factuality="" modality="" pred="" pos="" aspect="" certainty="" comment="" class="TRADE-WORK" tense="" polarity=""  >
<token_anchor t_id="746"/>
<token_anchor t_id="747"/>
<token_anchor t_id="748"/>
</EVENT_MENTION>
<EVENT_MENTION m_id="19" factuality="" modality="" pred="" pos="" aspect="" certainty="" comment="" class="MENTAL" tense="" polarity=""  >
<token_anchor t_id="162"/>
</EVENT_MENTION>
<EVENT_MENTION m_id="20" factuality="" modality="" pred="" pos="" aspect="" certainty="" comment="" class="GENERAL" tense="" polarity=""  >
<token_anchor t_id="164"/>
</EVENT_MENTION>
<EVENT_MENTION m_id="52" factuality="" modality="" pred="" pos="" aspect="" certainty="" comment="" class="MEASURE" tense="" polarity=""  >
<token_anchor t_id="367"/>
</EVENT_MENTION>
<EVENT_MENTION m_id="84" factuality="" modality="" pred="" pos="" aspect="" certainty="" comment="" class="GENERAL" tense="" polarity=""  >
<token_anchor t_id="756"/>
</EVENT_MENTION>
<EVENT_MENTION m_id="21" factuality="" modality="" pred="" pos="" aspect="" certainty="" comment="" class="EXISTENCE-CAUSATION" tense="" polarity=""  >
<token_anchor t_id="130"/>
</EVENT_MENTION>
<EVENT_MENTION m_id="53" factuality="" modality="" pred="" pos="" aspect="" certainty="" comment="" class="GENERAL" tense="" polarity=""  >
<token_anchor t_id="377"/>
</EVENT_MENTION>
<EVENT_MENTION m_id="85" factuality="" modality="" pred="" pos="" aspect="" certainty="" comment="" class="SPACE-MOVEMENT" tense="" polarity=""  >
<token_anchor t_id="758"/>
</EVENT_MENTION>
<EVENT_MENTION m_id="22" factuality="" modality="" pred="" pos="" aspect="" certainty="" comment="" class="PHYSICAL SENSATIONS" tense="" polarity=""  >
<token_anchor t_id="172"/>
</EVENT_MENTION>
<EVENT_MENTION m_id="54" factuality="" modality="" pred="" pos="" aspect="" certainty="" comment="" class="SPACE-MOVEMENT" tense="" polarity=""  >
<token_anchor t_id="379"/>
<token_anchor t_id="380"/>
</EVENT_MENTION>
<EVENT_MENTION m_id="86" factuality="" modality="" pred="" pos="" aspect="" certainty="" comment="" class="MENTAL" tense="" polarity=""  >
<token_anchor t_id="764"/>
</EVENT_MENTION>
<EVENT_MENTION m_id="23" factuality="" modality="" pred="" pos="" aspect="" certainty="" comment="" class="GENERAL" tense="" polarity=""  >
<token_anchor t_id="175"/>
</EVENT_MENTION>
<EVENT_MENTION m_id="55" factuality="" modality="" pred="" pos="" aspect="" certainty="" comment="" class="CLOTHES" tense="" polarity=""  >
<token_anchor t_id="416"/>
<token_anchor t_id="417"/>
<token_anchor t_id="418"/>
<token_anchor t_id="419"/>
</EVENT_MENTION>
<EVENT_MENTION m_id="87" factuality="" modality="" pred="" pos="" aspect="" certainty="" comment="" class="SPACE-MOVEMENT" tense="" polarity=""  >
<token_anchor t_id="771"/>
<token_anchor t_id="772"/>
</EVENT_MENTION>
<EVENT_MENTION m_id="24" factuality="" modality="" pred="" pos="" aspect="" certainty="" comment="" class="CLOTHES" tense="" polarity=""  >
<token_anchor t_id="178"/>
</EVENT_MENTION>
<EVENT_MENTION m_id="56" factuality="" modality="" pred="" pos="" aspect="" certainty="" comment="" class="SPACE-MOVEMENT" tense="" polarity=""  >
<token_anchor t_id="427"/>
</EVENT_MENTION>
<EVENT_MENTION m_id="88" factuality="" modality="" pred="" pos="" aspect="" certainty="" comment="" class="CLOTHES" tense="" polarity=""  >
<token_anchor t_id="776"/>
</EVENT_MENTION>
<EVENT_MENTION m_id="25" factuality="" modality="" pred="" pos="" aspect="" certainty="" comment="" class="MENTAL" tense="" polarity=""  >
<token_anchor t_id="184"/>
<token_anchor t_id="185"/>
</EVENT_MENTION>
<EVENT_MENTION m_id="57" factuality="" modality="" pred="" pos="" aspect="" certainty="" comment="" class="MEASURE" tense="" polarity=""  >
<token_anchor t_id="447"/>
</EVENT_MENTION>
<EVENT_MENTION m_id="89" factuality="" modality="" pred="" pos="" aspect="" certainty="" comment="" class="GENERAL" tense="" polarity=""  >
<token_anchor t_id="168"/>
</EVENT_MENTION>
<EVENT_MENTION m_id="26" factuality="" modality="" pred="" pos="" aspect="" certainty="" comment="" class="SPACE-MOVEMENT" tense="" polarity=""  >
<token_anchor t_id="188"/>
</EVENT_MENTION>
<EVENT_MENTION m_id="58" factuality="" modality="" pred="" pos="" aspect="" certainty="" comment="" class="SPACE-MOVEMENT" tense="" polarity=""  >
<token_anchor t_id="458"/>
<token_anchor t_id="459"/>
</EVENT_MENTION>
<EVENT_MENTION m_id="90" factuality="" modality="" pred="" pos="" aspect="" certainty="" comment="" class="EXISTENCE-CAUSATION" tense="" polarity=""  >
<token_anchor t_id="708"/>
</EVENT_MENTION>
<EVENT_MENTION m_id="27" factuality="" modality="" pred="" pos="" aspect="" certainty="" comment="" class="EXISTENCE-CAUSATION" tense="" polarity=""  >
<token_anchor t_id="198"/>
</EVENT_MENTION>
<EVENT_MENTION m_id="59" factuality="" modality="" pred="" pos="" aspect="" certainty="" comment="" class="SPACE-MOVEMENT" tense="" polarity=""  >
<token_anchor t_id="478"/>
<token_anchor t_id="479"/>
</EVENT_MENTION>
<EVENT_MENTION m_id="28" factuality="" modality="" pred="" pos="" aspect="" certainty="" comment="" class="CLOTHES" tense="" polarity=""  >
<token_anchor t_id="200"/>
</EVENT_MENTION>
<EVENT_MENTION m_id="60" factuality="" modality="" pred="" pos="" aspect="" certainty="" comment="" class="MEASURE" tense="" polarity=""  >
<token_anchor t_id="497"/>
</EVENT_MENTION>
<EVENT_MENTION m_id="29" factuality="" modality="" pred="" pos="" aspect="" certainty="" comment="" class="EMOTIONS-EVALUATIONS" tense="" polarity=""  >
<token_anchor t_id="208"/>
<token_anchor t_id="209"/>
</EVENT_MENTION>
<EVENT_MENTION m_id="61" factuality="" modality="" pred="" pos="" aspect="" certainty="" comment="" class="GENERAL" tense="" polarity=""  >
<token_anchor t_id="519"/>
<token_anchor t_id="525"/>
</EVENT_MENTION>
<EVENT_MENTION m_id="30" factuality="" modality="" pred="" pos="" aspect="" certainty="" comment="" class="CLOTHES" tense="" polarity=""  >
<token_anchor t_id="214"/>
</EVENT_MENTION>
<EVENT_MENTION m_id="62" factuality="" modality="" pred="" pos="" aspect="" certainty="" comment="" class="EMOTIONS-EVALUATIONS" tense="" polarity=""  >
<token_anchor t_id="536"/>
<token_anchor t_id="537"/>
</EVENT_MENTION>
<EVENT_MENTION m_id="31" factuality="" modality="" pred="" pos="" aspect="" certainty="" comment="" class="TRADE-WORK" tense="" polarity=""  >
<token_anchor t_id="218"/>
</EVENT_MENTION>
<EVENT_MENTION m_id="63" factuality="" modality="" pred="" pos="" aspect="" certainty="" comment="" class="EXISTENCE-CAUSATION" tense="" polarity=""  >
<token_anchor t_id="544"/>
</EVENT_MENTION>
<EVENT_MENTION m_id="32" factuality="" modality="" pred="" pos="" aspect="" certainty="" comment="" class="MEASURE" tense="" polarity=""  >
<token_anchor t_id="222"/>
<token_anchor t_id="223"/>
<token_anchor t_id="224"/>
<token_anchor t_id="225"/>
<token_anchor t_id="226"/>
</EVENT_MENTION>
<EVENT_MENTION m_id="64" factuality="" modality="" pred="" pos="" aspect="" certainty="" comment="" class="HOSTILITY" tense="" polarity=""  >
<token_anchor t_id="552"/>
</EVENT_MENTION>


</Markables>

<Relations>
</Relations>
</Document>
