<Document doc_name="Throng_at_Smallpox_Case.txt">
<token t_id="1" sentence="0" number="0">February</token>
<token t_id="2" sentence="0" number="1">18</token>
<token t_id="3" sentence="0" number="2">,</token>
<token t_id="4" sentence="0" number="3">1918</token>
<token t_id="5" sentence="1" number="4">Throng</token>
<token t_id="6" sentence="1" number="5">at</token>
<token t_id="7" sentence="1" number="6">Smallpox</token>
<token t_id="8" sentence="1" number="7">Case</token>
<token t_id="9" sentence="2" number="8">While</token>
<token t_id="10" sentence="2" number="9">the</token>
<token t_id="11" sentence="2" number="10">chauffeur</token>
<token t_id="12" sentence="2" number="11">and</token>
<token t_id="13" sentence="2" number="12">male</token>
<token t_id="14" sentence="2" number="13">nurse</token>
<token t_id="15" sentence="2" number="14">on</token>
<token t_id="16" sentence="2" number="15">the</token>
<token t_id="17" sentence="2" number="16">city</token>
<token t_id="18" sentence="2" number="17">ambulance</token>
<token t_id="19" sentence="2" number="18">devoted</token>
<token t_id="20" sentence="2" number="19">to</token>
<token t_id="21" sentence="2" number="20">the</token>
<token t_id="22" sentence="2" number="21">carrying</token>
<token t_id="23" sentence="2" number="22">of</token>
<token t_id="24" sentence="2" number="23">smallpox</token>
<token t_id="25" sentence="2" number="24">cases</token>
<token t_id="26" sentence="2" number="25">drove</token>
<token t_id="27" sentence="2" number="26">from</token>
<token t_id="28" sentence="2" number="27">the</token>
<token t_id="29" sentence="2" number="28">General</token>
<token t_id="30" sentence="2" number="29">Hospital</token>
<token t_id="31" sentence="2" number="30">to</token>
<token t_id="32" sentence="2" number="31">the</token>
<token t_id="33" sentence="2" number="32">municipal</token>
<token t_id="34" sentence="2" number="33">garage</token>
<token t_id="35" sentence="2" number="34">on</token>
<token t_id="36" sentence="2" number="35">the</token>
<token t_id="37" sentence="2" number="36">North</token>
<token t_id="38" sentence="2" number="37">Side</token>
<token t_id="39" sentence="2" number="38">today</token>
<token t_id="40" sentence="2" number="39">to</token>
<token t_id="41" sentence="2" number="40">have</token>
<token t_id="42" sentence="2" number="41">engine</token>
<token t_id="43" sentence="2" number="42">trouble</token>
<token t_id="44" sentence="2" number="43">"</token>
<token t_id="45" sentence="2" number="44">fixed</token>
<token t_id="46" sentence="2" number="45">"</token>
<token t_id="47" sentence="2" number="46">a</token>
<token t_id="48" sentence="2" number="47">man</token>
<token t_id="49" sentence="2" number="48">,</token>
<token t_id="50" sentence="2" number="49">his</token>
<token t_id="51" sentence="2" number="50">face</token>
<token t_id="52" sentence="2" number="51">and</token>
<token t_id="53" sentence="2" number="52">hands</token>
<token t_id="54" sentence="2" number="53">covered</token>
<token t_id="55" sentence="2" number="54">with</token>
<token t_id="56" sentence="2" number="55">smallpox</token>
<token t_id="57" sentence="2" number="56">pustules</token>
<token t_id="58" sentence="2" number="57">,</token>
<token t_id="59" sentence="2" number="58">lay</token>
<token t_id="60" sentence="2" number="59">in</token>
<token t_id="61" sentence="2" number="60">one</token>
<token t_id="62" sentence="2" number="61">of</token>
<token t_id="63" sentence="2" number="62">the</token>
<token t_id="64" sentence="2" number="63">entrances</token>
<token t_id="65" sentence="2" number="64">to</token>
<token t_id="66" sentence="2" number="65">the</token>
<token t_id="67" sentence="2" number="66">Union</token>
<token t_id="68" sentence="2" number="67">Station</token>
<token t_id="69" sentence="2" number="68">.</token>
<token t_id="70" sentence="3" number="69">One</token>
<token t_id="71" sentence="3" number="70">hour</token>
<token t_id="72" sentence="3" number="71">and</token>
<token t_id="73" sentence="3" number="72">fifteen</token>
<token t_id="74" sentence="3" number="73">minutes</token>
<token t_id="75" sentence="3" number="74">after</token>
<token t_id="76" sentence="3" number="75">having</token>
<token t_id="77" sentence="3" number="76">been</token>
<token t_id="78" sentence="3" number="77">given</token>
<token t_id="79" sentence="3" number="78">the</token>
<token t_id="80" sentence="3" number="79">call</token>
<token t_id="81" sentence="3" number="80">the</token>
<token t_id="82" sentence="3" number="81">chauffeur</token>
<token t_id="83" sentence="3" number="82">and</token>
<token t_id="84" sentence="3" number="83">nurse</token>
<token t_id="85" sentence="3" number="84">reported</token>
<token t_id="86" sentence="3" number="85">at</token>
<token t_id="87" sentence="3" number="86">the</token>
<token t_id="88" sentence="3" number="87">hospital</token>
<token t_id="89" sentence="3" number="88">with</token>
<token t_id="90" sentence="3" number="89">the</token>
<token t_id="91" sentence="3" number="90">man</token>
<token t_id="92" sentence="3" number="91">,</token>
<token t_id="93" sentence="3" number="92">G.T.</token>
<token t_id="94" sentence="3" number="93">Brewer</token>
<token t_id="95" sentence="3" number="94">,</token>
<token t_id="96" sentence="3" number="95">926</token>
<token t_id="97" sentence="3" number="96">West</token>
<token t_id="98" sentence="3" number="97">Forty-second</token>
<token t_id="99" sentence="3" number="98">St</token>
<token t_id="100" sentence="3" number="99">reet</token>
<token t_id="101" sentence="3" number="100">.</token>
<token t_id="102" sentence="4" number="101">The</token>
<token t_id="103" sentence="4" number="102">ambulance</token>
<token t_id="104" sentence="4" number="103">had</token>
<token t_id="105" sentence="4" number="104">been</token>
<token t_id="106" sentence="4" number="105">repaired</token>
<token t_id="107" sentence="4" number="106">.</token>
<token t_id="108" sentence="5" number="107">Behind</token>
<token t_id="109" sentence="5" number="108">that</token>
<token t_id="110" sentence="5" number="109">vehicle</token>
<token t_id="111" sentence="5" number="110">was</token>
<token t_id="112" sentence="5" number="111">an</token>
<token t_id="113" sentence="5" number="112">ambulance</token>
<token t_id="114" sentence="5" number="113">from</token>
<token t_id="115" sentence="5" number="114">the</token>
<token t_id="116" sentence="5" number="115">Emergency</token>
<token t_id="117" sentence="5" number="116">Hospital</token>
<token t_id="118" sentence="5" number="117">,</token>
<token t_id="119" sentence="5" number="118">ordered</token>
<token t_id="120" sentence="5" number="119">to</token>
<token t_id="121" sentence="5" number="120">get</token>
<token t_id="122" sentence="5" number="121">the</token>
<token t_id="123" sentence="5" number="122">patient</token>
<token t_id="124" sentence="5" number="123">by</token>
<token t_id="125" sentence="5" number="124">Dr.</token>
<token t_id="126" sentence="5" number="125">James</token>
<token t_id="127" sentence="5" number="126">Tyree</token>
<token t_id="128" sentence="5" number="127">,</token>
<token t_id="129" sentence="5" number="128">in</token>
<token t_id="130" sentence="5" number="129">charge</token>
<token t_id="131" sentence="5" number="130">of</token>
<token t_id="132" sentence="5" number="131">contagious</token>
<token t_id="133" sentence="5" number="132">diseases</token>
<token t_id="134" sentence="5" number="133">,</token>
<token t_id="135" sentence="5" number="134">after</token>
<token t_id="136" sentence="5" number="135">repeated</token>
<token t_id="137" sentence="5" number="136">calls</token>
<token t_id="138" sentence="5" number="137">from</token>
<token t_id="139" sentence="5" number="138">the</token>
<token t_id="140" sentence="5" number="139">station</token>
<token t_id="141" sentence="5" number="140">.</token>
<token t_id="142" sentence="6" number="141">Brewer</token>
<token t_id="143" sentence="6" number="142">,</token>
<token t_id="144" sentence="6" number="143">a</token>
<token t_id="145" sentence="6" number="144">life</token>
<token t_id="146" sentence="6" number="145">insurance</token>
<token t_id="147" sentence="6" number="146">agent</token>
<token t_id="148" sentence="6" number="147">,</token>
<token t_id="149" sentence="6" number="148">arrived</token>
<token t_id="150" sentence="6" number="149">from</token>
<token t_id="151" sentence="6" number="150">Cherryvale</token>
<token t_id="152" sentence="6" number="151">,</token>
<token t_id="153" sentence="6" number="152">Kas.</token>
<token t_id="154" sentence="6" number="153">,</token>
<token t_id="155" sentence="6" number="154">this</token>
<token t_id="156" sentence="6" number="155">morning</token>
<token t_id="157" sentence="6" number="156">.</token>
<token t_id="158" sentence="7" number="157">At</token>
<token t_id="159" sentence="7" number="158">9</token>
<token t_id="160" sentence="7" number="159">o'clock</token>
<token t_id="161" sentence="7" number="160">James</token>
<token t_id="162" sentence="7" number="161">McManus</token>
<token t_id="163" sentence="7" number="162">,</token>
<token t_id="164" sentence="7" number="163">officer</token>
<token t_id="165" sentence="7" number="164">in</token>
<token t_id="166" sentence="7" number="165">charge</token>
<token t_id="167" sentence="7" number="166">of</token>
<token t_id="168" sentence="7" number="167">the</token>
<token t_id="169" sentence="7" number="168">police</token>
<token t_id="170" sentence="7" number="169">station</token>
<token t_id="171" sentence="7" number="170">at</token>
<token t_id="172" sentence="7" number="171">the</token>
<token t_id="173" sentence="7" number="172">depot</token>
<token t_id="174" sentence="7" number="173">,</token>
<token t_id="175" sentence="7" number="174">found</token>
<token t_id="176" sentence="7" number="175">him</token>
<token t_id="177" sentence="7" number="176">lying</token>
<token t_id="178" sentence="7" number="177">in</token>
<token t_id="179" sentence="7" number="178">the</token>
<token t_id="180" sentence="7" number="179">west</token>
<token t_id="181" sentence="7" number="180">entrance</token>
<token t_id="182" sentence="7" number="181">to</token>
<token t_id="183" sentence="7" number="182">the</token>
<token t_id="184" sentence="7" number="183">lobby</token>
<token t_id="185" sentence="7" number="184">.</token>
<token t_id="186" sentence="8" number="185">Streams</token>
<token t_id="187" sentence="8" number="186">of</token>
<token t_id="188" sentence="8" number="187">persons</token>
<token t_id="189" sentence="8" number="188">,</token>
<token t_id="190" sentence="8" number="189">hurrying</token>
<token t_id="191" sentence="8" number="190">past</token>
<token t_id="192" sentence="8" number="191">,</token>
<token t_id="193" sentence="8" number="192">eddied</token>
<token t_id="194" sentence="8" number="193">about</token>
<token t_id="195" sentence="8" number="194">Brewer</token>
<token t_id="196" sentence="8" number="195">while</token>
<token t_id="197" sentence="8" number="196">solicitous</token>
<token t_id="198" sentence="8" number="197">passersby</token>
<token t_id="199" sentence="8" number="198">asked</token>
<token t_id="200" sentence="8" number="199">the</token>
<token t_id="201" sentence="8" number="200">trouble</token>
<token t_id="202" sentence="8" number="201">.</token>
<token t_id="203" sentence="9" number="202">At</token>
<token t_id="204" sentence="9" number="203">9:50</token>
<token t_id="205" sentence="9" number="204">McManus</token>
<token t_id="206" sentence="9" number="205">placed</token>
<token t_id="207" sentence="9" number="206">a</token>
<token t_id="208" sentence="9" number="207">policeman</token>
<token t_id="209" sentence="9" number="208">near</token>
<token t_id="210" sentence="9" number="209">the</token>
<token t_id="211" sentence="9" number="210">sick</token>
<token t_id="212" sentence="9" number="211">man</token>
<token t_id="213" sentence="9" number="212">to</token>
<token t_id="214" sentence="9" number="213">keep</token>
<token t_id="215" sentence="9" number="214">persons</token>
<token t_id="216" sentence="9" number="215">away</token>
<token t_id="217" sentence="9" number="216">.</token>
<token t_id="218" sentence="10" number="217">McManus</token>
<token t_id="219" sentence="10" number="218">says</token>
<token t_id="220" sentence="10" number="219">he</token>
<token t_id="221" sentence="10" number="220">called</token>
<token t_id="222" sentence="10" number="221">the</token>
<token t_id="223" sentence="10" number="222">contagious</token>
<token t_id="224" sentence="10" number="223">department</token>
<token t_id="225" sentence="10" number="224">of</token>
<token t_id="226" sentence="10" number="225">the</token>
<token t_id="227" sentence="10" number="226">hospital</token>
<token t_id="228" sentence="10" number="227">immediately</token>
<token t_id="229" sentence="10" number="228">after</token>
<token t_id="230" sentence="10" number="229">finding</token>
<token t_id="231" sentence="10" number="230">Brewer</token>
<token t_id="232" sentence="10" number="231">.</token>
<token t_id="233" sentence="11" number="232">An</token>
<token t_id="234" sentence="11" number="233">ambulance</token>
<token t_id="235" sentence="11" number="234">was</token>
<token t_id="236" sentence="11" number="235">promised</token>
<token t_id="237" sentence="11" number="236">.</token>
<token t_id="238" sentence="12" number="237">Two</token>
<token t_id="239" sentence="12" number="238">calls</token>
<token t_id="240" sentence="12" number="239">were</token>
<token t_id="241" sentence="12" number="240">sent</token>
<token t_id="242" sentence="12" number="241">the</token>
<token t_id="243" sentence="12" number="242">hospital</token>
<token t_id="244" sentence="12" number="243">later</token>
<token t_id="245" sentence="12" number="244">and</token>
<token t_id="246" sentence="12" number="245">each</token>
<token t_id="247" sentence="12" number="246">time</token>
<token t_id="248" sentence="12" number="247">,</token>
<token t_id="249" sentence="12" number="248">so</token>
<token t_id="250" sentence="12" number="249">McManus</token>
<token t_id="251" sentence="12" number="250">says</token>
<token t_id="252" sentence="12" number="251">,</token>
<token t_id="253" sentence="12" number="252">he</token>
<token t_id="254" sentence="12" number="253">was</token>
<token t_id="255" sentence="12" number="254">told</token>
<token t_id="256" sentence="12" number="255">the</token>
<token t_id="257" sentence="12" number="256">ambulance</token>
<token t_id="258" sentence="12" number="257">was</token>
<token t_id="259" sentence="12" number="258">on</token>
<token t_id="260" sentence="12" number="259">the</token>
<token t_id="261" sentence="12" number="260">way</token>
<token t_id="262" sentence="12" number="261">.</token>
<token t_id="263" sentence="13" number="262">Doctor</token>
<token t_id="264" sentence="13" number="263">Tyree</token>
<token t_id="265" sentence="13" number="264">once</token>
<token t_id="266" sentence="13" number="265">insisted</token>
<token t_id="267" sentence="13" number="266">McManus</token>
<token t_id="268" sentence="13" number="267">take</token>
<token t_id="269" sentence="13" number="268">the</token>
<token t_id="270" sentence="13" number="269">sick</token>
<token t_id="271" sentence="13" number="270">man</token>
<token t_id="272" sentence="13" number="271">into</token>
<token t_id="273" sentence="13" number="272">the</token>
<token t_id="274" sentence="13" number="273">police</token>
<token t_id="275" sentence="13" number="274">office</token>
<token t_id="276" sentence="13" number="275">there</token>
<token t_id="277" sentence="13" number="276">,</token>
<token t_id="278" sentence="13" number="277">but</token>
<token t_id="279" sentence="13" number="278">McManus</token>
<token t_id="280" sentence="13" number="279">refused</token>
<token t_id="281" sentence="13" number="280">,</token>
<token t_id="282" sentence="13" number="281">saying</token>
<token t_id="283" sentence="13" number="282">more</token>
<token t_id="284" sentence="13" number="283">persons</token>
<token t_id="285" sentence="13" number="284">would</token>
<token t_id="286" sentence="13" number="285">be</token>
<token t_id="287" sentence="13" number="286">exposed</token>
<token t_id="288" sentence="13" number="287">.</token>
<token t_id="289" sentence="14" number="288">Doctor</token>
<token t_id="290" sentence="14" number="289">Tyree</token>
<token t_id="291" sentence="14" number="290">also</token>
<token t_id="292" sentence="14" number="291">said</token>
<token t_id="293" sentence="14" number="292">the</token>
<token t_id="294" sentence="14" number="293">ambulance</token>
<token t_id="295" sentence="14" number="294">would</token>
<token t_id="296" sentence="14" number="295">be</token>
<token t_id="297" sentence="14" number="296">there</token>
<token t_id="298" sentence="14" number="297">"</token>
<token t_id="299" sentence="14" number="298">right</token>
<token t_id="300" sentence="14" number="299">away</token>
<token t_id="301" sentence="14" number="300">.</token>
<token t_id="302" sentence="14" number="301">"</token>
<token t_id="303" sentence="15" number="302">When</token>
<token t_id="304" sentence="15" number="303">the</token>
<token t_id="305" sentence="15" number="304">ambulance</token>
<token t_id="306" sentence="15" number="305">did</token>
<token t_id="307" sentence="15" number="306">reach</token>
<token t_id="308" sentence="15" number="307">the</token>
<token t_id="309" sentence="15" number="308">station</token>
<token t_id="310" sentence="15" number="309">at</token>
<token t_id="311" sentence="15" number="310">10:15</token>
<token t_id="312" sentence="15" number="311">,</token>
<token t_id="313" sentence="15" number="312">the</token>
<token t_id="314" sentence="15" number="313">driver</token>
<token t_id="315" sentence="15" number="314">explained</token>
<token t_id="316" sentence="15" number="315">it</token>
<token t_id="317" sentence="15" number="316">had</token>
<token t_id="318" sentence="15" number="317">been</token>
<token t_id="319" sentence="15" number="318">broken</token>
<token t_id="320" sentence="15" number="319">down</token>
<token t_id="321" sentence="15" number="320">while</token>
<token t_id="322" sentence="15" number="321">out</token>
<token t_id="323" sentence="15" number="322">on</token>
<token t_id="324" sentence="15" number="323">another</token>
<token t_id="325" sentence="15" number="324">call</token>
<token t_id="326" sentence="15" number="325">.</token>
<token t_id="327" sentence="16" number="326">Doctor</token>
<token t_id="328" sentence="16" number="327">Tyree</token>
<token t_id="329" sentence="16" number="328">explained</token>
<token t_id="330" sentence="16" number="329">later</token>
<token t_id="331" sentence="16" number="330">that</token>
<token t_id="332" sentence="16" number="331">the</token>
<token t_id="333" sentence="16" number="332">regular</token>
<token t_id="334" sentence="16" number="333">sick</token>
<token t_id="335" sentence="16" number="334">ambulance</token>
<token t_id="336" sentence="16" number="335">,</token>
<token t_id="337" sentence="16" number="336">No.</token>
<token t_id="338" sentence="16" number="337">90</token>
<token t_id="339" sentence="16" number="338">,</token>
<token t_id="340" sentence="16" number="339">was</token>
<token t_id="341" sentence="16" number="340">wrecked</token>
<token t_id="342" sentence="16" number="341">last</token>
<token t_id="343" sentence="16" number="342">night</token>
<token t_id="344" sentence="16" number="343">.</token>
<token t_id="345" sentence="17" number="344">When</token>
<token t_id="346" sentence="17" number="345">the</token>
<token t_id="347" sentence="17" number="346">call</token>
<token t_id="348" sentence="17" number="347">first</token>
<token t_id="349" sentence="17" number="348">was</token>
<token t_id="350" sentence="17" number="349">received</token>
<token t_id="351" sentence="17" number="350">at</token>
<token t_id="352" sentence="17" number="351">the</token>
<token t_id="353" sentence="17" number="352">receiving</token>
<token t_id="354" sentence="17" number="353">ward</token>
<token t_id="355" sentence="17" number="354">of</token>
<token t_id="356" sentence="17" number="355">the</token>
<token t_id="357" sentence="17" number="356">General</token>
<token t_id="358" sentence="17" number="357">Hospital</token>
<token t_id="359" sentence="17" number="358">at</token>
<token t_id="360" sentence="17" number="359">9:05</token>
<token t_id="361" sentence="17" number="360">o'clock</token>
<token t_id="362" sentence="17" number="361">ambulance</token>
<token t_id="363" sentence="17" number="362">No.</token>
<token t_id="364" sentence="17" number="363">92</token>
<token t_id="365" sentence="17" number="364">,</token>
<token t_id="366" sentence="17" number="365">the</token>
<token t_id="367" sentence="17" number="366">smallpox</token>
<token t_id="368" sentence="17" number="367">carrier</token>
<token t_id="369" sentence="17" number="368">,</token>
<token t_id="370" sentence="17" number="369">was</token>
<token t_id="371" sentence="17" number="370">dispatched</token>
<token t_id="372" sentence="17" number="371">,</token>
<token t_id="373" sentence="17" number="372">he</token>
<token t_id="374" sentence="17" number="373">sa</token>
<token t_id="375" sentence="17" number="374">id</token>
<token t_id="376" sentence="17" number="375">.</token>
<token t_id="377" sentence="18" number="376">"</token>
<token t_id="378" sentence="18" number="377">But</token>
<token t_id="379" sentence="18" number="378">the</token>
<token t_id="380" sentence="18" number="379">ambulance</token>
<token t_id="381" sentence="18" number="380">had</token>
<token t_id="382" sentence="18" number="381">motor</token>
<token t_id="383" sentence="18" number="382">trouble</token>
<token t_id="384" sentence="18" number="383">,</token>
<token t_id="385" sentence="18" number="384">"</token>
<token t_id="386" sentence="18" number="385">Doctor</token>
<token t_id="387" sentence="18" number="386">Tyree</token>
<token t_id="388" sentence="18" number="387">continued</token>
<token t_id="389" sentence="18" number="388">.</token>
<token t_id="390" sentence="19" number="389">"</token>
<token t_id="391" sentence="19" number="390">The</token>
<token t_id="392" sentence="19" number="391">chauffeur</token>
<token t_id="393" sentence="19" number="392">and</token>
<token t_id="394" sentence="19" number="393">the</token>
<token t_id="395" sentence="19" number="394">male</token>
<token t_id="396" sentence="19" number="395">nurse</token>
<token t_id="397" sentence="19" number="396">in</token>
<token t_id="398" sentence="19" number="397">charge</token>
<token t_id="399" sentence="19" number="398">decided</token>
<token t_id="400" sentence="19" number="399">to</token>
<token t_id="401" sentence="19" number="400">go</token>
<token t_id="402" sentence="19" number="401">to</token>
<token t_id="403" sentence="19" number="402">the</token>
<token t_id="404" sentence="19" number="403">municipal</token>
<token t_id="405" sentence="19" number="404">garage</token>
<token t_id="406" sentence="19" number="405">and</token>
<token t_id="407" sentence="19" number="406">get</token>
<token t_id="408" sentence="19" number="407">the</token>
<token t_id="409" sentence="19" number="408">trouble</token>
<token t_id="410" sentence="19" number="409">fixed</token>
<token t_id="411" sentence="19" number="410">.</token>
<token t_id="412" sentence="19" number="411">"</token>
<token t_id="413" sentence="20" number="412">The</token>
<token t_id="414" sentence="20" number="413">garage</token>
<token t_id="415" sentence="20" number="414">,</token>
<token t_id="416" sentence="20" number="415">on</token>
<token t_id="417" sentence="20" number="416">the</token>
<token t_id="418" sentence="20" number="417">North</token>
<token t_id="419" sentence="20" number="418">Side</token>
<token t_id="420" sentence="20" number="419">,</token>
<token t_id="421" sentence="20" number="420">is</token>
<token t_id="422" sentence="20" number="421">about</token>
<token t_id="423" sentence="20" number="422">as</token>
<token t_id="424" sentence="20" number="423">far</token>
<token t_id="425" sentence="20" number="424">from</token>
<token t_id="426" sentence="20" number="425">the</token>
<token t_id="427" sentence="20" number="426">hospital</token>
<token t_id="428" sentence="20" number="427">as</token>
<token t_id="429" sentence="20" number="428">the</token>
<token t_id="430" sentence="20" number="429">distance</token>
<token t_id="431" sentence="20" number="430">from</token>
<token t_id="432" sentence="20" number="431">the</token>
<token t_id="433" sentence="20" number="432">hospital</token>
<token t_id="434" sentence="20" number="433">to</token>
<token t_id="435" sentence="20" number="434">the</token>
<token t_id="436" sentence="20" number="435">Union</token>
<token t_id="437" sentence="20" number="436">Station</token>
<token t_id="438" sentence="20" number="437">and</token>
<token t_id="439" sentence="20" number="438">return</token>
<token t_id="440" sentence="20" number="439">.</token>
<token t_id="441" sentence="21" number="440">Doctor</token>
<token t_id="442" sentence="21" number="441">Tyree</token>
<token t_id="443" sentence="21" number="442">criticized</token>
<token t_id="444" sentence="21" number="443">the</token>
<token t_id="445" sentence="21" number="444">police</token>
<token t_id="446" sentence="21" number="445">for</token>
<token t_id="447" sentence="21" number="446">failure</token>
<token t_id="448" sentence="21" number="447">to</token>
<token t_id="449" sentence="21" number="448">remove</token>
<token t_id="450" sentence="21" number="449">Brewer</token>
<token t_id="451" sentence="21" number="450">to</token>
<token t_id="452" sentence="21" number="451">an</token>
<token t_id="453" sentence="21" number="452">isolated</token>
<token t_id="454" sentence="21" number="453">place</token>
<token t_id="455" sentence="21" number="454">instead</token>
<token t_id="456" sentence="21" number="455">of</token>
<token t_id="457" sentence="21" number="456">leaving</token>
<token t_id="458" sentence="21" number="457">him</token>
<token t_id="459" sentence="21" number="458">"</token>
<token t_id="460" sentence="21" number="459">where</token>
<token t_id="461" sentence="21" number="460">scores</token>
<token t_id="462" sentence="21" number="461">of</token>
<token t_id="463" sentence="21" number="462">travelers</token>
<token t_id="464" sentence="21" number="463">came</token>
<token t_id="465" sentence="21" number="464">in</token>
<token t_id="466" sentence="21" number="465">contact</token>
<token t_id="467" sentence="21" number="466">and</token>
<token t_id="468" sentence="21" number="467">were</token>
<token t_id="469" sentence="21" number="468">exposed</token>
<token t_id="470" sentence="21" number="469">to</token>
<token t_id="471" sentence="21" number="470">smallpox</token>
<token t_id="472" sentence="21" number="471">.</token>
<token t_id="473" sentence="21" number="472">"</token>


<Markables>
<EVENT_MENTION m_id="33" factuality="" modality="" pred="" pos="" aspect="" certainty="" comment="" class="COMMUNICATION" tense="" polarity=""  >
<token_anchor t_id="251"/>
</EVENT_MENTION>
<EVENT_MENTION m_id="65" factuality="" modality="" pred="" pos="" aspect="" certainty="" comment="" class="PHYSICAL SENSATIONS" tense="" polarity=""  >
<token_anchor t_id="464"/>
<token_anchor t_id="465"/>
<token_anchor t_id="466"/>
</EVENT_MENTION>
<EVENT_MENTION m_id="1" factuality="" modality="" pred="" pos="" aspect="" certainty="" comment="" class="GENERAL" tense="" polarity=""  >
<token_anchor t_id="19"/>
</EVENT_MENTION>
<EVENT_MENTION m_id="34" factuality="" modality="" pred="" pos="" aspect="" certainty="" comment="" class="COMMUNICATION" tense="" polarity=""  >
<token_anchor t_id="255"/>
</EVENT_MENTION>
<EVENT_MENTION m_id="66" factuality="" modality="" pred="" pos="" aspect="" certainty="" comment="" class="PHYSICAL SENSATIONS" tense="" polarity=""  >
<token_anchor t_id="469"/>
</EVENT_MENTION>
<EVENT_MENTION m_id="2" factuality="" modality="" pred="" pos="" aspect="" certainty="" comment="" class="SPACE-MOVEMENT" tense="" polarity=""  >
<token_anchor t_id="22"/>
</EVENT_MENTION>
<EVENT_MENTION m_id="35" factuality="" modality="" pred="" pos="" aspect="" certainty="" comment="" class="SPACE-MOVEMENT" tense="" polarity=""  >
<token_anchor t_id="258"/>
<token_anchor t_id="259"/>
<token_anchor t_id="260"/>
<token_anchor t_id="261"/>
</EVENT_MENTION>
<EVENT_MENTION m_id="67" factuality="" modality="" pred="" pos="" aspect="" certainty="" comment="" class="LIFE-HEALTH" tense="" polarity=""  >
<token_anchor t_id="471"/>
</EVENT_MENTION>
<EVENT_MENTION m_id="3" factuality="" modality="" pred="" pos="" aspect="" certainty="" comment="" class="SPACE-MOVEMENT" tense="" polarity=""  >
<token_anchor t_id="26"/>
</EVENT_MENTION>
<EVENT_MENTION m_id="36" factuality="" modality="" pred="" pos="" aspect="" certainty="" comment="" class="COMMUNICATION" tense="" polarity=""  >
<token_anchor t_id="266"/>
</EVENT_MENTION>
<EVENT_MENTION m_id="68" factuality="" modality="" pred="" pos="" aspect="" certainty="" comment="" class="LIFE-HEALTH" tense="" polarity=""  >
<token_anchor t_id="56"/>
</EVENT_MENTION>
<EVENT_MENTION m_id="4" factuality="" modality="" pred="" pos="" aspect="" certainty="" comment="" class="POSSESSION" tense="" polarity=""  >
<token_anchor t_id="41"/>
</EVENT_MENTION>
<EVENT_MENTION m_id="37" factuality="" modality="" pred="" pos="" aspect="" certainty="" comment="" class="SPACE-MOVEMENT" tense="" polarity=""  >
<token_anchor t_id="268"/>
</EVENT_MENTION>
<EVENT_MENTION m_id="69" factuality="" modality="" pred="" pos="" aspect="" certainty="" comment="" class="GENERAL" tense="" polarity=""  >
<token_anchor t_id="43"/>
</EVENT_MENTION>
<EVENT_MENTION m_id="5" factuality="" modality="" pred="" pos="" aspect="" certainty="" comment="" class="SPACE-MOVEMENT" tense="" polarity=""  >
<token_anchor t_id="54"/>
</EVENT_MENTION>
<EVENT_MENTION m_id="38" factuality="" modality="" pred="" pos="" aspect="" certainty="" comment="" class="MENTAL" tense="" polarity=""  >
<token_anchor t_id="280"/>
</EVENT_MENTION>
<EVENT_MENTION m_id="70" factuality="" modality="" pred="" pos="" aspect="" certainty="" comment="" class="GENERAL" tense="" polarity=""  >
<token_anchor t_id="201"/>
</EVENT_MENTION>
<EVENT_MENTION m_id="6" factuality="" modality="" pred="" pos="" aspect="" certainty="" comment="" class="LIFE-HEALTH" tense="" polarity=""  >
<token_anchor t_id="7"/>
</EVENT_MENTION>
<EVENT_MENTION m_id="39" factuality="" modality="" pred="" pos="" aspect="" certainty="" comment="" class="COMMUNICATION" tense="" polarity=""  >
<token_anchor t_id="282"/>
</EVENT_MENTION>
<EVENT_MENTION m_id="71" factuality="" modality="" pred="" pos="" aspect="" certainty="" comment="" class="GENERAL" tense="" polarity=""  >
<token_anchor t_id="383"/>
</EVENT_MENTION>
<EVENT_MENTION m_id="7" factuality="" modality="" pred="" pos="" aspect="" certainty="" comment="" class="GENERAL" tense="" polarity=""  >
<token_anchor t_id="45"/>
</EVENT_MENTION>
<EVENT_MENTION m_id="40" factuality="" modality="" pred="" pos="" aspect="" certainty="" comment="" class="PHYSICAL SENSATIONS" tense="" polarity=""  >
<token_anchor t_id="287"/>
</EVENT_MENTION>
<EVENT_MENTION m_id="72" factuality="" modality="" pred="" pos="" aspect="" certainty="" comment="" class="GENERAL" tense="" polarity=""  >
<token_anchor t_id="409"/>
</EVENT_MENTION>
<EVENT_MENTION m_id="8" factuality="" modality="" pred="" pos="" aspect="" certainty="" comment="" class="SPACE-MOVEMENT" tense="" polarity=""  >
<token_anchor t_id="59"/>
</EVENT_MENTION>
<EVENT_MENTION m_id="41" factuality="" modality="" pred="" pos="" aspect="" certainty="" comment="" class="COMMUNICATION" tense="" polarity=""  >
<token_anchor t_id="292"/>
</EVENT_MENTION>
<EVENT_MENTION m_id="9" factuality="" modality="" pred="" pos="" aspect="" certainty="" comment="" class="LIFE-HEALTH" tense="" polarity=""  >
<token_anchor t_id="24"/>
</EVENT_MENTION>
<EVENT_MENTION m_id="42" factuality="" modality="" pred="" pos="" aspect="" certainty="" comment="" class="EXISTENCE-CAUSATION" tense="" polarity=""  >
<token_anchor t_id="296"/>
</EVENT_MENTION>
<EVENT_MENTION m_id="10" factuality="" modality="" pred="" pos="" aspect="" certainty="" comment="" class="COMMUNICATION" tense="" polarity=""  >
<token_anchor t_id="78"/>
<token_anchor t_id="79"/>
<token_anchor t_id="80"/>
</EVENT_MENTION>
<EVENT_MENTION m_id="43" factuality="" modality="" pred="" pos="" aspect="" certainty="" comment="" class="SPACE-MOVEMENT" tense="" polarity=""  >
<token_anchor t_id="307"/>
</EVENT_MENTION>
<EVENT_MENTION m_id="11" factuality="" modality="" pred="" pos="" aspect="" certainty="" comment="" class="COMMUNICATION" tense="" polarity=""  >
<token_anchor t_id="85"/>
</EVENT_MENTION>
<EVENT_MENTION m_id="44" factuality="" modality="" pred="" pos="" aspect="" certainty="" comment="" class="COMMUNICATION" tense="" polarity=""  >
<token_anchor t_id="315"/>
</EVENT_MENTION>
<EVENT_MENTION m_id="12" factuality="" modality="" pred="" pos="" aspect="" certainty="" comment="" class="GENERAL" tense="" polarity=""  >
<token_anchor t_id="106"/>
</EVENT_MENTION>
<EVENT_MENTION m_id="45" factuality="" modality="" pred="" pos="" aspect="" certainty="" comment="" class="EXISTENCE-CAUSATION" tense="" polarity=""  >
<token_anchor t_id="319"/>
<token_anchor t_id="320"/>
</EVENT_MENTION>
<EVENT_MENTION m_id="13" factuality="" modality="" pred="" pos="" aspect="" certainty="" comment="" class="EXISTENCE-CAUSATION" tense="" polarity=""  >
<token_anchor t_id="111"/>
</EVENT_MENTION>
<EVENT_MENTION m_id="46" factuality="" modality="" pred="" pos="" aspect="" certainty="" comment="" class="COMMUNICATION" tense="" polarity=""  >
<token_anchor t_id="325"/>
</EVENT_MENTION>
<EVENT_MENTION m_id="14" factuality="" modality="" pred="" pos="" aspect="" certainty="" comment="" class="AUTHORITY-LAW" tense="" polarity=""  >
<token_anchor t_id="119"/>
</EVENT_MENTION>
<EVENT_MENTION m_id="47" factuality="" modality="" pred="" pos="" aspect="" certainty="" comment="" class="COMMUNICATION" tense="" polarity=""  >
<token_anchor t_id="329"/>
</EVENT_MENTION>
<EVENT_MENTION m_id="15" factuality="" modality="" pred="" pos="" aspect="" certainty="" comment="" class="SPACE-MOVEMENT" tense="" polarity=""  >
<token_anchor t_id="121"/>
</EVENT_MENTION>
<EVENT_MENTION m_id="48" factuality="" modality="" pred="" pos="" aspect="" certainty="" comment="" class="EXISTENCE-CAUSATION" tense="" polarity=""  >
<token_anchor t_id="341"/>
</EVENT_MENTION>
<EVENT_MENTION m_id="16" factuality="" modality="" pred="" pos="" aspect="" certainty="" comment="" class="LIFE-HEALTH" tense="" polarity=""  >
<token_anchor t_id="133"/>
</EVENT_MENTION>
<EVENT_MENTION m_id="49" factuality="" modality="" pred="" pos="" aspect="" certainty="" comment="" class="POSSESSION" tense="" polarity=""  >
<token_anchor t_id="350"/>
</EVENT_MENTION>
<EVENT_MENTION m_id="17" factuality="" modality="" pred="" pos="" aspect="" certainty="" comment="" class="TIME" tense="" polarity=""  >
<token_anchor t_id="136"/>
</EVENT_MENTION>
<EVENT_MENTION m_id="50" factuality="" modality="" pred="" pos="" aspect="" certainty="" comment="" class="POSSESSION" tense="" polarity=""  >
<token_anchor t_id="353"/>
</EVENT_MENTION>
<EVENT_MENTION m_id="18" factuality="" modality="" pred="" pos="" aspect="" certainty="" comment="" class="COMMUNICATION" tense="" polarity=""  >
<token_anchor t_id="137"/>
</EVENT_MENTION>
<EVENT_MENTION m_id="51" factuality="" modality="" pred="" pos="" aspect="" certainty="" comment="" class="LIFE-HEALTH" tense="" polarity=""  >
<token_anchor t_id="367"/>
</EVENT_MENTION>
<EVENT_MENTION m_id="19" factuality="" modality="" pred="" pos="" aspect="" certainty="" comment="" class="SPACE-MOVEMENT" tense="" polarity=""  >
<token_anchor t_id="149"/>
</EVENT_MENTION>
<EVENT_MENTION m_id="20" factuality="" modality="" pred="" pos="" aspect="" certainty="" comment="" class="GENERAL" tense="" polarity=""  >
<token_anchor t_id="175"/>
</EVENT_MENTION>
<EVENT_MENTION m_id="52" factuality="" modality="" pred="" pos="" aspect="" certainty="" comment="" class="SPACE-MOVEMENT" tense="" polarity=""  >
<token_anchor t_id="371"/>
</EVENT_MENTION>
<EVENT_MENTION m_id="21" factuality="" modality="" pred="" pos="" aspect="" certainty="" comment="" class="SPACE-MOVEMENT" tense="" polarity=""  >
<token_anchor t_id="177"/>
</EVENT_MENTION>
<EVENT_MENTION m_id="53" factuality="" modality="" pred="" pos="" aspect="" certainty="" comment="" class="POSSESSION" tense="" polarity=""  >
<token_anchor t_id="381"/>
</EVENT_MENTION>
<EVENT_MENTION m_id="22" factuality="" modality="" pred="" pos="" aspect="" certainty="" comment="" class="SPACE-MOVEMENT" tense="" polarity=""  >
<token_anchor t_id="190"/>
</EVENT_MENTION>
<EVENT_MENTION m_id="54" factuality="" modality="" pred="" pos="" aspect="" certainty="" comment="" class="TIME" tense="" polarity=""  >
<token_anchor t_id="388"/>
</EVENT_MENTION>
<EVENT_MENTION m_id="23" factuality="" modality="" pred="" pos="" aspect="" certainty="" comment="" class="SPACE-MOVEMENT" tense="" polarity=""  >
<token_anchor t_id="193"/>
</EVENT_MENTION>
<EVENT_MENTION m_id="55" factuality="" modality="" pred="" pos="" aspect="" certainty="" comment="" class="MENTAL" tense="" polarity=""  >
<token_anchor t_id="399"/>
</EVENT_MENTION>
<EVENT_MENTION m_id="24" factuality="" modality="" pred="" pos="" aspect="" certainty="" comment="" class="COMMUNICATION" tense="" polarity=""  >
<token_anchor t_id="199"/>
</EVENT_MENTION>
<EVENT_MENTION m_id="56" factuality="" modality="" pred="" pos="" aspect="" certainty="" comment="" class="SPACE-MOVEMENT" tense="" polarity=""  >
<token_anchor t_id="401"/>
</EVENT_MENTION>
<EVENT_MENTION m_id="25" factuality="" modality="" pred="" pos="" aspect="" certainty="" comment="" class="SPACE-MOVEMENT" tense="" polarity=""  >
<token_anchor t_id="206"/>
</EVENT_MENTION>
<EVENT_MENTION m_id="57" factuality="" modality="" pred="" pos="" aspect="" certainty="" comment="" class="EXISTENCE-CAUSATION" tense="" polarity=""  >
<token_anchor t_id="407"/>
</EVENT_MENTION>
<EVENT_MENTION m_id="26" factuality="" modality="" pred="" pos="" aspect="" certainty="" comment="" class="SPACE-MOVEMENT" tense="" polarity=""  >
<token_anchor t_id="214"/>
<token_anchor t_id="216"/>
</EVENT_MENTION>
<EVENT_MENTION m_id="58" factuality="" modality="" pred="" pos="" aspect="" certainty="" comment="" class="GENERAL" tense="" polarity=""  >
<token_anchor t_id="410"/>
</EVENT_MENTION>
<EVENT_MENTION m_id="27" factuality="" modality="" pred="" pos="" aspect="" certainty="" comment="" class="COMMUNICATION" tense="" polarity=""  >
<token_anchor t_id="219"/>
</EVENT_MENTION>
<EVENT_MENTION m_id="59" factuality="" modality="" pred="" pos="" aspect="" certainty="" comment="" class="SPACE-MOVEMENT" tense="" polarity=""  >
<token_anchor t_id="439"/>
</EVENT_MENTION>
<EVENT_MENTION m_id="28" factuality="" modality="" pred="" pos="" aspect="" certainty="" comment="" class="COMMUNICATION" tense="" polarity=""  >
<token_anchor t_id="221"/>
</EVENT_MENTION>
<EVENT_MENTION m_id="60" factuality="" modality="" pred="" pos="" aspect="" certainty="" comment="" class="SPACE-MOVEMENT" tense="" polarity=""  >
<token_anchor t_id="421"/>
<token_anchor t_id="424"/>
</EVENT_MENTION>
<EVENT_MENTION m_id="29" factuality="" modality="" pred="" pos="" aspect="" certainty="" comment="" class="GENERAL" tense="" polarity=""  >
<token_anchor t_id="230"/>
</EVENT_MENTION>
<EVENT_MENTION m_id="61" factuality="" modality="" pred="" pos="" aspect="" certainty="" comment="" class="COMMUNICATION" tense="" polarity=""  >
<token_anchor t_id="443"/>
</EVENT_MENTION>
<EVENT_MENTION m_id="30" factuality="" modality="" pred="" pos="" aspect="" certainty="" comment="" class="MENTAL" tense="" polarity=""  >
<token_anchor t_id="236"/>
</EVENT_MENTION>
<EVENT_MENTION m_id="62" factuality="" modality="" pred="" pos="" aspect="" certainty="" comment="" class="MENTAL" tense="" polarity=""  >
<token_anchor t_id="447"/>
</EVENT_MENTION>
<EVENT_MENTION m_id="31" factuality="" modality="" pred="" pos="" aspect="" certainty="" comment="" class="COMMUNICATION" tense="" polarity=""  >
<token_anchor t_id="239"/>
</EVENT_MENTION>
<EVENT_MENTION m_id="63" factuality="" modality="" pred="" pos="" aspect="" certainty="" comment="" class="SPACE-MOVEMENT" tense="" polarity=""  >
<token_anchor t_id="449"/>
</EVENT_MENTION>
<EVENT_MENTION m_id="32" factuality="" modality="" pred="" pos="" aspect="" certainty="" comment="" class="SPACE-MOVEMENT" tense="" polarity=""  >
<token_anchor t_id="241"/>
</EVENT_MENTION>
<EVENT_MENTION m_id="64" factuality="" modality="" pred="" pos="" aspect="" certainty="" comment="" class="SPACE-MOVEMENT" tense="" polarity=""  >
<token_anchor t_id="457"/>
</EVENT_MENTION>


</Markables>

<Relations>
</Relations>
</Document>
