<Document doc_name="Train_and_Trolley_Bear_in_Thousands.txt">
<token t_id="1" sentence="0" number="0">May</token>
<token t_id="2" sentence="0" number="1">30</token>
<token t_id="3" sentence="0" number="2">,</token>
<token t_id="4" sentence="0" number="3">1911</token>
<token t_id="5" sentence="1" number="4">City</token>
<token t_id="6" sentence="1" number="5">Greets</token>
<token t_id="7" sentence="1" number="6">and</token>
<token t_id="8" sentence="1" number="7">Cares</token>
<token t_id="9" sentence="1" number="8">for</token>
<token t_id="10" sentence="1" number="9">Greatest</token>
<token t_id="11" sentence="1" number="10">Crowd</token>
<token t_id="12" sentence="1" number="11">of</token>
<token t_id="13" sentence="1" number="12">Visitors</token>
<token t_id="14" sentence="1" number="13">in</token>
<token t_id="15" sentence="1" number="14">Its</token>
<token t_id="16" sentence="1" number="15">History</token>
<token t_id="17" sentence="1" number="16">.</token>
<token t_id="18" sentence="2" number="17">EXODUS</token>
<token t_id="19" sentence="2" number="18">EARLY</token>
<token t_id="20" sentence="2" number="19">TO</token>
<token t_id="21" sentence="2" number="20">TRACK</token>
<token t_id="22" sentence="3" number="21">Police</token>
<token t_id="23" sentence="3" number="22">Rise</token>
<token t_id="24" sentence="3" number="23">to</token>
<token t_id="25" sentence="3" number="24">Occasion</token>
<token t_id="26" sentence="3" number="25">and</token>
<token t_id="27" sentence="3" number="26">There</token>
<token t_id="28" sentence="3" number="27">Are</token>
<token t_id="29" sentence="3" number="28">Few</token>
<token t_id="30" sentence="3" number="29">Accidents</token>
<token t_id="31" sentence="3" number="30">—</token>
<token t_id="32" sentence="3" number="31">Hotels</token>
<token t_id="33" sentence="3" number="32">Packed</token>
<token t_id="34" sentence="3" number="33">,</token>
<token t_id="35" sentence="3" number="34">Many</token>
<token t_id="36" sentence="3" number="35">Walk</token>
<token t_id="37" sentence="3" number="36">Streets</token>
<token t_id="38" sentence="3" number="37">All</token>
<token t_id="39" sentence="3" number="38">Night</token>
<token t_id="40" sentence="3" number="39">.</token>
<token t_id="41" sentence="4" number="40">Never</token>
<token t_id="42" sentence="4" number="41">before</token>
<token t_id="43" sentence="4" number="42">in</token>
<token t_id="44" sentence="4" number="43">its</token>
<token t_id="45" sentence="4" number="44">history</token>
<token t_id="46" sentence="4" number="45">has</token>
<token t_id="47" sentence="4" number="46">the</token>
<token t_id="48" sentence="4" number="47">city</token>
<token t_id="49" sentence="4" number="48">of</token>
<token t_id="50" sentence="4" number="49">Indianapolis</token>
<token t_id="51" sentence="4" number="50">entertained</token>
<token t_id="52" sentence="4" number="51">a</token>
<token t_id="53" sentence="4" number="52">larger</token>
<token t_id="54" sentence="4" number="53">throng</token>
<token t_id="55" sentence="4" number="54">of</token>
<token t_id="56" sentence="4" number="55">strangers</token>
<token t_id="57" sentence="4" number="56">.</token>
<token t_id="58" sentence="5" number="57">Never</token>
<token t_id="59" sentence="5" number="58">has</token>
<token t_id="60" sentence="5" number="59">there</token>
<token t_id="61" sentence="5" number="60">been</token>
<token t_id="62" sentence="5" number="61">a</token>
<token t_id="63" sentence="5" number="62">more</token>
<token t_id="64" sentence="5" number="63">cosmopolitan</token>
<token t_id="65" sentence="5" number="64">crowd</token>
<token t_id="66" sentence="5" number="65">in</token>
<token t_id="67" sentence="5" number="66">the</token>
<token t_id="68" sentence="5" number="67">city</token>
<token t_id="69" sentence="5" number="68">coming</token>
<token t_id="70" sentence="5" number="69">as</token>
<token t_id="71" sentence="5" number="70">it</token>
<token t_id="72" sentence="5" number="71">did</token>
<token t_id="73" sentence="5" number="72">from</token>
<token t_id="74" sentence="5" number="73">nearly</token>
<token t_id="75" sentence="5" number="74">every</token>
<token t_id="76" sentence="5" number="75">state</token>
<token t_id="77" sentence="5" number="76">and</token>
<token t_id="78" sentence="5" number="77">territory</token>
<token t_id="79" sentence="5" number="78">in</token>
<token t_id="80" sentence="5" number="79">the</token>
<token t_id="81" sentence="5" number="80">United</token>
<token t_id="82" sentence="5" number="81">States</token>
<token t_id="83" sentence="5" number="82">,</token>
<token t_id="84" sentence="5" number="83">from</token>
<token t_id="85" sentence="5" number="84">Canada</token>
<token t_id="86" sentence="5" number="85">and</token>
<token t_id="87" sentence="5" number="86">from</token>
<token t_id="88" sentence="5" number="87">many</token>
<token t_id="89" sentence="5" number="88">parts</token>
<token t_id="90" sentence="5" number="89">of</token>
<token t_id="91" sentence="5" number="90">Europe</token>
<token t_id="92" sentence="5" number="91">to</token>
<token t_id="93" sentence="5" number="92">attend</token>
<token t_id="94" sentence="5" number="93">the</token>
<token t_id="95" sentence="5" number="94">five-hundred-mile</token>
<token t_id="96" sentence="5" number="95">motor</token>
<token t_id="97" sentence="5" number="96">classic</token>
<token t_id="98" sentence="5" number="97">at</token>
<token t_id="99" sentence="5" number="98">the</token>
<token t_id="100" sentence="5" number="99">speedway</token>
<token t_id="101" sentence="5" number="100">today</token>
<token t_id="102" sentence="5" number="101">.</token>
<token t_id="103" sentence="6" number="102">Coupled</token>
<token t_id="104" sentence="6" number="103">with</token>
<token t_id="105" sentence="6" number="104">the</token>
<token t_id="106" sentence="6" number="105">fact</token>
<token t_id="107" sentence="6" number="106">that</token>
<token t_id="108" sentence="6" number="107">the</token>
<token t_id="109" sentence="6" number="108">city</token>
<token t_id="110" sentence="6" number="109">had</token>
<token t_id="111" sentence="6" number="110">its</token>
<token t_id="112" sentence="6" number="111">largest</token>
<token t_id="113" sentence="6" number="112">crowd</token>
<token t_id="114" sentence="6" number="113">is</token>
<token t_id="115" sentence="6" number="114">the</token>
<token t_id="116" sentence="6" number="115">interesting</token>
<token t_id="117" sentence="6" number="116">fact</token>
<token t_id="118" sentence="6" number="117">that</token>
<token t_id="119" sentence="6" number="118">the</token>
<token t_id="120" sentence="6" number="119">city</token>
<token t_id="121" sentence="6" number="120">was</token>
<token t_id="122" sentence="6" number="121">prepared</token>
<token t_id="123" sentence="6" number="122">to</token>
<token t_id="124" sentence="6" number="123">entertain</token>
<token t_id="125" sentence="6" number="124">it</token>
<token t_id="126" sentence="6" number="125">;</token>
<token t_id="127" sentence="6" number="126">in</token>
<token t_id="128" sentence="6" number="127">fact</token>
<token t_id="129" sentence="6" number="128">,</token>
<token t_id="130" sentence="6" number="129">the</token>
<token t_id="131" sentence="6" number="130">city</token>
<token t_id="132" sentence="6" number="131">was</token>
<token t_id="133" sentence="6" number="132">prepared</token>
<token t_id="134" sentence="6" number="133">to</token>
<token t_id="135" sentence="6" number="134">take</token>
<token t_id="136" sentence="6" number="135">care</token>
<token t_id="137" sentence="6" number="136">of</token>
<token t_id="138" sentence="6" number="137">many</token>
<token t_id="139" sentence="6" number="138">more</token>
<token t_id="140" sentence="6" number="139">.</token>
<token t_id="141" sentence="7" number="140">It</token>
<token t_id="142" sentence="7" number="141">is</token>
<token t_id="143" sentence="7" number="142">true</token>
<token t_id="144" sentence="7" number="143">some</token>
<token t_id="145" sentence="7" number="144">people</token>
<token t_id="146" sentence="7" number="145">walked</token>
<token t_id="147" sentence="7" number="146">the</token>
<token t_id="148" sentence="7" number="147">streets</token>
<token t_id="149" sentence="7" number="148">all</token>
<token t_id="150" sentence="7" number="149">night</token>
<token t_id="151" sentence="7" number="150">,</token>
<token t_id="152" sentence="7" number="151">but</token>
<token t_id="153" sentence="7" number="152">this</token>
<token t_id="154" sentence="7" number="153">was</token>
<token t_id="155" sentence="7" number="154">either</token>
<token t_id="156" sentence="7" number="155">due</token>
<token t_id="157" sentence="7" number="156">to</token>
<token t_id="158" sentence="7" number="157">the</token>
<token t_id="159" sentence="7" number="158">fact</token>
<token t_id="160" sentence="7" number="159">they</token>
<token t_id="161" sentence="7" number="160">were</token>
<token t_id="162" sentence="7" number="161">not</token>
<token t_id="163" sentence="7" number="162">aware</token>
<token t_id="164" sentence="7" number="163">that</token>
<token t_id="165" sentence="7" number="164">the</token>
<token t_id="166" sentence="7" number="165">information</token>
<token t_id="167" sentence="7" number="166">bureau</token>
<token t_id="168" sentence="7" number="167">of</token>
<token t_id="169" sentence="7" number="168">the</token>
<token t_id="170" sentence="7" number="169">speedway</token>
<token t_id="171" sentence="7" number="170">management</token>
<token t_id="172" sentence="7" number="171">had</token>
<token t_id="173" sentence="7" number="172">hundreds</token>
<token t_id="174" sentence="7" number="173">of</token>
<token t_id="175" sentence="7" number="174">available</token>
<token t_id="176" sentence="7" number="175">rooms</token>
<token t_id="177" sentence="7" number="176">in</token>
<token t_id="178" sentence="7" number="177">private</token>
<token t_id="179" sentence="7" number="178">homes</token>
<token t_id="180" sentence="7" number="179">or</token>
<token t_id="181" sentence="7" number="180">that</token>
<token t_id="182" sentence="7" number="181">they</token>
<token t_id="183" sentence="7" number="182">did</token>
<token t_id="184" sentence="7" number="183">not</token>
<token t_id="185" sentence="7" number="184">care</token>
<token t_id="186" sentence="7" number="185">to</token>
<token t_id="187" sentence="7" number="186">go</token>
<token t_id="188" sentence="7" number="187">to</token>
<token t_id="189" sentence="7" number="188">private</token>
<token t_id="190" sentence="7" number="189">homes</token>
<token t_id="191" sentence="7" number="190">for</token>
<token t_id="192" sentence="7" number="191">the</token>
<token t_id="193" sentence="7" number="192">night</token>
<token t_id="194" sentence="7" number="193">.</token>
<token t_id="195" sentence="8" number="194">Moving</token>
<token t_id="196" sentence="8" number="195">the</token>
<token t_id="197" sentence="8" number="196">Crowds</token>
<token t_id="198" sentence="8" number="197">.</token>
<token t_id="199" sentence="9" number="198">After</token>
<token t_id="200" sentence="9" number="199">sheltering</token>
<token t_id="201" sentence="9" number="200">the</token>
<token t_id="202" sentence="9" number="201">crowd</token>
<token t_id="203" sentence="9" number="202">,</token>
<token t_id="204" sentence="9" number="203">a</token>
<token t_id="205" sentence="9" number="204">more</token>
<token t_id="206" sentence="9" number="205">difficult</token>
<token t_id="207" sentence="9" number="206">problem</token>
<token t_id="208" sentence="9" number="207">presented</token>
<token t_id="209" sentence="9" number="208">itself</token>
<token t_id="210" sentence="9" number="209">in</token>
<token t_id="211" sentence="9" number="210">getting</token>
<token t_id="212" sentence="9" number="211">the</token>
<token t_id="213" sentence="9" number="212">crowd</token>
<token t_id="214" sentence="9" number="213">to</token>
<token t_id="215" sentence="9" number="214">the</token>
<token t_id="216" sentence="9" number="215">speedway</token>
<token t_id="217" sentence="9" number="216">.</token>
<token t_id="218" sentence="10" number="217">Those</token>
<token t_id="219" sentence="10" number="218">who</token>
<token t_id="220" sentence="10" number="219">did</token>
<token t_id="221" sentence="10" number="220">not</token>
<token t_id="222" sentence="10" number="221">own</token>
<token t_id="223" sentence="10" number="222">automobiles</token>
<token t_id="224" sentence="10" number="223">,</token>
<token t_id="225" sentence="10" number="224">or</token>
<token t_id="226" sentence="10" number="225">who</token>
<token t_id="227" sentence="10" number="226">were</token>
<token t_id="228" sentence="10" number="227">unable</token>
<token t_id="229" sentence="10" number="228">to</token>
<token t_id="230" sentence="10" number="229">arrange</token>
<token t_id="231" sentence="10" number="230">to</token>
<token t_id="232" sentence="10" number="231">go</token>
<token t_id="233" sentence="10" number="232">in</token>
<token t_id="234" sentence="10" number="233">automobiles</token>
<token t_id="235" sentence="10" number="234">,</token>
<token t_id="236" sentence="10" number="235">were</token>
<token t_id="237" sentence="10" number="236">compelled</token>
<token t_id="238" sentence="10" number="237">to</token>
<token t_id="239" sentence="10" number="238">rely</token>
<token t_id="240" sentence="10" number="239">almost</token>
<token t_id="241" sentence="10" number="240">exclusively</token>
<token t_id="242" sentence="10" number="241">on</token>
<token t_id="243" sentence="10" number="242">the</token>
<token t_id="244" sentence="10" number="243">Big</token>
<token t_id="245" sentence="10" number="244">Four</token>
<token t_id="246" sentence="10" number="245">Railroad</token>
<token t_id="247" sentence="10" number="246">Company</token>
<token t_id="248" sentence="10" number="247">for</token>
<token t_id="249" sentence="10" number="248">transportation</token>
<token t_id="250" sentence="10" number="249">and</token>
<token t_id="251" sentence="10" number="250">the</token>
<token t_id="252" sentence="10" number="251">railroad</token>
<token t_id="253" sentence="10" number="252">company</token>
<token t_id="254" sentence="10" number="253">demonstrated</token>
<token t_id="255" sentence="10" number="254">its</token>
<token t_id="256" sentence="10" number="255">ability</token>
<token t_id="257" sentence="10" number="256">to</token>
<token t_id="258" sentence="10" number="257">handle</token>
<token t_id="259" sentence="10" number="258">thousands</token>
<token t_id="260" sentence="10" number="259">of</token>
<token t_id="261" sentence="10" number="260">persons</token>
<token t_id="262" sentence="10" number="261">with</token>
<token t_id="263" sentence="10" number="262">a</token>
<token t_id="264" sentence="10" number="263">fair</token>
<token t_id="265" sentence="10" number="264">degree</token>
<token t_id="266" sentence="10" number="265">of</token>
<token t_id="267" sentence="10" number="266">promptness</token>
<token t_id="268" sentence="10" number="267">.</token>
<token t_id="269" sentence="11" number="268">Beginning</token>
<token t_id="270" sentence="11" number="269">at</token>
<token t_id="271" sentence="11" number="270">4:30</token>
<token t_id="272" sentence="11" number="271">o'clock</token>
<token t_id="273" sentence="11" number="272">this</token>
<token t_id="274" sentence="11" number="273">morning</token>
<token t_id="275" sentence="11" number="274">the</token>
<token t_id="276" sentence="11" number="275">railroad</token>
<token t_id="277" sentence="11" number="276">company</token>
<token t_id="278" sentence="11" number="277">ran</token>
<token t_id="279" sentence="11" number="278">trains</token>
<token t_id="280" sentence="11" number="279">from</token>
<token t_id="281" sentence="11" number="280">union</token>
<token t_id="282" sentence="11" number="281">station</token>
<token t_id="283" sentence="11" number="282">to</token>
<token t_id="284" sentence="11" number="283">the</token>
<token t_id="285" sentence="11" number="284">speedway</token>
<token t_id="286" sentence="11" number="285">every</token>
<token t_id="287" sentence="11" number="286">thirty</token>
<token t_id="288" sentence="11" number="287">minutes</token>
<token t_id="289" sentence="11" number="288">until</token>
<token t_id="290" sentence="11" number="289">8</token>
<token t_id="291" sentence="11" number="290">o'clock</token>
<token t_id="292" sentence="11" number="291">.</token>
<token t_id="293" sentence="12" number="292">After</token>
<token t_id="294" sentence="12" number="293">that</token>
<token t_id="295" sentence="12" number="294">,</token>
<token t_id="296" sentence="12" number="295">there</token>
<token t_id="297" sentence="12" number="296">was</token>
<token t_id="298" sentence="12" number="297">a</token>
<token t_id="299" sentence="12" number="298">train</token>
<token t_id="300" sentence="12" number="299">every</token>
<token t_id="301" sentence="12" number="300">ten</token>
<token t_id="302" sentence="12" number="301">minutes</token>
<token t_id="303" sentence="12" number="302">,</token>
<token t_id="304" sentence="12" number="303">each</token>
<token t_id="305" sentence="12" number="304">train</token>
<token t_id="306" sentence="12" number="305">hauling</token>
<token t_id="307" sentence="12" number="306">1,100</token>
<token t_id="308" sentence="12" number="307">persons</token>
<token t_id="309" sentence="12" number="308">.</token>
<token t_id="310" sentence="13" number="309">By</token>
<token t_id="311" sentence="13" number="310">10</token>
<token t_id="312" sentence="13" number="311">o'clock</token>
<token t_id="313" sentence="13" number="312">,</token>
<token t_id="314" sentence="13" number="313">it</token>
<token t_id="315" sentence="13" number="314">was</token>
<token t_id="316" sentence="13" number="315">estimated</token>
<token t_id="317" sentence="13" number="316">the</token>
<token t_id="318" sentence="13" number="317">Big</token>
<token t_id="319" sentence="13" number="318">Four</token>
<token t_id="320" sentence="13" number="319">company</token>
<token t_id="321" sentence="13" number="320">had</token>
<token t_id="322" sentence="13" number="321">hauled</token>
<token t_id="323" sentence="13" number="322">at</token>
<token t_id="324" sentence="13" number="323">least</token>
<token t_id="325" sentence="13" number="324">22,000</token>
<token t_id="326" sentence="13" number="325">persons</token>
<token t_id="327" sentence="13" number="326">to</token>
<token t_id="328" sentence="13" number="327">the</token>
<token t_id="329" sentence="13" number="328">speedway</token>
<token t_id="330" sentence="13" number="329">.</token>
<token t_id="331" sentence="14" number="330">At</token>
<token t_id="332" sentence="14" number="331">noon</token>
<token t_id="333" sentence="14" number="332">,</token>
<token t_id="334" sentence="14" number="333">W.</token>
<token t_id="335" sentence="14" number="334">I.</token>
<token t_id="336" sentence="14" number="335">Lamport</token>
<token t_id="337" sentence="14" number="336">,</token>
<token t_id="338" sentence="14" number="337">trainmaster</token>
<token t_id="339" sentence="14" number="338">of</token>
<token t_id="340" sentence="14" number="339">the</token>
<token t_id="341" sentence="14" number="340">St.</token>
<token t_id="342" sentence="14" number="341">Louis</token>
<token t_id="343" sentence="14" number="342">division</token>
<token t_id="344" sentence="14" number="343">of</token>
<token t_id="345" sentence="14" number="344">the</token>
<token t_id="346" sentence="14" number="345">Big</token>
<token t_id="347" sentence="14" number="346">Four</token>
<token t_id="348" sentence="14" number="347">,</token>
<token t_id="349" sentence="14" number="348">and</token>
<token t_id="350" sentence="14" number="349">who</token>
<token t_id="351" sentence="14" number="350">was</token>
<token t_id="352" sentence="14" number="351">in</token>
<token t_id="353" sentence="14" number="352">charge</token>
<token t_id="354" sentence="14" number="353">of</token>
<token t_id="355" sentence="14" number="354">the</token>
<token t_id="356" sentence="14" number="355">speedway</token>
<token t_id="357" sentence="14" number="356">trains</token>
<token t_id="358" sentence="14" number="357">,</token>
<token t_id="359" sentence="14" number="358">estimated</token>
<token t_id="360" sentence="14" number="359">his</token>
<token t_id="361" sentence="14" number="360">company</token>
<token t_id="362" sentence="14" number="361">had</token>
<token t_id="363" sentence="14" number="362">hauled</token>
<token t_id="364" sentence="14" number="363">38,000</token>
<token t_id="365" sentence="14" number="364">persons</token>
<token t_id="366" sentence="14" number="365">to</token>
<token t_id="367" sentence="14" number="366">the</token>
<token t_id="368" sentence="14" number="367">speedway</token>
<token t_id="369" sentence="14" number="368">.</token>
<token t_id="370" sentence="15" number="369">It</token>
<token t_id="371" sentence="15" number="370">was</token>
<token t_id="372" sentence="15" number="371">expected</token>
<token t_id="373" sentence="15" number="372">thousands</token>
<token t_id="374" sentence="15" number="373">would</token>
<token t_id="375" sentence="15" number="374">go</token>
<token t_id="376" sentence="15" number="375">to</token>
<token t_id="377" sentence="15" number="376">the</token>
<token t_id="378" sentence="15" number="377">speedway</token>
<token t_id="379" sentence="15" number="378">during</token>
<token t_id="380" sentence="15" number="379">the</token>
<token t_id="381" sentence="15" number="380">afternoon</token>
<token t_id="382" sentence="15" number="381">,</token>
<token t_id="383" sentence="15" number="382">and</token>
<token t_id="384" sentence="15" number="383">that</token>
<token t_id="385" sentence="15" number="384">the</token>
<token t_id="386" sentence="15" number="385">Big</token>
<token t_id="387" sentence="15" number="386">Four</token>
<token t_id="388" sentence="15" number="387">would</token>
<token t_id="389" sentence="15" number="388">carry</token>
<token t_id="390" sentence="15" number="389">a</token>
<token t_id="391" sentence="15" number="390">total</token>
<token t_id="392" sentence="15" number="391">of</token>
<token t_id="393" sentence="15" number="392">fifty</token>
<token t_id="394" sentence="15" number="393">thousand</token>
<token t_id="395" sentence="15" number="394">passengers</token>
<token t_id="396" sentence="15" number="395">to</token>
<token t_id="397" sentence="15" number="396">the</token>
<token t_id="398" sentence="15" number="397">speedway</token>
<token t_id="399" sentence="15" number="398">today</token>
<token t_id="400" sentence="15" number="399">,</token>
<token t_id="401" sentence="15" number="400">breaking</token>
<token t_id="402" sentence="15" number="401">all</token>
<token t_id="403" sentence="15" number="402">former</token>
<token t_id="404" sentence="15" number="403">records</token>
<token t_id="405" sentence="15" number="404">.</token>
<token t_id="406" sentence="16" number="405">Fifteen</token>
<token t_id="407" sentence="16" number="406">Special</token>
<token t_id="408" sentence="16" number="407">Trains</token>
<token t_id="409" sentence="16" number="408">.</token>
<token t_id="410" sentence="17" number="409">Fifteen</token>
<token t_id="411" sentence="17" number="410">special</token>
<token t_id="412" sentence="17" number="411">trains</token>
<token t_id="413" sentence="17" number="412">from</token>
<token t_id="414" sentence="17" number="413">Peoria</token>
<token t_id="415" sentence="17" number="414">,</token>
<token t_id="416" sentence="17" number="415">Springfield</token>
<token t_id="417" sentence="17" number="416">,</token>
<token t_id="418" sentence="17" number="417">Richmond</token>
<token t_id="419" sentence="17" number="418">,</token>
<token t_id="420" sentence="17" number="419">Chicago</token>
<token t_id="421" sentence="17" number="420">,</token>
<token t_id="422" sentence="17" number="421">St.</token>
<token t_id="423" sentence="17" number="422">Louis</token>
<token t_id="424" sentence="17" number="423">and</token>
<token t_id="425" sentence="17" number="424">Cincinnati</token>
<token t_id="426" sentence="17" number="425">brought</token>
<token t_id="427" sentence="17" number="426">perhaps</token>
<token t_id="428" sentence="17" number="427">twelve</token>
<token t_id="429" sentence="17" number="428">thousand</token>
<token t_id="430" sentence="17" number="429">people</token>
<token t_id="431" sentence="17" number="430">to</token>
<token t_id="432" sentence="17" number="431">the</token>
<token t_id="433" sentence="17" number="432">city</token>
<token t_id="434" sentence="17" number="433">today</token>
<token t_id="435" sentence="17" number="434">.</token>
<token t_id="436" sentence="18" number="435">It</token>
<token t_id="437" sentence="18" number="436">is</token>
<token t_id="438" sentence="18" number="437">believed</token>
<token t_id="439" sentence="18" number="438">the</token>
<token t_id="440" sentence="18" number="439">regular</token>
<token t_id="441" sentence="18" number="440">trains</token>
<token t_id="442" sentence="18" number="441">brought</token>
<token t_id="443" sentence="18" number="442">at</token>
<token t_id="444" sentence="18" number="443">least</token>
<token t_id="445" sentence="18" number="444">twenty</token>
<token t_id="446" sentence="18" number="445">thousand</token>
<token t_id="447" sentence="18" number="446">additional</token>
<token t_id="448" sentence="18" number="447">.</token>
<token t_id="449" sentence="19" number="448">At</token>
<token t_id="450" sentence="19" number="449">the</token>
<token t_id="451" sentence="19" number="450">traction</token>
<token t_id="452" sentence="19" number="451">terminal</token>
<token t_id="453" sentence="19" number="452">station</token>
<token t_id="454" sentence="19" number="453">the</token>
<token t_id="455" sentence="19" number="454">twelve</token>
<token t_id="456" sentence="19" number="455">interurban</token>
<token t_id="457" sentence="19" number="456">lines</token>
<token t_id="458" sentence="19" number="457">were</token>
<token t_id="459" sentence="19" number="458">unloading</token>
<token t_id="460" sentence="19" number="459">approximately</token>
<token t_id="461" sentence="19" number="460">two</token>
<token t_id="462" sentence="19" number="461">thousand</token>
<token t_id="463" sentence="19" number="462">four</token>
<token t_id="464" sentence="19" number="463">hundred</token>
<token t_id="465" sentence="19" number="464">people</token>
<token t_id="466" sentence="19" number="465">an</token>
<token t_id="467" sentence="19" number="466">hour</token>
<token t_id="468" sentence="19" number="467">,</token>
<token t_id="469" sentence="19" number="468">each</token>
<token t_id="470" sentence="19" number="469">line</token>
<token t_id="471" sentence="19" number="470">doubling</token>
<token t_id="472" sentence="19" number="471">its</token>
<token t_id="473" sentence="19" number="472">usual</token>
<token t_id="474" sentence="19" number="473">schedule</token>
<token t_id="475" sentence="19" number="474">.</token>
<token t_id="476" sentence="20" number="475">The</token>
<token t_id="477" sentence="20" number="476">Indianapolis</token>
<token t_id="478" sentence="20" number="477">,</token>
<token t_id="479" sentence="20" number="478">Crawfordsville</token>
<token t_id="480" sentence="20" number="479">&amp;</token>
<token t_id="481" sentence="20" number="480">Traction</token>
<token t_id="482" sentence="20" number="481">Company</token>
<token t_id="483" sentence="20" number="482">,</token>
<token t_id="484" sentence="20" number="483">the</token>
<token t_id="485" sentence="20" number="484">only</token>
<token t_id="486" sentence="20" number="485">interurban</token>
<token t_id="487" sentence="20" number="486">line</token>
<token t_id="488" sentence="20" number="487">reaching</token>
<token t_id="489" sentence="20" number="488">the</token>
<token t_id="490" sentence="20" number="489">speedway</token>
<token t_id="491" sentence="20" number="490">,</token>
<token t_id="492" sentence="20" number="491">was</token>
<token t_id="493" sentence="20" number="492">unable</token>
<token t_id="494" sentence="20" number="493">to</token>
<token t_id="495" sentence="20" number="494">obtain</token>
<token t_id="496" sentence="20" number="495">special</token>
<token t_id="497" sentence="20" number="496">cars</token>
<token t_id="498" sentence="20" number="497">and</token>
<token t_id="499" sentence="20" number="498">hence</token>
<token t_id="500" sentence="20" number="499">was</token>
<token t_id="501" sentence="20" number="500">unable</token>
<token t_id="502" sentence="20" number="501">to</token>
<token t_id="503" sentence="20" number="502">handle</token>
<token t_id="504" sentence="20" number="503">much</token>
<token t_id="505" sentence="20" number="504">of</token>
<token t_id="506" sentence="20" number="505">the</token>
<token t_id="507" sentence="20" number="506">crowd</token>
<token t_id="508" sentence="20" number="507">to</token>
<token t_id="509" sentence="20" number="508">the</token>
<token t_id="510" sentence="20" number="509">speedway</token>
<token t_id="511" sentence="20" number="510">.</token>
<token t_id="512" sentence="21" number="511">This</token>
<token t_id="513" sentence="21" number="512">line</token>
<token t_id="514" sentence="21" number="513">sent</token>
<token t_id="515" sentence="21" number="514">three</token>
<token t_id="516" sentence="21" number="515">cars</token>
<token t_id="517" sentence="21" number="516">an</token>
<token t_id="518" sentence="21" number="517">hour</token>
<token t_id="519" sentence="21" number="518">to</token>
<token t_id="520" sentence="21" number="519">the</token>
<token t_id="521" sentence="21" number="520">course</token>
<token t_id="522" sentence="21" number="521">,</token>
<token t_id="523" sentence="21" number="522">and</token>
<token t_id="524" sentence="21" number="523">up</token>
<token t_id="525" sentence="21" number="524">to</token>
<token t_id="526" sentence="21" number="525">noon</token>
<token t_id="527" sentence="21" number="526">it</token>
<token t_id="528" sentence="21" number="527">had</token>
<token t_id="529" sentence="21" number="528">hauled</token>
<token t_id="530" sentence="21" number="529">1,100</token>
<token t_id="531" sentence="21" number="530">passengers</token>
<token t_id="532" sentence="21" number="531">.</token>
<token t_id="533" sentence="22" number="532">Crowd</token>
<token t_id="534" sentence="22" number="533">Was</token>
<token t_id="535" sentence="22" number="534">Good</token>
<token t_id="536" sentence="22" number="535">Natured</token>
<token t_id="537" sentence="22" number="536">.</token>
<token t_id="538" sentence="23" number="537">It</token>
<token t_id="539" sentence="23" number="538">was</token>
<token t_id="540" sentence="23" number="539">a</token>
<token t_id="541" sentence="23" number="540">good-natured</token>
<token t_id="542" sentence="23" number="541">crowd</token>
<token t_id="543" sentence="23" number="542">too</token>
<token t_id="544" sentence="23" number="543">that</token>
<token t_id="545" sentence="23" number="544">invaded</token>
<token t_id="546" sentence="23" number="545">the</token>
<token t_id="547" sentence="23" number="546">city</token>
<token t_id="548" sentence="23" number="547">.</token>
<token t_id="549" sentence="24" number="548">There</token>
<token t_id="550" sentence="24" number="549">were</token>
<token t_id="551" sentence="24" number="550">few</token>
<token t_id="552" sentence="24" number="551">“</token>
<token t_id="553" sentence="24" number="552">kickers</token>
<token t_id="554" sentence="24" number="553">,</token>
<token t_id="555" sentence="24" number="554">”</token>
<token t_id="556" sentence="24" number="555">many</token>
<token t_id="557" sentence="24" number="556">accepting</token>
<token t_id="558" sentence="24" number="557">cots</token>
<token t_id="559" sentence="24" number="558">or</token>
<token t_id="560" sentence="24" number="559">chairs</token>
<token t_id="561" sentence="24" number="560">in</token>
<token t_id="562" sentence="24" number="561">lieu</token>
<token t_id="563" sentence="24" number="562">of</token>
<token t_id="564" sentence="24" number="563">real</token>
<token t_id="565" sentence="24" number="564">beds</token>
<token t_id="566" sentence="24" number="565">,</token>
<token t_id="567" sentence="24" number="566">with</token>
<token t_id="568" sentence="24" number="567">a</token>
<token t_id="569" sentence="24" number="568">grace</token>
<token t_id="570" sentence="24" number="569">that</token>
<token t_id="571" sentence="24" number="570">was</token>
<token t_id="572" sentence="24" number="571">admirable</token>
<token t_id="573" sentence="24" number="572">.</token>
<token t_id="574" sentence="25" number="573">Then</token>
<token t_id="575" sentence="25" number="574">,</token>
<token t_id="576" sentence="25" number="575">again</token>
<token t_id="577" sentence="25" number="576">,</token>
<token t_id="578" sentence="25" number="577">when</token>
<token t_id="579" sentence="25" number="578">they</token>
<token t_id="580" sentence="25" number="579">were</token>
<token t_id="581" sentence="25" number="580">obliged</token>
<token t_id="582" sentence="25" number="581">to</token>
<token t_id="583" sentence="25" number="582">wait</token>
<token t_id="584" sentence="25" number="583">their</token>
<token t_id="585" sentence="25" number="584">turn</token>
<token t_id="586" sentence="25" number="585">in</token>
<token t_id="587" sentence="25" number="586">the</token>
<token t_id="588" sentence="25" number="587">hotel</token>
<token t_id="589" sentence="25" number="588">dining</token>
<token t_id="590" sentence="25" number="589">rooms</token>
<token t_id="591" sentence="25" number="590">,</token>
<token t_id="592" sentence="25" number="591">or</token>
<token t_id="593" sentence="25" number="592">in</token>
<token t_id="594" sentence="25" number="593">the</token>
<token t_id="595" sentence="25" number="594">restaurants</token>
<token t_id="596" sentence="25" number="595">,</token>
<token t_id="597" sentence="25" number="596">or</token>
<token t_id="598" sentence="25" number="597">were</token>
<token t_id="599" sentence="25" number="598">obliged</token>
<token t_id="600" sentence="25" number="599">to</token>
<token t_id="601" sentence="25" number="600">go</token>
<token t_id="602" sentence="25" number="601">from</token>
<token t_id="603" sentence="25" number="602">one</token>
<token t_id="604" sentence="25" number="603">restaurant</token>
<token t_id="605" sentence="25" number="604">to</token>
<token t_id="606" sentence="25" number="605">another</token>
<token t_id="607" sentence="25" number="606">in</token>
<token t_id="608" sentence="25" number="607">an</token>
<token t_id="609" sentence="25" number="608">effort</token>
<token t_id="610" sentence="25" number="609">to</token>
<token t_id="611" sentence="25" number="610">find</token>
<token t_id="612" sentence="25" number="611">service</token>
<token t_id="613" sentence="25" number="612">they</token>
<token t_id="614" sentence="25" number="613">did</token>
<token t_id="615" sentence="25" number="614">not</token>
<token t_id="616" sentence="25" number="615">complain</token>
<token t_id="617" sentence="25" number="616">.</token>
<token t_id="618" sentence="26" number="617">There</token>
<token t_id="619" sentence="26" number="618">was</token>
<token t_id="620" sentence="26" number="619">praise</token>
<token t_id="621" sentence="26" number="620">for</token>
<token t_id="622" sentence="26" number="621">the</token>
<token t_id="623" sentence="26" number="622">manner</token>
<token t_id="624" sentence="26" number="623">in</token>
<token t_id="625" sentence="26" number="624">which</token>
<token t_id="626" sentence="26" number="625">the</token>
<token t_id="627" sentence="26" number="626">city</token>
<token t_id="628" sentence="26" number="627">entertained</token>
<token t_id="629" sentence="26" number="628">the</token>
<token t_id="630" sentence="26" number="629">visitors</token>
<token t_id="631" sentence="26" number="630">,</token>
<token t_id="632" sentence="26" number="631">and</token>
<token t_id="633" sentence="26" number="632">there</token>
<token t_id="634" sentence="26" number="633">was</token>
<token t_id="635" sentence="26" number="634">praise</token>
<token t_id="636" sentence="26" number="635">for</token>
<token t_id="637" sentence="26" number="636">the</token>
<token t_id="638" sentence="26" number="637">weather</token>
<token t_id="639" sentence="26" number="638">man</token>
<token t_id="640" sentence="26" number="639">for</token>
<token t_id="641" sentence="26" number="640">providing</token>
<token t_id="642" sentence="26" number="641">a</token>
<token t_id="643" sentence="26" number="642">day</token>
<token t_id="644" sentence="26" number="643">that</token>
<token t_id="645" sentence="26" number="644">scarcely</token>
<token t_id="646" sentence="26" number="645">could</token>
<token t_id="647" sentence="26" number="646">have</token>
<token t_id="648" sentence="26" number="647">been</token>
<token t_id="649" sentence="26" number="648">surpassed</token>
<token t_id="650" sentence="26" number="649">.</token>
<token t_id="651" sentence="27" number="650">There</token>
<token t_id="652" sentence="27" number="651">was</token>
<token t_id="653" sentence="27" number="652">praise</token>
<token t_id="654" sentence="27" number="653">for</token>
<token t_id="655" sentence="27" number="654">the</token>
<token t_id="656" sentence="27" number="655">speedway</token>
<token t_id="657" sentence="27" number="656">management</token>
<token t_id="658" sentence="27" number="657">for</token>
<token t_id="659" sentence="27" number="658">conducting</token>
<token t_id="660" sentence="27" number="659">,</token>
<token t_id="661" sentence="27" number="660">free</token>
<token t_id="662" sentence="27" number="661">of</token>
<token t_id="663" sentence="27" number="662">charge</token>
<token t_id="664" sentence="27" number="663">,</token>
<token t_id="665" sentence="27" number="664">a</token>
<token t_id="666" sentence="27" number="665">bureau</token>
<token t_id="667" sentence="27" number="666">for</token>
<token t_id="668" sentence="27" number="667">the</token>
<token t_id="669" sentence="27" number="668">assignment</token>
<token t_id="670" sentence="27" number="669">of</token>
<token t_id="671" sentence="27" number="670">rooms</token>
<token t_id="672" sentence="27" number="671">in</token>
<token t_id="673" sentence="27" number="672">private</token>
<token t_id="674" sentence="27" number="673">homes</token>
<token t_id="675" sentence="27" number="674">,</token>
<token t_id="676" sentence="27" number="675">and</token>
<token t_id="677" sentence="27" number="676">for</token>
<token t_id="678" sentence="27" number="677">the</token>
<token t_id="679" sentence="27" number="678">information</token>
<token t_id="680" sentence="27" number="679">service</token>
<token t_id="681" sentence="27" number="680">provided</token>
<token t_id="682" sentence="27" number="681">by</token>
<token t_id="683" sentence="27" number="682">a</token>
<token t_id="684" sentence="27" number="683">corps</token>
<token t_id="685" sentence="27" number="684">of</token>
<token t_id="686" sentence="27" number="685">auto</token>
<token t_id="687" sentence="27" number="686">volunteers</token>
<token t_id="688" sentence="27" number="687">.</token>
<token t_id="689" sentence="28" number="688">Early</token>
<token t_id="690" sentence="28" number="689">in</token>
<token t_id="691" sentence="28" number="690">the</token>
<token t_id="692" sentence="28" number="691">day</token>
<token t_id="693" sentence="28" number="692">the</token>
<token t_id="694" sentence="28" number="693">speedway</token>
<token t_id="695" sentence="28" number="694">office</token>
<token t_id="696" sentence="28" number="695">downtown</token>
<token t_id="697" sentence="28" number="696">believed</token>
<token t_id="698" sentence="28" number="697">it</token>
<token t_id="699" sentence="28" number="698">would</token>
<token t_id="700" sentence="28" number="699">see</token>
<token t_id="701" sentence="28" number="700">its</token>
<token t_id="702" sentence="28" number="701">hope</token>
<token t_id="703" sentence="28" number="702">of</token>
<token t_id="704" sentence="28" number="703">100,000</token>
<token t_id="705" sentence="28" number="704">spectators</token>
<token t_id="706" sentence="28" number="705">at</token>
<token t_id="707" sentence="28" number="706">the</token>
<token t_id="708" sentence="28" number="707">race</token>
<token t_id="709" sentence="28" number="708">realized</token>
<token t_id="710" sentence="28" number="709">.</token>
<token t_id="711" sentence="29" number="710">Every</token>
<token t_id="712" sentence="29" number="711">reserved</token>
<token t_id="713" sentence="29" number="712">seat</token>
<token t_id="714" sentence="29" number="713">,</token>
<token t_id="715" sentence="29" number="714">33,000</token>
<token t_id="716" sentence="29" number="715">in</token>
<token t_id="717" sentence="29" number="716">all</token>
<token t_id="718" sentence="29" number="717">,</token>
<token t_id="719" sentence="29" number="718">had</token>
<token t_id="720" sentence="29" number="719">been</token>
<token t_id="721" sentence="29" number="720">sold</token>
<token t_id="722" sentence="29" number="721">when</token>
<token t_id="723" sentence="29" number="722">the</token>
<token t_id="724" sentence="29" number="723">office</token>
<token t_id="725" sentence="29" number="724">closed</token>
<token t_id="726" sentence="29" number="725">late</token>
<token t_id="727" sentence="29" number="726">last</token>
<token t_id="728" sentence="29" number="727">night</token>
<token t_id="729" sentence="29" number="728">.</token>
<token t_id="730" sentence="30" number="729">In</token>
<token t_id="731" sentence="30" number="730">addition</token>
<token t_id="732" sentence="30" number="731">thousands</token>
<token t_id="733" sentence="30" number="732">of</token>
<token t_id="734" sentence="30" number="733">general</token>
<token t_id="735" sentence="30" number="734">admission</token>
<token t_id="736" sentence="30" number="735">tickets</token>
<token t_id="737" sentence="30" number="736">,</token>
<token t_id="738" sentence="30" number="737">entitling</token>
<token t_id="739" sentence="30" number="738">the</token>
<token t_id="740" sentence="30" number="739">holders</token>
<token t_id="741" sentence="30" number="740">to</token>
<token t_id="742" sentence="30" number="741">free</token>
<token t_id="743" sentence="30" number="742">seats</token>
<token t_id="744" sentence="30" number="743">—</token>
<token t_id="745" sentence="30" number="744">if</token>
<token t_id="746" sentence="30" number="745">they</token>
<token t_id="747" sentence="30" number="746">could</token>
<token t_id="748" sentence="30" number="747">get</token>
<token t_id="749" sentence="30" number="748">them</token>
<token t_id="750" sentence="30" number="749">—</token>
<token t_id="751" sentence="30" number="750">were</token>
<token t_id="752" sentence="30" number="751">sold</token>
<token t_id="753" sentence="30" number="752">.</token>
<token t_id="754" sentence="31" number="753">Additional</token>
<token t_id="755" sentence="31" number="754">thousands</token>
<token t_id="756" sentence="31" number="755">of</token>
<token t_id="757" sentence="31" number="756">tickets</token>
<token t_id="758" sentence="31" number="757">were</token>
<token t_id="759" sentence="31" number="758">sold</token>
<token t_id="760" sentence="31" number="759">to</token>
<token t_id="761" sentence="31" number="760">those</token>
<token t_id="762" sentence="31" number="761">who</token>
<token t_id="763" sentence="31" number="762">expected</token>
<token t_id="764" sentence="31" number="763">to</token>
<token t_id="765" sentence="31" number="764">view</token>
<token t_id="766" sentence="31" number="765">the</token>
<token t_id="767" sentence="31" number="766">race</token>
<token t_id="768" sentence="31" number="767">from</token>
<token t_id="769" sentence="31" number="768">automobiles</token>
<token t_id="770" sentence="31" number="769">.</token>
<token t_id="771" sentence="32" number="770">Police</token>
<token t_id="772" sentence="32" number="771">Earned</token>
<token t_id="773" sentence="32" number="772">Their</token>
<token t_id="774" sentence="32" number="773">Pay</token>
<token t_id="775" sentence="32" number="774">.</token>
<token t_id="776" sentence="33" number="775">It</token>
<token t_id="777" sentence="33" number="776">is</token>
<token t_id="778" sentence="33" number="777">doubtful</token>
<token t_id="779" sentence="33" number="778">if</token>
<token t_id="780" sentence="33" number="779">there</token>
<token t_id="781" sentence="33" number="780">was</token>
<token t_id="782" sentence="33" number="781">a</token>
<token t_id="783" sentence="33" number="782">policeman</token>
<token t_id="784" sentence="33" number="783">in</token>
<token t_id="785" sentence="33" number="784">town</token>
<token t_id="786" sentence="33" number="785">who</token>
<token t_id="787" sentence="33" number="786">did</token>
<token t_id="788" sentence="33" number="787">not</token>
<token t_id="789" sentence="33" number="788">earn</token>
<token t_id="790" sentence="33" number="789">his</token>
<token t_id="791" sentence="33" number="790">pay</token>
<token t_id="792" sentence="33" number="791">last</token>
<token t_id="793" sentence="33" number="792">night</token>
<token t_id="794" sentence="33" number="793">and</token>
<token t_id="795" sentence="33" number="794">today</token>
<token t_id="796" sentence="33" number="795">,</token>
<token t_id="797" sentence="33" number="796">but</token>
<token t_id="798" sentence="33" number="797">for</token>
<token t_id="799" sentence="33" number="798">once</token>
<token t_id="800" sentence="33" number="799">the</token>
<token t_id="801" sentence="33" number="800">police</token>
<token t_id="802" sentence="33" number="801">found</token>
<token t_id="803" sentence="33" number="802">a</token>
<token t_id="804" sentence="33" number="803">situation</token>
<token t_id="805" sentence="33" number="804">it</token>
<token t_id="806" sentence="33" number="805">was</token>
<token t_id="807" sentence="33" number="806">almost</token>
<token t_id="808" sentence="33" number="807">impossible</token>
<token t_id="809" sentence="33" number="808">to</token>
<token t_id="810" sentence="33" number="809">cope</token>
<token t_id="811" sentence="33" number="810">with</token>
<token t_id="812" sentence="33" number="811">.</token>
<token t_id="813" sentence="34" number="812">Traffic</token>
<token t_id="814" sentence="34" number="813">in</token>
<token t_id="815" sentence="34" number="814">the</token>
<token t_id="816" sentence="34" number="815">downtown</token>
<token t_id="817" sentence="34" number="816">streets</token>
<token t_id="818" sentence="34" number="817">was</token>
<token t_id="819" sentence="34" number="818">congested</token>
<token t_id="820" sentence="34" number="819">by</token>
<token t_id="821" sentence="34" number="820">the</token>
<token t_id="822" sentence="34" number="821">thousands</token>
<token t_id="823" sentence="34" number="822">of</token>
<token t_id="824" sentence="34" number="823">automobiles</token>
<token t_id="825" sentence="34" number="824">,</token>
<token t_id="826" sentence="34" number="825">and</token>
<token t_id="827" sentence="34" number="826">although</token>
<token t_id="828" sentence="34" number="827">there</token>
<token t_id="829" sentence="34" number="828">were</token>
<token t_id="830" sentence="34" number="829">numerous</token>
<token t_id="831" sentence="34" number="830">extra</token>
<token t_id="832" sentence="34" number="831">traffic</token>
<token t_id="833" sentence="34" number="832">officers</token>
<token t_id="834" sentence="34" number="833">,</token>
<token t_id="835" sentence="34" number="834">they</token>
<token t_id="836" sentence="34" number="835">could</token>
<token t_id="837" sentence="34" number="836">do</token>
<token t_id="838" sentence="34" number="837">little</token>
<token t_id="839" sentence="34" number="838">to</token>
<token t_id="840" sentence="34" number="839">keep</token>
<token t_id="841" sentence="34" number="840">traffic</token>
<token t_id="842" sentence="34" number="841">moving</token>
<token t_id="843" sentence="34" number="842">in</token>
<token t_id="844" sentence="34" number="843">an</token>
<token t_id="845" sentence="34" number="844">orderly</token>
<token t_id="846" sentence="34" number="845">manner</token>
<token t_id="847" sentence="34" number="846">.</token>
<token t_id="848" sentence="35" number="847">Automobiles</token>
<token t_id="849" sentence="35" number="848">were</token>
<token t_id="850" sentence="35" number="849">jammed</token>
<token t_id="851" sentence="35" number="850">in</token>
<token t_id="852" sentence="35" number="851">every</token>
<token t_id="853" sentence="35" number="852">direction</token>
<token t_id="854" sentence="35" number="853">between</token>
<token t_id="855" sentence="35" number="854">street</token>
<token t_id="856" sentence="35" number="855">cars</token>
<token t_id="857" sentence="35" number="856">and</token>
<token t_id="858" sentence="35" number="857">pedestrians</token>
<token t_id="859" sentence="35" number="858">had</token>
<token t_id="860" sentence="35" number="859">trouble</token>
<token t_id="861" sentence="35" number="860">in</token>
<token t_id="862" sentence="35" number="861">crossing</token>
<token t_id="863" sentence="35" number="862">the</token>
<token t_id="864" sentence="35" number="863">streets</token>
<token t_id="865" sentence="35" number="864">,</token>
<token t_id="866" sentence="35" number="865">but</token>
<token t_id="867" sentence="35" number="866">there</token>
<token t_id="868" sentence="35" number="867">were</token>
<token t_id="869" sentence="35" number="868">few</token>
<token t_id="870" sentence="35" number="869">accidents</token>
<token t_id="871" sentence="35" number="870">.</token>
<token t_id="872" sentence="36" number="871">Drivers</token>
<token t_id="873" sentence="36" number="872">,</token>
<token t_id="874" sentence="36" number="873">for</token>
<token t_id="875" sentence="36" number="874">the</token>
<token t_id="876" sentence="36" number="875">most</token>
<token t_id="877" sentence="36" number="876">part</token>
<token t_id="878" sentence="36" number="877">,</token>
<token t_id="879" sentence="36" number="878">were</token>
<token t_id="880" sentence="36" number="879">cautious</token>
<token t_id="881" sentence="36" number="880">,</token>
<token t_id="882" sentence="36" number="881">and</token>
<token t_id="883" sentence="36" number="882">when</token>
<token t_id="884" sentence="36" number="883">caught</token>
<token t_id="885" sentence="36" number="884">in</token>
<token t_id="886" sentence="36" number="885">tight</token>
<token t_id="887" sentence="36" number="886">places</token>
<token t_id="888" sentence="36" number="887">used</token>
<token t_id="889" sentence="36" number="888">their</token>
<token t_id="890" sentence="36" number="889">judgment</token>
<token t_id="891" sentence="36" number="890">.</token>
<token t_id="892" sentence="37" number="891">Hotels</token>
<token t_id="893" sentence="37" number="892">Were</token>
<token t_id="894" sentence="37" number="893">Packed</token>
<token t_id="895" sentence="37" number="894">.</token>
<token t_id="896" sentence="38" number="895">In</token>
<token t_id="897" sentence="38" number="896">the</token>
<token t_id="898" sentence="38" number="897">hotel</token>
<token t_id="899" sentence="38" number="898">dining</token>
<token t_id="900" sentence="38" number="899">rooms</token>
<token t_id="901" sentence="38" number="900">,</token>
<token t_id="902" sentence="38" number="901">patrons</token>
<token t_id="903" sentence="38" number="902">had</token>
<token t_id="904" sentence="38" number="903">to</token>
<token t_id="905" sentence="38" number="904">wait</token>
<token t_id="906" sentence="38" number="905">their</token>
<token t_id="907" sentence="38" number="906">turn</token>
<token t_id="908" sentence="38" number="907">and</token>
<token t_id="909" sentence="38" number="908">at</token>
<token t_id="910" sentence="38" number="909">times</token>
<token t_id="911" sentence="38" number="910">there</token>
<token t_id="912" sentence="38" number="911">was</token>
<token t_id="913" sentence="38" number="912">a</token>
<token t_id="914" sentence="38" number="913">real</token>
<token t_id="915" sentence="38" number="914">shortage</token>
<token t_id="916" sentence="38" number="915">of</token>
<token t_id="917" sentence="38" number="916">food</token>
<token t_id="918" sentence="38" number="917">.</token>
<token t_id="919" sentence="39" number="918">Time</token>
<token t_id="920" sentence="39" number="919">after</token>
<token t_id="921" sentence="39" number="920">time</token>
<token t_id="922" sentence="39" number="921">butchers</token>
<token t_id="923" sentence="39" number="922">and</token>
<token t_id="924" sentence="39" number="923">bakers</token>
<token t_id="925" sentence="39" number="924">and</token>
<token t_id="926" sentence="39" number="925">other</token>
<token t_id="927" sentence="39" number="926">dealers</token>
<token t_id="928" sentence="39" number="927">in</token>
<token t_id="929" sentence="39" number="928">foodstuffs</token>
<token t_id="930" sentence="39" number="929">had</token>
<token t_id="931" sentence="39" number="930">to</token>
<token t_id="932" sentence="39" number="931">be</token>
<token t_id="933" sentence="39" number="932">called</token>
<token t_id="934" sentence="39" number="933">on</token>
<token t_id="935" sentence="39" number="934">for</token>
<token t_id="936" sentence="39" number="935">additional</token>
<token t_id="937" sentence="39" number="936">supplies</token>
<token t_id="938" sentence="39" number="937">.</token>
<token t_id="939" sentence="40" number="938">Last</token>
<token t_id="940" sentence="40" number="939">night</token>
<token t_id="941" sentence="40" number="940">there</token>
<token t_id="942" sentence="40" number="941">was</token>
<token t_id="943" sentence="40" number="942">a</token>
<token t_id="944" sentence="40" number="943">bread</token>
<token t_id="945" sentence="40" number="944">famine</token>
<token t_id="946" sentence="40" number="945">,</token>
<token t_id="947" sentence="40" number="946">and</token>
<token t_id="948" sentence="40" number="947">many</token>
<token t_id="949" sentence="40" number="948">restaurants</token>
<token t_id="950" sentence="40" number="949">and</token>
<token t_id="951" sentence="40" number="950">hotels</token>
<token t_id="952" sentence="40" number="951">served</token>
<token t_id="953" sentence="40" number="952">meals</token>
<token t_id="954" sentence="40" number="953">without</token>
<token t_id="955" sentence="40" number="954">bread</token>
<token t_id="956" sentence="40" number="955">.</token>
<token t_id="957" sentence="41" number="956">At</token>
<token t_id="958" sentence="41" number="957">some</token>
<token t_id="959" sentence="41" number="958">of</token>
<token t_id="960" sentence="41" number="959">the</token>
<token t_id="961" sentence="41" number="960">hotels</token>
<token t_id="962" sentence="41" number="961">improvised</token>
<token t_id="963" sentence="41" number="962">dining</token>
<token t_id="964" sentence="41" number="963">rooms</token>
<token t_id="965" sentence="41" number="964">were</token>
<token t_id="966" sentence="41" number="965">provided</token>
<token t_id="967" sentence="41" number="966">.</token>
<token t_id="968" sentence="42" number="967">In</token>
<token t_id="969" sentence="42" number="968">others</token>
<token t_id="970" sentence="42" number="969">women</token>
<token t_id="971" sentence="42" number="970">’s</token>
<token t_id="972" sentence="42" number="971">cafes</token>
<token t_id="973" sentence="42" number="972">were</token>
<token t_id="974" sentence="42" number="973">thrown</token>
<token t_id="975" sentence="42" number="974">open</token>
<token t_id="976" sentence="42" number="975">to</token>
<token t_id="977" sentence="42" number="976">men</token>
<token t_id="978" sentence="42" number="977">also</token>
<token t_id="979" sentence="42" number="978">.</token>
<token t_id="980" sentence="43" number="979">One</token>
<token t_id="981" sentence="43" number="980">Illinois</token>
<token t_id="982" sentence="43" number="981">street</token>
<token t_id="983" sentence="43" number="982">restaurant</token>
<token t_id="984" sentence="43" number="983">said</token>
<token t_id="985" sentence="43" number="984">it</token>
<token t_id="986" sentence="43" number="985">had</token>
<token t_id="987" sentence="43" number="986">turned</token>
<token t_id="988" sentence="43" number="987">away</token>
<token t_id="989" sentence="43" number="988">five</token>
<token t_id="990" sentence="43" number="989">hundred</token>
<token t_id="991" sentence="43" number="990">people</token>
<token t_id="992" sentence="43" number="991">by</token>
<token t_id="993" sentence="43" number="992">8</token>
<token t_id="994" sentence="43" number="993">o’clock</token>
<token t_id="995" sentence="43" number="994">this</token>
<token t_id="996" sentence="43" number="995">morning</token>
<token t_id="997" sentence="43" number="996">,</token>
<token t_id="998" sentence="43" number="997">because</token>
<token t_id="999" sentence="43" number="998">the</token>
<token t_id="1000" sentence="43" number="999">people</token>
<token t_id="1001" sentence="43" number="1000">could</token>
<token t_id="1002" sentence="43" number="1001">not</token>
<token t_id="1003" sentence="43" number="1002">be</token>
<token t_id="1004" sentence="43" number="1003">accommodated</token>
<token t_id="1005" sentence="43" number="1004">with</token>
<token t_id="1006" sentence="43" number="1005">seats</token>
<token t_id="1007" sentence="43" number="1006">at</token>
<token t_id="1008" sentence="43" number="1007">tables</token>
<token t_id="1009" sentence="43" number="1008">.</token>
<token t_id="1010" sentence="44" number="1009">The</token>
<token t_id="1011" sentence="44" number="1010">dairy</token>
<token t_id="1012" sentence="44" number="1011">lunches</token>
<token t_id="1013" sentence="44" number="1012">all</token>
<token t_id="1014" sentence="44" number="1013">had</token>
<token t_id="1015" sentence="44" number="1014">a</token>
<token t_id="1016" sentence="44" number="1015">capacity</token>
<token t_id="1017" sentence="44" number="1016">business</token>
<token t_id="1018" sentence="44" number="1017">and</token>
<token t_id="1019" sentence="44" number="1018">boarding</token>
<token t_id="1020" sentence="44" number="1019">houses</token>
<token t_id="1021" sentence="44" number="1020">were</token>
<token t_id="1022" sentence="44" number="1021">busy</token>
<token t_id="1023" sentence="44" number="1022">from</token>
<token t_id="1024" sentence="44" number="1023">daylight</token>
<token t_id="1025" sentence="44" number="1024">until</token>
<token t_id="1026" sentence="44" number="1025">a</token>
<token t_id="1027" sentence="44" number="1026">few</token>
<token t_id="1028" sentence="44" number="1027">minutes</token>
<token t_id="1029" sentence="44" number="1028">before</token>
<token t_id="1030" sentence="44" number="1029">the</token>
<token t_id="1031" sentence="44" number="1030">race</token>
<token t_id="1032" sentence="44" number="1031">started</token>
<token t_id="1033" sentence="44" number="1032">.</token>
<token t_id="1034" sentence="45" number="1033">Cots</token>
<token t_id="1035" sentence="45" number="1034">in</token>
<token t_id="1036" sentence="45" number="1035">Every</token>
<token t_id="1037" sentence="45" number="1036">Nook</token>
<token t_id="1038" sentence="45" number="1037">.</token>
<token t_id="1039" sentence="46" number="1038">In</token>
<token t_id="1040" sentence="46" number="1039">the</token>
<token t_id="1041" sentence="46" number="1040">hotels</token>
<token t_id="1042" sentence="46" number="1041">,</token>
<token t_id="1043" sentence="46" number="1042">cots</token>
<token t_id="1044" sentence="46" number="1043">were</token>
<token t_id="1045" sentence="46" number="1044">placed</token>
<token t_id="1046" sentence="46" number="1045">in</token>
<token t_id="1047" sentence="46" number="1046">every</token>
<token t_id="1048" sentence="46" number="1047">nook</token>
<token t_id="1049" sentence="46" number="1048">and</token>
<token t_id="1050" sentence="46" number="1049">corner</token>
<token t_id="1051" sentence="46" number="1050">.</token>
<token t_id="1052" sentence="47" number="1051">People</token>
<token t_id="1053" sentence="47" number="1052">even</token>
<token t_id="1054" sentence="47" number="1053">begged</token>
<token t_id="1055" sentence="47" number="1054">for</token>
<token t_id="1056" sentence="47" number="1055">the</token>
<token t_id="1057" sentence="47" number="1056">privilege</token>
<token t_id="1058" sentence="47" number="1057">of</token>
<token t_id="1059" sentence="47" number="1058">paying</token>
<token t_id="1060" sentence="47" number="1059">to</token>
<token t_id="1061" sentence="47" number="1060">sit</token>
<token t_id="1062" sentence="47" number="1061">up</token>
<token t_id="1063" sentence="47" number="1062">in</token>
<token t_id="1064" sentence="47" number="1063">a</token>
<token t_id="1065" sentence="47" number="1064">chair</token>
<token t_id="1066" sentence="47" number="1065">all</token>
<token t_id="1067" sentence="47" number="1066">night</token>
<token t_id="1068" sentence="47" number="1067">,</token>
<token t_id="1069" sentence="47" number="1068">and</token>
<token t_id="1070" sentence="47" number="1069">in</token>
<token t_id="1071" sentence="47" number="1070">some</token>
<token t_id="1072" sentence="47" number="1071">instances</token>
<token t_id="1073" sentence="47" number="1072">the</token>
<token t_id="1074" sentence="47" number="1073">privilege</token>
<token t_id="1075" sentence="47" number="1074">was</token>
<token t_id="1076" sentence="47" number="1075">granted</token>
<token t_id="1077" sentence="47" number="1076">.</token>
<token t_id="1078" sentence="48" number="1077">Many</token>
<token t_id="1079" sentence="48" number="1078">paid</token>
<token t_id="1080" sentence="48" number="1079">a</token>
<token t_id="1081" sentence="48" number="1080">dollar</token>
<token t_id="1082" sentence="48" number="1081">for</token>
<token t_id="1083" sentence="48" number="1082">a</token>
<token t_id="1084" sentence="48" number="1083">chair</token>
<token t_id="1085" sentence="48" number="1084">.</token>
<token t_id="1086" sentence="49" number="1085">Some</token>
<token t_id="1087" sentence="49" number="1086">of</token>
<token t_id="1088" sentence="49" number="1087">the</token>
<token t_id="1089" sentence="49" number="1088">hotels</token>
<token t_id="1090" sentence="49" number="1089">also</token>
<token t_id="1091" sentence="49" number="1090">permitted</token>
<token t_id="1092" sentence="49" number="1091">persons</token>
<token t_id="1093" sentence="49" number="1092">to</token>
<token t_id="1094" sentence="49" number="1093">sit</token>
<token t_id="1095" sentence="49" number="1094">up</token>
<token t_id="1096" sentence="49" number="1095">in</token>
<token t_id="1097" sentence="49" number="1096">the</token>
<token t_id="1098" sentence="49" number="1097">hotel</token>
<token t_id="1099" sentence="49" number="1098">lobbies</token>
<token t_id="1100" sentence="49" number="1099">during</token>
<token t_id="1101" sentence="49" number="1100">the</token>
<token t_id="1102" sentence="49" number="1101">night</token>
<token t_id="1103" sentence="49" number="1102">.</token>
<token t_id="1104" sentence="50" number="1103">The</token>
<token t_id="1105" sentence="50" number="1104">larger</token>
<token t_id="1106" sentence="50" number="1105">downtown</token>
<token t_id="1107" sentence="50" number="1106">hotels</token>
<token t_id="1108" sentence="50" number="1107">reported</token>
<token t_id="1109" sentence="50" number="1108">they</token>
<token t_id="1110" sentence="50" number="1109">cared</token>
<token t_id="1111" sentence="50" number="1110">for</token>
<token t_id="1112" sentence="50" number="1111">5,839</token>
<token t_id="1113" sentence="50" number="1112">people</token>
<token t_id="1114" sentence="50" number="1113">and</token>
<token t_id="1115" sentence="50" number="1114">the</token>
<token t_id="1116" sentence="50" number="1115">smaller</token>
<token t_id="1117" sentence="50" number="1116">hotels</token>
<token t_id="1118" sentence="50" number="1117">took</token>
<token t_id="1119" sentence="50" number="1118">care</token>
<token t_id="1120" sentence="50" number="1119">of</token>
<token t_id="1121" sentence="50" number="1120">several</token>
<token t_id="1122" sentence="50" number="1121">thousand</token>
<token t_id="1123" sentence="50" number="1122">additional</token>
<token t_id="1124" sentence="50" number="1123">.</token>
<token t_id="1125" sentence="51" number="1124">Figures</token>
<token t_id="1126" sentence="51" number="1125">submitted</token>
<token t_id="1127" sentence="51" number="1126">by</token>
<token t_id="1128" sentence="51" number="1127">the</token>
<token t_id="1129" sentence="51" number="1128">hotels</token>
<token t_id="1130" sentence="51" number="1129">as</token>
<token t_id="1131" sentence="51" number="1130">to</token>
<token t_id="1132" sentence="51" number="1131">the</token>
<token t_id="1133" sentence="51" number="1132">number</token>
<token t_id="1134" sentence="51" number="1133">of</token>
<token t_id="1135" sentence="51" number="1134">people</token>
<token t_id="1136" sentence="51" number="1135">they</token>
<token t_id="1137" sentence="51" number="1136">accommodated</token>
<token t_id="1138" sentence="51" number="1137">last</token>
<token t_id="1139" sentence="51" number="1138">night</token>
<token t_id="1140" sentence="51" number="1139">were</token>
<token t_id="1141" sentence="51" number="1140">:</token>
<token t_id="1142" sentence="51" number="1141">Claypool</token>
<token t_id="1143" sentence="51" number="1142">,</token>
<token t_id="1144" sentence="51" number="1143">nine</token>
<token t_id="1145" sentence="51" number="1144">hundred</token>
<token t_id="1146" sentence="51" number="1145">;</token>
<token t_id="1147" sentence="51" number="1146">English</token>
<token t_id="1148" sentence="51" number="1147">,</token>
<token t_id="1149" sentence="51" number="1148">five</token>
<token t_id="1150" sentence="51" number="1149">hundred</token>
<token t_id="1151" sentence="51" number="1150">;</token>
<token t_id="1152" sentence="51" number="1151">Spencer</token>
<token t_id="1153" sentence="51" number="1152">,</token>
<token t_id="1154" sentence="51" number="1153">495</token>
<token t_id="1155" sentence="51" number="1154">;</token>
<token t_id="1156" sentence="51" number="1155">Denison</token>
<token t_id="1157" sentence="51" number="1156">,</token>
<token t_id="1158" sentence="51" number="1157">463</token>
<token t_id="1159" sentence="51" number="1158">;</token>
<token t_id="1160" sentence="51" number="1159">Edward</token>
<token t_id="1161" sentence="51" number="1160">,</token>
<token t_id="1162" sentence="51" number="1161">four</token>
<token t_id="1163" sentence="51" number="1162">hundred</token>
<token t_id="1164" sentence="51" number="1163">;</token>
<token t_id="1165" sentence="51" number="1164">Grand</token>
<token t_id="1166" sentence="51" number="1165">,</token>
<token t_id="1167" sentence="51" number="1166">365</token>
<token t_id="1168" sentence="51" number="1167">;</token>
<token t_id="1169" sentence="51" number="1168">Sherman</token>
<token t_id="1170" sentence="51" number="1169">,</token>
<token t_id="1171" sentence="51" number="1170">three</token>
<token t_id="1172" sentence="51" number="1171">hundred</token>
<token t_id="1173" sentence="51" number="1172">;</token>
<token t_id="1174" sentence="51" number="1173">Plaza</token>
<token t_id="1175" sentence="51" number="1174">,</token>
<token t_id="1176" sentence="51" number="1175">360</token>
<token t_id="1177" sentence="51" number="1176">;</token>
<token t_id="1178" sentence="51" number="1177">Morton</token>
<token t_id="1179" sentence="51" number="1178">,</token>
<token t_id="1180" sentence="51" number="1179">173</token>
<token t_id="1181" sentence="51" number="1180">;</token>
<token t_id="1182" sentence="51" number="1181">Imperial</token>
<token t_id="1183" sentence="51" number="1182">,</token>
<token t_id="1184" sentence="51" number="1183">150</token>
<token t_id="1185" sentence="51" number="1184">;</token>
<token t_id="1186" sentence="51" number="1185">Colonial</token>
<token t_id="1187" sentence="51" number="1186">,</token>
<token t_id="1188" sentence="51" number="1187">250</token>
<token t_id="1189" sentence="51" number="1188">;</token>
<token t_id="1190" sentence="51" number="1189">Linden</token>
<token t_id="1191" sentence="51" number="1190">,</token>
<token t_id="1192" sentence="51" number="1191">350</token>
<token t_id="1193" sentence="51" number="1192">,</token>
<token t_id="1194" sentence="51" number="1193">besides</token>
<token t_id="1195" sentence="51" number="1194">regular</token>
<token t_id="1196" sentence="51" number="1195">guests</token>
<token t_id="1197" sentence="51" number="1196">;</token>
<token t_id="1198" sentence="51" number="1197">Bates</token>
<token t_id="1199" sentence="51" number="1198">,</token>
<token t_id="1200" sentence="51" number="1199">127</token>
<token t_id="1201" sentence="51" number="1200">and</token>
<token t_id="1202" sentence="51" number="1201">New</token>
<token t_id="1203" sentence="51" number="1202">Occidental</token>
<token t_id="1204" sentence="51" number="1203">,</token>
<token t_id="1205" sentence="51" number="1204">one</token>
<token t_id="1206" sentence="51" number="1205">hundred</token>
<token t_id="1207" sentence="51" number="1206">.</token>
<token t_id="1208" sentence="52" number="1207">Garages</token>
<token t_id="1209" sentence="52" number="1208">Filled</token>
<token t_id="1210" sentence="52" number="1209">to</token>
<token t_id="1211" sentence="52" number="1210">Capacity</token>
<token t_id="1212" sentence="52" number="1211">.</token>
<token t_id="1213" sentence="53" number="1212">Garages</token>
<token t_id="1214" sentence="53" number="1213">were</token>
<token t_id="1215" sentence="53" number="1214">filled</token>
<token t_id="1216" sentence="53" number="1215">to</token>
<token t_id="1217" sentence="53" number="1216">capacity</token>
<token t_id="1218" sentence="53" number="1217">and</token>
<token t_id="1219" sentence="53" number="1218">garage</token>
<token t_id="1220" sentence="53" number="1219">and</token>
<token t_id="1221" sentence="53" number="1220">repair</token>
<token t_id="1222" sentence="53" number="1221">men</token>
<token t_id="1223" sentence="53" number="1222">had</token>
<token t_id="1224" sentence="53" number="1223">a</token>
<token t_id="1225" sentence="53" number="1224">busy</token>
<token t_id="1226" sentence="53" number="1225">night</token>
<token t_id="1227" sentence="53" number="1226">filing</token>
<token t_id="1228" sentence="53" number="1227">tanks</token>
<token t_id="1229" sentence="53" number="1228">with</token>
<token t_id="1230" sentence="53" number="1229">oil</token>
<token t_id="1231" sentence="53" number="1230">and</token>
<token t_id="1232" sentence="53" number="1231">gasoline</token>
<token t_id="1233" sentence="53" number="1232">,</token>
<token t_id="1234" sentence="53" number="1233">repairing</token>
<token t_id="1235" sentence="53" number="1234">punctures</token>
<token t_id="1236" sentence="53" number="1235">and</token>
<token t_id="1237" sentence="53" number="1236">making</token>
<token t_id="1238" sentence="53" number="1237">adjustments</token>
<token t_id="1239" sentence="53" number="1238">and</token>
<token t_id="1240" sentence="53" number="1239">repairs</token>
<token t_id="1241" sentence="53" number="1240">.</token>
<token t_id="1242" sentence="54" number="1241">The</token>
<token t_id="1243" sentence="54" number="1242">downtown</token>
<token t_id="1244" sentence="54" number="1243">streets</token>
<token t_id="1245" sentence="54" number="1244">were</token>
<token t_id="1246" sentence="54" number="1245">turned</token>
<token t_id="1247" sentence="54" number="1246">into</token>
<token t_id="1248" sentence="54" number="1247">a</token>
<token t_id="1249" sentence="54" number="1248">temporary</token>
<token t_id="1250" sentence="54" number="1249">garage</token>
<token t_id="1251" sentence="54" number="1250">for</token>
<token t_id="1252" sentence="54" number="1251">the</token>
<token t_id="1253" sentence="54" number="1252">parking</token>
<token t_id="1254" sentence="54" number="1253">of</token>
<token t_id="1255" sentence="54" number="1254">cars</token>
<token t_id="1256" sentence="54" number="1255">that</token>
<token t_id="1257" sentence="54" number="1256">could</token>
<token t_id="1258" sentence="54" number="1257">not</token>
<token t_id="1259" sentence="54" number="1258">find</token>
<token t_id="1260" sentence="54" number="1259">room</token>
<token t_id="1261" sentence="54" number="1260">in</token>
<token t_id="1262" sentence="54" number="1261">the</token>
<token t_id="1263" sentence="54" number="1262">public</token>
<token t_id="1264" sentence="54" number="1263">garages</token>
<token t_id="1265" sentence="54" number="1264">.</token>
<token t_id="1266" sentence="55" number="1265">Illinois</token>
<token t_id="1267" sentence="55" number="1266">street</token>
<token t_id="1268" sentence="55" number="1267">,</token>
<token t_id="1269" sentence="55" number="1268">from</token>
<token t_id="1270" sentence="55" number="1269">the</token>
<token t_id="1271" sentence="55" number="1270">Union</token>
<token t_id="1272" sentence="55" number="1271">station</token>
<token t_id="1273" sentence="55" number="1272">to</token>
<token t_id="1274" sentence="55" number="1273">Tenth</token>
<token t_id="1275" sentence="55" number="1274">street</token>
<token t_id="1276" sentence="55" number="1275">,</token>
<token t_id="1277" sentence="55" number="1276">was</token>
<token t_id="1278" sentence="55" number="1277">almost</token>
<token t_id="1279" sentence="55" number="1278">a</token>
<token t_id="1280" sentence="55" number="1279">solid</token>
<token t_id="1281" sentence="55" number="1280">line</token>
<token t_id="1282" sentence="55" number="1281">of</token>
<token t_id="1283" sentence="55" number="1282">automobiles</token>
<token t_id="1284" sentence="55" number="1283">.</token>
<token t_id="1285" sentence="56" number="1284">Cars</token>
<token t_id="1286" sentence="56" number="1285">were</token>
<token t_id="1287" sentence="56" number="1286">packed</token>
<token t_id="1288" sentence="56" number="1287">in</token>
<token t_id="1289" sentence="56" number="1288">Capitol</token>
<token t_id="1290" sentence="56" number="1289">avenue</token>
<token t_id="1291" sentence="56" number="1290">,</token>
<token t_id="1292" sentence="56" number="1291">along</token>
<token t_id="1293" sentence="56" number="1292">the</token>
<token t_id="1294" sentence="56" number="1293">statehouse</token>
<token t_id="1295" sentence="56" number="1294">grounds</token>
<token t_id="1296" sentence="56" number="1295">,</token>
<token t_id="1297" sentence="56" number="1296">and</token>
<token t_id="1298" sentence="56" number="1297">from</token>
<token t_id="1299" sentence="56" number="1298">New</token>
<token t_id="1300" sentence="56" number="1299">York</token>
<token t_id="1301" sentence="56" number="1300">to</token>
<token t_id="1302" sentence="56" number="1301">Walnut</token>
<token t_id="1303" sentence="56" number="1302">streets</token>
<token t_id="1304" sentence="56" number="1303">.</token>
<token t_id="1305" sentence="57" number="1304">Washington</token>
<token t_id="1306" sentence="57" number="1305">street</token>
<token t_id="1307" sentence="57" number="1306">,</token>
<token t_id="1308" sentence="57" number="1307">from</token>
<token t_id="1309" sentence="57" number="1308">Illinois</token>
<token t_id="1310" sentence="57" number="1309">street</token>
<token t_id="1311" sentence="57" number="1310">to</token>
<token t_id="1312" sentence="57" number="1311">Capitol</token>
<token t_id="1313" sentence="57" number="1312">avenue</token>
<token t_id="1314" sentence="57" number="1313">was</token>
<token t_id="1315" sentence="57" number="1314">an</token>
<token t_id="1316" sentence="57" number="1315">improvised</token>
<token t_id="1317" sentence="57" number="1316">parking</token>
<token t_id="1318" sentence="57" number="1317">space</token>
<token t_id="1319" sentence="57" number="1318">and</token>
<token t_id="1320" sentence="57" number="1319">Monument</token>
<token t_id="1321" sentence="57" number="1320">place</token>
<token t_id="1322" sentence="57" number="1321">,</token>
<token t_id="1323" sentence="57" number="1322">around</token>
<token t_id="1324" sentence="57" number="1323">the</token>
<token t_id="1325" sentence="57" number="1324">monument</token>
<token t_id="1326" sentence="57" number="1325">,</token>
<token t_id="1327" sentence="57" number="1326">was</token>
<token t_id="1328" sentence="57" number="1327">filled</token>
<token t_id="1329" sentence="57" number="1328">with</token>
<token t_id="1330" sentence="57" number="1329">cars</token>
<token t_id="1331" sentence="57" number="1330">.</token>
<token t_id="1332" sentence="58" number="1331">Many</token>
<token t_id="1333" sentence="58" number="1332">drivers</token>
<token t_id="1334" sentence="58" number="1333">slept</token>
<token t_id="1335" sentence="58" number="1334">in</token>
<token t_id="1336" sentence="58" number="1335">their</token>
<token t_id="1337" sentence="58" number="1336">cars</token>
<token t_id="1338" sentence="58" number="1337">during</token>
<token t_id="1339" sentence="58" number="1338">the</token>
<token t_id="1340" sentence="58" number="1339">night</token>
<token t_id="1341" sentence="58" number="1340">,</token>
<token t_id="1342" sentence="58" number="1341">not</token>
<token t_id="1343" sentence="58" number="1342">because</token>
<token t_id="1344" sentence="58" number="1343">they</token>
<token t_id="1345" sentence="58" number="1344">were</token>
<token t_id="1346" sentence="58" number="1345">unable</token>
<token t_id="1347" sentence="58" number="1346">to</token>
<token t_id="1348" sentence="58" number="1347">find</token>
<token t_id="1349" sentence="58" number="1348">beds</token>
<token t_id="1350" sentence="58" number="1349">,</token>
<token t_id="1351" sentence="58" number="1350">but</token>
<token t_id="1352" sentence="58" number="1351">to</token>
<token t_id="1353" sentence="58" number="1352">protect</token>
<token t_id="1354" sentence="58" number="1353">their</token>
<token t_id="1355" sentence="58" number="1354">cars</token>
<token t_id="1356" sentence="58" number="1355">.</token>
<token t_id="1357" sentence="59" number="1356">The</token>
<token t_id="1358" sentence="59" number="1357">police</token>
<token t_id="1359" sentence="59" number="1358">gave</token>
<token t_id="1360" sentence="59" number="1359">the</token>
<token t_id="1361" sentence="59" number="1360">best</token>
<token t_id="1362" sentence="59" number="1361">protection</token>
<token t_id="1363" sentence="59" number="1362">possible</token>
<token t_id="1364" sentence="59" number="1363">,</token>
<token t_id="1365" sentence="59" number="1364">policing</token>
<token t_id="1366" sentence="59" number="1365">the</token>
<token t_id="1367" sentence="59" number="1366">downtown</token>
<token t_id="1368" sentence="59" number="1367">streets</token>
<token t_id="1369" sentence="59" number="1368">rigidly</token>
<token t_id="1370" sentence="59" number="1369">.</token>
<token t_id="1371" sentence="60" number="1370">In</token>
<token t_id="1372" sentence="60" number="1371">Washington</token>
<token t_id="1373" sentence="60" number="1372">street</token>
<token t_id="1374" sentence="60" number="1373">,</token>
<token t_id="1375" sentence="60" number="1374">between</token>
<token t_id="1376" sentence="60" number="1375">Illinois</token>
<token t_id="1377" sentence="60" number="1376">street</token>
<token t_id="1378" sentence="60" number="1377">and</token>
<token t_id="1379" sentence="60" number="1378">Capitol</token>
<token t_id="1380" sentence="60" number="1379">avenue</token>
<token t_id="1381" sentence="60" number="1380">,</token>
<token t_id="1382" sentence="60" number="1381">cars</token>
<token t_id="1383" sentence="60" number="1382">were</token>
<token t_id="1384" sentence="60" number="1383">parked</token>
<token t_id="1385" sentence="60" number="1384">from</token>
<token t_id="1386" sentence="60" number="1385">West</token>
<token t_id="1387" sentence="60" number="1386">Virginia</token>
<token t_id="1388" sentence="60" number="1387">,</token>
<token t_id="1389" sentence="60" number="1388">Illinois</token>
<token t_id="1390" sentence="60" number="1389">,</token>
<token t_id="1391" sentence="60" number="1390">Kentucky</token>
<token t_id="1392" sentence="60" number="1391">,</token>
<token t_id="1393" sentence="60" number="1392">Wisconsin</token>
<token t_id="1394" sentence="60" number="1393">,</token>
<token t_id="1395" sentence="60" number="1394">Michigan</token>
<token t_id="1396" sentence="60" number="1395">,</token>
<token t_id="1397" sentence="60" number="1396">Missouri</token>
<token t_id="1398" sentence="60" number="1397">,</token>
<token t_id="1399" sentence="60" number="1398">New</token>
<token t_id="1400" sentence="60" number="1399">York</token>
<token t_id="1401" sentence="60" number="1400">and</token>
<token t_id="1402" sentence="60" number="1401">Pennsylvania</token>
<token t_id="1403" sentence="60" number="1402">,</token>
<token t_id="1404" sentence="60" number="1403">besides</token>
<token t_id="1405" sentence="60" number="1404">numerous</token>
<token t_id="1406" sentence="60" number="1405">machines</token>
<token t_id="1407" sentence="60" number="1406">from</token>
<token t_id="1408" sentence="60" number="1407">various</token>
<token t_id="1409" sentence="60" number="1408">parts</token>
<token t_id="1410" sentence="60" number="1409">of</token>
<token t_id="1411" sentence="60" number="1410">Indiana</token>
<token t_id="1412" sentence="60" number="1411">,</token>
<token t_id="1413" sentence="60" number="1412">which</token>
<token t_id="1414" sentence="60" number="1413">came</token>
<token t_id="1415" sentence="60" number="1414">yesterday</token>
<token t_id="1416" sentence="60" number="1415">and</token>
<token t_id="1417" sentence="60" number="1416">last</token>
<token t_id="1418" sentence="60" number="1417">night</token>
<token t_id="1419" sentence="60" number="1418">to</token>
<token t_id="1420" sentence="60" number="1419">be</token>
<token t_id="1421" sentence="60" number="1420">in</token>
<token t_id="1422" sentence="60" number="1421">time</token>
<token t_id="1423" sentence="60" number="1422">for</token>
<token t_id="1424" sentence="60" number="1423">the</token>
<token t_id="1425" sentence="60" number="1424">race</token>
<token t_id="1426" sentence="60" number="1425">.</token>
<token t_id="1427" sentence="61" number="1426">Other</token>
<token t_id="1428" sentence="61" number="1427">Cities</token>
<token t_id="1429" sentence="61" number="1428">Jammed</token>
<token t_id="1430" sentence="61" number="1429">.</token>
<token t_id="1431" sentence="62" number="1430">Reports</token>
<token t_id="1432" sentence="62" number="1431">from</token>
<token t_id="1433" sentence="62" number="1432">Indiana</token>
<token t_id="1434" sentence="62" number="1433">towns</token>
<token t_id="1435" sentence="62" number="1434">near</token>
<token t_id="1436" sentence="62" number="1435">Indianapolis</token>
<token t_id="1437" sentence="62" number="1436">are</token>
<token t_id="1438" sentence="62" number="1437">to</token>
<token t_id="1439" sentence="62" number="1438">the</token>
<token t_id="1440" sentence="62" number="1439">effect</token>
<token t_id="1441" sentence="62" number="1440">that</token>
<token t_id="1442" sentence="62" number="1441">all</token>
<token t_id="1443" sentence="62" number="1442">available</token>
<token t_id="1444" sentence="62" number="1443">hotel</token>
<token t_id="1445" sentence="62" number="1444">accommodations</token>
<token t_id="1446" sentence="62" number="1445">were</token>
<token t_id="1447" sentence="62" number="1446">taken</token>
<token t_id="1448" sentence="62" number="1447">by</token>
<token t_id="1449" sentence="62" number="1448">persons</token>
<token t_id="1450" sentence="62" number="1449">bound</token>
<token t_id="1451" sentence="62" number="1450">for</token>
<token t_id="1452" sentence="62" number="1451">Indianapolis</token>
<token t_id="1453" sentence="62" number="1452">.</token>
<token t_id="1454" sentence="63" number="1453">A</token>
<token t_id="1455" sentence="63" number="1454">Shelbyville</token>
<token t_id="1456" sentence="63" number="1455">hotel</token>
<token t_id="1457" sentence="63" number="1456">reported</token>
<token t_id="1458" sentence="63" number="1457">it</token>
<token t_id="1459" sentence="63" number="1458">had</token>
<token t_id="1460" sentence="63" number="1459">every</token>
<token t_id="1461" sentence="63" number="1460">available</token>
<token t_id="1462" sentence="63" number="1461">room</token>
<token t_id="1463" sentence="63" number="1462">taken</token>
<token t_id="1464" sentence="63" number="1463">by</token>
<token t_id="1465" sentence="63" number="1464">persons</token>
<token t_id="1466" sentence="63" number="1465">coming</token>
<token t_id="1467" sentence="63" number="1466">to</token>
<token t_id="1468" sentence="63" number="1467">the</token>
<token t_id="1469" sentence="63" number="1468">race</token>
<token t_id="1470" sentence="63" number="1469">.</token>
<token t_id="1471" sentence="64" number="1470">At</token>
<token t_id="1472" sentence="64" number="1471">Columbus</token>
<token t_id="1473" sentence="64" number="1472">and</token>
<token t_id="1474" sentence="64" number="1473">many</token>
<token t_id="1475" sentence="64" number="1474">other</token>
<token t_id="1476" sentence="64" number="1475">points</token>
<token t_id="1477" sentence="64" number="1476">the</token>
<token t_id="1478" sentence="64" number="1477">hotels</token>
<token t_id="1479" sentence="64" number="1478">were</token>
<token t_id="1480" sentence="64" number="1479">crowded</token>
<token t_id="1481" sentence="64" number="1480">beyond</token>
<token t_id="1482" sentence="64" number="1481">normal</token>
<token t_id="1483" sentence="64" number="1482">capacity</token>
<token t_id="1484" sentence="64" number="1483">by</token>
<token t_id="1485" sentence="64" number="1484">persons</token>
<token t_id="1486" sentence="64" number="1485">who</token>
<token t_id="1487" sentence="64" number="1486">feared</token>
<token t_id="1488" sentence="64" number="1487">they</token>
<token t_id="1489" sentence="64" number="1488">could</token>
<token t_id="1490" sentence="64" number="1489">not</token>
<token t_id="1491" sentence="64" number="1490">get</token>
<token t_id="1492" sentence="64" number="1491">accommodations</token>
<token t_id="1493" sentence="64" number="1492">in</token>
<token t_id="1494" sentence="64" number="1493">Indianapolis</token>
<token t_id="1495" sentence="64" number="1494">.</token>
<token t_id="1496" sentence="65" number="1495">Many</token>
<token t_id="1497" sentence="65" number="1496">who</token>
<token t_id="1498" sentence="65" number="1497">came</token>
<token t_id="1499" sentence="65" number="1498">for</token>
<token t_id="1500" sentence="65" number="1499">Bob</token>
<token t_id="1501" sentence="65" number="1500">Burman</token>
<token t_id="1502" sentence="65" number="1501">’s</token>
<token t_id="1503" sentence="65" number="1502">speed</token>
<token t_id="1504" sentence="65" number="1503">trials</token>
<token t_id="1505" sentence="65" number="1504">yesterday</token>
<token t_id="1506" sentence="65" number="1505">went</token>
<token t_id="1507" sentence="65" number="1506">to</token>
<token t_id="1508" sentence="65" number="1507">smaller</token>
<token t_id="1509" sentence="65" number="1508">Indiana</token>
<token t_id="1510" sentence="65" number="1509">cities</token>
<token t_id="1511" sentence="65" number="1510">and</token>
<token t_id="1512" sentence="65" number="1511">towns</token>
<token t_id="1513" sentence="65" number="1512">for</token>
<token t_id="1514" sentence="65" number="1513">accommodations</token>
<token t_id="1515" sentence="65" number="1514">last</token>
<token t_id="1516" sentence="65" number="1515">night</token>
<token t_id="1517" sentence="65" number="1516">,</token>
<token t_id="1518" sentence="65" number="1517">returning</token>
<token t_id="1519" sentence="65" number="1518">to</token>
<token t_id="1520" sentence="65" number="1519">Indianapolis</token>
<token t_id="1521" sentence="65" number="1520">early</token>
<token t_id="1522" sentence="65" number="1521">this</token>
<token t_id="1523" sentence="65" number="1522">morning</token>
<token t_id="1524" sentence="65" number="1523">.</token>
<token t_id="1525" sentence="66" number="1524">It</token>
<token t_id="1526" sentence="66" number="1525">was</token>
<token t_id="1527" sentence="66" number="1526">reported</token>
<token t_id="1528" sentence="66" number="1527">from</token>
<token t_id="1529" sentence="66" number="1528">Cambridge</token>
<token t_id="1530" sentence="66" number="1529">City</token>
<token t_id="1531" sentence="66" number="1530">that</token>
<token t_id="1532" sentence="66" number="1531">at</token>
<token t_id="1533" sentence="66" number="1532">least</token>
<token t_id="1534" sentence="66" number="1533">five</token>
<token t_id="1535" sentence="66" number="1534">hundred</token>
<token t_id="1536" sentence="66" number="1535">automobiles</token>
<token t_id="1537" sentence="66" number="1536">and</token>
<token t_id="1538" sentence="66" number="1537">numerous</token>
<token t_id="1539" sentence="66" number="1538">motorcycles</token>
<token t_id="1540" sentence="66" number="1539">had</token>
<token t_id="1541" sentence="66" number="1540">passed</token>
<token t_id="1542" sentence="66" number="1541">through</token>
<token t_id="1543" sentence="66" number="1542">the</token>
<token t_id="1544" sentence="66" number="1543">town</token>
<token t_id="1545" sentence="66" number="1544">,</token>
<token t_id="1546" sentence="66" number="1545">over</token>
<token t_id="1547" sentence="66" number="1546">the</token>
<token t_id="1548" sentence="66" number="1547">National</token>
<token t_id="1549" sentence="66" number="1548">road</token>
<token t_id="1550" sentence="66" number="1549">,</token>
<token t_id="1551" sentence="66" number="1550">since</token>
<token t_id="1552" sentence="66" number="1551">Sunday</token>
<token t_id="1553" sentence="66" number="1552">,</token>
<token t_id="1554" sentence="66" number="1553">bound</token>
<token t_id="1555" sentence="66" number="1554">for</token>
<token t_id="1556" sentence="66" number="1555">Indianapolis</token>
<token t_id="1557" sentence="66" number="1556">.</token>


<Markables>


</Markables>

<Relations>
</Relations>
</Document>
