<Document doc_name="1)Saunterings-VESUVIUS_1.txt">
<token t_id="1" sentence="0" number="0">VESUVIUS</token>
<token t_id="2" sentence="1" number="1">CLIMBING</token>
<token t_id="3" sentence="1" number="2">A</token>
<token t_id="4" sentence="1" number="3">VOLCANO</token>
<token t_id="5" sentence="2" number="4">Everybody</token>
<token t_id="6" sentence="2" number="5">who</token>
<token t_id="7" sentence="2" number="6">comes</token>
<token t_id="8" sentence="2" number="7">to</token>
<token t_id="9" sentence="2" number="8">Naples</token>
<token t_id="10" sentence="2" number="9">,</token>
<token t_id="11" sentence="2" number="10">-</token>
<token t_id="12" sentence="2" number="11">that</token>
<token t_id="13" sentence="2" number="12">is</token>
<token t_id="14" sentence="2" number="13">,</token>
<token t_id="15" sentence="2" number="14">everybody</token>
<token t_id="16" sentence="2" number="15">except</token>
<token t_id="17" sentence="2" number="16">the</token>
<token t_id="18" sentence="2" number="17">lady</token>
<token t_id="19" sentence="2" number="18">who</token>
<token t_id="20" sentence="2" number="19">fell</token>
<token t_id="21" sentence="2" number="20">from</token>
<token t_id="22" sentence="2" number="21">her</token>
<token t_id="23" sentence="2" number="22">horse</token>
<token t_id="24" sentence="2" number="23">the</token>
<token t_id="25" sentence="2" number="24">other</token>
<token t_id="26" sentence="2" number="25">day</token>
<token t_id="27" sentence="2" number="26">at</token>
<token t_id="28" sentence="2" number="27">Resina</token>
<token t_id="29" sentence="2" number="28">and</token>
<token t_id="30" sentence="2" number="29">injured</token>
<token t_id="31" sentence="2" number="30">her</token>
<token t_id="32" sentence="2" number="31">shoulder</token>
<token t_id="33" sentence="2" number="32">,</token>
<token t_id="34" sentence="2" number="33">as</token>
<token t_id="35" sentence="2" number="34">she</token>
<token t_id="36" sentence="2" number="35">was</token>
<token t_id="37" sentence="2" number="36">mounting</token>
<token t_id="38" sentence="2" number="37">for</token>
<token t_id="39" sentence="2" number="38">the</token>
<token t_id="40" sentence="2" number="39">ascent</token>
<token t_id="41" sentence="2" number="40">,</token>
<token t_id="42" sentence="2" number="41">-</token>
<token t_id="43" sentence="2" number="42">everybody</token>
<token t_id="44" sentence="2" number="43">,</token>
<token t_id="45" sentence="2" number="44">I</token>
<token t_id="46" sentence="2" number="45">say</token>
<token t_id="47" sentence="2" number="46">,</token>
<token t_id="48" sentence="2" number="47">goes</token>
<token t_id="49" sentence="2" number="48">up</token>
<token t_id="50" sentence="2" number="49">Vesuvius</token>
<token t_id="51" sentence="2" number="50">,</token>
<token t_id="52" sentence="2" number="51">and</token>
<token t_id="53" sentence="2" number="52">nearly</token>
<token t_id="54" sentence="2" number="53">every</token>
<token t_id="55" sentence="2" number="54">one</token>
<token t_id="56" sentence="2" number="55">writes</token>
<token t_id="57" sentence="2" number="56">impressions</token>
<token t_id="58" sentence="2" number="57">and</token>
<token t_id="59" sentence="2" number="58">descriptions</token>
<token t_id="60" sentence="2" number="59">of</token>
<token t_id="61" sentence="2" number="60">the</token>
<token t_id="62" sentence="2" number="61">performance</token>
<token t_id="63" sentence="2" number="62">.</token>
<token t_id="64" sentence="3" number="63">If</token>
<token t_id="65" sentence="3" number="64">you</token>
<token t_id="66" sentence="3" number="65">believe</token>
<token t_id="67" sentence="3" number="66">the</token>
<token t_id="68" sentence="3" number="67">tales</token>
<token t_id="69" sentence="3" number="68">of</token>
<token t_id="70" sentence="3" number="69">travelers</token>
<token t_id="71" sentence="3" number="70">,</token>
<token t_id="72" sentence="3" number="71">it</token>
<token t_id="73" sentence="3" number="72">is</token>
<token t_id="74" sentence="3" number="73">an</token>
<token t_id="75" sentence="3" number="74">undertaking</token>
<token t_id="76" sentence="3" number="75">of</token>
<token t_id="77" sentence="3" number="76">great</token>
<token t_id="78" sentence="3" number="77">hazard</token>
<token t_id="79" sentence="3" number="78">,</token>
<token t_id="80" sentence="3" number="79">an</token>
<token t_id="81" sentence="3" number="80">experience</token>
<token t_id="82" sentence="3" number="81">of</token>
<token t_id="83" sentence="3" number="82">frightful</token>
<token t_id="84" sentence="3" number="83">emotions</token>
<token t_id="85" sentence="3" number="84">.</token>
<token t_id="86" sentence="4" number="85">How</token>
<token t_id="87" sentence="4" number="86">unsafe</token>
<token t_id="88" sentence="4" number="87">it</token>
<token t_id="89" sentence="4" number="88">is</token>
<token t_id="90" sentence="4" number="89">,</token>
<token t_id="91" sentence="4" number="90">especially</token>
<token t_id="92" sentence="4" number="91">for</token>
<token t_id="93" sentence="4" number="92">ladies</token>
<token t_id="94" sentence="4" number="93">,</token>
<token t_id="95" sentence="4" number="94">I</token>
<token t_id="96" sentence="4" number="95">heard</token>
<token t_id="97" sentence="4" number="96">twenty</token>
<token t_id="98" sentence="4" number="97">times</token>
<token t_id="99" sentence="4" number="98">in</token>
<token t_id="100" sentence="4" number="99">Naples</token>
<token t_id="101" sentence="4" number="100">before</token>
<token t_id="102" sentence="4" number="101">I</token>
<token t_id="103" sentence="4" number="102">had</token>
<token t_id="104" sentence="4" number="103">been</token>
<token t_id="105" sentence="4" number="104">there</token>
<token t_id="106" sentence="4" number="105">a</token>
<token t_id="107" sentence="4" number="106">day</token>
<token t_id="108" sentence="4" number="107">.</token>
<token t_id="109" sentence="5" number="108">Why</token>
<token t_id="110" sentence="5" number="109">,</token>
<token t_id="111" sentence="5" number="110">there</token>
<token t_id="112" sentence="5" number="111">was</token>
<token t_id="113" sentence="5" number="112">a</token>
<token t_id="114" sentence="5" number="113">lady</token>
<token t_id="115" sentence="5" number="114">thrown</token>
<token t_id="116" sentence="5" number="115">from</token>
<token t_id="117" sentence="5" number="116">her</token>
<token t_id="118" sentence="5" number="117">horse</token>
<token t_id="119" sentence="5" number="118">and</token>
<token t_id="120" sentence="5" number="119">nearly</token>
<token t_id="121" sentence="5" number="120">killed</token>
<token t_id="122" sentence="5" number="121">,</token>
<token t_id="123" sentence="5" number="122">only</token>
<token t_id="124" sentence="5" number="123">a</token>
<token t_id="125" sentence="5" number="124">week</token>
<token t_id="126" sentence="5" number="125">ago</token>
<token t_id="127" sentence="5" number="126">;</token>
<token t_id="128" sentence="5" number="127">and</token>
<token t_id="129" sentence="5" number="128">she</token>
<token t_id="130" sentence="5" number="129">still</token>
<token t_id="131" sentence="5" number="130">lay</token>
<token t_id="132" sentence="5" number="131">ill</token>
<token t_id="133" sentence="5" number="132">at</token>
<token t_id="134" sentence="5" number="133">the</token>
<token t_id="135" sentence="5" number="134">next</token>
<token t_id="136" sentence="5" number="135">hotel</token>
<token t_id="137" sentence="5" number="136">,</token>
<token t_id="138" sentence="5" number="137">a</token>
<token t_id="139" sentence="5" number="138">witness</token>
<token t_id="140" sentence="5" number="139">of</token>
<token t_id="141" sentence="5" number="140">the</token>
<token t_id="142" sentence="5" number="141">truth</token>
<token t_id="143" sentence="5" number="142">of</token>
<token t_id="144" sentence="5" number="143">the</token>
<token t_id="145" sentence="5" number="144">story</token>
<token t_id="146" sentence="5" number="145">.</token>
<token t_id="147" sentence="6" number="146">I</token>
<token t_id="148" sentence="6" number="147">imagined</token>
<token t_id="149" sentence="6" number="148">her</token>
<token t_id="150" sentence="6" number="149">plunged</token>
<token t_id="151" sentence="6" number="150">down</token>
<token t_id="152" sentence="6" number="151">a</token>
<token t_id="153" sentence="6" number="152">precipice</token>
<token t_id="154" sentence="6" number="153">of</token>
<token t_id="155" sentence="6" number="154">lava</token>
<token t_id="156" sentence="6" number="155">,</token>
<token t_id="157" sentence="6" number="156">or</token>
<token t_id="158" sentence="6" number="157">pitched</token>
<token t_id="159" sentence="6" number="158">over</token>
<token t_id="160" sentence="6" number="159">the</token>
<token t_id="161" sentence="6" number="160">lip</token>
<token t_id="162" sentence="6" number="161">of</token>
<token t_id="163" sentence="6" number="162">the</token>
<token t_id="164" sentence="6" number="163">crater</token>
<token t_id="165" sentence="6" number="164">,</token>
<token t_id="166" sentence="6" number="165">and</token>
<token t_id="167" sentence="6" number="166">only</token>
<token t_id="168" sentence="6" number="167">rescued</token>
<token t_id="169" sentence="6" number="168">by</token>
<token t_id="170" sentence="6" number="169">the</token>
<token t_id="171" sentence="6" number="170">devotion</token>
<token t_id="172" sentence="6" number="171">of</token>
<token t_id="173" sentence="6" number="172">a</token>
<token t_id="174" sentence="6" number="173">gallant</token>
<token t_id="175" sentence="6" number="174">guide</token>
<token t_id="176" sentence="6" number="175">,</token>
<token t_id="177" sentence="6" number="176">who</token>
<token t_id="178" sentence="6" number="177">threatened</token>
<token t_id="179" sentence="6" number="178">to</token>
<token t_id="180" sentence="6" number="179">let</token>
<token t_id="181" sentence="6" number="180">go</token>
<token t_id="182" sentence="6" number="181">of</token>
<token t_id="183" sentence="6" number="182">her</token>
<token t_id="184" sentence="6" number="183">if</token>
<token t_id="185" sentence="6" number="184">she</token>
<token t_id="186" sentence="6" number="185">did</token>
<token t_id="187" sentence="6" number="186">n't</token>
<token t_id="188" sentence="6" number="187">pay</token>
<token t_id="189" sentence="6" number="188">him</token>
<token t_id="190" sentence="6" number="189">twenty</token>
<token t_id="191" sentence="6" number="190">francs</token>
<token t_id="192" sentence="6" number="191">instantly</token>
<token t_id="193" sentence="6" number="192">.</token>
<token t_id="194" sentence="7" number="193">This</token>
<token t_id="195" sentence="7" number="194">story</token>
<token t_id="196" sentence="7" number="195">,</token>
<token t_id="197" sentence="7" number="196">which</token>
<token t_id="198" sentence="7" number="197">will</token>
<token t_id="199" sentence="7" number="198">live</token>
<token t_id="200" sentence="7" number="199">and</token>
<token t_id="201" sentence="7" number="200">grow</token>
<token t_id="202" sentence="7" number="201">for</token>
<token t_id="203" sentence="7" number="202">years</token>
<token t_id="204" sentence="7" number="203">in</token>
<token t_id="205" sentence="7" number="204">this</token>
<token t_id="206" sentence="7" number="205">region</token>
<token t_id="207" sentence="7" number="206">,</token>
<token t_id="208" sentence="7" number="207">a</token>
<token t_id="209" sentence="7" number="208">waxing</token>
<token t_id="210" sentence="7" number="209">and</token>
<token t_id="211" sentence="7" number="210">never-waning</token>
<token t_id="212" sentence="7" number="211">peril</token>
<token t_id="213" sentence="7" number="212">of</token>
<token t_id="214" sentence="7" number="213">the</token>
<token t_id="215" sentence="7" number="214">volcano</token>
<token t_id="216" sentence="7" number="215">,</token>
<token t_id="217" sentence="7" number="216">I</token>
<token t_id="218" sentence="7" number="217">found</token>
<token t_id="219" sentence="7" number="218">,</token>
<token t_id="220" sentence="7" number="219">subsequently</token>
<token t_id="221" sentence="7" number="220">,</token>
<token t_id="222" sentence="7" number="221">had</token>
<token t_id="223" sentence="7" number="222">the</token>
<token t_id="224" sentence="7" number="223">foundation</token>
<token t_id="225" sentence="7" number="224">I</token>
<token t_id="226" sentence="7" number="225">have</token>
<token t_id="227" sentence="7" number="226">mentioned</token>
<token t_id="228" sentence="7" number="227">above</token>
<token t_id="229" sentence="7" number="228">.</token>
<token t_id="230" sentence="8" number="229">The</token>
<token t_id="231" sentence="8" number="230">lady</token>
<token t_id="232" sentence="8" number="231">did</token>
<token t_id="233" sentence="8" number="232">go</token>
<token t_id="234" sentence="8" number="233">to</token>
<token t_id="235" sentence="8" number="234">Resina</token>
<token t_id="236" sentence="8" number="235">in</token>
<token t_id="237" sentence="8" number="236">order</token>
<token t_id="238" sentence="8" number="237">to</token>
<token t_id="239" sentence="8" number="238">make</token>
<token t_id="240" sentence="8" number="239">the</token>
<token t_id="241" sentence="8" number="240">ascent</token>
<token t_id="242" sentence="8" number="241">of</token>
<token t_id="243" sentence="8" number="242">Vesuvius</token>
<token t_id="244" sentence="8" number="243">,</token>
<token t_id="245" sentence="8" number="244">mounted</token>
<token t_id="246" sentence="8" number="245">a</token>
<token t_id="247" sentence="8" number="246">horse</token>
<token t_id="248" sentence="8" number="247">there</token>
<token t_id="249" sentence="8" number="248">,</token>
<token t_id="250" sentence="8" number="249">fell</token>
<token t_id="251" sentence="8" number="250">off</token>
<token t_id="252" sentence="8" number="251">,</token>
<token t_id="253" sentence="8" number="252">being</token>
<token t_id="254" sentence="8" number="253">utterly</token>
<token t_id="255" sentence="8" number="254">unhorsewomanly</token>
<token t_id="256" sentence="8" number="255">,</token>
<token t_id="257" sentence="8" number="256">and</token>
<token t_id="258" sentence="8" number="257">hurt</token>
<token t_id="259" sentence="8" number="258">herself</token>
<token t_id="260" sentence="8" number="259">;</token>
<token t_id="261" sentence="8" number="260">but</token>
<token t_id="262" sentence="8" number="261">her</token>
<token t_id="263" sentence="8" number="262">injury</token>
<token t_id="264" sentence="8" number="263">had</token>
<token t_id="265" sentence="8" number="264">no</token>
<token t_id="266" sentence="8" number="265">more</token>
<token t_id="267" sentence="8" number="266">to</token>
<token t_id="268" sentence="8" number="267">do</token>
<token t_id="269" sentence="8" number="268">with</token>
<token t_id="270" sentence="8" number="269">Vesuvius</token>
<token t_id="271" sentence="8" number="270">than</token>
<token t_id="272" sentence="8" number="271">it</token>
<token t_id="273" sentence="8" number="272">had</token>
<token t_id="274" sentence="8" number="273">with</token>
<token t_id="275" sentence="8" number="274">the</token>
<token t_id="276" sentence="8" number="275">entrance</token>
<token t_id="277" sentence="8" number="276">of</token>
<token t_id="278" sentence="8" number="277">Victor</token>
<token t_id="279" sentence="8" number="278">Emanuel</token>
<token t_id="280" sentence="8" number="279">into</token>
<token t_id="281" sentence="8" number="280">Naples</token>
<token t_id="282" sentence="8" number="281">,</token>
<token t_id="283" sentence="8" number="282">which</token>
<token t_id="284" sentence="8" number="283">took</token>
<token t_id="285" sentence="8" number="284">place</token>
<token t_id="286" sentence="8" number="285">a</token>
<token t_id="287" sentence="8" number="286">couple</token>
<token t_id="288" sentence="8" number="287">of</token>
<token t_id="289" sentence="8" number="288">weeks</token>
<token t_id="290" sentence="8" number="289">after</token>
<token t_id="291" sentence="8" number="290">.</token>
<token t_id="292" sentence="9" number="291">Well</token>
<token t_id="293" sentence="9" number="292">,</token>
<token t_id="294" sentence="9" number="293">as</token>
<token t_id="295" sentence="9" number="294">I</token>
<token t_id="296" sentence="9" number="295">was</token>
<token t_id="297" sentence="9" number="296">saying</token>
<token t_id="298" sentence="9" number="297">,</token>
<token t_id="299" sentence="9" number="298">it</token>
<token t_id="300" sentence="9" number="299">is</token>
<token t_id="301" sentence="9" number="300">the</token>
<token t_id="302" sentence="9" number="301">fashion</token>
<token t_id="303" sentence="9" number="302">to</token>
<token t_id="304" sentence="9" number="303">write</token>
<token t_id="305" sentence="9" number="304">descriptions</token>
<token t_id="306" sentence="9" number="305">of</token>
<token t_id="307" sentence="9" number="306">Vesuvius</token>
<token t_id="308" sentence="9" number="307">;</token>
<token t_id="309" sentence="9" number="308">and</token>
<token t_id="310" sentence="9" number="309">you</token>
<token t_id="311" sentence="9" number="310">might</token>
<token t_id="312" sentence="9" number="311">as</token>
<token t_id="313" sentence="9" number="312">well</token>
<token t_id="314" sentence="9" number="313">have</token>
<token t_id="315" sentence="9" number="314">mine</token>
<token t_id="316" sentence="9" number="315">,</token>
<token t_id="317" sentence="9" number="316">which</token>
<token t_id="318" sentence="9" number="317">I</token>
<token t_id="319" sentence="9" number="318">shall</token>
<token t_id="320" sentence="9" number="319">give</token>
<token t_id="321" sentence="9" number="320">to</token>
<token t_id="322" sentence="9" number="321">you</token>
<token t_id="323" sentence="9" number="322">in</token>
<token t_id="324" sentence="9" number="323">rough</token>
<token t_id="325" sentence="9" number="324">outline</token>
<token t_id="326" sentence="9" number="325">.</token>
<token t_id="327" sentence="10" number="326">There</token>
<token t_id="328" sentence="10" number="327">came</token>
<token t_id="329" sentence="10" number="328">a</token>
<token t_id="330" sentence="10" number="329">day</token>
<token t_id="331" sentence="10" number="330">when</token>
<token t_id="332" sentence="10" number="331">the</token>
<token t_id="333" sentence="10" number="332">Tramontane</token>
<token t_id="334" sentence="10" number="333">ceased</token>
<token t_id="335" sentence="10" number="334">to</token>
<token t_id="336" sentence="10" number="335">blow</token>
<token t_id="337" sentence="10" number="336">down</token>
<token t_id="338" sentence="10" number="337">on</token>
<token t_id="339" sentence="10" number="338">us</token>
<token t_id="340" sentence="10" number="339">the</token>
<token t_id="341" sentence="10" number="340">cold</token>
<token t_id="342" sentence="10" number="341">air</token>
<token t_id="343" sentence="10" number="342">of</token>
<token t_id="344" sentence="10" number="343">the</token>
<token t_id="345" sentence="10" number="344">snowy</token>
<token t_id="346" sentence="10" number="345">Apennines</token>
<token t_id="347" sentence="10" number="346">,</token>
<token t_id="348" sentence="10" number="347">and</token>
<token t_id="349" sentence="10" number="348">the</token>
<token t_id="350" sentence="10" number="349">white</token>
<token t_id="351" sentence="10" number="350">cap</token>
<token t_id="352" sentence="10" number="351">of</token>
<token t_id="353" sentence="10" number="352">Vesuvius</token>
<token t_id="354" sentence="10" number="353">,</token>
<token t_id="355" sentence="10" number="354">which</token>
<token t_id="356" sentence="10" number="355">is</token>
<token t_id="357" sentence="10" number="356">,</token>
<token t_id="358" sentence="10" number="357">by</token>
<token t_id="359" sentence="10" number="358">the</token>
<token t_id="360" sentence="10" number="359">way</token>
<token t_id="361" sentence="10" number="360">,</token>
<token t_id="362" sentence="10" number="361">worn</token>
<token t_id="363" sentence="10" number="362">generally</token>
<token t_id="364" sentence="10" number="363">like</token>
<token t_id="365" sentence="10" number="364">the</token>
<token t_id="366" sentence="10" number="365">caps</token>
<token t_id="367" sentence="10" number="366">of</token>
<token t_id="368" sentence="10" number="367">the</token>
<token t_id="369" sentence="10" number="368">Neapolitans</token>
<token t_id="370" sentence="10" number="369">,</token>
<token t_id="371" sentence="10" number="370">drifted</token>
<token t_id="372" sentence="10" number="371">inland</token>
<token t_id="373" sentence="10" number="372">instead</token>
<token t_id="374" sentence="10" number="373">of</token>
<token t_id="375" sentence="10" number="374">toward</token>
<token t_id="376" sentence="10" number="375">the</token>
<token t_id="377" sentence="10" number="376">sea</token>
<token t_id="378" sentence="10" number="377">.</token>
<token t_id="379" sentence="11" number="378">Warmer</token>
<token t_id="380" sentence="11" number="379">weather</token>
<token t_id="381" sentence="11" number="380">had</token>
<token t_id="382" sentence="11" number="381">come</token>
<token t_id="383" sentence="11" number="382">to</token>
<token t_id="384" sentence="11" number="383">make</token>
<token t_id="385" sentence="11" number="384">the</token>
<token t_id="386" sentence="11" number="385">bright</token>
<token t_id="387" sentence="11" number="386">sunshine</token>
<token t_id="388" sentence="11" number="387">no</token>
<token t_id="389" sentence="11" number="388">longer</token>
<token t_id="390" sentence="11" number="389">a</token>
<token t_id="391" sentence="11" number="390">mockery</token>
<token t_id="392" sentence="11" number="391">.</token>
<token t_id="393" sentence="12" number="392">For</token>
<token t_id="394" sentence="12" number="393">some</token>
<token t_id="395" sentence="12" number="394">days</token>
<token t_id="396" sentence="12" number="395">I</token>
<token t_id="397" sentence="12" number="396">had</token>
<token t_id="398" sentence="12" number="397">been</token>
<token t_id="399" sentence="12" number="398">getting</token>
<token t_id="400" sentence="12" number="399">the</token>
<token t_id="401" sentence="12" number="400">gauge</token>
<token t_id="402" sentence="12" number="401">of</token>
<token t_id="403" sentence="12" number="402">the</token>
<token t_id="404" sentence="12" number="403">mountain</token>
<token t_id="405" sentence="12" number="404">.</token>
<token t_id="406" sentence="13" number="405">With</token>
<token t_id="407" sentence="13" number="406">its</token>
<token t_id="408" sentence="13" number="407">white</token>
<token t_id="409" sentence="13" number="408">plume</token>
<token t_id="410" sentence="13" number="409">it</token>
<token t_id="411" sentence="13" number="410">is</token>
<token t_id="412" sentence="13" number="411">a</token>
<token t_id="413" sentence="13" number="412">constant</token>
<token t_id="414" sentence="13" number="413">quantity</token>
<token t_id="415" sentence="13" number="414">in</token>
<token t_id="416" sentence="13" number="415">the</token>
<token t_id="417" sentence="13" number="416">landscape</token>
<token t_id="418" sentence="13" number="417">:</token>
<token t_id="419" sentence="13" number="418">one</token>
<token t_id="420" sentence="13" number="419">sees</token>
<token t_id="421" sentence="13" number="420">it</token>
<token t_id="422" sentence="13" number="421">from</token>
<token t_id="423" sentence="13" number="422">every</token>
<token t_id="424" sentence="13" number="423">point</token>
<token t_id="425" sentence="13" number="424">of</token>
<token t_id="426" sentence="13" number="425">view</token>
<token t_id="427" sentence="13" number="426">;</token>
<token t_id="428" sentence="13" number="427">and</token>
<token t_id="429" sentence="13" number="428">we</token>
<token t_id="430" sentence="13" number="429">had</token>
<token t_id="431" sentence="13" number="430">been</token>
<token t_id="432" sentence="13" number="431">scarcely</token>
<token t_id="433" sentence="13" number="432">anywhere</token>
<token t_id="434" sentence="13" number="433">that</token>
<token t_id="435" sentence="13" number="434">volcanic</token>
<token t_id="436" sentence="13" number="435">remains</token>
<token t_id="437" sentence="13" number="436">,</token>
<token t_id="438" sentence="13" number="437">or</token>
<token t_id="439" sentence="13" number="438">signs</token>
<token t_id="440" sentence="13" number="439">of</token>
<token t_id="441" sentence="13" number="440">such</token>
<token t_id="442" sentence="13" number="441">action</token>
<token t_id="443" sentence="13" number="442">,</token>
<token t_id="444" sentence="13" number="443">-</token>
<token t_id="445" sentence="13" number="444">a</token>
<token t_id="446" sentence="13" number="445">thin</token>
<token t_id="447" sentence="13" number="446">crust</token>
<token t_id="448" sentence="13" number="447">shaking</token>
<token t_id="449" sentence="13" number="448">under</token>
<token t_id="450" sentence="13" number="449">our</token>
<token t_id="451" sentence="13" number="450">feet</token>
<token t_id="452" sentence="13" number="451">,</token>
<token t_id="453" sentence="13" number="452">as</token>
<token t_id="454" sentence="13" number="453">at</token>
<token t_id="455" sentence="13" number="454">Solfatara</token>
<token t_id="456" sentence="13" number="455">,</token>
<token t_id="457" sentence="13" number="456">where</token>
<token t_id="458" sentence="13" number="457">blasts</token>
<token t_id="459" sentence="13" number="458">of</token>
<token t_id="460" sentence="13" number="459">sulphurous</token>
<token t_id="461" sentence="13" number="460">steam</token>
<token t_id="462" sentence="13" number="461">drove</token>
<token t_id="463" sentence="13" number="462">in</token>
<token t_id="464" sentence="13" number="463">our</token>
<token t_id="465" sentence="13" number="464">faces</token>
<token t_id="466" sentence="13" number="465">,</token>
<token t_id="467" sentence="13" number="466">-</token>
<token t_id="468" sentence="13" number="467">did</token>
<token t_id="469" sentence="13" number="468">not</token>
<token t_id="470" sentence="13" number="469">remind</token>
<token t_id="471" sentence="13" number="470">us</token>
<token t_id="472" sentence="13" number="471">that</token>
<token t_id="473" sentence="13" number="472">the</token>
<token t_id="474" sentence="13" number="473">whole</token>
<token t_id="475" sentence="13" number="474">ground</token>
<token t_id="476" sentence="13" number="475">is</token>
<token t_id="477" sentence="13" number="476">uncertain</token>
<token t_id="478" sentence="13" number="477">,</token>
<token t_id="479" sentence="13" number="478">and</token>
<token t_id="480" sentence="13" number="479">undermined</token>
<token t_id="481" sentence="13" number="480">by</token>
<token t_id="482" sentence="13" number="481">the</token>
<token t_id="483" sentence="13" number="482">subterranean</token>
<token t_id="484" sentence="13" number="483">fires</token>
<token t_id="485" sentence="13" number="484">that</token>
<token t_id="486" sentence="13" number="485">have</token>
<token t_id="487" sentence="13" number="486">Vesuvius</token>
<token t_id="488" sentence="13" number="487">for</token>
<token t_id="489" sentence="13" number="488">a</token>
<token t_id="490" sentence="13" number="489">chimney</token>
<token t_id="491" sentence="13" number="490">.</token>
<token t_id="492" sentence="14" number="491">All</token>
<token t_id="493" sentence="14" number="492">the</token>
<token t_id="494" sentence="14" number="493">coast</token>
<token t_id="495" sentence="14" number="494">of</token>
<token t_id="496" sentence="14" number="495">the</token>
<token t_id="497" sentence="14" number="496">bay</token>
<token t_id="498" sentence="14" number="497">,</token>
<token t_id="499" sentence="14" number="498">within</token>
<token t_id="500" sentence="14" number="499">recent</token>
<token t_id="501" sentence="14" number="500">historic</token>
<token t_id="502" sentence="14" number="501">periods</token>
<token t_id="503" sentence="14" number="502">,</token>
<token t_id="504" sentence="14" number="503">in</token>
<token t_id="505" sentence="14" number="504">different</token>
<token t_id="506" sentence="14" number="505">spots</token>
<token t_id="507" sentence="14" number="506">at</token>
<token t_id="508" sentence="14" number="507">different</token>
<token t_id="509" sentence="14" number="508">times</token>
<token t_id="510" sentence="14" number="509">,</token>
<token t_id="511" sentence="14" number="510">has</token>
<token t_id="512" sentence="14" number="511">risen</token>
<token t_id="513" sentence="14" number="512">and</token>
<token t_id="514" sentence="14" number="513">sunk</token>
<token t_id="515" sentence="14" number="514">and</token>
<token t_id="516" sentence="14" number="515">risen</token>
<token t_id="517" sentence="14" number="516">again</token>
<token t_id="518" sentence="14" number="517">,</token>
<token t_id="519" sentence="14" number="518">in</token>
<token t_id="520" sentence="14" number="519">simple</token>
<token t_id="521" sentence="14" number="520">obedience</token>
<token t_id="522" sentence="14" number="521">to</token>
<token t_id="523" sentence="14" number="522">the</token>
<token t_id="524" sentence="14" number="523">pulsations</token>
<token t_id="525" sentence="14" number="524">of</token>
<token t_id="526" sentence="14" number="525">the</token>
<token t_id="527" sentence="14" number="526">great</token>
<token t_id="528" sentence="14" number="527">fiery</token>
<token t_id="529" sentence="14" number="528">monster</token>
<token t_id="530" sentence="14" number="529">below</token>
<token t_id="531" sentence="14" number="530">.</token>
<token t_id="532" sentence="15" number="531">It</token>
<token t_id="533" sentence="15" number="532">puffs</token>
<token t_id="534" sentence="15" number="533">up</token>
<token t_id="535" sentence="15" number="534">or</token>
<token t_id="536" sentence="15" number="535">sinks</token>
<token t_id="537" sentence="15" number="536">,</token>
<token t_id="538" sentence="15" number="537">like</token>
<token t_id="539" sentence="15" number="538">the</token>
<token t_id="540" sentence="15" number="539">crust</token>
<token t_id="541" sentence="15" number="540">of</token>
<token t_id="542" sentence="15" number="541">a</token>
<token t_id="543" sentence="15" number="542">baking</token>
<token t_id="544" sentence="15" number="543">apple-pie</token>
<token t_id="545" sentence="15" number="544">.</token>
<token t_id="546" sentence="16" number="545">This</token>
<token t_id="547" sentence="16" number="546">region</token>
<token t_id="548" sentence="16" number="547">is</token>
<token t_id="549" sentence="16" number="548">evidently</token>
<token t_id="550" sentence="16" number="549">not</token>
<token t_id="551" sentence="16" number="550">done</token>
<token t_id="552" sentence="16" number="551">;</token>
<token t_id="553" sentence="16" number="552">and</token>
<token t_id="554" sentence="16" number="553">I</token>
<token t_id="555" sentence="16" number="554">think</token>
<token t_id="556" sentence="16" number="555">it</token>
<token t_id="557" sentence="16" number="556">not</token>
<token t_id="558" sentence="16" number="557">unlikely</token>
<token t_id="559" sentence="16" number="558">it</token>
<token t_id="560" sentence="16" number="559">may</token>
<token t_id="561" sentence="16" number="560">have</token>
<token t_id="562" sentence="16" number="561">to</token>
<token t_id="563" sentence="16" number="562">be</token>
<token t_id="564" sentence="16" number="563">turned</token>
<token t_id="565" sentence="16" number="564">over</token>
<token t_id="566" sentence="16" number="565">again</token>
<token t_id="567" sentence="16" number="566">before</token>
<token t_id="568" sentence="16" number="567">it</token>
<token t_id="569" sentence="16" number="568">is</token>
<token t_id="570" sentence="16" number="569">.</token>
<token t_id="571" sentence="17" number="570">We</token>
<token t_id="572" sentence="17" number="571">had</token>
<token t_id="573" sentence="17" number="572">seen</token>
<token t_id="574" sentence="17" number="573">where</token>
<token t_id="575" sentence="17" number="574">Herculaneum</token>
<token t_id="576" sentence="17" number="575">lies</token>
<token t_id="577" sentence="17" number="576">under</token>
<token t_id="578" sentence="17" number="577">the</token>
<token t_id="579" sentence="17" number="578">lava</token>
<token t_id="580" sentence="17" number="579">and</token>
<token t_id="581" sentence="17" number="580">under</token>
<token t_id="582" sentence="17" number="581">the</token>
<token t_id="583" sentence="17" number="582">town</token>
<token t_id="584" sentence="17" number="583">of</token>
<token t_id="585" sentence="17" number="584">Resina</token>
<token t_id="586" sentence="17" number="585">;</token>
<token t_id="587" sentence="17" number="586">we</token>
<token t_id="588" sentence="17" number="587">had</token>
<token t_id="589" sentence="17" number="588">walked</token>
<token t_id="590" sentence="17" number="589">those</token>
<token t_id="591" sentence="17" number="590">clean</token>
<token t_id="592" sentence="17" number="591">and</token>
<token t_id="593" sentence="17" number="592">narrow</token>
<token t_id="594" sentence="17" number="593">streets</token>
<token t_id="595" sentence="17" number="594">of</token>
<token t_id="596" sentence="17" number="595">Pompeii</token>
<token t_id="597" sentence="17" number="596">,</token>
<token t_id="598" sentence="17" number="597">and</token>
<token t_id="599" sentence="17" number="598">seen</token>
<token t_id="600" sentence="17" number="599">the</token>
<token t_id="601" sentence="17" number="600">workmen</token>
<token t_id="602" sentence="17" number="601">picking</token>
<token t_id="603" sentence="17" number="602">away</token>
<token t_id="604" sentence="17" number="603">at</token>
<token t_id="605" sentence="17" number="604">the</token>
<token t_id="606" sentence="17" number="605">imbedded</token>
<token t_id="607" sentence="17" number="606">gravel</token>
<token t_id="608" sentence="17" number="607">,</token>
<token t_id="609" sentence="17" number="608">sand</token>
<token t_id="610" sentence="17" number="609">,</token>
<token t_id="611" sentence="17" number="610">and</token>
<token t_id="612" sentence="17" number="611">ashes</token>
<token t_id="613" sentence="17" number="612">which</token>
<token t_id="614" sentence="17" number="613">still</token>
<token t_id="615" sentence="17" number="614">cover</token>
<token t_id="616" sentence="17" number="615">nearly</token>
<token t_id="617" sentence="17" number="616">two</token>
<token t_id="618" sentence="17" number="617">thirds</token>
<token t_id="619" sentence="17" number="618">of</token>
<token t_id="620" sentence="17" number="619">the</token>
<token t_id="621" sentence="17" number="620">nice</token>
<token t_id="622" sentence="17" number="621">little</token>
<token t_id="623" sentence="17" number="622">,</token>
<token t_id="624" sentence="17" number="623">tight</token>
<token t_id="625" sentence="17" number="624">little</token>
<token t_id="626" sentence="17" number="625">Roman</token>
<token t_id="627" sentence="17" number="626">city</token>
<token t_id="628" sentence="17" number="627">;</token>
<token t_id="629" sentence="17" number="628">we</token>
<token t_id="630" sentence="17" number="629">had</token>
<token t_id="631" sentence="17" number="630">looked</token>
<token t_id="632" sentence="17" number="631">at</token>
<token t_id="633" sentence="17" number="632">the</token>
<token t_id="634" sentence="17" number="633">black</token>
<token t_id="635" sentence="17" number="634">gashes</token>
<token t_id="636" sentence="17" number="635">on</token>
<token t_id="637" sentence="17" number="636">the</token>
<token t_id="638" sentence="17" number="637">mountain-sides</token>
<token t_id="639" sentence="17" number="638">,</token>
<token t_id="640" sentence="17" number="639">where</token>
<token t_id="641" sentence="17" number="640">the</token>
<token t_id="642" sentence="17" number="641">lava</token>
<token t_id="643" sentence="17" number="642">streams</token>
<token t_id="644" sentence="17" number="643">had</token>
<token t_id="645" sentence="17" number="644">gushed</token>
<token t_id="646" sentence="17" number="645">and</token>
<token t_id="647" sentence="17" number="646">rolled</token>
<token t_id="648" sentence="17" number="647">and</token>
<token t_id="649" sentence="17" number="648">twisted</token>
<token t_id="650" sentence="17" number="649">over</token>
<token t_id="651" sentence="17" number="650">vineyards</token>
<token t_id="652" sentence="17" number="651">and</token>
<token t_id="653" sentence="17" number="652">villas</token>
<token t_id="654" sentence="17" number="653">and</token>
<token t_id="655" sentence="17" number="654">villages</token>
<token t_id="656" sentence="17" number="655">;</token>
<token t_id="657" sentence="17" number="656">and</token>
<token t_id="658" sentence="17" number="657">we</token>
<token t_id="659" sentence="17" number="658">decided</token>
<token t_id="660" sentence="17" number="659">to</token>
<token t_id="661" sentence="17" number="660">take</token>
<token t_id="662" sentence="17" number="661">a</token>
<token t_id="663" sentence="17" number="662">nearer</token>
<token t_id="664" sentence="17" number="663">look</token>
<token t_id="665" sentence="17" number="664">at</token>
<token t_id="666" sentence="17" number="665">the</token>
<token t_id="667" sentence="17" number="666">immediate</token>
<token t_id="668" sentence="17" number="667">cause</token>
<token t_id="669" sentence="17" number="668">of</token>
<token t_id="670" sentence="17" number="669">all</token>
<token t_id="671" sentence="17" number="670">this</token>
<token t_id="672" sentence="17" number="671">abnormal</token>
<token t_id="673" sentence="17" number="672">state</token>
<token t_id="674" sentence="17" number="673">of</token>
<token t_id="675" sentence="17" number="674">things</token>
<token t_id="676" sentence="17" number="675">.</token>


<Markables>
<EVENT_MENTION m_id="33" factuality="" modality="" pred="" pos="" aspect="" certainty="" comment="" class="SPACE-MOVEMENT" tense="" polarity=""  >
<token_anchor t_id="233"/>
</EVENT_MENTION>
<EVENT_MENTION m_id="65" factuality="" modality="" pred="" pos="" aspect="" certainty="" comment="" class="SPACE-MOVEMENT" tense="" polarity=""  >
<token_anchor t_id="514"/>
</EVENT_MENTION>
<EVENT_MENTION m_id="1" factuality="" modality="" pred="" pos="" aspect="" certainty="" comment="" class="SPACE-MOVEMENT" tense="" polarity=""  >
<token_anchor t_id="2"/>
</EVENT_MENTION>
<EVENT_MENTION m_id="34" factuality="" modality="" pred="" pos="" aspect="" certainty="" comment="" class="SPACE-MOVEMENT" tense="" polarity=""  >
<token_anchor t_id="239"/>
<token_anchor t_id="240"/>
<token_anchor t_id="241"/>
</EVENT_MENTION>
<EVENT_MENTION m_id="66" factuality="" modality="" pred="" pos="" aspect="" certainty="" comment="" class="SPACE-MOVEMENT" tense="" polarity=""  >
<token_anchor t_id="516"/>
</EVENT_MENTION>
<EVENT_MENTION m_id="2" factuality="" modality="" pred="" pos="" aspect="" certainty="" comment="" class="SPACE-MOVEMENT" tense="" polarity=""  >
<token_anchor t_id="7"/>
</EVENT_MENTION>
<EVENT_MENTION m_id="35" factuality="" modality="" pred="" pos="" aspect="" certainty="" comment="" class="SPACE-MOVEMENT" tense="" polarity=""  >
<token_anchor t_id="245"/>
</EVENT_MENTION>
<EVENT_MENTION m_id="67" factuality="" modality="" pred="" pos="" aspect="" certainty="" comment="" class="SPACE-MOVEMENT" tense="" polarity=""  >
<token_anchor t_id="524"/>
</EVENT_MENTION>
<EVENT_MENTION m_id="3" factuality="" modality="" pred="" pos="" aspect="" certainty="" comment="" class="SPACE-MOVEMENT" tense="" polarity=""  >
<token_anchor t_id="20"/>
</EVENT_MENTION>
<EVENT_MENTION m_id="36" factuality="" modality="" pred="" pos="" aspect="" certainty="" comment="" class="SPACE-MOVEMENT" tense="" polarity=""  >
<token_anchor t_id="250"/>
<token_anchor t_id="251"/>
</EVENT_MENTION>
<EVENT_MENTION m_id="68" factuality="" modality="" pred="" pos="" aspect="" certainty="" comment="" class="SPACE-MOVEMENT" tense="" polarity=""  >
<token_anchor t_id="533"/>
<token_anchor t_id="534"/>
</EVENT_MENTION>
<EVENT_MENTION m_id="4" factuality="" modality="" pred="" pos="" aspect="" certainty="" comment="" class="LIFE-HEALTH" tense="" polarity=""  >
<token_anchor t_id="30"/>
</EVENT_MENTION>
<EVENT_MENTION m_id="37" factuality="" modality="" pred="" pos="" aspect="" certainty="" comment="" class="LIFE-HEALTH" tense="" polarity=""  >
<token_anchor t_id="258"/>
</EVENT_MENTION>
<EVENT_MENTION m_id="69" factuality="" modality="" pred="" pos="" aspect="" certainty="" comment="" class="SPACE-MOVEMENT" tense="" polarity=""  >
<token_anchor t_id="536"/>
</EVENT_MENTION>
<EVENT_MENTION m_id="5" factuality="" modality="" pred="" pos="" aspect="" certainty="" comment="" class="SPACE-MOVEMENT" tense="" polarity=""  >
<token_anchor t_id="37"/>
</EVENT_MENTION>
<EVENT_MENTION m_id="38" factuality="" modality="" pred="" pos="" aspect="" certainty="" comment="" class="GENERAL" tense="" polarity=""  >
<token_anchor t_id="264"/>
<token_anchor t_id="267"/>
<token_anchor t_id="268"/>
<token_anchor t_id="269"/>
</EVENT_MENTION>
<EVENT_MENTION m_id="70" factuality="" modality="" pred="" pos="" aspect="" certainty="" comment="" class="EMOTIONS-EVALUATIONS" tense="" polarity=""  >
<token_anchor t_id="548"/>
<token_anchor t_id="549"/>
<token_anchor t_id="550"/>
<token_anchor t_id="551"/>
</EVENT_MENTION>
<EVENT_MENTION m_id="6" factuality="" modality="" pred="" pos="" aspect="" certainty="" comment="" class="SPACE-MOVEMENT" tense="" polarity=""  >
<token_anchor t_id="40"/>
</EVENT_MENTION>
<EVENT_MENTION m_id="39" factuality="" modality="" pred="" pos="" aspect="" certainty="" comment="" class="POSSESSION" tense="" polarity=""  >
<token_anchor t_id="273"/>
</EVENT_MENTION>
<EVENT_MENTION m_id="71" factuality="" modality="" pred="" pos="" aspect="" certainty="" comment="" class="MENTAL" tense="" polarity=""  >
<token_anchor t_id="555"/>
</EVENT_MENTION>
<EVENT_MENTION m_id="7" factuality="" modality="" pred="" pos="" aspect="" certainty="" comment="" class="COMMUNICATION" tense="" polarity=""  >
<token_anchor t_id="46"/>
</EVENT_MENTION>
<EVENT_MENTION m_id="40" factuality="" modality="" pred="" pos="" aspect="" certainty="" comment="" class="SPACE-MOVEMENT" tense="" polarity=""  >
<token_anchor t_id="276"/>
</EVENT_MENTION>
<EVENT_MENTION m_id="72" factuality="" modality="" pred="" pos="" aspect="" certainty="" comment="" class="SPACE-MOVEMENT" tense="" polarity=""  >
<token_anchor t_id="564"/>
<token_anchor t_id="565"/>
</EVENT_MENTION>
<EVENT_MENTION m_id="8" factuality="" modality="" pred="" pos="" aspect="" certainty="" comment="" class="SPACE-MOVEMENT" tense="" polarity=""  >
<token_anchor t_id="48"/>
<token_anchor t_id="49"/>
</EVENT_MENTION>
<EVENT_MENTION m_id="41" factuality="" modality="" pred="" pos="" aspect="" certainty="" comment="" class="LIFE-HEALTH" tense="" polarity=""  >
<token_anchor t_id="263"/>
</EVENT_MENTION>
<EVENT_MENTION m_id="73" factuality="" modality="" pred="" pos="" aspect="" certainty="" comment="" class="EMOTIONS-EVALUATIONS" tense="" polarity=""  >
<token_anchor t_id="569"/>
</EVENT_MENTION>
<EVENT_MENTION m_id="9" factuality="" modality="" pred="" pos="" aspect="" certainty="" comment="" class="COMMUNICATION" tense="" polarity=""  >
<token_anchor t_id="56"/>
</EVENT_MENTION>
<EVENT_MENTION m_id="42" factuality="" modality="" pred="" pos="" aspect="" certainty="" comment="" class="GENERAL" tense="" polarity=""  >
<token_anchor t_id="284"/>
<token_anchor t_id="285"/>
</EVENT_MENTION>
<EVENT_MENTION m_id="74" factuality="" modality="" pred="" pos="" aspect="" certainty="" comment="" class="PHYSICAL SENSATIONS" tense="" polarity=""  >
<token_anchor t_id="573"/>
</EVENT_MENTION>
<EVENT_MENTION m_id="10" factuality="" modality="" pred="" pos="" aspect="" certainty="" comment="" class="GENERAL" tense="" polarity=""  >
<token_anchor t_id="62"/>
</EVENT_MENTION>
<EVENT_MENTION m_id="43" factuality="" modality="" pred="" pos="" aspect="" certainty="" comment="" class="COMMUNICATION" tense="" polarity=""  >
<token_anchor t_id="297"/>
</EVENT_MENTION>
<EVENT_MENTION m_id="75" factuality="" modality="" pred="" pos="" aspect="" certainty="" comment="" class="SPACE-MOVEMENT" tense="" polarity=""  >
<token_anchor t_id="576"/>
</EVENT_MENTION>
<EVENT_MENTION m_id="11" factuality="" modality="" pred="" pos="" aspect="" certainty="" comment="" class="MENTAL" tense="" polarity=""  >
<token_anchor t_id="66"/>
</EVENT_MENTION>
<EVENT_MENTION m_id="44" factuality="" modality="" pred="" pos="" aspect="" certainty="" comment="" class="COMMUNICATION" tense="" polarity=""  >
<token_anchor t_id="304"/>
</EVENT_MENTION>
<EVENT_MENTION m_id="76" factuality="" modality="" pred="" pos="" aspect="" certainty="" comment="" class="SPACE-MOVEMENT" tense="" polarity=""  >
<token_anchor t_id="589"/>
</EVENT_MENTION>
<EVENT_MENTION m_id="12" factuality="" modality="" pred="" pos="" aspect="" certainty="" comment="" class="LIFE-HEALTH" tense="" polarity=""  >
<token_anchor t_id="87"/>
<token_anchor t_id="89"/>
</EVENT_MENTION>
<EVENT_MENTION m_id="45" factuality="" modality="" pred="" pos="" aspect="" certainty="" comment="" class="POSSESSION" tense="" polarity=""  >
<token_anchor t_id="314"/>
</EVENT_MENTION>
<EVENT_MENTION m_id="77" factuality="" modality="" pred="" pos="" aspect="" certainty="" comment="" class="PHYSICAL SENSATIONS" tense="" polarity=""  >
<token_anchor t_id="599"/>
</EVENT_MENTION>
<EVENT_MENTION m_id="13" factuality="" modality="" pred="" pos="" aspect="" certainty="" comment="" class="PHYSICAL SENSATIONS" tense="" polarity=""  >
<token_anchor t_id="96"/>
</EVENT_MENTION>
<EVENT_MENTION m_id="46" factuality="" modality="" pred="" pos="" aspect="" certainty="" comment="" class="POSSESSION" tense="" polarity=""  >
<token_anchor t_id="320"/>
</EVENT_MENTION>
<EVENT_MENTION m_id="78" factuality="" modality="" pred="" pos="" aspect="" certainty="" comment="" class="POSSESSION" tense="" polarity=""  >
<token_anchor t_id="602"/>
<token_anchor t_id="603"/>
</EVENT_MENTION>
<EVENT_MENTION m_id="14" factuality="" modality="" pred="" pos="" aspect="" certainty="" comment="" class="EXISTENCE-CAUSATION" tense="" polarity=""  >
<token_anchor t_id="104"/>
</EVENT_MENTION>
<EVENT_MENTION m_id="47" factuality="" modality="" pred="" pos="" aspect="" certainty="" comment="" class="ENTERTAINMENT-ART" tense="" polarity=""  >
<token_anchor t_id="300"/>
<token_anchor t_id="301"/>
<token_anchor t_id="302"/>
</EVENT_MENTION>
<EVENT_MENTION m_id="79" factuality="" modality="" pred="" pos="" aspect="" certainty="" comment="" class="SPACE-MOVEMENT" tense="" polarity=""  >
<token_anchor t_id="615"/>
</EVENT_MENTION>
<EVENT_MENTION m_id="15" factuality="" modality="" pred="" pos="" aspect="" certainty="" comment="" class="EXISTENCE-CAUSATION" tense="" polarity=""  >
<token_anchor t_id="112"/>
</EVENT_MENTION>
<EVENT_MENTION m_id="48" factuality="" modality="" pred="" pos="" aspect="" certainty="" comment="" class="TIME" tense="" polarity=""  >
<token_anchor t_id="334"/>
</EVENT_MENTION>
<EVENT_MENTION m_id="80" factuality="" modality="" pred="" pos="" aspect="" certainty="" comment="" class="PHYSICAL SENSATIONS" tense="" polarity=""  >
<token_anchor t_id="631"/>
</EVENT_MENTION>
<EVENT_MENTION m_id="16" factuality="" modality="" pred="" pos="" aspect="" certainty="" comment="" class="SPACE-MOVEMENT" tense="" polarity=""  >
<token_anchor t_id="115"/>
</EVENT_MENTION>
<EVENT_MENTION m_id="49" factuality="" modality="" pred="" pos="" aspect="" certainty="" comment="" class="ENVIRONMENT" tense="" polarity=""  >
<token_anchor t_id="336"/>
<token_anchor t_id="337"/>
</EVENT_MENTION>
<EVENT_MENTION m_id="81" factuality="" modality="" pred="" pos="" aspect="" certainty="" comment="" class="SPACE-MOVEMENT" tense="" polarity=""  >
<token_anchor t_id="645"/>
</EVENT_MENTION>
<EVENT_MENTION m_id="17" factuality="" modality="" pred="" pos="" aspect="" certainty="" comment="" class="LIFE-HEALTH" tense="" polarity=""  >
<token_anchor t_id="121"/>
</EVENT_MENTION>
<EVENT_MENTION m_id="50" factuality="" modality="" pred="" pos="" aspect="" certainty="" comment="" class="CLOTHES" tense="" polarity=""  >
<token_anchor t_id="362"/>
</EVENT_MENTION>
<EVENT_MENTION m_id="82" factuality="" modality="" pred="" pos="" aspect="" certainty="" comment="" class="SPACE-MOVEMENT" tense="" polarity=""  >
<token_anchor t_id="647"/>
</EVENT_MENTION>
<EVENT_MENTION m_id="18" factuality="" modality="" pred="" pos="" aspect="" certainty="" comment="" class="SPACE-MOVEMENT" tense="" polarity=""  >
<token_anchor t_id="131"/>
</EVENT_MENTION>
<EVENT_MENTION m_id="51" factuality="" modality="" pred="" pos="" aspect="" certainty="" comment="" class="ENVIRONMENT" tense="" polarity=""  >
<token_anchor t_id="371"/>
</EVENT_MENTION>
<EVENT_MENTION m_id="83" factuality="" modality="" pred="" pos="" aspect="" certainty="" comment="" class="SPACE-MOVEMENT" tense="" polarity=""  >
<token_anchor t_id="649"/>
</EVENT_MENTION>
<EVENT_MENTION m_id="19" factuality="" modality="" pred="" pos="" aspect="" certainty="" comment="" class="LIFE-HEALTH" tense="" polarity=""  >
<token_anchor t_id="132"/>
</EVENT_MENTION>
<EVENT_MENTION m_id="20" factuality="" modality="" pred="" pos="" aspect="" certainty="" comment="" class="MENTAL" tense="" polarity=""  >
<token_anchor t_id="148"/>
</EVENT_MENTION>
<EVENT_MENTION m_id="52" factuality="" modality="" pred="" pos="" aspect="" certainty="" comment="" class="EXISTENCE-CAUSATION" tense="" polarity=""  >
<token_anchor t_id="382"/>
</EVENT_MENTION>
<EVENT_MENTION m_id="84" factuality="" modality="" pred="" pos="" aspect="" certainty="" comment="" class="MENTAL" tense="" polarity=""  >
<token_anchor t_id="659"/>
</EVENT_MENTION>
<EVENT_MENTION m_id="21" factuality="" modality="" pred="" pos="" aspect="" certainty="" comment="" class="SPACE-MOVEMENT" tense="" polarity=""  >
<token_anchor t_id="150"/>
</EVENT_MENTION>
<EVENT_MENTION m_id="53" factuality="" modality="" pred="" pos="" aspect="" certainty="" comment="" class="EXISTENCE-CAUSATION" tense="" polarity=""  >
<token_anchor t_id="384"/>
</EVENT_MENTION>
<EVENT_MENTION m_id="85" factuality="" modality="" pred="" pos="" aspect="" certainty="" comment="" class="PHYSICAL SENSATIONS" tense="" polarity=""  >
<token_anchor t_id="661"/>
<token_anchor t_id="662"/>
<token_anchor t_id="663"/>
<token_anchor t_id="664"/>
</EVENT_MENTION>
<EVENT_MENTION m_id="22" factuality="" modality="" pred="" pos="" aspect="" certainty="" comment="" class="SPACE-MOVEMENT" tense="" polarity=""  >
<token_anchor t_id="158"/>
</EVENT_MENTION>
<EVENT_MENTION m_id="54" factuality="" modality="" pred="" pos="" aspect="" certainty="" comment="" class="MENTAL" tense="" polarity=""  >
<token_anchor t_id="391"/>
</EVENT_MENTION>
<EVENT_MENTION m_id="86" factuality="" modality="" pred="" pos="" aspect="" certainty="" comment="" class="TIME" tense="" polarity=""  >
<token_anchor t_id="328"/>
<token_anchor t_id="329"/>
<token_anchor t_id="330"/>
</EVENT_MENTION>
<EVENT_MENTION m_id="23" factuality="" modality="" pred="" pos="" aspect="" certainty="" comment="" class="GENERAL" tense="" polarity=""  >
<token_anchor t_id="168"/>
</EVENT_MENTION>
<EVENT_MENTION m_id="55" factuality="" modality="" pred="" pos="" aspect="" certainty="" comment="" class="MEASURE" tense="" polarity=""  >
<token_anchor t_id="399"/>
<token_anchor t_id="400"/>
<token_anchor t_id="401"/>
</EVENT_MENTION>
<EVENT_MENTION m_id="87" factuality="" modality="" pred="" pos="" aspect="" certainty="" comment="" class="GENERAL" tense="" polarity=""  >
<token_anchor t_id="442"/>
</EVENT_MENTION>
<EVENT_MENTION m_id="24" factuality="" modality="" pred="" pos="" aspect="" certainty="" comment="" class="EMOTIONS-EVALUATIONS" tense="" polarity=""  >
<token_anchor t_id="178"/>
</EVENT_MENTION>
<EVENT_MENTION m_id="56" factuality="" modality="" pred="" pos="" aspect="" certainty="" comment="" class="MEASURE" tense="" polarity=""  >
<token_anchor t_id="411"/>
<token_anchor t_id="412"/>
<token_anchor t_id="413"/>
<token_anchor t_id="414"/>
</EVENT_MENTION>
<EVENT_MENTION m_id="88" factuality="" modality="" pred="" pos="" aspect="" certainty="" comment="" class="EMOTIONS-EVALUATIONS" tense="" polarity=""  >
<token_anchor t_id="171"/>
</EVENT_MENTION>
<EVENT_MENTION m_id="25" factuality="" modality="" pred="" pos="" aspect="" certainty="" comment="" class="TRADE-WORK" tense="" polarity=""  >
<token_anchor t_id="188"/>
</EVENT_MENTION>
<EVENT_MENTION m_id="57" factuality="" modality="" pred="" pos="" aspect="" certainty="" comment="" class="PHYSICAL SENSATIONS" tense="" polarity=""  >
<token_anchor t_id="420"/>
</EVENT_MENTION>
<EVENT_MENTION m_id="89" factuality="" modality="" pred="" pos="" aspect="" certainty="" comment="" class="EXISTENCE-CAUSATION" tense="" polarity=""  >
<token_anchor t_id="180"/>
</EVENT_MENTION>
<EVENT_MENTION m_id="26" factuality="" modality="" pred="" pos="" aspect="" certainty="" comment="" class="SPACE-MOVEMENT" tense="" polarity=""  >
<token_anchor t_id="181"/>
</EVENT_MENTION>
<EVENT_MENTION m_id="58" factuality="" modality="" pred="" pos="" aspect="" certainty="" comment="" class="EXISTENCE-CAUSATION" tense="" polarity=""  >
<token_anchor t_id="431"/>
</EVENT_MENTION>
<EVENT_MENTION m_id="90" factuality="" modality="" pred="" pos="" aspect="" certainty="" comment="" class="SPACE-MOVEMENT" tense="" polarity=""  >
<token_anchor t_id="606"/>
</EVENT_MENTION>
<EVENT_MENTION m_id="27" factuality="" modality="" pred="" pos="" aspect="" certainty="" comment="" class="EXISTENCE-CAUSATION" tense="" polarity=""  >
<token_anchor t_id="199"/>
</EVENT_MENTION>
<EVENT_MENTION m_id="59" factuality="" modality="" pred="" pos="" aspect="" certainty="" comment="" class="SPACE-MOVEMENT" tense="" polarity=""  >
<token_anchor t_id="448"/>
</EVENT_MENTION>
<EVENT_MENTION m_id="91" factuality="" modality="" pred="" pos="" aspect="" certainty="" comment="" class="FOOD-FARMING" tense="" polarity=""  >
<token_anchor t_id="543"/>
</EVENT_MENTION>
<EVENT_MENTION m_id="28" factuality="" modality="" pred="" pos="" aspect="" certainty="" comment="" class="MEASURE" tense="" polarity=""  >
<token_anchor t_id="201"/>
</EVENT_MENTION>
<EVENT_MENTION m_id="60" factuality="" modality="" pred="" pos="" aspect="" certainty="" comment="" class="SPACE-MOVEMENT" tense="" polarity=""  >
<token_anchor t_id="462"/>
</EVENT_MENTION>
<EVENT_MENTION m_id="92" factuality="" modality="" pred="" pos="" aspect="" certainty="" comment="" class="EXISTENCE-CAUSATION" tense="" polarity=""  >
<token_anchor t_id="73"/>
<token_anchor t_id="74"/>
<token_anchor t_id="75"/>
<token_anchor t_id="76"/>
<token_anchor t_id="77"/>
<token_anchor t_id="78"/>
<token_anchor t_id="79"/>
<token_anchor t_id="80"/>
<token_anchor t_id="81"/>
<token_anchor t_id="82"/>
<token_anchor t_id="83"/>
<token_anchor t_id="84"/>
</EVENT_MENTION>
<EVENT_MENTION m_id="29" factuality="" modality="" pred="" pos="" aspect="" certainty="" comment="" class="EMOTIONS-EVALUATIONS" tense="" polarity=""  >
<token_anchor t_id="212"/>
</EVENT_MENTION>
<EVENT_MENTION m_id="61" factuality="" modality="" pred="" pos="" aspect="" certainty="" comment="" class="MENTAL" tense="" polarity=""  >
<token_anchor t_id="470"/>
</EVENT_MENTION>
<EVENT_MENTION m_id="93" factuality="" modality="" pred="" pos="" aspect="" certainty="" comment="" class="SPACE-MOVEMENT" tense="" polarity=""  >
<token_anchor t_id="253"/>
<token_anchor t_id="254"/>
<token_anchor t_id="255"/>
</EVENT_MENTION>
<EVENT_MENTION m_id="30" factuality="" modality="" pred="" pos="" aspect="" certainty="" comment="" class="GENERAL" tense="" polarity=""  >
<token_anchor t_id="218"/>
</EVENT_MENTION>
<EVENT_MENTION m_id="62" factuality="" modality="" pred="" pos="" aspect="" certainty="" comment="" class="ENVIRONMENT" tense="" polarity=""  >
<token_anchor t_id="476"/>
<token_anchor t_id="477"/>
<token_anchor t_id="478"/>
<token_anchor t_id="479"/>
<token_anchor t_id="480"/>
</EVENT_MENTION>
<EVENT_MENTION m_id="31" factuality="" modality="" pred="" pos="" aspect="" certainty="" comment="" class="COMMUNICATION" tense="" polarity=""  >
<token_anchor t_id="227"/>
</EVENT_MENTION>
<EVENT_MENTION m_id="63" factuality="" modality="" pred="" pos="" aspect="" certainty="" comment="" class="POSSESSION" tense="" polarity=""  >
<token_anchor t_id="486"/>
</EVENT_MENTION>
<EVENT_MENTION m_id="32" factuality="" modality="" pred="" pos="" aspect="" certainty="" comment="" class="EMOTIONS-EVALUATIONS" tense="" polarity=""  >
<token_anchor t_id="222"/>
<token_anchor t_id="223"/>
<token_anchor t_id="224"/>
</EVENT_MENTION>
<EVENT_MENTION m_id="64" factuality="" modality="" pred="" pos="" aspect="" certainty="" comment="" class="SPACE-MOVEMENT" tense="" polarity=""  >
<token_anchor t_id="512"/>
</EVENT_MENTION>


</Markables>

<Relations>
</Relations>
</Document>
