<Document doc_name="10)NAPLES, March 7th.txt">
<token t_id="1" sentence="0" number="0">NAPLES</token>
<token t_id="2" sentence="0" number="1">,</token>
<token t_id="3" sentence="0" number="2">March</token>
<token t_id="4" sentence="0" number="3">7th</token>
<token t_id="5" sentence="0" number="4">.</token>
<token t_id="6" sentence="1" number="5">This</token>
<token t_id="7" sentence="1" number="6">whole</token>
<token t_id="8" sentence="1" number="7">morning</token>
<token t_id="9" sentence="1" number="8">we</token>
<token t_id="10" sentence="1" number="9">spent</token>
<token t_id="11" sentence="1" number="10">in</token>
<token t_id="12" sentence="1" number="11">the</token>
<token t_id="13" sentence="1" number="12">Aquarium</token>
<token t_id="14" sentence="1" number="13">,</token>
<token t_id="15" sentence="1" number="14">which</token>
<token t_id="16" sentence="1" number="15">is</token>
<token t_id="17" sentence="1" number="16">down</token>
<token t_id="18" sentence="1" number="17">near</token>
<token t_id="19" sentence="1" number="18">the</token>
<token t_id="20" sentence="1" number="19">sea</token>
<token t_id="21" sentence="1" number="20">,</token>
<token t_id="22" sentence="1" number="21">a</token>
<token t_id="23" sentence="1" number="22">part</token>
<token t_id="24" sentence="1" number="23">of</token>
<token t_id="25" sentence="1" number="24">the</token>
<token t_id="26" sentence="1" number="25">Villa</token>
<token t_id="27" sentence="1" number="26">Nazionale</token>
<token t_id="28" sentence="1" number="27">.</token>
<token t_id="29" sentence="2" number="28">Here</token>
<token t_id="30" sentence="2" number="29">we</token>
<token t_id="31" sentence="2" number="30">saw</token>
<token t_id="32" sentence="2" number="31">all</token>
<token t_id="33" sentence="2" number="32">manner</token>
<token t_id="34" sentence="2" number="33">of</token>
<token t_id="35" sentence="2" number="34">beautiful</token>
<token t_id="36" sentence="2" number="35">and</token>
<token t_id="37" sentence="2" number="36">hideous</token>
<token t_id="38" sentence="2" number="37">creatures</token>
<token t_id="39" sentence="2" number="38">of</token>
<token t_id="40" sentence="2" number="39">the</token>
<token t_id="41" sentence="2" number="40">deep</token>
<token t_id="42" sentence="2" number="41">,</token>
<token t_id="43" sentence="2" number="42">some</token>
<token t_id="44" sentence="2" number="43">exquisitely</token>
<token t_id="45" sentence="2" number="44">colored</token>
<token t_id="46" sentence="2" number="45">fish</token>
<token t_id="47" sentence="2" number="46">from</token>
<token t_id="48" sentence="2" number="47">the</token>
<token t_id="49" sentence="2" number="48">Mediterranean</token>
<token t_id="50" sentence="2" number="49">,</token>
<token t_id="51" sentence="2" number="50">living</token>
<token t_id="52" sentence="2" number="51">coral</token>
<token t_id="53" sentence="2" number="52">,</token>
<token t_id="54" sentence="2" number="53">medusæ</token>
<token t_id="55" sentence="2" number="54">,</token>
<token t_id="56" sentence="2" number="55">crested</token>
<token t_id="57" sentence="2" number="56">blubbers</token>
<token t_id="58" sentence="2" number="57">,</token>
<token t_id="59" sentence="2" number="58">airy</token>
<token t_id="60" sentence="2" number="59">and</token>
<token t_id="61" sentence="2" number="60">transparent</token>
<token t_id="62" sentence="2" number="61">as</token>
<token t_id="63" sentence="2" number="62">soap-bubbles</token>
<token t_id="64" sentence="2" number="63">,</token>
<token t_id="65" sentence="2" number="64">and</token>
<token t_id="66" sentence="2" number="65">the</token>
<token t_id="67" sentence="2" number="66">wonderful</token>
<token t_id="68" sentence="2" number="67">octopus</token>
<token t_id="69" sentence="2" number="68">.</token>
<token t_id="70" sentence="3" number="69">Angela</token>
<token t_id="71" sentence="3" number="70">insisted</token>
<token t_id="72" sentence="3" number="71">on</token>
<token t_id="73" sentence="3" number="72">seeing</token>
<token t_id="74" sentence="3" number="73">these</token>
<token t_id="75" sentence="3" number="74">horrible</token>
<token t_id="76" sentence="3" number="75">creatures</token>
<token t_id="77" sentence="3" number="76">fed</token>
<token t_id="78" sentence="3" number="77">,</token>
<token t_id="79" sentence="3" number="78">and</token>
<token t_id="80" sentence="3" number="79">by</token>
<token t_id="81" sentence="3" number="80">the</token>
<token t_id="82" sentence="3" number="81">time</token>
<token t_id="83" sentence="3" number="82">that</token>
<token t_id="84" sentence="3" number="83">important</token>
<token t_id="85" sentence="3" number="84">ceremony</token>
<token t_id="86" sentence="3" number="85">was</token>
<token t_id="87" sentence="3" number="86">over</token>
<token t_id="88" sentence="3" number="87">and</token>
<token t_id="89" sentence="3" number="88">we</token>
<token t_id="90" sentence="3" number="89">had</token>
<token t_id="91" sentence="3" number="90">walked</token>
<token t_id="92" sentence="3" number="91">through</token>
<token t_id="93" sentence="3" number="92">the</token>
<token t_id="94" sentence="3" number="93">shaded</token>
<token t_id="95" sentence="3" number="94">park</token>
<token t_id="96" sentence="3" number="95">enjoying</token>
<token t_id="97" sentence="3" number="96">the</token>
<token t_id="98" sentence="3" number="97">flowers</token>
<token t_id="99" sentence="3" number="98">,</token>
<token t_id="100" sentence="3" number="99">which</token>
<token t_id="101" sentence="3" number="100">are</token>
<token t_id="102" sentence="3" number="101">blooming</token>
<token t_id="103" sentence="3" number="102">in</token>
<token t_id="104" sentence="3" number="103">profusion</token>
<token t_id="105" sentence="3" number="104">everywhere</token>
<token t_id="106" sentence="3" number="105">,</token>
<token t_id="107" sentence="3" number="106">it</token>
<token t_id="108" sentence="3" number="107">was</token>
<token t_id="109" sentence="3" number="108">time</token>
<token t_id="110" sentence="3" number="109">to</token>
<token t_id="111" sentence="3" number="110">go</token>
<token t_id="112" sentence="3" number="111">home</token>
<token t_id="113" sentence="3" number="112">for</token>
<token t_id="114" sentence="3" number="113">our</token>
<token t_id="115" sentence="3" number="114">second</token>
<token t_id="116" sentence="3" number="115">breakfast</token>
<token t_id="117" sentence="3" number="116">.</token>
<token t_id="118" sentence="4" number="117">We</token>
<token t_id="119" sentence="4" number="118">went</token>
<token t_id="120" sentence="4" number="119">to</token>
<token t_id="121" sentence="4" number="120">Posilipo</token>
<token t_id="122" sentence="4" number="121">in</token>
<token t_id="123" sentence="4" number="122">the</token>
<token t_id="124" sentence="4" number="123">steam</token>
<token t_id="125" sentence="4" number="124">tram</token>
<token t_id="126" sentence="4" number="125">,</token>
<token t_id="127" sentence="4" number="126">this</token>
<token t_id="128" sentence="4" number="127">afternoon</token>
<token t_id="129" sentence="4" number="128">,</token>
<token t_id="130" sentence="4" number="129">and</token>
<token t_id="131" sentence="4" number="130">were</token>
<token t_id="132" sentence="4" number="131">shown</token>
<token t_id="133" sentence="4" number="132">the</token>
<token t_id="134" sentence="4" number="133">old</token>
<token t_id="135" sentence="4" number="134">Roman</token>
<token t_id="136" sentence="4" number="135">columbarium</token>
<token t_id="137" sentence="4" number="136">on</token>
<token t_id="138" sentence="4" number="137">the</token>
<token t_id="139" sentence="4" number="138">hillside</token>
<token t_id="140" sentence="4" number="139">,</token>
<token t_id="141" sentence="4" number="140">popularly</token>
<token t_id="142" sentence="4" number="141">known</token>
<token t_id="143" sentence="4" number="142">as</token>
<token t_id="144" sentence="4" number="143">the</token>
<token t_id="145" sentence="4" number="144">Tomb</token>
<token t_id="146" sentence="4" number="145">of</token>
<token t_id="147" sentence="4" number="146">Virgil</token>
<token t_id="148" sentence="4" number="147">.</token>
<token t_id="149" sentence="5" number="148">Whether</token>
<token t_id="150" sentence="5" number="149">or</token>
<token t_id="151" sentence="5" number="150">not</token>
<token t_id="152" sentence="5" number="151">the</token>
<token t_id="153" sentence="5" number="152">poet</token>
<token t_id="154" sentence="5" number="153">was</token>
<token t_id="155" sentence="5" number="154">buried</token>
<token t_id="156" sentence="5" number="155">there</token>
<token t_id="157" sentence="5" number="156">is</token>
<token t_id="158" sentence="5" number="157">now</token>
<token t_id="159" sentence="5" number="158">disputed</token>
<token t_id="160" sentence="5" number="159">by</token>
<token t_id="161" sentence="5" number="160">scholars</token>
<token t_id="162" sentence="5" number="161">;</token>
<token t_id="163" sentence="5" number="162">however</token>
<token t_id="164" sentence="5" number="163">,</token>
<token t_id="165" sentence="5" number="164">Zelphine</token>
<token t_id="166" sentence="5" number="165">says</token>
<token t_id="167" sentence="5" number="166">that</token>
<token t_id="168" sentence="5" number="167">Virgil</token>
<token t_id="169" sentence="5" number="168">certainly</token>
<token t_id="170" sentence="5" number="169">wrote</token>
<token t_id="171" sentence="5" number="170">his</token>
<token t_id="172" sentence="5" number="171">"</token>
<token t_id="173" sentence="5" number="172">Georgics</token>
<token t_id="174" sentence="5" number="173">"</token>
<token t_id="175" sentence="5" number="174">and</token>
<token t_id="176" sentence="5" number="175">"</token>
<token t_id="177" sentence="5" number="176">Æneid</token>
<token t_id="178" sentence="5" number="177">"</token>
<token t_id="179" sentence="5" number="178">in</token>
<token t_id="180" sentence="5" number="179">his</token>
<token t_id="181" sentence="5" number="180">villa</token>
<token t_id="182" sentence="5" number="181">near</token>
<token t_id="183" sentence="5" number="182">by</token>
<token t_id="184" sentence="5" number="183">,</token>
<token t_id="185" sentence="5" number="184">and</token>
<token t_id="186" sentence="5" number="185">that</token>
<token t_id="187" sentence="5" number="186">Petrarch</token>
<token t_id="188" sentence="5" number="187">considered</token>
<token t_id="189" sentence="5" number="188">this</token>
<token t_id="190" sentence="5" number="189">tomb</token>
<token t_id="191" sentence="5" number="190">sufficiently</token>
<token t_id="192" sentence="5" number="191">important</token>
<token t_id="193" sentence="5" number="192">to</token>
<token t_id="194" sentence="5" number="193">plant</token>
<token t_id="195" sentence="5" number="194">a</token>
<token t_id="196" sentence="5" number="195">laurel</token>
<token t_id="197" sentence="5" number="196">here</token>
<token t_id="198" sentence="5" number="197">.</token>
<token t_id="199" sentence="6" number="198">She</token>
<token t_id="200" sentence="6" number="199">and</token>
<token t_id="201" sentence="6" number="200">I</token>
<token t_id="202" sentence="6" number="201">have</token>
<token t_id="203" sentence="6" number="202">no</token>
<token t_id="204" sentence="6" number="203">patience</token>
<token t_id="205" sentence="6" number="204">with</token>
<token t_id="206" sentence="6" number="205">the</token>
<token t_id="207" sentence="6" number="206">iconoclasts</token>
<token t_id="208" sentence="6" number="207">who</token>
<token t_id="209" sentence="6" number="208">take</token>
<token t_id="210" sentence="6" number="209">so</token>
<token t_id="211" sentence="6" number="210">much</token>
<token t_id="212" sentence="6" number="211">pleasure</token>
<token t_id="213" sentence="6" number="212">in</token>
<token t_id="214" sentence="6" number="213">destroying</token>
<token t_id="215" sentence="6" number="214">our</token>
<token t_id="216" sentence="6" number="215">illusions</token>
<token t_id="217" sentence="6" number="216">,</token>
<token t_id="218" sentence="6" number="217">and</token>
<token t_id="219" sentence="6" number="218">we</token>
<token t_id="220" sentence="6" number="219">see</token>
<token t_id="221" sentence="6" number="220">no</token>
<token t_id="222" sentence="6" number="221">reason</token>
<token t_id="223" sentence="6" number="222">why</token>
<token t_id="224" sentence="6" number="223">the</token>
<token t_id="225" sentence="6" number="224">traveller</token>
<token t_id="226" sentence="6" number="225">should</token>
<token t_id="227" sentence="6" number="226">not</token>
<token t_id="228" sentence="6" number="227">be</token>
<token t_id="229" sentence="6" number="228">allowed</token>
<token t_id="230" sentence="6" number="229">to</token>
<token t_id="231" sentence="6" number="230">weep</token>
<token t_id="232" sentence="6" number="231">over</token>
<token t_id="233" sentence="6" number="232">this</token>
<token t_id="234" sentence="6" number="233">tomb</token>
<token t_id="235" sentence="6" number="234">of</token>
<token t_id="236" sentence="6" number="235">Virgil</token>
<token t_id="237" sentence="6" number="236">,</token>
<token t_id="238" sentence="6" number="237">unless</token>
<token t_id="239" sentence="6" number="238">,</token>
<token t_id="240" sentence="6" number="239">indeed</token>
<token t_id="241" sentence="6" number="240">,</token>
<token t_id="242" sentence="6" number="241">a</token>
<token t_id="243" sentence="6" number="242">more</token>
<token t_id="244" sentence="6" number="243">authentic</token>
<token t_id="245" sentence="6" number="244">one</token>
<token t_id="246" sentence="6" number="245">can</token>
<token t_id="247" sentence="6" number="246">be</token>
<token t_id="248" sentence="6" number="247">furnished</token>
<token t_id="249" sentence="6" number="248">him</token>
<token t_id="250" sentence="6" number="249">.</token>
<token t_id="251" sentence="7" number="250">Later</token>
<token t_id="252" sentence="7" number="251">we</token>
<token t_id="253" sentence="7" number="252">climbed</token>
<token t_id="254" sentence="7" number="253">up</token>
<token t_id="255" sentence="7" number="254">to</token>
<token t_id="256" sentence="7" number="255">the</token>
<token t_id="257" sentence="7" number="256">terraced</token>
<token t_id="258" sentence="7" number="257">garden</token>
<token t_id="259" sentence="7" number="258">that</token>
<token t_id="260" sentence="7" number="259">belongs</token>
<token t_id="261" sentence="7" number="260">to</token>
<token t_id="262" sentence="7" number="261">the</token>
<token t_id="263" sentence="7" number="262">Ristorante</token>
<token t_id="264" sentence="7" number="263">Promessi</token>
<token t_id="265" sentence="7" number="264">Sposi</token>
<token t_id="266" sentence="7" number="265">-</token>
<token t_id="267" sentence="7" number="266">fancy</token>
<token t_id="268" sentence="7" number="267">an</token>
<token t_id="269" sentence="7" number="268">inn</token>
<token t_id="270" sentence="7" number="269">at</token>
<token t_id="271" sentence="7" number="270">home</token>
<token t_id="272" sentence="7" number="271">named</token>
<token t_id="273" sentence="7" number="272">The</token>
<token t_id="274" sentence="7" number="273">Betrothed</token>
<token t_id="275" sentence="7" number="274">!</token>
<token t_id="276" sentence="8" number="275">Here</token>
<token t_id="277" sentence="8" number="276">we</token>
<token t_id="278" sentence="8" number="277">had</token>
<token t_id="279" sentence="8" number="278">afternoon</token>
<token t_id="280" sentence="8" number="279">tea</token>
<token t_id="281" sentence="8" number="280">,</token>
<token t_id="282" sentence="8" number="281">while</token>
<token t_id="283" sentence="8" number="282">our</token>
<token t_id="284" sentence="8" number="283">eyes</token>
<token t_id="285" sentence="8" number="284">were</token>
<token t_id="286" sentence="8" number="285">feasted</token>
<token t_id="287" sentence="8" number="286">with</token>
<token t_id="288" sentence="8" number="287">the</token>
<token t_id="289" sentence="8" number="288">beauties</token>
<token t_id="290" sentence="8" number="289">of</token>
<token t_id="291" sentence="8" number="290">a</token>
<token t_id="292" sentence="8" number="291">gorgeous</token>
<token t_id="293" sentence="8" number="292">sunset</token>
<token t_id="294" sentence="8" number="293">.</token>
<token t_id="295" sentence="9" number="294">Vesuvius</token>
<token t_id="296" sentence="9" number="295">,</token>
<token t_id="297" sentence="9" number="296">Capri</token>
<token t_id="298" sentence="9" number="297">,</token>
<token t_id="299" sentence="9" number="298">Ischia</token>
<token t_id="300" sentence="9" number="299">,</token>
<token t_id="301" sentence="9" number="300">and</token>
<token t_id="302" sentence="9" number="301">all</token>
<token t_id="303" sentence="9" number="302">the</token>
<token t_id="304" sentence="9" number="303">smaller</token>
<token t_id="305" sentence="9" number="304">islands</token>
<token t_id="306" sentence="9" number="305">of</token>
<token t_id="307" sentence="9" number="306">the</token>
<token t_id="308" sentence="9" number="307">bay</token>
<token t_id="309" sentence="9" number="308">were</token>
<token t_id="310" sentence="9" number="309">bathed</token>
<token t_id="311" sentence="9" number="310">in</token>
<token t_id="312" sentence="9" number="311">heliotrope</token>
<token t_id="313" sentence="9" number="312">light</token>
<token t_id="314" sentence="9" number="313">,</token>
<token t_id="315" sentence="9" number="314">a</token>
<token t_id="316" sentence="9" number="315">royal</token>
<token t_id="317" sentence="9" number="316">array</token>
<token t_id="318" sentence="9" number="317">of</token>
<token t_id="319" sentence="9" number="318">purple</token>
<token t_id="320" sentence="9" number="319">velvet</token>
<token t_id="321" sentence="9" number="320">.</token>
<token t_id="322" sentence="10" number="321">Buchanan</token>
<token t_id="323" sentence="10" number="322">Read</token>
<token t_id="324" sentence="10" number="323">'s</token>
<token t_id="325" sentence="10" number="324">lines</token>
<token t_id="326" sentence="10" number="325">on</token>
<token t_id="327" sentence="10" number="326">the</token>
<token t_id="328" sentence="10" number="327">Bay</token>
<token t_id="329" sentence="10" number="328">of</token>
<token t_id="330" sentence="10" number="329">Naples</token>
<token t_id="331" sentence="10" number="330">must</token>
<token t_id="332" sentence="10" number="331">have</token>
<token t_id="333" sentence="10" number="332">been</token>
<token t_id="334" sentence="10" number="333">inspired</token>
<token t_id="335" sentence="10" number="334">by</token>
<token t_id="336" sentence="10" number="335">just</token>
<token t_id="337" sentence="10" number="336">such</token>
<token t_id="338" sentence="10" number="337">a</token>
<token t_id="339" sentence="10" number="338">sea</token>
<token t_id="340" sentence="10" number="339">and</token>
<token t_id="341" sentence="10" number="340">sky</token>
<token t_id="342" sentence="10" number="341">as</token>
<token t_id="343" sentence="10" number="342">this</token>
<token t_id="344" sentence="10" number="343">.</token>
<token t_id="345" sentence="11" number="344">Zelphine</token>
<token t_id="346" sentence="11" number="345">evidently</token>
<token t_id="347" sentence="11" number="346">had</token>
<token t_id="348" sentence="11" number="347">the</token>
<token t_id="349" sentence="11" number="348">same</token>
<token t_id="350" sentence="11" number="349">thought</token>
<token t_id="351" sentence="11" number="350">,</token>
<token t_id="352" sentence="11" number="351">for</token>
<token t_id="353" sentence="11" number="352">she</token>
<token t_id="354" sentence="11" number="353">quoted</token>
<token t_id="355" sentence="11" number="354">softly</token>
<token t_id="356" sentence="11" number="355">:</token>
<token t_id="357" sentence="11" number="356">"</token>
<token t_id="358" sentence="11" number="357">'</token>
<token t_id="359" sentence="11" number="358">My</token>
<token t_id="360" sentence="11" number="359">soul</token>
<token t_id="361" sentence="11" number="360">to-day</token>
<token t_id="362" sentence="11" number="361">Is</token>
<token t_id="363" sentence="11" number="362">far</token>
<token t_id="364" sentence="11" number="363">away</token>
<token t_id="365" sentence="11" number="364">,</token>
<token t_id="366" sentence="11" number="365">Sailing</token>
<token t_id="367" sentence="11" number="366">the</token>
<token t_id="368" sentence="11" number="367">Vesuvian</token>
<token t_id="369" sentence="11" number="368">Bay</token>
<token t_id="370" sentence="11" number="369">;</token>
<token t_id="371" sentence="11" number="370">My</token>
<token t_id="372" sentence="11" number="371">winged</token>
<token t_id="373" sentence="11" number="372">boat</token>
<token t_id="374" sentence="11" number="373">,</token>
<token t_id="375" sentence="11" number="374">A</token>
<token t_id="376" sentence="11" number="375">bird</token>
<token t_id="377" sentence="11" number="376">afloat</token>
<token t_id="378" sentence="11" number="377">,</token>
<token t_id="379" sentence="11" number="378">Swims</token>
<token t_id="380" sentence="11" number="379">round</token>
<token t_id="381" sentence="11" number="380">the</token>
<token t_id="382" sentence="11" number="381">purple</token>
<token t_id="383" sentence="11" number="382">peaks</token>
<token t_id="384" sentence="11" number="383">remote</token>
<token t_id="385" sentence="11" number="384">.</token>
<token t_id="386" sentence="11" number="385">'</token>
<token t_id="387" sentence="11" number="386">"</token>
<token t_id="388" sentence="12" number="387">We</token>
<token t_id="389" sentence="12" number="388">should</token>
<token t_id="390" sentence="12" number="389">have</token>
<token t_id="391" sentence="12" number="390">been</token>
<token t_id="392" sentence="12" number="391">in</token>
<token t_id="393" sentence="12" number="392">a</token>
<token t_id="394" sentence="12" number="393">boat</token>
<token t_id="395" sentence="12" number="394">on</token>
<token t_id="396" sentence="12" number="395">the</token>
<token t_id="397" sentence="12" number="396">purple</token>
<token t_id="398" sentence="12" number="397">bay</token>
<token t_id="399" sentence="12" number="398">instead</token>
<token t_id="400" sentence="12" number="399">of</token>
<token t_id="401" sentence="12" number="400">in</token>
<token t_id="402" sentence="12" number="401">a</token>
<token t_id="403" sentence="12" number="402">tram</token>
<token t_id="404" sentence="12" number="403">!</token>
<token t_id="405" sentence="13" number="404">I</token>
<token t_id="406" sentence="13" number="405">am</token>
<token t_id="407" sentence="13" number="406">finishing</token>
<token t_id="408" sentence="13" number="407">this</token>
<token t_id="409" sentence="13" number="408">letter</token>
<token t_id="410" sentence="13" number="409">rather</token>
<token t_id="411" sentence="13" number="410">hurriedly</token>
<token t_id="412" sentence="13" number="411">for</token>
<token t_id="413" sentence="13" number="412">to-night</token>
<token t_id="414" sentence="13" number="413">'s</token>
<token t_id="415" sentence="13" number="414">mail</token>
<token t_id="416" sentence="13" number="415">,</token>
<token t_id="417" sentence="13" number="416">as</token>
<token t_id="418" sentence="13" number="417">we</token>
<token t_id="419" sentence="13" number="418">shall</token>
<token t_id="420" sentence="13" number="419">be</token>
<token t_id="421" sentence="13" number="420">off</token>
<token t_id="422" sentence="13" number="421">to-morrow</token>
<token t_id="423" sentence="13" number="422">bright</token>
<token t_id="424" sentence="13" number="423">and</token>
<token t_id="425" sentence="13" number="424">early</token>
<token t_id="426" sentence="13" number="425">for</token>
<token t_id="427" sentence="13" number="426">a</token>
<token t_id="428" sentence="13" number="427">tour</token>
<token t_id="429" sentence="13" number="428">of</token>
<token t_id="430" sentence="13" number="429">several</token>
<token t_id="431" sentence="13" number="430">days</token>
<token t_id="432" sentence="13" number="431">,</token>
<token t_id="433" sentence="13" number="432">to</token>
<token t_id="434" sentence="13" number="433">Pompeii</token>
<token t_id="435" sentence="13" number="434">,</token>
<token t_id="436" sentence="13" number="435">La</token>
<token t_id="437" sentence="13" number="436">Cava</token>
<token t_id="438" sentence="13" number="437">,</token>
<token t_id="439" sentence="13" number="438">and</token>
<token t_id="440" sentence="13" number="439">Pæstum</token>
<token t_id="441" sentence="13" number="440">,</token>
<token t_id="442" sentence="13" number="441">returning</token>
<token t_id="443" sentence="13" number="442">by</token>
<token t_id="444" sentence="13" number="443">the</token>
<token t_id="445" sentence="13" number="444">coast</token>
<token t_id="446" sentence="13" number="445">drive</token>
<token t_id="447" sentence="13" number="446">and</token>
<token t_id="448" sentence="13" number="447">stopping</token>
<token t_id="449" sentence="13" number="448">at</token>
<token t_id="450" sentence="13" number="449">Amalfi</token>
<token t_id="451" sentence="13" number="450">and</token>
<token t_id="452" sentence="13" number="451">Sorrento</token>
<token t_id="453" sentence="13" number="452">.</token>
<token t_id="454" sentence="14" number="453">It</token>
<token t_id="455" sentence="14" number="454">is</token>
<token t_id="456" sentence="14" number="455">the</token>
<token t_id="457" sentence="14" number="456">sort</token>
<token t_id="458" sentence="14" number="457">of</token>
<token t_id="459" sentence="14" number="458">excursion</token>
<token t_id="460" sentence="14" number="459">that</token>
<token t_id="461" sentence="14" number="460">you</token>
<token t_id="462" sentence="14" number="461">would</token>
<token t_id="463" sentence="14" number="462">enjoy</token>
<token t_id="464" sentence="14" number="463">so</token>
<token t_id="465" sentence="14" number="464">much</token>
<token t_id="466" sentence="14" number="465">-</token>
<token t_id="467" sentence="14" number="466">would</token>
<token t_id="468" sentence="14" number="467">you</token>
<token t_id="469" sentence="14" number="468">like</token>
<token t_id="470" sentence="14" number="469">to</token>
<token t_id="471" sentence="14" number="470">be</token>
<token t_id="472" sentence="14" number="471">of</token>
<token t_id="473" sentence="14" number="472">the</token>
<token t_id="474" sentence="14" number="473">party</token>
<token t_id="475" sentence="14" number="474">?</token>


<Markables>
<EVENT_MENTION m_id="33" factuality="" modality="" pred="" pos="" aspect="" certainty="" comment="" class="EMOTIONS-EVALUATIONS" tense="" polarity=""  >
<token_anchor t_id="286"/>
</EVENT_MENTION>
<EVENT_MENTION m_id="1" factuality="" modality="" pred="" pos="" aspect="" certainty="" comment="" class="TIME" tense="" polarity=""  >
<token_anchor t_id="10"/>
</EVENT_MENTION>
<EVENT_MENTION m_id="34" factuality="" modality="" pred="" pos="" aspect="" certainty="" comment="" class="ENVIRONMENT" tense="" polarity=""  >
<token_anchor t_id="310"/>
</EVENT_MENTION>
<EVENT_MENTION m_id="2" factuality="" modality="" pred="" pos="" aspect="" certainty="" comment="" class="SPACE-MOVEMENT" tense="" polarity=""  >
<token_anchor t_id="16"/>
<token_anchor t_id="17"/>
</EVENT_MENTION>
<EVENT_MENTION m_id="35" factuality="" modality="" pred="" pos="" aspect="" certainty="" comment="" class="MENTAL" tense="" polarity=""  >
<token_anchor t_id="334"/>
</EVENT_MENTION>
<EVENT_MENTION m_id="3" factuality="" modality="" pred="" pos="" aspect="" certainty="" comment="" class="PHYSICAL SENSATIONS" tense="" polarity=""  >
<token_anchor t_id="31"/>
</EVENT_MENTION>
<EVENT_MENTION m_id="36" factuality="" modality="" pred="" pos="" aspect="" certainty="" comment="" class="MENTAL" tense="" polarity=""  >
<token_anchor t_id="347"/>
<token_anchor t_id="348"/>
<token_anchor t_id="349"/>
<token_anchor t_id="350"/>
</EVENT_MENTION>
<EVENT_MENTION m_id="4" factuality="" modality="" pred="" pos="" aspect="" certainty="" comment="" class="COMMUNICATION" tense="" polarity=""  >
<token_anchor t_id="71"/>
</EVENT_MENTION>
<EVENT_MENTION m_id="37" factuality="" modality="" pred="" pos="" aspect="" certainty="" comment="" class="COMMUNICATION" tense="" polarity=""  >
<token_anchor t_id="354"/>
</EVENT_MENTION>
<EVENT_MENTION m_id="5" factuality="" modality="" pred="" pos="" aspect="" certainty="" comment="" class="PHYSICAL SENSATIONS" tense="" polarity=""  >
<token_anchor t_id="73"/>
</EVENT_MENTION>
<EVENT_MENTION m_id="38" factuality="" modality="" pred="" pos="" aspect="" certainty="" comment="" class="SPACE-MOVEMENT" tense="" polarity=""  >
<token_anchor t_id="366"/>
</EVENT_MENTION>
<EVENT_MENTION m_id="6" factuality="" modality="" pred="" pos="" aspect="" certainty="" comment="" class="FOOD-FARMING" tense="" polarity=""  >
<token_anchor t_id="77"/>
</EVENT_MENTION>
<EVENT_MENTION m_id="39" factuality="" modality="" pred="" pos="" aspect="" certainty="" comment="" class="SPACE-MOVEMENT" tense="" polarity=""  >
<token_anchor t_id="379"/>
</EVENT_MENTION>
<EVENT_MENTION m_id="7" factuality="" modality="" pred="" pos="" aspect="" certainty="" comment="" class="TIME" tense="" polarity=""  >
<token_anchor t_id="86"/>
<token_anchor t_id="87"/>
</EVENT_MENTION>
<EVENT_MENTION m_id="40" factuality="" modality="" pred="" pos="" aspect="" certainty="" comment="" class="MEASURE" tense="" polarity=""  >
<token_anchor t_id="362"/>
<token_anchor t_id="363"/>
<token_anchor t_id="364"/>
</EVENT_MENTION>
<EVENT_MENTION m_id="8" factuality="" modality="" pred="" pos="" aspect="" certainty="" comment="" class="SPACE-MOVEMENT" tense="" polarity=""  >
<token_anchor t_id="91"/>
<token_anchor t_id="92"/>
</EVENT_MENTION>
<EVENT_MENTION m_id="41" factuality="" modality="" pred="" pos="" aspect="" certainty="" comment="" class="EXISTENCE-CAUSATION" tense="" polarity=""  >
<token_anchor t_id="391"/>
</EVENT_MENTION>
<EVENT_MENTION m_id="9" factuality="" modality="" pred="" pos="" aspect="" certainty="" comment="" class="EMOTIONS-EVALUATIONS" tense="" polarity=""  >
<token_anchor t_id="96"/>
</EVENT_MENTION>
<EVENT_MENTION m_id="42" factuality="" modality="" pred="" pos="" aspect="" certainty="" comment="" class="TIME" tense="" polarity=""  >
<token_anchor t_id="407"/>
</EVENT_MENTION>
<EVENT_MENTION m_id="10" factuality="" modality="" pred="" pos="" aspect="" certainty="" comment="" class="LIFE-HEALTH" tense="" polarity=""  >
<token_anchor t_id="102"/>
</EVENT_MENTION>
<EVENT_MENTION m_id="43" factuality="" modality="" pred="" pos="" aspect="" certainty="" comment="" class="SPACE-MOVEMENT" tense="" polarity=""  >
<token_anchor t_id="428"/>
</EVENT_MENTION>
<EVENT_MENTION m_id="11" factuality="" modality="" pred="" pos="" aspect="" certainty="" comment="" class="TIME" tense="" polarity=""  >
<token_anchor t_id="108"/>
<token_anchor t_id="109"/>
</EVENT_MENTION>
<EVENT_MENTION m_id="44" factuality="" modality="" pred="" pos="" aspect="" certainty="" comment="" class="SPACE-MOVEMENT" tense="" polarity=""  >
<token_anchor t_id="442"/>
</EVENT_MENTION>
<EVENT_MENTION m_id="12" factuality="" modality="" pred="" pos="" aspect="" certainty="" comment="" class="SPACE-MOVEMENT" tense="" polarity=""  >
<token_anchor t_id="111"/>
<token_anchor t_id="112"/>
</EVENT_MENTION>
<EVENT_MENTION m_id="45" factuality="" modality="" pred="" pos="" aspect="" certainty="" comment="" class="SPACE-MOVEMENT" tense="" polarity=""  >
<token_anchor t_id="448"/>
</EVENT_MENTION>
<EVENT_MENTION m_id="13" factuality="" modality="" pred="" pos="" aspect="" certainty="" comment="" class="FOOD-FARMING" tense="" polarity=""  >
<token_anchor t_id="116"/>
</EVENT_MENTION>
<EVENT_MENTION m_id="46" factuality="" modality="" pred="" pos="" aspect="" certainty="" comment="" class="SPACE-MOVEMENT" tense="" polarity=""  >
<token_anchor t_id="420"/>
<token_anchor t_id="421"/>
</EVENT_MENTION>
<EVENT_MENTION m_id="14" factuality="" modality="" pred="" pos="" aspect="" certainty="" comment="" class="SPACE-MOVEMENT" tense="" polarity=""  >
<token_anchor t_id="119"/>
</EVENT_MENTION>
<EVENT_MENTION m_id="47" factuality="" modality="" pred="" pos="" aspect="" certainty="" comment="" class="EXISTENCE-CAUSATION" tense="" polarity=""  >
<token_anchor t_id="455"/>
</EVENT_MENTION>
<EVENT_MENTION m_id="15" factuality="" modality="" pred="" pos="" aspect="" certainty="" comment="" class="PHYSICAL SENSATIONS" tense="" polarity=""  >
<token_anchor t_id="132"/>
</EVENT_MENTION>
<EVENT_MENTION m_id="48" factuality="" modality="" pred="" pos="" aspect="" certainty="" comment="" class="SPACE-MOVEMENT" tense="" polarity=""  >
<token_anchor t_id="459"/>
</EVENT_MENTION>
<EVENT_MENTION m_id="16" factuality="" modality="" pred="" pos="" aspect="" certainty="" comment="" class="MENTAL" tense="" polarity=""  >
<token_anchor t_id="142"/>
</EVENT_MENTION>
<EVENT_MENTION m_id="49" factuality="" modality="" pred="" pos="" aspect="" certainty="" comment="" class="EMOTIONS-EVALUATIONS" tense="" polarity=""  >
<token_anchor t_id="463"/>
</EVENT_MENTION>
<EVENT_MENTION m_id="17" factuality="" modality="" pred="" pos="" aspect="" certainty="" comment="" class="LIFE-HEALTH" tense="" polarity=""  >
<token_anchor t_id="155"/>
</EVENT_MENTION>
<EVENT_MENTION m_id="50" factuality="" modality="" pred="" pos="" aspect="" certainty="" comment="" class="EMOTIONS-EVALUATIONS" tense="" polarity=""  >
<token_anchor t_id="469"/>
</EVENT_MENTION>
<EVENT_MENTION m_id="18" factuality="" modality="" pred="" pos="" aspect="" certainty="" comment="" class="COMMUNICATION" tense="" polarity=""  >
<token_anchor t_id="159"/>
</EVENT_MENTION>
<EVENT_MENTION m_id="51" factuality="" modality="" pred="" pos="" aspect="" certainty="" comment="" class="EXISTENCE-CAUSATION" tense="" polarity=""  >
<token_anchor t_id="471"/>
</EVENT_MENTION>
<EVENT_MENTION m_id="19" factuality="" modality="" pred="" pos="" aspect="" certainty="" comment="" class="COMMUNICATION" tense="" polarity=""  >
<token_anchor t_id="166"/>
</EVENT_MENTION>
<EVENT_MENTION m_id="20" factuality="" modality="" pred="" pos="" aspect="" certainty="" comment="" class="COMMUNICATION" tense="" polarity=""  >
<token_anchor t_id="170"/>
</EVENT_MENTION>
<EVENT_MENTION m_id="52" factuality="" modality="" pred="" pos="" aspect="" certainty="" comment="" class="GENERAL" tense="" polarity=""  >
<token_anchor t_id="85"/>
</EVENT_MENTION>
<EVENT_MENTION m_id="21" factuality="" modality="" pred="" pos="" aspect="" certainty="" comment="" class="EMOTIONS-EVALUATIONS" tense="" polarity=""  >
<token_anchor t_id="188"/>
</EVENT_MENTION>
<EVENT_MENTION m_id="53" factuality="" modality="" pred="" pos="" aspect="" certainty="" comment="" class="LIFE-HEALTH" tense="" polarity=""  >
<token_anchor t_id="51"/>
</EVENT_MENTION>
<EVENT_MENTION m_id="22" factuality="" modality="" pred="" pos="" aspect="" certainty="" comment="" class="ENVIRONMENT" tense="" polarity=""  >
<token_anchor t_id="194"/>
</EVENT_MENTION>
<EVENT_MENTION m_id="54" factuality="" modality="" pred="" pos="" aspect="" certainty="" comment="" class="COMMUNICATION" tense="" polarity=""  >
<token_anchor t_id="272"/>
</EVENT_MENTION>
<EVENT_MENTION m_id="23" factuality="" modality="" pred="" pos="" aspect="" certainty="" comment="" class="EMOTIONS-EVALUATIONS" tense="" polarity=""  >
<token_anchor t_id="202"/>
<token_anchor t_id="203"/>
<token_anchor t_id="204"/>
</EVENT_MENTION>
<EVENT_MENTION m_id="55" factuality="" modality="" pred="" pos="" aspect="" certainty="" comment="" class="ENVIRONMENT" tense="" polarity=""  >
<token_anchor t_id="94"/>
</EVENT_MENTION>
<EVENT_MENTION m_id="24" factuality="" modality="" pred="" pos="" aspect="" certainty="" comment="" class="EMOTIONS-EVALUATIONS" tense="" polarity=""  >
<token_anchor t_id="209"/>
<token_anchor t_id="210"/>
<token_anchor t_id="211"/>
<token_anchor t_id="212"/>
</EVENT_MENTION>
<EVENT_MENTION m_id="56" factuality="" modality="" pred="" pos="" aspect="" certainty="" comment="" class="SPACE-MOVEMENT" tense="" polarity=""  >
<token_anchor t_id="257"/>
</EVENT_MENTION>
<EVENT_MENTION m_id="25" factuality="" modality="" pred="" pos="" aspect="" certainty="" comment="" class="EXISTENCE-CAUSATION" tense="" polarity=""  >
<token_anchor t_id="214"/>
</EVENT_MENTION>
<EVENT_MENTION m_id="57" factuality="" modality="" pred="" pos="" aspect="" certainty="" comment="" class="MATTER" tense="" polarity=""  >
<token_anchor t_id="45"/>
</EVENT_MENTION>
<EVENT_MENTION m_id="26" factuality="" modality="" pred="" pos="" aspect="" certainty="" comment="" class="MENTAL" tense="" polarity=""  >
<token_anchor t_id="220"/>
<token_anchor t_id="221"/>
<token_anchor t_id="222"/>
</EVENT_MENTION>
<EVENT_MENTION m_id="58" factuality="" modality="" pred="" pos="" aspect="" certainty="" comment="" class="COMMUNICATION" tense="" polarity=""  >
<token_anchor t_id="409"/>
</EVENT_MENTION>
<EVENT_MENTION m_id="27" factuality="" modality="" pred="" pos="" aspect="" certainty="" comment="" class="MENTAL" tense="" polarity=""  >
<token_anchor t_id="229"/>
</EVENT_MENTION>
<EVENT_MENTION m_id="28" factuality="" modality="" pred="" pos="" aspect="" certainty="" comment="" class="EMOTIONS-EVALUATIONS" tense="" polarity=""  >
<token_anchor t_id="231"/>
<token_anchor t_id="232"/>
</EVENT_MENTION>
<EVENT_MENTION m_id="29" factuality="" modality="" pred="" pos="" aspect="" certainty="" comment="" class="POSSESSION" tense="" polarity=""  >
<token_anchor t_id="248"/>
</EVENT_MENTION>
<EVENT_MENTION m_id="30" factuality="" modality="" pred="" pos="" aspect="" certainty="" comment="" class="SPACE-MOVEMENT" tense="" polarity=""  >
<token_anchor t_id="253"/>
<token_anchor t_id="254"/>
</EVENT_MENTION>
<EVENT_MENTION m_id="31" factuality="" modality="" pred="" pos="" aspect="" certainty="" comment="" class="POSSESSION" tense="" polarity=""  >
<token_anchor t_id="260"/>
</EVENT_MENTION>
<EVENT_MENTION m_id="32" factuality="" modality="" pred="" pos="" aspect="" certainty="" comment="" class="FOOD-FARMING" tense="" polarity=""  >
<token_anchor t_id="278"/>
<token_anchor t_id="279"/>
<token_anchor t_id="280"/>
</EVENT_MENTION>


</Markables>

<Relations>
</Relations>
</Document>
