<Document doc_name="11)CAVA DEI TIRRENI, Marc...">
<token t_id="1" sentence="0" number="0">CAVA</token>
<token t_id="2" sentence="0" number="1">DEI</token>
<token t_id="3" sentence="0" number="2">TIRRENI</token>
<token t_id="4" sentence="0" number="3">,</token>
<token t_id="5" sentence="0" number="4">March</token>
<token t_id="6" sentence="0" number="5">8th</token>
<token t_id="7" sentence="0" number="6">.</token>
<token t_id="8" sentence="1" number="7">We</token>
<token t_id="9" sentence="1" number="8">have</token>
<token t_id="10" sentence="1" number="9">spent</token>
<token t_id="11" sentence="1" number="10">the</token>
<token t_id="12" sentence="1" number="11">day</token>
<token t_id="13" sentence="1" number="12">in</token>
<token t_id="14" sentence="1" number="13">the</token>
<token t_id="15" sentence="1" number="14">streets</token>
<token t_id="16" sentence="1" number="15">and</token>
<token t_id="17" sentence="1" number="16">houses</token>
<token t_id="18" sentence="1" number="17">of</token>
<token t_id="19" sentence="1" number="18">Pompeii</token>
<token t_id="20" sentence="1" number="19">,</token>
<token t_id="21" sentence="1" number="20">living</token>
<token t_id="22" sentence="1" number="21">over</token>
<token t_id="23" sentence="1" number="22">again</token>
<token t_id="24" sentence="1" number="23">in</token>
<token t_id="25" sentence="1" number="24">the</token>
<token t_id="26" sentence="1" number="25">buried</token>
<token t_id="27" sentence="1" number="26">city</token>
<token t_id="28" sentence="1" number="27">the</token>
<token t_id="29" sentence="1" number="28">thrilling</token>
<token t_id="30" sentence="1" number="29">scenes</token>
<token t_id="31" sentence="1" number="30">of</token>
<token t_id="32" sentence="1" number="31">Lord</token>
<token t_id="33" sentence="1" number="32">Lytton</token>
<token t_id="34" sentence="1" number="33">'s</token>
<token t_id="35" sentence="1" number="34">novel</token>
<token t_id="36" sentence="1" number="35">.</token>
<token t_id="37" sentence="2" number="36">His</token>
<token t_id="38" sentence="2" number="37">descriptions</token>
<token t_id="39" sentence="2" number="38">are</token>
<token t_id="40" sentence="2" number="39">still</token>
<token t_id="41" sentence="2" number="40">marvellously</token>
<token t_id="42" sentence="2" number="41">accurate</token>
<token t_id="43" sentence="2" number="42">,</token>
<token t_id="44" sentence="2" number="43">although</token>
<token t_id="45" sentence="2" number="44">so</token>
<token t_id="46" sentence="2" number="45">much</token>
<token t_id="47" sentence="2" number="46">has</token>
<token t_id="48" sentence="2" number="47">been</token>
<token t_id="49" sentence="2" number="48">unearthed</token>
<token t_id="50" sentence="2" number="49">since</token>
<token t_id="51" sentence="2" number="50">he</token>
<token t_id="52" sentence="2" number="51">wrote</token>
<token t_id="53" sentence="2" number="52">"</token>
<token t_id="54" sentence="2" number="53">The</token>
<token t_id="55" sentence="2" number="54">Last</token>
<token t_id="56" sentence="2" number="55">Days</token>
<token t_id="57" sentence="2" number="56">of</token>
<token t_id="58" sentence="2" number="57">Pompeii</token>
<token t_id="59" sentence="2" number="58">"</token>
<token t_id="60" sentence="2" number="59">that</token>
<token t_id="61" sentence="2" number="60">the</token>
<token t_id="62" sentence="2" number="61">ruins</token>
<token t_id="63" sentence="2" number="62">as</token>
<token t_id="64" sentence="2" number="63">they</token>
<token t_id="65" sentence="2" number="64">stand</token>
<token t_id="66" sentence="2" number="65">to-day</token>
<token t_id="67" sentence="2" number="66">are</token>
<token t_id="68" sentence="2" number="67">much</token>
<token t_id="69" sentence="2" number="68">more</token>
<token t_id="70" sentence="2" number="69">extensive</token>
<token t_id="71" sentence="2" number="70">than</token>
<token t_id="72" sentence="2" number="71">those</token>
<token t_id="73" sentence="2" number="72">pictured</token>
<token t_id="74" sentence="2" number="73">by</token>
<token t_id="75" sentence="2" number="74">the</token>
<token t_id="76" sentence="2" number="75">novelist</token>
<token t_id="77" sentence="2" number="76">.</token>
<token t_id="78" sentence="3" number="77">The</token>
<token t_id="79" sentence="3" number="78">house</token>
<token t_id="80" sentence="3" number="79">of</token>
<token t_id="81" sentence="3" number="80">Glaucus</token>
<token t_id="82" sentence="3" number="81">is</token>
<token t_id="83" sentence="3" number="82">called</token>
<token t_id="84" sentence="3" number="83">by</token>
<token t_id="85" sentence="3" number="84">the</token>
<token t_id="86" sentence="3" number="85">guides</token>
<token t_id="87" sentence="3" number="86">the</token>
<token t_id="88" sentence="3" number="87">House</token>
<token t_id="89" sentence="3" number="88">of</token>
<token t_id="90" sentence="3" number="89">the</token>
<token t_id="91" sentence="3" number="90">Tragic</token>
<token t_id="92" sentence="3" number="91">Poet</token>
<token t_id="93" sentence="3" number="92">,</token>
<token t_id="94" sentence="3" number="93">but</token>
<token t_id="95" sentence="3" number="94">the</token>
<token t_id="96" sentence="3" number="95">mosaic</token>
<token t_id="97" sentence="3" number="96">of</token>
<token t_id="98" sentence="3" number="97">the</token>
<token t_id="99" sentence="3" number="98">dog</token>
<token t_id="100" sentence="3" number="99">,</token>
<token t_id="101" sentence="3" number="100">with</token>
<token t_id="102" sentence="3" number="101">its</token>
<token t_id="103" sentence="3" number="102">inscription</token>
<token t_id="104" sentence="3" number="103">,</token>
<token t_id="105" sentence="3" number="104">"</token>
<token t_id="106" sentence="3" number="105">Cave</token>
<token t_id="107" sentence="3" number="106">canem</token>
<token t_id="108" sentence="3" number="107">,</token>
<token t_id="109" sentence="3" number="108">"</token>
<token t_id="110" sentence="3" number="109">apparently</token>
<token t_id="111" sentence="3" number="110">as</token>
<token t_id="112" sentence="3" number="111">perfect</token>
<token t_id="113" sentence="3" number="112">as</token>
<token t_id="114" sentence="3" number="113">in</token>
<token t_id="115" sentence="3" number="114">the</token>
<token t_id="116" sentence="3" number="115">days</token>
<token t_id="117" sentence="3" number="116">when</token>
<token t_id="118" sentence="3" number="117">Glaucus</token>
<token t_id="119" sentence="3" number="118">thus</token>
<token t_id="120" sentence="3" number="119">whimsically</token>
<token t_id="121" sentence="3" number="120">greeted</token>
<token t_id="122" sentence="3" number="121">his</token>
<token t_id="123" sentence="3" number="122">friends</token>
<token t_id="124" sentence="3" number="123">and</token>
<token t_id="125" sentence="3" number="124">enemies</token>
<token t_id="126" sentence="3" number="125">,</token>
<token t_id="127" sentence="3" number="126">serves</token>
<token t_id="128" sentence="3" number="127">to</token>
<token t_id="129" sentence="3" number="128">identify</token>
<token t_id="130" sentence="3" number="129">it</token>
<token t_id="131" sentence="3" number="130">.</token>
<token t_id="132" sentence="4" number="131">Lord</token>
<token t_id="133" sentence="4" number="132">Lytton</token>
<token t_id="134" sentence="4" number="133">was</token>
<token t_id="135" sentence="4" number="134">in</token>
<token t_id="136" sentence="4" number="135">Naples</token>
<token t_id="137" sentence="4" number="136">during</token>
<token t_id="138" sentence="4" number="137">the</token>
<token t_id="139" sentence="4" number="138">winter</token>
<token t_id="140" sentence="4" number="139">of</token>
<token t_id="141" sentence="4" number="140">the</token>
<token t_id="142" sentence="4" number="141">most</token>
<token t_id="143" sentence="4" number="142">important</token>
<token t_id="144" sentence="4" number="143">excavations</token>
<token t_id="145" sentence="4" number="144">at</token>
<token t_id="146" sentence="4" number="145">Pompeii</token>
<token t_id="147" sentence="4" number="146">,</token>
<token t_id="148" sentence="4" number="147">and</token>
<token t_id="149" sentence="4" number="148">his</token>
<token t_id="150" sentence="4" number="149">romance</token>
<token t_id="151" sentence="4" number="150">doubtless</token>
<token t_id="152" sentence="4" number="151">took</token>
<token t_id="153" sentence="4" number="152">form</token>
<token t_id="154" sentence="4" number="153">and</token>
<token t_id="155" sentence="4" number="154">shape</token>
<token t_id="156" sentence="4" number="155">as</token>
<token t_id="157" sentence="4" number="156">he</token>
<token t_id="158" sentence="4" number="157">walked</token>
<token t_id="159" sentence="4" number="158">through</token>
<token t_id="160" sentence="4" number="159">these</token>
<token t_id="161" sentence="4" number="160">deserted</token>
<token t_id="162" sentence="4" number="161">streets</token>
<token t_id="163" sentence="4" number="162">,</token>
<token t_id="164" sentence="4" number="163">where</token>
<token t_id="165" sentence="4" number="164">the</token>
<token t_id="166" sentence="4" number="165">ruts</token>
<token t_id="167" sentence="4" number="166">made</token>
<token t_id="168" sentence="4" number="167">by</token>
<token t_id="169" sentence="4" number="168">the</token>
<token t_id="170" sentence="4" number="169">chariot-wheels</token>
<token t_id="171" sentence="4" number="170">of</token>
<token t_id="172" sentence="4" number="171">the</token>
<token t_id="173" sentence="4" number="172">two</token>
<token t_id="174" sentence="4" number="173">rivals</token>
<token t_id="175" sentence="4" number="174">,</token>
<token t_id="176" sentence="4" number="175">Glaucus</token>
<token t_id="177" sentence="4" number="176">and</token>
<token t_id="178" sentence="4" number="177">Arbaces</token>
<token t_id="179" sentence="4" number="178">,</token>
<token t_id="180" sentence="4" number="179">are</token>
<token t_id="181" sentence="4" number="180">still</token>
<token t_id="182" sentence="4" number="181">to</token>
<token t_id="183" sentence="4" number="182">be</token>
<token t_id="184" sentence="4" number="183">seen</token>
<token t_id="185" sentence="4" number="184">.</token>
<token t_id="186" sentence="5" number="185">The</token>
<token t_id="187" sentence="5" number="186">houses</token>
<token t_id="188" sentence="5" number="187">,</token>
<token t_id="189" sentence="5" number="188">as</token>
<token t_id="190" sentence="5" number="189">he</token>
<token t_id="191" sentence="5" number="190">tells</token>
<token t_id="192" sentence="5" number="191">us</token>
<token t_id="193" sentence="5" number="192">,</token>
<token t_id="194" sentence="5" number="193">still</token>
<token t_id="195" sentence="5" number="194">undespoiled</token>
<token t_id="196" sentence="5" number="195">of</token>
<token t_id="197" sentence="5" number="196">their</token>
<token t_id="198" sentence="5" number="197">exquisite</token>
<token t_id="199" sentence="5" number="198">decorations</token>
<token t_id="200" sentence="5" number="199">and</token>
<token t_id="201" sentence="5" number="200">rich</token>
<token t_id="202" sentence="5" number="201">furniture</token>
<token t_id="203" sentence="5" number="202">,</token>
<token t_id="204" sentence="5" number="203">were</token>
<token t_id="205" sentence="5" number="204">much</token>
<token t_id="206" sentence="5" number="205">as</token>
<token t_id="207" sentence="5" number="206">their</token>
<token t_id="208" sentence="5" number="207">unfortunate</token>
<token t_id="209" sentence="5" number="208">owners</token>
<token t_id="210" sentence="5" number="209">left</token>
<token t_id="211" sentence="5" number="210">them</token>
<token t_id="212" sentence="5" number="211">.</token>
<token t_id="213" sentence="6" number="212">Even</token>
<token t_id="214" sentence="6" number="213">now</token>
<token t_id="215" sentence="6" number="214">,</token>
<token t_id="216" sentence="6" number="215">despite</token>
<token t_id="217" sentence="6" number="216">the</token>
<token t_id="218" sentence="6" number="217">fact</token>
<token t_id="219" sentence="6" number="218">that</token>
<token t_id="220" sentence="6" number="219">many</token>
<token t_id="221" sentence="6" number="220">of</token>
<token t_id="222" sentence="6" number="221">the</token>
<token t_id="223" sentence="6" number="222">beautiful</token>
<token t_id="224" sentence="6" number="223">frescoes</token>
<token t_id="225" sentence="6" number="224">,</token>
<token t_id="226" sentence="6" number="225">statues</token>
<token t_id="227" sentence="6" number="226">,</token>
<token t_id="228" sentence="6" number="227">busts</token>
<token t_id="229" sentence="6" number="228">,</token>
<token t_id="230" sentence="6" number="229">and</token>
<token t_id="231" sentence="6" number="230">other</token>
<token t_id="232" sentence="6" number="231">ornaments</token>
<token t_id="233" sentence="6" number="232">have</token>
<token t_id="234" sentence="6" number="233">been</token>
<token t_id="235" sentence="6" number="234">taken</token>
<token t_id="236" sentence="6" number="235">to</token>
<token t_id="237" sentence="6" number="236">the</token>
<token t_id="238" sentence="6" number="237">Naples</token>
<token t_id="239" sentence="6" number="238">Museum</token>
<token t_id="240" sentence="6" number="239">,</token>
<token t_id="241" sentence="6" number="240">much</token>
<token t_id="242" sentence="6" number="241">is</token>
<token t_id="243" sentence="6" number="242">still</token>
<token t_id="244" sentence="6" number="243">left</token>
<token t_id="245" sentence="6" number="244">of</token>
<token t_id="246" sentence="6" number="245">the</token>
<token t_id="247" sentence="6" number="246">interior</token>
<token t_id="248" sentence="6" number="247">of</token>
<token t_id="249" sentence="6" number="248">the</token>
<token t_id="250" sentence="6" number="249">houses</token>
<token t_id="251" sentence="6" number="250">,</token>
<token t_id="252" sentence="6" number="251">enough</token>
<token t_id="253" sentence="6" number="252">to</token>
<token t_id="254" sentence="6" number="253">give</token>
<token t_id="255" sentence="6" number="254">one</token>
<token t_id="256" sentence="6" number="255">a</token>
<token t_id="257" sentence="6" number="256">very</token>
<token t_id="258" sentence="6" number="257">good</token>
<token t_id="259" sentence="6" number="258">idea</token>
<token t_id="260" sentence="6" number="259">of</token>
<token t_id="261" sentence="6" number="260">how</token>
<token t_id="262" sentence="6" number="261">these</token>
<token t_id="263" sentence="6" number="262">luxurious</token>
<token t_id="264" sentence="6" number="263">Pompeians</token>
<token t_id="265" sentence="6" number="264">lived</token>
<token t_id="266" sentence="6" number="265">.</token>
<token t_id="267" sentence="7" number="266">The</token>
<token t_id="268" sentence="7" number="267">lower</token>
<token t_id="269" sentence="7" number="268">floors</token>
<token t_id="270" sentence="7" number="269">of</token>
<token t_id="271" sentence="7" number="270">some</token>
<token t_id="272" sentence="7" number="271">of</token>
<token t_id="273" sentence="7" number="272">these</token>
<token t_id="274" sentence="7" number="273">houses</token>
<token t_id="275" sentence="7" number="274">,</token>
<token t_id="276" sentence="7" number="275">as</token>
<token t_id="277" sentence="7" number="276">that</token>
<token t_id="278" sentence="7" number="277">of</token>
<token t_id="279" sentence="7" number="278">the</token>
<token t_id="280" sentence="7" number="279">Vettii</token>
<token t_id="281" sentence="7" number="280">and</token>
<token t_id="282" sentence="7" number="281">the</token>
<token t_id="283" sentence="7" number="282">Faun</token>
<token t_id="284" sentence="7" number="283">,</token>
<token t_id="285" sentence="7" number="284">are</token>
<token t_id="286" sentence="7" number="285">complete</token>
<token t_id="287" sentence="7" number="286">,</token>
<token t_id="288" sentence="7" number="287">with</token>
<token t_id="289" sentence="7" number="288">their</token>
<token t_id="290" sentence="7" number="289">vestibule</token>
<token t_id="291" sentence="7" number="290">,</token>
<token t_id="292" sentence="7" number="291">dining-room</token>
<token t_id="293" sentence="7" number="292">,</token>
<token t_id="294" sentence="7" number="293">parlor</token>
<token t_id="295" sentence="7" number="294">,</token>
<token t_id="296" sentence="7" number="295">bedrooms</token>
<token t_id="297" sentence="7" number="296">,</token>
<token t_id="298" sentence="7" number="297">and</token>
<token t_id="299" sentence="7" number="298">kitchen</token>
<token t_id="300" sentence="7" number="299">.</token>
<token t_id="301" sentence="8" number="300">These</token>
<token t_id="302" sentence="8" number="301">rooms</token>
<token t_id="303" sentence="8" number="302">are</token>
<token t_id="304" sentence="8" number="303">all</token>
<token t_id="305" sentence="8" number="304">rather</token>
<token t_id="306" sentence="8" number="305">small</token>
<token t_id="307" sentence="8" number="306">,</token>
<token t_id="308" sentence="8" number="307">according</token>
<token t_id="309" sentence="8" number="308">to</token>
<token t_id="310" sentence="8" number="309">our</token>
<token t_id="311" sentence="8" number="310">ideas</token>
<token t_id="312" sentence="8" number="311">,</token>
<token t_id="313" sentence="8" number="312">as</token>
<token t_id="314" sentence="8" number="313">the</token>
<token t_id="315" sentence="8" number="314">wise</token>
<token t_id="316" sentence="8" number="315">Pompeians</token>
<token t_id="317" sentence="8" number="316">lived</token>
<token t_id="318" sentence="8" number="317">out</token>
<token t_id="319" sentence="8" number="318">of</token>
<token t_id="320" sentence="8" number="319">doors</token>
<token t_id="321" sentence="8" number="320">,</token>
<token t_id="322" sentence="8" number="321">spending</token>
<token t_id="323" sentence="8" number="322">their</token>
<token t_id="324" sentence="8" number="323">days</token>
<token t_id="325" sentence="8" number="324">in</token>
<token t_id="326" sentence="8" number="325">the</token>
<token t_id="327" sentence="8" number="326">large</token>
<token t_id="328" sentence="8" number="327">central</token>
<token t_id="329" sentence="8" number="328">court</token>
<token t_id="330" sentence="8" number="329">of</token>
<token t_id="331" sentence="8" number="330">their</token>
<token t_id="332" sentence="8" number="331">houses</token>
<token t_id="333" sentence="8" number="332">or</token>
<token t_id="334" sentence="8" number="333">in</token>
<token t_id="335" sentence="8" number="334">the</token>
<token t_id="336" sentence="8" number="335">gardens</token>
<token t_id="337" sentence="8" number="336">.</token>
<token t_id="338" sentence="9" number="337">Of</token>
<token t_id="339" sentence="9" number="338">the</token>
<token t_id="340" sentence="9" number="339">gardens</token>
<token t_id="341" sentence="9" number="340">we</token>
<token t_id="342" sentence="9" number="341">saw</token>
<token t_id="343" sentence="9" number="342">the</token>
<token t_id="344" sentence="9" number="343">most</token>
<token t_id="345" sentence="9" number="344">perfect</token>
<token t_id="346" sentence="9" number="345">examples</token>
<token t_id="347" sentence="9" number="346">in</token>
<token t_id="348" sentence="9" number="347">the</token>
<token t_id="349" sentence="9" number="348">house</token>
<token t_id="350" sentence="9" number="349">of</token>
<token t_id="351" sentence="9" number="350">the</token>
<token t_id="352" sentence="9" number="351">Vettii</token>
<token t_id="353" sentence="9" number="352">.</token>
<token t_id="354" sentence="10" number="353">The</token>
<token t_id="355" sentence="10" number="354">restoration</token>
<token t_id="356" sentence="10" number="355">seems</token>
<token t_id="357" sentence="10" number="356">to</token>
<token t_id="358" sentence="10" number="357">have</token>
<token t_id="359" sentence="10" number="358">been</token>
<token t_id="360" sentence="10" number="359">made</token>
<token t_id="361" sentence="10" number="360">most</token>
<token t_id="362" sentence="10" number="361">carefully</token>
<token t_id="363" sentence="10" number="362">here</token>
<token t_id="364" sentence="10" number="363">as</token>
<token t_id="365" sentence="10" number="364">elsewhere</token>
<token t_id="366" sentence="10" number="365">;</token>
<token t_id="367" sentence="10" number="366">even</token>
<token t_id="368" sentence="10" number="367">the</token>
<token t_id="369" sentence="10" number="368">graceful</token>
<token t_id="370" sentence="10" number="369">bronze</token>
<token t_id="371" sentence="10" number="370">statuettes</token>
<token t_id="372" sentence="10" number="371">are</token>
<token t_id="373" sentence="10" number="372">not</token>
<token t_id="374" sentence="10" number="373">wanting</token>
<token t_id="375" sentence="10" number="374">,</token>
<token t_id="376" sentence="10" number="375">as</token>
<token t_id="377" sentence="10" number="376">excellent</token>
<token t_id="378" sentence="10" number="377">replicas</token>
<token t_id="379" sentence="10" number="378">have</token>
<token t_id="380" sentence="10" number="379">been</token>
<token t_id="381" sentence="10" number="380">put</token>
<token t_id="382" sentence="10" number="381">in</token>
<token t_id="383" sentence="10" number="382">the</token>
<token t_id="384" sentence="10" number="383">places</token>
<token t_id="385" sentence="10" number="384">of</token>
<token t_id="386" sentence="10" number="385">the</token>
<token t_id="387" sentence="10" number="386">originals</token>
<token t_id="388" sentence="10" number="387">,</token>
<token t_id="389" sentence="10" number="388">which</token>
<token t_id="390" sentence="10" number="389">are</token>
<token t_id="391" sentence="10" number="390">in</token>
<token t_id="392" sentence="10" number="391">the</token>
<token t_id="393" sentence="10" number="392">Naples</token>
<token t_id="394" sentence="10" number="393">Museum</token>
<token t_id="395" sentence="10" number="394">.</token>
<token t_id="396" sentence="11" number="395">Nothing</token>
<token t_id="397" sentence="11" number="396">brings</token>
<token t_id="398" sentence="11" number="397">the</token>
<token t_id="399" sentence="11" number="398">reality</token>
<token t_id="400" sentence="11" number="399">of</token>
<token t_id="401" sentence="11" number="400">that</token>
<token t_id="402" sentence="11" number="401">old</token>
<token t_id="403" sentence="11" number="402">life</token>
<token t_id="404" sentence="11" number="403">before</token>
<token t_id="405" sentence="11" number="404">us</token>
<token t_id="406" sentence="11" number="405">more</token>
<token t_id="407" sentence="11" number="406">forcibly</token>
<token t_id="408" sentence="11" number="407">than</token>
<token t_id="409" sentence="11" number="408">to</token>
<token t_id="410" sentence="11" number="409">walk</token>
<token t_id="411" sentence="11" number="410">along</token>
<token t_id="412" sentence="11" number="411">the</token>
<token t_id="413" sentence="11" number="412">streets</token>
<token t_id="414" sentence="11" number="413">,</token>
<token t_id="415" sentence="11" number="414">where</token>
<token t_id="416" sentence="11" number="415">the</token>
<token t_id="417" sentence="11" number="416">bakeries</token>
<token t_id="418" sentence="11" number="417">and</token>
<token t_id="419" sentence="11" number="418">the</token>
<token t_id="420" sentence="11" number="419">wine</token>
<token t_id="421" sentence="11" number="420">and</token>
<token t_id="422" sentence="11" number="421">oil</token>
<token t_id="423" sentence="11" number="422">shops</token>
<token t_id="424" sentence="11" number="423">are</token>
<token t_id="425" sentence="11" number="424">still</token>
<token t_id="426" sentence="11" number="425">to</token>
<token t_id="427" sentence="11" number="426">be</token>
<token t_id="428" sentence="11" number="427">found</token>
<token t_id="429" sentence="11" number="428">.</token>
<token t_id="430" sentence="12" number="429">In</token>
<token t_id="431" sentence="12" number="430">the</token>
<token t_id="432" sentence="12" number="431">latter</token>
<token t_id="433" sentence="12" number="432">are</token>
<token t_id="434" sentence="12" number="433">many</token>
<token t_id="435" sentence="12" number="434">great</token>
<token t_id="436" sentence="12" number="435">jars</token>
<token t_id="437" sentence="12" number="436">,</token>
<token t_id="438" sentence="12" number="437">which</token>
<token t_id="439" sentence="12" number="438">are</token>
<token t_id="440" sentence="12" number="439">,</token>
<token t_id="441" sentence="12" number="440">as</token>
<token t_id="442" sentence="12" number="441">Zelphine</token>
<token t_id="443" sentence="12" number="442">says</token>
<token t_id="444" sentence="12" number="443">,</token>
<token t_id="445" sentence="12" number="444">not</token>
<token t_id="446" sentence="12" number="445">unlike</token>
<token t_id="447" sentence="12" number="446">those</token>
<token t_id="448" sentence="12" number="447">in</token>
<token t_id="449" sentence="12" number="448">which</token>
<token t_id="450" sentence="12" number="449">Morgiana</token>
<token t_id="451" sentence="12" number="450">entrapped</token>
<token t_id="452" sentence="12" number="451">her</token>
<token t_id="453" sentence="12" number="452">Forty</token>
<token t_id="454" sentence="12" number="453">Thieves</token>
<token t_id="455" sentence="12" number="454">.</token>
<token t_id="456" sentence="13" number="455">Turning</token>
<token t_id="457" sentence="13" number="456">a</token>
<token t_id="458" sentence="13" number="457">corner</token>
<token t_id="459" sentence="13" number="458">,</token>
<token t_id="460" sentence="13" number="459">we</token>
<token t_id="461" sentence="13" number="460">were</token>
<token t_id="462" sentence="13" number="461">startled</token>
<token t_id="463" sentence="13" number="462">by</token>
<token t_id="464" sentence="13" number="463">seeing</token>
<token t_id="465" sentence="13" number="464">a</token>
<token t_id="466" sentence="13" number="465">roughly</token>
<token t_id="467" sentence="13" number="466">drawn</token>
<token t_id="468" sentence="13" number="467">sketch</token>
<token t_id="469" sentence="13" number="468">upon</token>
<token t_id="470" sentence="13" number="469">a</token>
<token t_id="471" sentence="13" number="470">wall</token>
<token t_id="472" sentence="13" number="471">,</token>
<token t_id="473" sentence="13" number="472">such</token>
<token t_id="474" sentence="13" number="473">as</token>
<token t_id="475" sentence="13" number="474">any</token>
<token t_id="476" sentence="13" number="475">street</token>
<token t_id="477" sentence="13" number="476">gamin</token>
<token t_id="478" sentence="13" number="477">of</token>
<token t_id="479" sentence="13" number="478">to-day</token>
<token t_id="480" sentence="13" number="479">might</token>
<token t_id="481" sentence="13" number="480">draw</token>
<token t_id="482" sentence="13" number="481">upon</token>
<token t_id="483" sentence="13" number="482">a</token>
<token t_id="484" sentence="13" number="483">tempting</token>
<token t_id="485" sentence="13" number="484">blank</token>
<token t_id="486" sentence="13" number="485">surface</token>
<token t_id="487" sentence="13" number="486">.</token>
<token t_id="488" sentence="14" number="487">Further</token>
<token t_id="489" sentence="14" number="488">along</token>
<token t_id="490" sentence="14" number="489">the</token>
<token t_id="491" sentence="14" number="490">same</token>
<token t_id="492" sentence="14" number="491">street</token>
<token t_id="493" sentence="14" number="492">we</token>
<token t_id="494" sentence="14" number="493">beheld</token>
<token t_id="495" sentence="14" number="494">a</token>
<token t_id="496" sentence="14" number="495">still</token>
<token t_id="497" sentence="14" number="496">stronger</token>
<token t_id="498" sentence="14" number="497">evidence</token>
<token t_id="499" sentence="14" number="498">that</token>
<token t_id="500" sentence="14" number="499">the</token>
<token t_id="501" sentence="14" number="500">life</token>
<token t_id="502" sentence="14" number="501">of</token>
<token t_id="503" sentence="14" number="502">Pompeii</token>
<token t_id="504" sentence="14" number="503">was</token>
<token t_id="505" sentence="14" number="504">not</token>
<token t_id="506" sentence="14" number="505">altogether</token>
<token t_id="507" sentence="14" number="506">different</token>
<token t_id="508" sentence="14" number="507">from</token>
<token t_id="509" sentence="14" number="508">that</token>
<token t_id="510" sentence="14" number="509">of</token>
<token t_id="511" sentence="14" number="510">our</token>
<token t_id="512" sentence="14" number="511">own</token>
<token t_id="513" sentence="14" number="512">time</token>
<token t_id="514" sentence="14" number="513">.</token>
<token t_id="515" sentence="15" number="514">Something</token>
<token t_id="516" sentence="15" number="515">corresponding</token>
<token t_id="517" sentence="15" number="516">to</token>
<token t_id="518" sentence="15" number="517">a</token>
<token t_id="519" sentence="15" number="518">modern</token>
<token t_id="520" sentence="15" number="519">poster</token>
<token t_id="521" sentence="15" number="520">announced</token>
<token t_id="522" sentence="15" number="521">in</token>
<token t_id="523" sentence="15" number="522">red</token>
<token t_id="524" sentence="15" number="523">letters</token>
<token t_id="525" sentence="15" number="524">the</token>
<token t_id="526" sentence="15" number="525">name</token>
<token t_id="527" sentence="15" number="526">of</token>
<token t_id="528" sentence="15" number="527">a</token>
<token t_id="529" sentence="15" number="528">favorite</token>
<token t_id="530" sentence="15" number="529">candidate</token>
<token t_id="531" sentence="15" number="530">for</token>
<token t_id="532" sentence="15" number="531">the</token>
<token t_id="533" sentence="15" number="532">next</token>
<token t_id="534" sentence="15" number="533">municipal</token>
<token t_id="535" sentence="15" number="534">election</token>
<token t_id="536" sentence="15" number="535">.</token>
<token t_id="537" sentence="16" number="536">We</token>
<token t_id="538" sentence="16" number="537">lingered</token>
<token t_id="539" sentence="16" number="538">long</token>
<token t_id="540" sentence="16" number="539">in</token>
<token t_id="541" sentence="16" number="540">the</token>
<token t_id="542" sentence="16" number="541">vast</token>
<token t_id="543" sentence="16" number="542">amphitheatre</token>
<token t_id="544" sentence="16" number="543">,</token>
<token t_id="545" sentence="16" number="544">in</token>
<token t_id="546" sentence="16" number="545">which</token>
<token t_id="547" sentence="16" number="546">the</token>
<token t_id="548" sentence="16" number="547">Pompeians</token>
<token t_id="549" sentence="16" number="548">were</token>
<token t_id="550" sentence="16" number="549">wont</token>
<token t_id="551" sentence="16" number="550">to</token>
<token t_id="552" sentence="16" number="551">take</token>
<token t_id="553" sentence="16" number="552">their</token>
<token t_id="554" sentence="16" number="553">pleasure</token>
<token t_id="555" sentence="16" number="554">,</token>
<token t_id="556" sentence="16" number="555">protected</token>
<token t_id="557" sentence="16" number="556">in</token>
<token t_id="558" sentence="16" number="557">sunny</token>
<token t_id="559" sentence="16" number="558">weather</token>
<token t_id="560" sentence="16" number="559">by</token>
<token t_id="561" sentence="16" number="560">an</token>
<token t_id="562" sentence="16" number="561">awning</token>
<token t_id="563" sentence="16" number="562">,</token>
<token t_id="564" sentence="16" number="563">whose</token>
<token t_id="565" sentence="16" number="564">usefulness</token>
<token t_id="566" sentence="16" number="565">we</token>
<token t_id="567" sentence="16" number="566">could</token>
<token t_id="568" sentence="16" number="567">appreciate</token>
<token t_id="569" sentence="16" number="568">to-day</token>
<token t_id="570" sentence="16" number="569">,</token>
<token t_id="571" sentence="16" number="570">as</token>
<token t_id="572" sentence="16" number="571">the</token>
<token t_id="573" sentence="16" number="572">sun</token>
<token t_id="574" sentence="16" number="573">of</token>
<token t_id="575" sentence="16" number="574">March</token>
<token t_id="576" sentence="16" number="575">is</token>
<token t_id="577" sentence="16" number="576">intensely</token>
<token t_id="578" sentence="16" number="577">hot</token>
<token t_id="579" sentence="16" number="578">in</token>
<token t_id="580" sentence="16" number="579">this</token>
<token t_id="581" sentence="16" number="580">region</token>
<token t_id="582" sentence="16" number="581">.</token>
<token t_id="583" sentence="17" number="582">The</token>
<token t_id="584" sentence="17" number="583">barracks</token>
<token t_id="585" sentence="17" number="584">for</token>
<token t_id="586" sentence="17" number="585">the</token>
<token t_id="587" sentence="17" number="586">gladiators</token>
<token t_id="588" sentence="17" number="587">,</token>
<token t_id="589" sentence="17" number="588">near</token>
<token t_id="590" sentence="17" number="589">the</token>
<token t_id="591" sentence="17" number="590">theatre</token>
<token t_id="592" sentence="17" number="591">,</token>
<token t_id="593" sentence="17" number="592">are</token>
<token t_id="594" sentence="17" number="593">not</token>
<token t_id="595" sentence="17" number="594">unlike</token>
<token t_id="596" sentence="17" number="595">the</token>
<token t_id="597" sentence="17" number="596">casemates</token>
<token t_id="598" sentence="17" number="597">for</token>
<token t_id="599" sentence="17" number="598">soldiers</token>
<token t_id="600" sentence="17" number="599">in</token>
<token t_id="601" sentence="17" number="600">a</token>
<token t_id="602" sentence="17" number="601">fort</token>
<token t_id="603" sentence="17" number="602">,</token>
<token t_id="604" sentence="17" number="603">and</token>
<token t_id="605" sentence="17" number="604">are</token>
<token t_id="606" sentence="17" number="605">quite</token>
<token t_id="607" sentence="17" number="606">complete</token>
<token t_id="608" sentence="17" number="607">.</token>
<token t_id="609" sentence="18" number="608">Zelphine</token>
<token t_id="610" sentence="18" number="609">,</token>
<token t_id="611" sentence="18" number="610">who</token>
<token t_id="612" sentence="18" number="611">is</token>
<token t_id="613" sentence="18" number="612">sitting</token>
<token t_id="614" sentence="18" number="613">near</token>
<token t_id="615" sentence="18" number="614">me</token>
<token t_id="616" sentence="18" number="615">,</token>
<token t_id="617" sentence="18" number="616">poring</token>
<token t_id="618" sentence="18" number="617">over</token>
<token t_id="619" sentence="18" number="618">Bulwer</token>
<token t_id="620" sentence="18" number="619">'s</token>
<token t_id="621" sentence="18" number="620">novel</token>
<token t_id="622" sentence="18" number="621">,</token>
<token t_id="623" sentence="18" number="622">has</token>
<token t_id="624" sentence="18" number="623">just</token>
<token t_id="625" sentence="18" number="624">read</token>
<token t_id="626" sentence="18" number="625">me</token>
<token t_id="627" sentence="18" number="626">Pansa</token>
<token t_id="628" sentence="18" number="627">'s</token>
<token t_id="629" sentence="18" number="628">lament</token>
<token t_id="630" sentence="18" number="629">over</token>
<token t_id="631" sentence="18" number="630">what</token>
<token t_id="632" sentence="18" number="631">he</token>
<token t_id="633" sentence="18" number="632">considered</token>
<token t_id="634" sentence="18" number="633">an</token>
<token t_id="635" sentence="18" number="634">infamous</token>
<token t_id="636" sentence="18" number="635">law</token>
<token t_id="637" sentence="18" number="636">,</token>
<token t_id="638" sentence="18" number="637">that</token>
<token t_id="639" sentence="18" number="638">forbade</token>
<token t_id="640" sentence="18" number="639">a</token>
<token t_id="641" sentence="18" number="640">man</token>
<token t_id="642" sentence="18" number="641">to</token>
<token t_id="643" sentence="18" number="642">send</token>
<token t_id="644" sentence="18" number="643">his</token>
<token t_id="645" sentence="18" number="644">own</token>
<token t_id="646" sentence="18" number="645">slaves</token>
<token t_id="647" sentence="18" number="646">to</token>
<token t_id="648" sentence="18" number="647">the</token>
<token t_id="649" sentence="18" number="648">wild</token>
<token t_id="650" sentence="18" number="649">beasts</token>
<token t_id="651" sentence="18" number="650">in</token>
<token t_id="652" sentence="18" number="651">the</token>
<token t_id="653" sentence="18" number="652">arena</token>
<token t_id="654" sentence="18" number="653">.</token>
<token t_id="655" sentence="19" number="654">Having</token>
<token t_id="656" sentence="19" number="655">seen</token>
<token t_id="657" sentence="19" number="656">the</token>
<token t_id="658" sentence="19" number="657">houses</token>
<token t_id="659" sentence="19" number="658">of</token>
<token t_id="660" sentence="19" number="659">Glaucus</token>
<token t_id="661" sentence="19" number="660">and</token>
<token t_id="662" sentence="19" number="661">Pansa</token>
<token t_id="663" sentence="19" number="662">,</token>
<token t_id="664" sentence="19" number="663">one</token>
<token t_id="665" sentence="19" number="664">can</token>
<token t_id="666" sentence="19" number="665">more</token>
<token t_id="667" sentence="19" number="666">readily</token>
<token t_id="668" sentence="19" number="667">understand</token>
<token t_id="669" sentence="19" number="668">the</token>
<token t_id="670" sentence="19" number="669">point</token>
<token t_id="671" sentence="19" number="670">of</token>
<token t_id="672" sentence="19" number="671">view</token>
<token t_id="673" sentence="19" number="672">of</token>
<token t_id="674" sentence="19" number="673">these</token>
<token t_id="675" sentence="19" number="674">luxurious</token>
<token t_id="676" sentence="19" number="675">,</token>
<token t_id="677" sentence="19" number="676">pleasure-loving</token>
<token t_id="678" sentence="19" number="677">ancients</token>
<token t_id="679" sentence="19" number="678">,</token>
<token t_id="680" sentence="19" number="679">who</token>
<token t_id="681" sentence="19" number="680">were</token>
<token t_id="682" sentence="19" number="681">probably</token>
<token t_id="683" sentence="19" number="682">not</token>
<token t_id="684" sentence="19" number="683">more</token>
<token t_id="685" sentence="19" number="684">cruel</token>
<token t_id="686" sentence="19" number="685">than</token>
<token t_id="687" sentence="19" number="686">many</token>
<token t_id="688" sentence="19" number="687">of</token>
<token t_id="689" sentence="19" number="688">their</token>
<token t_id="690" sentence="19" number="689">contemporaries</token>
<token t_id="691" sentence="19" number="690">.</token>
<token t_id="692" sentence="20" number="691">We</token>
<token t_id="693" sentence="20" number="692">left</token>
<token t_id="694" sentence="20" number="693">Pompeii</token>
<token t_id="695" sentence="20" number="694">late</token>
<token t_id="696" sentence="20" number="695">this</token>
<token t_id="697" sentence="20" number="696">afternoon</token>
<token t_id="698" sentence="20" number="697">and</token>
<token t_id="699" sentence="20" number="698">came</token>
<token t_id="700" sentence="20" number="699">to</token>
<token t_id="701" sentence="20" number="700">La</token>
<token t_id="702" sentence="20" number="701">Cava</token>
<token t_id="703" sentence="20" number="702">,</token>
<token t_id="704" sentence="20" number="703">a</token>
<token t_id="705" sentence="20" number="704">pretty</token>
<token t_id="706" sentence="20" number="705">town</token>
<token t_id="707" sentence="20" number="706">in</token>
<token t_id="708" sentence="20" number="707">the</token>
<token t_id="709" sentence="20" number="708">mountains</token>
<token t_id="710" sentence="20" number="709">,</token>
<token t_id="711" sentence="20" number="710">where</token>
<token t_id="712" sentence="20" number="711">we</token>
<token t_id="713" sentence="20" number="712">are</token>
<token t_id="714" sentence="20" number="713">stopping</token>
<token t_id="715" sentence="20" number="714">on</token>
<token t_id="716" sentence="20" number="715">our</token>
<token t_id="717" sentence="20" number="716">way</token>
<token t_id="718" sentence="20" number="717">to</token>
<token t_id="719" sentence="20" number="718">Pæstum</token>
<token t_id="720" sentence="20" number="719">.</token>
<token t_id="721" sentence="21" number="720">Zelphine</token>
<token t_id="722" sentence="21" number="721">has</token>
<token t_id="723" sentence="21" number="722">just</token>
<token t_id="724" sentence="21" number="723">been</token>
<token t_id="725" sentence="21" number="724">talking</token>
<token t_id="726" sentence="21" number="725">to</token>
<token t_id="727" sentence="21" number="726">the</token>
<token t_id="728" sentence="21" number="727">padrone</token>
<token t_id="729" sentence="21" number="728">,</token>
<token t_id="730" sentence="21" number="729">who</token>
<token t_id="731" sentence="21" number="730">speaks</token>
<token t_id="732" sentence="21" number="731">excellent</token>
<token t_id="733" sentence="21" number="732">English</token>
<token t_id="734" sentence="21" number="733">,</token>
<token t_id="735" sentence="21" number="734">about</token>
<token t_id="736" sentence="21" number="735">the</token>
<token t_id="737" sentence="21" number="736">excursion</token>
<token t_id="738" sentence="21" number="737">to-morrow</token>
<token t_id="739" sentence="21" number="738">.</token>
<token t_id="740" sentence="22" number="739">Our</token>
<token t_id="741" sentence="22" number="740">tickets</token>
<token t_id="742" sentence="22" number="741">,</token>
<token t_id="743" sentence="22" number="742">which</token>
<token t_id="744" sentence="22" number="743">we</token>
<token t_id="745" sentence="22" number="744">bought</token>
<token t_id="746" sentence="22" number="745">of</token>
<token t_id="747" sentence="22" number="746">the</token>
<token t_id="748" sentence="22" number="747">concierge</token>
<token t_id="749" sentence="22" number="748">at</token>
<token t_id="750" sentence="22" number="749">the</token>
<token t_id="751" sentence="22" number="750">Hotel</token>
<token t_id="752" sentence="22" number="751">B.</token>
<token t_id="753" sentence="22" number="752">,</token>
<token t_id="754" sentence="22" number="753">entitle</token>
<token t_id="755" sentence="22" number="754">us</token>
<token t_id="756" sentence="22" number="755">to</token>
<token t_id="757" sentence="22" number="756">a</token>
<token t_id="758" sentence="22" number="757">drive</token>
<token t_id="759" sentence="22" number="758">or</token>
<token t_id="760" sentence="22" number="759">a</token>
<token t_id="761" sentence="22" number="760">railway</token>
<token t_id="762" sentence="22" number="761">journey</token>
<token t_id="763" sentence="22" number="762">.</token>
<token t_id="764" sentence="23" number="763">The</token>
<token t_id="765" sentence="23" number="764">padrone</token>
<token t_id="766" sentence="23" number="765">strongly</token>
<token t_id="767" sentence="23" number="766">advises</token>
<token t_id="768" sentence="23" number="767">the</token>
<token t_id="769" sentence="23" number="768">former</token>
<token t_id="770" sentence="23" number="769">.</token>
<token t_id="771" sentence="24" number="770">He</token>
<token t_id="772" sentence="24" number="771">says</token>
<token t_id="773" sentence="24" number="772">the</token>
<token t_id="774" sentence="24" number="773">trains</token>
<token t_id="775" sentence="24" number="774">are</token>
<token t_id="776" sentence="24" number="775">so</token>
<token t_id="777" sentence="24" number="776">slow</token>
<token t_id="778" sentence="24" number="777">and</token>
<token t_id="779" sentence="24" number="778">the</token>
<token t_id="780" sentence="24" number="779">waits</token>
<token t_id="781" sentence="24" number="780">so</token>
<token t_id="782" sentence="24" number="781">long</token>
<token t_id="783" sentence="24" number="782">that</token>
<token t_id="784" sentence="24" number="783">we</token>
<token t_id="785" sentence="24" number="784">make</token>
<token t_id="786" sentence="24" number="785">almost</token>
<token t_id="787" sentence="24" number="786">as</token>
<token t_id="788" sentence="24" number="787">good</token>
<token t_id="789" sentence="24" number="788">time</token>
<token t_id="790" sentence="24" number="789">by</token>
<token t_id="791" sentence="24" number="790">driving</token>
<token t_id="792" sentence="24" number="791">,</token>
<token t_id="793" sentence="24" number="792">and</token>
<token t_id="794" sentence="24" number="793">then</token>
<token t_id="795" sentence="24" number="794">it</token>
<token t_id="796" sentence="24" number="795">is</token>
<token t_id="797" sentence="24" number="796">much</token>
<token t_id="798" sentence="24" number="797">more</token>
<token t_id="799" sentence="24" number="798">interesting</token>
<token t_id="800" sentence="24" number="799">.</token>
<token t_id="801" sentence="25" number="800">The</token>
<token t_id="802" sentence="25" number="801">drive</token>
<token t_id="803" sentence="25" number="802">is</token>
<token t_id="804" sentence="25" number="803">between</token>
<token t_id="805" sentence="25" number="804">forty</token>
<token t_id="806" sentence="25" number="805">and</token>
<token t_id="807" sentence="25" number="806">fifty</token>
<token t_id="808" sentence="25" number="807">miles</token>
<token t_id="809" sentence="25" number="808">,</token>
<token t_id="810" sentence="25" number="809">but</token>
<token t_id="811" sentence="25" number="810">by</token>
<token t_id="812" sentence="25" number="811">starting</token>
<token t_id="813" sentence="25" number="812">at</token>
<token t_id="814" sentence="25" number="813">eight</token>
<token t_id="815" sentence="25" number="814">o'clock</token>
<token t_id="816" sentence="25" number="815">in</token>
<token t_id="817" sentence="25" number="816">the</token>
<token t_id="818" sentence="25" number="817">morning</token>
<token t_id="819" sentence="25" number="818">,</token>
<token t_id="820" sentence="25" number="819">and</token>
<token t_id="821" sentence="25" number="820">changing</token>
<token t_id="822" sentence="25" number="821">horses</token>
<token t_id="823" sentence="25" number="822">at</token>
<token t_id="824" sentence="25" number="823">Battipaglia</token>
<token t_id="825" sentence="25" number="824">,</token>
<token t_id="826" sentence="25" number="825">we</token>
<token t_id="827" sentence="25" number="826">shall</token>
<token t_id="828" sentence="25" number="827">have</token>
<token t_id="829" sentence="25" number="828">two</token>
<token t_id="830" sentence="25" number="829">hours</token>
<token t_id="831" sentence="25" number="830">at</token>
<token t_id="832" sentence="25" number="831">Pæstum</token>
<token t_id="833" sentence="25" number="832">and</token>
<token t_id="834" sentence="25" number="833">get</token>
<token t_id="835" sentence="25" number="834">back</token>
<token t_id="836" sentence="25" number="835">to</token>
<token t_id="837" sentence="25" number="836">this</token>
<token t_id="838" sentence="25" number="837">hotel</token>
<token t_id="839" sentence="25" number="838">in</token>
<token t_id="840" sentence="25" number="839">time</token>
<token t_id="841" sentence="25" number="840">for</token>
<token t_id="842" sentence="25" number="841">dinner</token>
<token t_id="843" sentence="25" number="842">.</token>
<token t_id="844" sentence="26" number="843">Another</token>
<token t_id="845" sentence="26" number="844">party</token>
<token t_id="846" sentence="26" number="845">of</token>
<token t_id="847" sentence="26" number="846">American</token>
<token t_id="848" sentence="26" number="847">travellers</token>
<token t_id="849" sentence="26" number="848">,</token>
<token t_id="850" sentence="26" number="849">of</token>
<token t_id="851" sentence="26" number="850">the</token>
<token t_id="852" sentence="26" number="851">inconvenient</token>
<token t_id="853" sentence="26" number="852">number</token>
<token t_id="854" sentence="26" number="853">of</token>
<token t_id="855" sentence="26" number="854">five</token>
<token t_id="856" sentence="26" number="855">,</token>
<token t_id="857" sentence="26" number="856">go</token>
<token t_id="858" sentence="26" number="857">by</token>
<token t_id="859" sentence="26" number="858">coach</token>
<token t_id="860" sentence="26" number="859">to-morrow</token>
<token t_id="861" sentence="26" number="860">.</token>
<token t_id="862" sentence="27" number="861">The</token>
<token t_id="863" sentence="27" number="862">padrone</token>
<token t_id="864" sentence="27" number="863">asks</token>
<token t_id="865" sentence="27" number="864">us</token>
<token t_id="866" sentence="27" number="865">,</token>
<token t_id="867" sentence="27" number="866">in</token>
<token t_id="868" sentence="27" number="867">case</token>
<token t_id="869" sentence="27" number="868">we</token>
<token t_id="870" sentence="27" number="869">decide</token>
<token t_id="871" sentence="27" number="870">to</token>
<token t_id="872" sentence="27" number="871">drive</token>
<token t_id="873" sentence="27" number="872">,</token>
<token t_id="874" sentence="27" number="873">whether</token>
<token t_id="875" sentence="27" number="874">we</token>
<token t_id="876" sentence="27" number="875">will</token>
<token t_id="877" sentence="27" number="876">give</token>
<token t_id="878" sentence="27" number="877">a</token>
<token t_id="879" sentence="27" number="878">seat</token>
<token t_id="880" sentence="27" number="879">in</token>
<token t_id="881" sentence="27" number="880">our</token>
<token t_id="882" sentence="27" number="881">carriage</token>
<token t_id="883" sentence="27" number="882">to</token>
<token t_id="884" sentence="27" number="883">the</token>
<token t_id="885" sentence="27" number="884">odd</token>
<token t_id="886" sentence="27" number="885">number</token>
<token t_id="887" sentence="27" number="886">.</token>
<token t_id="888" sentence="28" number="887">Having</token>
<token t_id="889" sentence="28" number="888">concluded</token>
<token t_id="890" sentence="28" number="889">to</token>
<token t_id="891" sentence="28" number="890">drive</token>
<token t_id="892" sentence="28" number="891">,</token>
<token t_id="893" sentence="28" number="892">we</token>
<token t_id="894" sentence="28" number="893">are</token>
<token t_id="895" sentence="28" number="894">hoping</token>
<token t_id="896" sentence="28" number="895">that</token>
<token t_id="897" sentence="28" number="896">the</token>
<token t_id="898" sentence="28" number="897">fifth</token>
<token t_id="899" sentence="28" number="898">wheel</token>
<token t_id="900" sentence="28" number="899">of</token>
<token t_id="901" sentence="28" number="900">the</token>
<token t_id="902" sentence="28" number="901">other</token>
<token t_id="903" sentence="28" number="902">coaching-party</token>
<token t_id="904" sentence="28" number="903">may</token>
<token t_id="905" sentence="28" number="904">prove</token>
<token t_id="906" sentence="28" number="905">to</token>
<token t_id="907" sentence="28" number="906">be</token>
<token t_id="908" sentence="28" number="907">Mrs.</token>
<token t_id="909" sentence="28" number="908">Coxe</token>
<token t_id="910" sentence="28" number="909">,</token>
<token t_id="911" sentence="28" number="910">a</token>
<token t_id="912" sentence="28" number="911">charming</token>
<token t_id="913" sentence="28" number="912">old</token>
<token t_id="914" sentence="28" number="913">lady</token>
<token t_id="915" sentence="28" number="914">who</token>
<token t_id="916" sentence="28" number="915">talks</token>
<token t_id="917" sentence="28" number="916">most</token>
<token t_id="918" sentence="28" number="917">picturesquely</token>
<token t_id="919" sentence="28" number="918">of</token>
<token t_id="920" sentence="28" number="919">a</token>
<token t_id="921" sentence="28" number="920">drive</token>
<token t_id="922" sentence="28" number="921">to</token>
<token t_id="923" sentence="28" number="922">Pæstum</token>
<token t_id="924" sentence="28" number="923">forty</token>
<token t_id="925" sentence="28" number="924">years</token>
<token t_id="926" sentence="28" number="925">ago</token>
<token t_id="927" sentence="28" number="926">,</token>
<token t_id="928" sentence="28" number="927">when</token>
<token t_id="929" sentence="28" number="928">the</token>
<token t_id="930" sentence="28" number="929">roads</token>
<token t_id="931" sentence="28" number="930">were</token>
<token t_id="932" sentence="28" number="931">so</token>
<token t_id="933" sentence="28" number="932">infested</token>
<token t_id="934" sentence="28" number="933">by</token>
<token t_id="935" sentence="28" number="934">brigands</token>
<token t_id="936" sentence="28" number="935">that</token>
<token t_id="937" sentence="28" number="936">it</token>
<token t_id="938" sentence="28" number="937">was</token>
<token t_id="939" sentence="28" number="938">necessary</token>
<token t_id="940" sentence="28" number="939">to</token>
<token t_id="941" sentence="28" number="940">travel</token>
<token t_id="942" sentence="28" number="941">with</token>
<token t_id="943" sentence="28" number="942">a</token>
<token t_id="944" sentence="28" number="943">mounted</token>
<token t_id="945" sentence="28" number="944">escort</token>
<token t_id="946" sentence="28" number="945">.</token>
<token t_id="947" sentence="29" number="946">"</token>
<token t_id="948" sentence="29" number="947">Could</token>
<token t_id="949" sentence="29" number="948">anything</token>
<token t_id="950" sentence="29" number="949">be</token>
<token t_id="951" sentence="29" number="950">more</token>
<token t_id="952" sentence="29" number="951">delightfully</token>
<token t_id="953" sentence="29" number="952">romantic</token>
<token t_id="954" sentence="29" number="953">?</token>
<token t_id="955" sentence="29" number="954">"</token>
<token t_id="956" sentence="30" number="955">exclaims</token>
<token t_id="957" sentence="30" number="956">Zelphine</token>
<token t_id="958" sentence="30" number="957">,</token>
<token t_id="959" sentence="30" number="958">on</token>
<token t_id="960" sentence="30" number="959">hearing</token>
<token t_id="961" sentence="30" number="960">this</token>
<token t_id="962" sentence="30" number="961">.</token>
<token t_id="963" sentence="31" number="962">"</token>
<token t_id="964" sentence="31" number="963">Or</token>
<token t_id="965" sentence="31" number="964">more</token>
<token t_id="966" sentence="31" number="965">horridly</token>
<token t_id="967" sentence="31" number="966">uncomfortable</token>
<token t_id="968" sentence="31" number="967">?</token>
<token t_id="969" sentence="31" number="968">"</token>
<token t_id="970" sentence="32" number="969">adds</token>
<token t_id="971" sentence="32" number="970">Angela</token>
<token t_id="972" sentence="32" number="971">.</token>
<token t_id="973" sentence="33" number="972">These</token>
<token t_id="974" sentence="33" number="973">exclamations</token>
<token t_id="975" sentence="33" number="974">drew</token>
<token t_id="976" sentence="33" number="975">from</token>
<token t_id="977" sentence="33" number="976">Mrs.</token>
<token t_id="978" sentence="33" number="977">Coxe</token>
<token t_id="979" sentence="33" number="978">a</token>
<token t_id="980" sentence="33" number="979">detailed</token>
<token t_id="981" sentence="33" number="980">and</token>
<token t_id="982" sentence="33" number="981">spirited</token>
<token t_id="983" sentence="33" number="982">recital</token>
<token t_id="984" sentence="33" number="983">of</token>
<token t_id="985" sentence="33" number="984">her</token>
<token t_id="986" sentence="33" number="985">adventures</token>
<token t_id="987" sentence="33" number="986">,</token>
<token t_id="988" sentence="33" number="987">which</token>
<token t_id="989" sentence="33" number="988">Zelphine</token>
<token t_id="990" sentence="33" number="989">heard</token>
<token t_id="991" sentence="33" number="990">with</token>
<token t_id="992" sentence="33" number="991">the</token>
<token t_id="993" sentence="33" number="992">great</token>
<token t_id="994" sentence="33" number="993">wide-open</token>
<token t_id="995" sentence="33" number="994">eyes</token>
<token t_id="996" sentence="33" number="995">of</token>
<token t_id="997" sentence="33" number="996">a</token>
<token t_id="998" sentence="33" number="997">child</token>
<token t_id="999" sentence="33" number="998">listening</token>
<token t_id="1000" sentence="33" number="999">to</token>
<token t_id="1001" sentence="33" number="1000">a</token>
<token t_id="1002" sentence="33" number="1001">fairy-tale</token>
<token t_id="1003" sentence="33" number="1002">.</token>
<token t_id="1004" sentence="34" number="1003">Women</token>
<token t_id="1005" sentence="34" number="1004">of</token>
<token t_id="1006" sentence="34" number="1005">Mrs.</token>
<token t_id="1007" sentence="34" number="1006">Coxe</token>
<token t_id="1008" sentence="34" number="1007">'s</token>
<token t_id="1009" sentence="34" number="1008">age</token>
<token t_id="1010" sentence="34" number="1009">delight</token>
<token t_id="1011" sentence="34" number="1010">in</token>
<token t_id="1012" sentence="34" number="1011">a</token>
<token t_id="1013" sentence="34" number="1012">sympathetic</token>
<token t_id="1014" sentence="34" number="1013">listener</token>
<token t_id="1015" sentence="34" number="1014">.</token>
<token t_id="1016" sentence="35" number="1015">The</token>
<token t_id="1017" sentence="35" number="1016">members</token>
<token t_id="1018" sentence="35" number="1017">of</token>
<token t_id="1019" sentence="35" number="1018">her</token>
<token t_id="1020" sentence="35" number="1019">own</token>
<token t_id="1021" sentence="35" number="1020">party</token>
<token t_id="1022" sentence="35" number="1021">have</token>
<token t_id="1023" sentence="35" number="1022">doubtless</token>
<token t_id="1024" sentence="35" number="1023">heard</token>
<token t_id="1025" sentence="35" number="1024">all</token>
<token t_id="1026" sentence="35" number="1025">of</token>
<token t_id="1027" sentence="35" number="1026">her</token>
<token t_id="1028" sentence="35" number="1027">contes</token>
<token t_id="1029" sentence="35" number="1028">de</token>
<token t_id="1030" sentence="35" number="1029">voyage</token>
<token t_id="1031" sentence="35" number="1030">.</token>
<token t_id="1032" sentence="36" number="1031">She</token>
<token t_id="1033" sentence="36" number="1032">will</token>
<token t_id="1034" sentence="36" number="1033">certainly</token>
<token t_id="1035" sentence="36" number="1034">elect</token>
<token t_id="1036" sentence="36" number="1035">to</token>
<token t_id="1037" sentence="36" number="1036">go</token>
<token t_id="1038" sentence="36" number="1037">with</token>
<token t_id="1039" sentence="36" number="1038">us</token>
<token t_id="1040" sentence="36" number="1039">,</token>
<token t_id="1041" sentence="36" number="1040">and</token>
<token t_id="1042" sentence="36" number="1041">have</token>
<token t_id="1043" sentence="36" number="1042">the</token>
<token t_id="1044" sentence="36" number="1043">advantage</token>
<token t_id="1045" sentence="36" number="1044">of</token>
<token t_id="1046" sentence="36" number="1045">a</token>
<token t_id="1047" sentence="36" number="1046">new</token>
<token t_id="1048" sentence="36" number="1047">and</token>
<token t_id="1049" sentence="36" number="1048">appreciative</token>
<token t_id="1050" sentence="36" number="1049">audience</token>
<token t_id="1051" sentence="36" number="1050">.</token>


<Markables>
<EVENT_MENTION m_id="33" factuality="" modality="" pred="" pos="" aspect="" certainty="" comment="" class="PHYSICAL SENSATIONS" tense="" polarity=""  >
<token_anchor t_id="356"/>
</EVENT_MENTION>
<EVENT_MENTION m_id="129" factuality="" modality="" pred="" pos="" aspect="" certainty="" comment="" class="SPACE-MOVEMENT" tense="" polarity=""  >
<token_anchor t_id="161"/>
</EVENT_MENTION>
<EVENT_MENTION m_id="65" factuality="" modality="" pred="" pos="" aspect="" certainty="" comment="" class="SPACE-MOVEMENT" tense="" polarity=""  >
<token_anchor t_id="643"/>
</EVENT_MENTION>
<EVENT_MENTION m_id="1" factuality="" modality="" pred="" pos="" aspect="" certainty="" comment="" class="TIME" tense="" polarity=""  >
<token_anchor t_id="10"/>
</EVENT_MENTION>
<EVENT_MENTION m_id="97" factuality="" modality="" pred="" pos="" aspect="" certainty="" comment="" class="MENTAL" tense="" polarity=""  >
<token_anchor t_id="889"/>
</EVENT_MENTION>
<EVENT_MENTION m_id="34" factuality="" modality="" pred="" pos="" aspect="" certainty="" comment="" class="EXISTENCE-CAUSATION" tense="" polarity=""  >
<token_anchor t_id="360"/>
</EVENT_MENTION>
<EVENT_MENTION m_id="130" factuality="" modality="" pred="" pos="" aspect="" certainty="" comment="" class="EMOTIONS-EVALUATIONS" tense="" polarity=""  >
<token_anchor t_id="677"/>
</EVENT_MENTION>
<EVENT_MENTION m_id="66" factuality="" modality="" pred="" pos="" aspect="" certainty="" comment="" class="PHYSICAL SENSATIONS" tense="" polarity=""  >
<token_anchor t_id="656"/>
</EVENT_MENTION>
<EVENT_MENTION m_id="2" factuality="" modality="" pred="" pos="" aspect="" certainty="" comment="" class="LIFE-HEALTH" tense="" polarity=""  >
<token_anchor t_id="21"/>
</EVENT_MENTION>
<EVENT_MENTION m_id="98" factuality="" modality="" pred="" pos="" aspect="" certainty="" comment="" class="SPACE-MOVEMENT" tense="" polarity=""  >
<token_anchor t_id="891"/>
</EVENT_MENTION>
<EVENT_MENTION m_id="35" factuality="" modality="" pred="" pos="" aspect="" certainty="" comment="" class="EXISTENCE-CAUSATION" tense="" polarity=""  >
<token_anchor t_id="374"/>
</EVENT_MENTION>
<EVENT_MENTION m_id="67" factuality="" modality="" pred="" pos="" aspect="" certainty="" comment="" class="MENTAL" tense="" polarity=""  >
<token_anchor t_id="668"/>
</EVENT_MENTION>
<EVENT_MENTION m_id="3" factuality="" modality="" pred="" pos="" aspect="" certainty="" comment="" class="EMOTIONS-EVALUATIONS" tense="" polarity=""  >
<token_anchor t_id="39"/>
<token_anchor t_id="40"/>
<token_anchor t_id="41"/>
<token_anchor t_id="42"/>
</EVENT_MENTION>
<EVENT_MENTION m_id="99" factuality="" modality="" pred="" pos="" aspect="" certainty="" comment="" class="MENTAL" tense="" polarity=""  >
<token_anchor t_id="895"/>
</EVENT_MENTION>
<EVENT_MENTION m_id="36" factuality="" modality="" pred="" pos="" aspect="" certainty="" comment="" class="TIME" tense="" polarity=""  >
<token_anchor t_id="381"/>
<token_anchor t_id="382"/>
<token_anchor t_id="383"/>
<token_anchor t_id="384"/>
</EVENT_MENTION>
<EVENT_MENTION m_id="68" factuality="" modality="" pred="" pos="" aspect="" certainty="" comment="" class="EMOTIONS-EVALUATIONS" tense="" polarity=""  >
<token_anchor t_id="681"/>
<token_anchor t_id="682"/>
<token_anchor t_id="683"/>
<token_anchor t_id="684"/>
<token_anchor t_id="685"/>
</EVENT_MENTION>
<EVENT_MENTION m_id="4" factuality="" modality="" pred="" pos="" aspect="" certainty="" comment="" class="EXISTENCE-CAUSATION" tense="" polarity=""  >
<token_anchor t_id="49"/>
</EVENT_MENTION>
<EVENT_MENTION m_id="100" factuality="" modality="" pred="" pos="" aspect="" certainty="" comment="" class="GENERAL" tense="" polarity=""  >
<token_anchor t_id="905"/>
</EVENT_MENTION>
<EVENT_MENTION m_id="37" factuality="" modality="" pred="" pos="" aspect="" certainty="" comment="" class="EXISTENCE-CAUSATION" tense="" polarity=""  >
<token_anchor t_id="390"/>
</EVENT_MENTION>
<EVENT_MENTION m_id="69" factuality="" modality="" pred="" pos="" aspect="" certainty="" comment="" class="SPACE-MOVEMENT" tense="" polarity=""  >
<token_anchor t_id="693"/>
</EVENT_MENTION>
<EVENT_MENTION m_id="5" factuality="" modality="" pred="" pos="" aspect="" certainty="" comment="" class="COMMUNICATION" tense="" polarity=""  >
<token_anchor t_id="52"/>
</EVENT_MENTION>
<EVENT_MENTION m_id="101" factuality="" modality="" pred="" pos="" aspect="" certainty="" comment="" class="COMMUNICATION" tense="" polarity=""  >
<token_anchor t_id="916"/>
</EVENT_MENTION>
<EVENT_MENTION m_id="38" factuality="" modality="" pred="" pos="" aspect="" certainty="" comment="" class="SPACE-MOVEMENT" tense="" polarity=""  >
<token_anchor t_id="410"/>
<token_anchor t_id="411"/>
</EVENT_MENTION>
<EVENT_MENTION m_id="70" factuality="" modality="" pred="" pos="" aspect="" certainty="" comment="" class="SPACE-MOVEMENT" tense="" polarity=""  >
<token_anchor t_id="699"/>
</EVENT_MENTION>
<EVENT_MENTION m_id="6" factuality="" modality="" pred="" pos="" aspect="" certainty="" comment="" class="SPACE-MOVEMENT" tense="" polarity=""  >
<token_anchor t_id="65"/>
</EVENT_MENTION>
<EVENT_MENTION m_id="102" factuality="" modality="" pred="" pos="" aspect="" certainty="" comment="" class="SPACE-MOVEMENT" tense="" polarity=""  >
<token_anchor t_id="921"/>
</EVENT_MENTION>
<EVENT_MENTION m_id="39" factuality="" modality="" pred="" pos="" aspect="" certainty="" comment="" class="GENERAL" tense="" polarity=""  >
<token_anchor t_id="428"/>
</EVENT_MENTION>
<EVENT_MENTION m_id="71" factuality="" modality="" pred="" pos="" aspect="" certainty="" comment="" class="SPACE-MOVEMENT" tense="" polarity=""  >
<token_anchor t_id="714"/>
</EVENT_MENTION>
<EVENT_MENTION m_id="7" factuality="" modality="" pred="" pos="" aspect="" certainty="" comment="" class="MEASURE" tense="" polarity=""  >
<token_anchor t_id="67"/>
<token_anchor t_id="68"/>
<token_anchor t_id="69"/>
<token_anchor t_id="70"/>
</EVENT_MENTION>
<EVENT_MENTION m_id="103" factuality="" modality="" pred="" pos="" aspect="" certainty="" comment="" class="EMOTIONS-EVALUATIONS" tense="" polarity=""  >
<token_anchor t_id="931"/>
<token_anchor t_id="932"/>
<token_anchor t_id="933"/>
</EVENT_MENTION>
<EVENT_MENTION m_id="104" factuality="" modality="" pred="" pos="" aspect="" certainty="" comment="" class="MENTAL" tense="" polarity=""  >
<token_anchor t_id="938"/>
<token_anchor t_id="939"/>
</EVENT_MENTION>
<EVENT_MENTION m_id="40" factuality="" modality="" pred="" pos="" aspect="" certainty="" comment="" class="EXISTENCE-CAUSATION" tense="" polarity=""  >
<token_anchor t_id="433"/>
</EVENT_MENTION>
<EVENT_MENTION m_id="72" factuality="" modality="" pred="" pos="" aspect="" certainty="" comment="" class="COMMUNICATION" tense="" polarity=""  >
<token_anchor t_id="725"/>
</EVENT_MENTION>
<EVENT_MENTION m_id="8" factuality="" modality="" pred="" pos="" aspect="" certainty="" comment="" class="COMMUNICATION" tense="" polarity=""  >
<token_anchor t_id="73"/>
</EVENT_MENTION>
<EVENT_MENTION m_id="105" factuality="" modality="" pred="" pos="" aspect="" certainty="" comment="" class="SPACE-MOVEMENT" tense="" polarity=""  >
<token_anchor t_id="941"/>
</EVENT_MENTION>
<EVENT_MENTION m_id="41" factuality="" modality="" pred="" pos="" aspect="" certainty="" comment="" class="EMOTIONS-EVALUATIONS" tense="" polarity=""  >
<token_anchor t_id="439"/>
<token_anchor t_id="445"/>
<token_anchor t_id="446"/>
</EVENT_MENTION>
<EVENT_MENTION m_id="73" factuality="" modality="" pred="" pos="" aspect="" certainty="" comment="" class="COMMUNICATION" tense="" polarity=""  >
<token_anchor t_id="731"/>
</EVENT_MENTION>
<EVENT_MENTION m_id="9" factuality="" modality="" pred="" pos="" aspect="" certainty="" comment="" class="COMMUNICATION" tense="" polarity=""  >
<token_anchor t_id="83"/>
</EVENT_MENTION>
<EVENT_MENTION m_id="106" factuality="" modality="" pred="" pos="" aspect="" certainty="" comment="" class="EMOTIONS-EVALUATIONS" tense="" polarity=""  >
<token_anchor t_id="950"/>
<token_anchor t_id="951"/>
<token_anchor t_id="952"/>
<token_anchor t_id="953"/>
</EVENT_MENTION>
<EVENT_MENTION m_id="42" factuality="" modality="" pred="" pos="" aspect="" certainty="" comment="" class="COMMUNICATION" tense="" polarity=""  >
<token_anchor t_id="443"/>
</EVENT_MENTION>
<EVENT_MENTION m_id="74" factuality="" modality="" pred="" pos="" aspect="" certainty="" comment="" class="SPACE-MOVEMENT" tense="" polarity=""  >
<token_anchor t_id="737"/>
</EVENT_MENTION>
<EVENT_MENTION m_id="10" factuality="" modality="" pred="" pos="" aspect="" certainty="" comment="" class="SOCIAL" tense="" polarity=""  >
<token_anchor t_id="121"/>
</EVENT_MENTION>
<EVENT_MENTION m_id="107" factuality="" modality="" pred="" pos="" aspect="" certainty="" comment="" class="COMMUNICATION" tense="" polarity=""  >
<token_anchor t_id="956"/>
</EVENT_MENTION>
<EVENT_MENTION m_id="43" factuality="" modality="" pred="" pos="" aspect="" certainty="" comment="" class="SPACE-MOVEMENT" tense="" polarity=""  >
<token_anchor t_id="451"/>
</EVENT_MENTION>
<EVENT_MENTION m_id="75" factuality="" modality="" pred="" pos="" aspect="" certainty="" comment="" class="TRADE-WORK" tense="" polarity=""  >
<token_anchor t_id="745"/>
</EVENT_MENTION>
<EVENT_MENTION m_id="11" factuality="" modality="" pred="" pos="" aspect="" certainty="" comment="" class="GENERAL" tense="" polarity=""  >
<token_anchor t_id="127"/>
</EVENT_MENTION>
<EVENT_MENTION m_id="108" factuality="" modality="" pred="" pos="" aspect="" certainty="" comment="" class="PHYSICAL SENSATIONS" tense="" polarity=""  >
<token_anchor t_id="960"/>
</EVENT_MENTION>
<EVENT_MENTION m_id="44" factuality="" modality="" pred="" pos="" aspect="" certainty="" comment="" class="SPACE-MOVEMENT" tense="" polarity=""  >
<token_anchor t_id="456"/>
<token_anchor t_id="457"/>
<token_anchor t_id="458"/>
</EVENT_MENTION>
<EVENT_MENTION m_id="76" factuality="" modality="" pred="" pos="" aspect="" certainty="" comment="" class="AUTHORITY-LAW" tense="" polarity=""  >
<token_anchor t_id="754"/>
</EVENT_MENTION>
<EVENT_MENTION m_id="12" factuality="" modality="" pred="" pos="" aspect="" certainty="" comment="" class="MENTAL" tense="" polarity=""  >
<token_anchor t_id="129"/>
</EVENT_MENTION>
<EVENT_MENTION m_id="109" factuality="" modality="" pred="" pos="" aspect="" certainty="" comment="" class="COMMUNICATION" tense="" polarity=""  >
<token_anchor t_id="970"/>
</EVENT_MENTION>
<EVENT_MENTION m_id="45" factuality="" modality="" pred="" pos="" aspect="" certainty="" comment="" class="EMOTIONS-EVALUATIONS" tense="" polarity=""  >
<token_anchor t_id="462"/>
</EVENT_MENTION>
<EVENT_MENTION m_id="77" factuality="" modality="" pred="" pos="" aspect="" certainty="" comment="" class="SPACE-MOVEMENT" tense="" polarity=""  >
<token_anchor t_id="758"/>
</EVENT_MENTION>
<EVENT_MENTION m_id="13" factuality="" modality="" pred="" pos="" aspect="" certainty="" comment="" class="EXISTENCE-CAUSATION" tense="" polarity=""  >
<token_anchor t_id="134"/>
</EVENT_MENTION>
<EVENT_MENTION m_id="110" factuality="" modality="" pred="" pos="" aspect="" certainty="" comment="" class="GENERAL" tense="" polarity=""  >
<token_anchor t_id="975"/>
</EVENT_MENTION>
<EVENT_MENTION m_id="46" factuality="" modality="" pred="" pos="" aspect="" certainty="" comment="" class="PHYSICAL SENSATIONS" tense="" polarity=""  >
<token_anchor t_id="464"/>
</EVENT_MENTION>
<EVENT_MENTION m_id="78" factuality="" modality="" pred="" pos="" aspect="" certainty="" comment="" class="SPACE-MOVEMENT" tense="" polarity=""  >
<token_anchor t_id="761"/>
<token_anchor t_id="762"/>
</EVENT_MENTION>
<EVENT_MENTION m_id="14" factuality="" modality="" pred="" pos="" aspect="" certainty="" comment="" class="SPACE-MOVEMENT" tense="" polarity=""  >
<token_anchor t_id="144"/>
</EVENT_MENTION>
<EVENT_MENTION m_id="111" factuality="" modality="" pred="" pos="" aspect="" certainty="" comment="" class="ENTERTAINMENT-ART" tense="" polarity=""  >
<token_anchor t_id="983"/>
</EVENT_MENTION>
<EVENT_MENTION m_id="47" factuality="" modality="" pred="" pos="" aspect="" certainty="" comment="" class="ENTERTAINMENT-ART" tense="" polarity=""  >
<token_anchor t_id="468"/>
</EVENT_MENTION>
<EVENT_MENTION m_id="79" factuality="" modality="" pred="" pos="" aspect="" certainty="" comment="" class="COMMUNICATION" tense="" polarity=""  >
<token_anchor t_id="767"/>
</EVENT_MENTION>
<EVENT_MENTION m_id="15" factuality="" modality="" pred="" pos="" aspect="" certainty="" comment="" class="MATTER" tense="" polarity=""  >
<token_anchor t_id="152"/>
<token_anchor t_id="153"/>
</EVENT_MENTION>
<EVENT_MENTION m_id="112" factuality="" modality="" pred="" pos="" aspect="" certainty="" comment="" class="GENERAL" tense="" polarity=""  >
<token_anchor t_id="986"/>
</EVENT_MENTION>
<EVENT_MENTION m_id="48" factuality="" modality="" pred="" pos="" aspect="" certainty="" comment="" class="ENTERTAINMENT-ART" tense="" polarity=""  >
<token_anchor t_id="481"/>
</EVENT_MENTION>
<EVENT_MENTION m_id="80" factuality="" modality="" pred="" pos="" aspect="" certainty="" comment="" class="SPACE-MOVEMENT" tense="" polarity=""  >
<token_anchor t_id="769"/>
</EVENT_MENTION>
<EVENT_MENTION m_id="16" factuality="" modality="" pred="" pos="" aspect="" certainty="" comment="" class="SPACE-MOVEMENT" tense="" polarity=""  >
<token_anchor t_id="158"/>
<token_anchor t_id="159"/>
</EVENT_MENTION>
<EVENT_MENTION m_id="113" factuality="" modality="" pred="" pos="" aspect="" certainty="" comment="" class="PHYSICAL SENSATIONS" tense="" polarity=""  >
<token_anchor t_id="990"/>
</EVENT_MENTION>
<EVENT_MENTION m_id="49" factuality="" modality="" pred="" pos="" aspect="" certainty="" comment="" class="PHYSICAL SENSATIONS" tense="" polarity=""  >
<token_anchor t_id="494"/>
</EVENT_MENTION>
<EVENT_MENTION m_id="81" factuality="" modality="" pred="" pos="" aspect="" certainty="" comment="" class="COMMUNICATION" tense="" polarity=""  >
<token_anchor t_id="772"/>
</EVENT_MENTION>
<EVENT_MENTION m_id="17" factuality="" modality="" pred="" pos="" aspect="" certainty="" comment="" class="EXISTENCE-CAUSATION" tense="" polarity=""  >
<token_anchor t_id="167"/>
</EVENT_MENTION>
<EVENT_MENTION m_id="114" factuality="" modality="" pred="" pos="" aspect="" certainty="" comment="" class="PHYSICAL SENSATIONS" tense="" polarity=""  >
<token_anchor t_id="999"/>
</EVENT_MENTION>
<EVENT_MENTION m_id="50" factuality="" modality="" pred="" pos="" aspect="" certainty="" comment="" class="EMOTIONS-EVALUATIONS" tense="" polarity=""  >
<token_anchor t_id="504"/>
<token_anchor t_id="505"/>
<token_anchor t_id="506"/>
<token_anchor t_id="507"/>
</EVENT_MENTION>
<EVENT_MENTION m_id="82" factuality="" modality="" pred="" pos="" aspect="" certainty="" comment="" class="SPACE-MOVEMENT" tense="" polarity=""  >
<token_anchor t_id="775"/>
<token_anchor t_id="776"/>
<token_anchor t_id="777"/>
</EVENT_MENTION>
<EVENT_MENTION m_id="18" factuality="" modality="" pred="" pos="" aspect="" certainty="" comment="" class="PHYSICAL SENSATIONS" tense="" polarity=""  >
<token_anchor t_id="184"/>
</EVENT_MENTION>
<EVENT_MENTION m_id="115" factuality="" modality="" pred="" pos="" aspect="" certainty="" comment="" class="EMOTIONS-EVALUATIONS" tense="" polarity=""  >
<token_anchor t_id="1010"/>
</EVENT_MENTION>
<EVENT_MENTION m_id="51" factuality="" modality="" pred="" pos="" aspect="" certainty="" comment="" class="COMMUNICATION" tense="" polarity=""  >
<token_anchor t_id="521"/>
</EVENT_MENTION>
<EVENT_MENTION m_id="83" factuality="" modality="" pred="" pos="" aspect="" certainty="" comment="" class="EXISTENCE-CAUSATION" tense="" polarity=""  >
<token_anchor t_id="785"/>
</EVENT_MENTION>
<EVENT_MENTION m_id="19" factuality="" modality="" pred="" pos="" aspect="" certainty="" comment="" class="COMMUNICATION" tense="" polarity=""  >
<token_anchor t_id="191"/>
</EVENT_MENTION>
<EVENT_MENTION m_id="20" factuality="" modality="" pred="" pos="" aspect="" certainty="" comment="" class="EXISTENCE-CAUSATION" tense="" polarity=""  >
<token_anchor t_id="204"/>
</EVENT_MENTION>
<EVENT_MENTION m_id="116" factuality="" modality="" pred="" pos="" aspect="" certainty="" comment="" class="PHYSICAL SENSATIONS" tense="" polarity=""  >
<token_anchor t_id="1024"/>
</EVENT_MENTION>
<EVENT_MENTION m_id="52" factuality="" modality="" pred="" pos="" aspect="" certainty="" comment="" class="AUTHORITY-LAW" tense="" polarity=""  >
<token_anchor t_id="535"/>
</EVENT_MENTION>
<EVENT_MENTION m_id="84" factuality="" modality="" pred="" pos="" aspect="" certainty="" comment="" class="SPACE-MOVEMENT" tense="" polarity=""  >
<token_anchor t_id="791"/>
</EVENT_MENTION>
<EVENT_MENTION m_id="21" factuality="" modality="" pred="" pos="" aspect="" certainty="" comment="" class="SPACE-MOVEMENT" tense="" polarity=""  >
<token_anchor t_id="210"/>
</EVENT_MENTION>
<EVENT_MENTION m_id="117" factuality="" modality="" pred="" pos="" aspect="" certainty="" comment="" class="MENTAL" tense="" polarity=""  >
<token_anchor t_id="1035"/>
</EVENT_MENTION>
<EVENT_MENTION m_id="53" factuality="" modality="" pred="" pos="" aspect="" certainty="" comment="" class="SPACE-MOVEMENT" tense="" polarity=""  >
<token_anchor t_id="538"/>
</EVENT_MENTION>
<EVENT_MENTION m_id="85" factuality="" modality="" pred="" pos="" aspect="" certainty="" comment="" class="EMOTIONS-EVALUATIONS" tense="" polarity=""  >
<token_anchor t_id="796"/>
<token_anchor t_id="797"/>
<token_anchor t_id="798"/>
<token_anchor t_id="799"/>
</EVENT_MENTION>
<EVENT_MENTION m_id="22" factuality="" modality="" pred="" pos="" aspect="" certainty="" comment="" class="GENERAL" tense="" polarity=""  >
<token_anchor t_id="235"/>
</EVENT_MENTION>
<EVENT_MENTION m_id="118" factuality="" modality="" pred="" pos="" aspect="" certainty="" comment="" class="SPACE-MOVEMENT" tense="" polarity=""  >
<token_anchor t_id="1037"/>
</EVENT_MENTION>
<EVENT_MENTION m_id="54" factuality="" modality="" pred="" pos="" aspect="" certainty="" comment="" class="EMOTIONS-EVALUATIONS" tense="" polarity=""  >
<token_anchor t_id="552"/>
<token_anchor t_id="553"/>
<token_anchor t_id="554"/>
</EVENT_MENTION>
<EVENT_MENTION m_id="86" factuality="" modality="" pred="" pos="" aspect="" certainty="" comment="" class="SPACE-MOVEMENT" tense="" polarity=""  >
<token_anchor t_id="802"/>
</EVENT_MENTION>
<EVENT_MENTION m_id="23" factuality="" modality="" pred="" pos="" aspect="" certainty="" comment="" class="GENERAL" tense="" polarity=""  >
<token_anchor t_id="244"/>
</EVENT_MENTION>
<EVENT_MENTION m_id="119" factuality="" modality="" pred="" pos="" aspect="" certainty="" comment="" class="GENERAL" tense="" polarity=""  >
<token_anchor t_id="1042"/>
<token_anchor t_id="1043"/>
<token_anchor t_id="1044"/>
</EVENT_MENTION>
<EVENT_MENTION m_id="55" factuality="" modality="" pred="" pos="" aspect="" certainty="" comment="" class="GENERAL" tense="" polarity=""  >
<token_anchor t_id="556"/>
</EVENT_MENTION>
<EVENT_MENTION m_id="87" factuality="" modality="" pred="" pos="" aspect="" certainty="" comment="" class="TIME" tense="" polarity=""  >
<token_anchor t_id="812"/>
</EVENT_MENTION>
<EVENT_MENTION m_id="24" factuality="" modality="" pred="" pos="" aspect="" certainty="" comment="" class="LIFE-HEALTH" tense="" polarity=""  >
<token_anchor t_id="265"/>
</EVENT_MENTION>
<EVENT_MENTION m_id="120" factuality="" modality="" pred="" pos="" aspect="" certainty="" comment="" class="COMMUNICATION" tense="" polarity=""  >
<token_anchor t_id="974"/>
</EVENT_MENTION>
<EVENT_MENTION m_id="56" factuality="" modality="" pred="" pos="" aspect="" certainty="" comment="" class="EMOTIONS-EVALUATIONS" tense="" polarity=""  >
<token_anchor t_id="568"/>
</EVENT_MENTION>
<EVENT_MENTION m_id="88" factuality="" modality="" pred="" pos="" aspect="" certainty="" comment="" class="TIME" tense="" polarity=""  >
<token_anchor t_id="821"/>
</EVENT_MENTION>
<EVENT_MENTION m_id="25" factuality="" modality="" pred="" pos="" aspect="" certainty="" comment="" class="GENERAL" tense="" polarity=""  >
<token_anchor t_id="218"/>
</EVENT_MENTION>
<EVENT_MENTION m_id="121" factuality="" modality="" pred="" pos="" aspect="" certainty="" comment="" class="SPACE-MOVEMENT" tense="" polarity=""  >
<token_anchor t_id="397"/>
</EVENT_MENTION>
<EVENT_MENTION m_id="57" factuality="" modality="" pred="" pos="" aspect="" certainty="" comment="" class="ENVIRONMENT" tense="" polarity=""  >
<token_anchor t_id="576"/>
<token_anchor t_id="577"/>
<token_anchor t_id="578"/>
</EVENT_MENTION>
<EVENT_MENTION m_id="89" factuality="" modality="" pred="" pos="" aspect="" certainty="" comment="" class="POSSESSION" tense="" polarity=""  >
<token_anchor t_id="828"/>
</EVENT_MENTION>
<EVENT_MENTION m_id="26" factuality="" modality="" pred="" pos="" aspect="" certainty="" comment="" class="EMOTIONS-EVALUATIONS" tense="" polarity=""  >
<token_anchor t_id="254"/>
<token_anchor t_id="256"/>
<token_anchor t_id="257"/>
<token_anchor t_id="258"/>
<token_anchor t_id="259"/>
</EVENT_MENTION>
<EVENT_MENTION m_id="122" factuality="" modality="" pred="" pos="" aspect="" certainty="" comment="" class="GENERAL" tense="" polarity=""  >
<token_anchor t_id="399"/>
</EVENT_MENTION>
<EVENT_MENTION m_id="58" factuality="" modality="" pred="" pos="" aspect="" certainty="" comment="" class="EMOTIONS-EVALUATIONS" tense="" polarity=""  >
<token_anchor t_id="593"/>
<token_anchor t_id="594"/>
<token_anchor t_id="595"/>
</EVENT_MENTION>
<EVENT_MENTION m_id="90" factuality="" modality="" pred="" pos="" aspect="" certainty="" comment="" class="SPACE-MOVEMENT" tense="" polarity=""  >
<token_anchor t_id="834"/>
<token_anchor t_id="835"/>
</EVENT_MENTION>
<EVENT_MENTION m_id="27" factuality="" modality="" pred="" pos="" aspect="" certainty="" comment="" class="MEASURE" tense="" polarity=""  >
<token_anchor t_id="285"/>
<token_anchor t_id="286"/>
</EVENT_MENTION>
<EVENT_MENTION m_id="123" factuality="" modality="" pred="" pos="" aspect="" certainty="" comment="" class="EXISTENCE-CAUSATION" tense="" polarity=""  >
<token_anchor t_id="907"/>
</EVENT_MENTION>
<EVENT_MENTION m_id="59" factuality="" modality="" pred="" pos="" aspect="" certainty="" comment="" class="MEASURE" tense="" polarity=""  >
<token_anchor t_id="605"/>
<token_anchor t_id="606"/>
<token_anchor t_id="607"/>
</EVENT_MENTION>
<EVENT_MENTION m_id="91" factuality="" modality="" pred="" pos="" aspect="" certainty="" comment="" class="FOOD-FARMING" tense="" polarity=""  >
<token_anchor t_id="842"/>
</EVENT_MENTION>
<EVENT_MENTION m_id="28" factuality="" modality="" pred="" pos="" aspect="" certainty="" comment="" class="MEASURE" tense="" polarity=""  >
<token_anchor t_id="303"/>
<token_anchor t_id="305"/>
<token_anchor t_id="306"/>
</EVENT_MENTION>
<EVENT_MENTION m_id="124" factuality="" modality="" pred="" pos="" aspect="" certainty="" comment="" class="LIFE-HEALTH" tense="" polarity=""  >
<token_anchor t_id="403"/>
</EVENT_MENTION>
<EVENT_MENTION m_id="60" factuality="" modality="" pred="" pos="" aspect="" certainty="" comment="" class="SPACE-MOVEMENT" tense="" polarity=""  >
<token_anchor t_id="613"/>
</EVENT_MENTION>
<EVENT_MENTION m_id="92" factuality="" modality="" pred="" pos="" aspect="" certainty="" comment="" class="SPACE-MOVEMENT" tense="" polarity=""  >
<token_anchor t_id="857"/>
</EVENT_MENTION>
<EVENT_MENTION m_id="29" factuality="" modality="" pred="" pos="" aspect="" certainty="" comment="" class="LIFE-HEALTH" tense="" polarity=""  >
<token_anchor t_id="317"/>
</EVENT_MENTION>
<EVENT_MENTION m_id="125" factuality="" modality="" pred="" pos="" aspect="" certainty="" comment="" class="LIFE-HEALTH" tense="" polarity=""  >
<token_anchor t_id="501"/>
</EVENT_MENTION>
<EVENT_MENTION m_id="61" factuality="" modality="" pred="" pos="" aspect="" certainty="" comment="" class="COMMUNICATION" tense="" polarity=""  >
<token_anchor t_id="617"/>
<token_anchor t_id="618"/>
</EVENT_MENTION>
<EVENT_MENTION m_id="93" factuality="" modality="" pred="" pos="" aspect="" certainty="" comment="" class="COMMUNICATION" tense="" polarity=""  >
<token_anchor t_id="864"/>
</EVENT_MENTION>
<EVENT_MENTION m_id="30" factuality="" modality="" pred="" pos="" aspect="" certainty="" comment="" class="TIME" tense="" polarity=""  >
<token_anchor t_id="322"/>
</EVENT_MENTION>
<EVENT_MENTION m_id="126" factuality="" modality="" pred="" pos="" aspect="" certainty="" comment="" class="SPACE-MOVEMENT" tense="" polarity=""  >
<token_anchor t_id="780"/>
</EVENT_MENTION>
<EVENT_MENTION m_id="62" factuality="" modality="" pred="" pos="" aspect="" certainty="" comment="" class="COMMUNICATION" tense="" polarity=""  >
<token_anchor t_id="625"/>
</EVENT_MENTION>
<EVENT_MENTION m_id="94" factuality="" modality="" pred="" pos="" aspect="" certainty="" comment="" class="MENTAL" tense="" polarity=""  >
<token_anchor t_id="870"/>
</EVENT_MENTION>
<EVENT_MENTION m_id="31" factuality="" modality="" pred="" pos="" aspect="" certainty="" comment="" class="PHYSICAL SENSATIONS" tense="" polarity=""  >
<token_anchor t_id="342"/>
</EVENT_MENTION>
<EVENT_MENTION m_id="127" factuality="" modality="" pred="" pos="" aspect="" certainty="" comment="" class="TIME" tense="" polarity=""  >
<token_anchor t_id="775"/>
<token_anchor t_id="781"/>
<token_anchor t_id="782"/>
</EVENT_MENTION>
<EVENT_MENTION m_id="63" factuality="" modality="" pred="" pos="" aspect="" certainty="" comment="" class="MENTAL" tense="" polarity=""  >
<token_anchor t_id="633"/>
</EVENT_MENTION>
<EVENT_MENTION m_id="95" factuality="" modality="" pred="" pos="" aspect="" certainty="" comment="" class="SPACE-MOVEMENT" tense="" polarity=""  >
<token_anchor t_id="872"/>
</EVENT_MENTION>
<EVENT_MENTION m_id="32" factuality="" modality="" pred="" pos="" aspect="" certainty="" comment="" class="GENERAL" tense="" polarity=""  >
<token_anchor t_id="355"/>
</EVENT_MENTION>
<EVENT_MENTION m_id="128" factuality="" modality="" pred="" pos="" aspect="" certainty="" comment="" class="SPACE-MOVEMENT" tense="" polarity=""  >
<token_anchor t_id="26"/>
</EVENT_MENTION>
<EVENT_MENTION m_id="64" factuality="" modality="" pred="" pos="" aspect="" certainty="" comment="" class="AUTHORITY-LAW" tense="" polarity=""  >
<token_anchor t_id="639"/>
</EVENT_MENTION>
<EVENT_MENTION m_id="96" factuality="" modality="" pred="" pos="" aspect="" certainty="" comment="" class="POSSESSION" tense="" polarity=""  >
<token_anchor t_id="877"/>
</EVENT_MENTION>


</Markables>

<Relations>
</Relations>
</Document>
