<Document doc_name="15)HOTEL B., NAPLES, Marc...">
<token t_id="1" sentence="0" number="0">HOTEL</token>
<token t_id="2" sentence="0" number="1">B.</token>
<token t_id="3" sentence="0" number="2">,</token>
<token t_id="4" sentence="0" number="3">NAPLES</token>
<token t_id="5" sentence="0" number="4">,</token>
<token t_id="6" sentence="0" number="5">March</token>
<token t_id="7" sentence="0" number="6">15th</token>
<token t_id="8" sentence="0" number="7">.</token>
<token t_id="9" sentence="1" number="8">We</token>
<token t_id="10" sentence="1" number="9">are</token>
<token t_id="11" sentence="1" number="10">glad</token>
<token t_id="12" sentence="1" number="11">to</token>
<token t_id="13" sentence="1" number="12">be</token>
<token t_id="14" sentence="1" number="13">in</token>
<token t_id="15" sentence="1" number="14">Naples</token>
<token t_id="16" sentence="1" number="15">again</token>
<token t_id="17" sentence="1" number="16">,</token>
<token t_id="18" sentence="1" number="17">and</token>
<token t_id="19" sentence="1" number="18">in</token>
<token t_id="20" sentence="1" number="19">this</token>
<token t_id="21" sentence="1" number="20">homelike</token>
<token t_id="22" sentence="1" number="21">hotel</token>
<token t_id="23" sentence="1" number="22">.</token>
<token t_id="24" sentence="2" number="23">Zelphine</token>
<token t_id="25" sentence="2" number="24">has</token>
<token t_id="26" sentence="2" number="25">met</token>
<token t_id="27" sentence="2" number="26">her</token>
<token t_id="28" sentence="2" number="27">cousins</token>
<token t_id="29" sentence="2" number="28">,</token>
<token t_id="30" sentence="2" number="29">and</token>
<token t_id="31" sentence="2" number="30">has</token>
<token t_id="32" sentence="2" number="31">been</token>
<token t_id="33" sentence="2" number="32">making</token>
<token t_id="34" sentence="2" number="33">some</token>
<token t_id="35" sentence="2" number="34">excursions</token>
<token t_id="36" sentence="2" number="35">with</token>
<token t_id="37" sentence="2" number="36">them</token>
<token t_id="38" sentence="2" number="37">,</token>
<token t_id="39" sentence="2" number="38">taking</token>
<token t_id="40" sentence="2" number="39">the</token>
<token t_id="41" sentence="2" number="40">famous</token>
<token t_id="42" sentence="2" number="41">drive</token>
<token t_id="43" sentence="2" number="42">to</token>
<token t_id="44" sentence="2" number="43">the</token>
<token t_id="45" sentence="2" number="44">monastery</token>
<token t_id="46" sentence="2" number="45">of</token>
<token t_id="47" sentence="2" number="46">Camaldoli</token>
<token t_id="48" sentence="2" number="47">and</token>
<token t_id="49" sentence="2" number="48">to</token>
<token t_id="50" sentence="2" number="49">the</token>
<token t_id="51" sentence="2" number="50">Solfatara</token>
<token t_id="52" sentence="2" number="51">,</token>
<token t_id="53" sentence="2" number="52">a</token>
<token t_id="54" sentence="2" number="53">half-extinct</token>
<token t_id="55" sentence="2" number="54">volcano</token>
<token t_id="56" sentence="2" number="55">which</token>
<token t_id="57" sentence="2" number="56">,</token>
<token t_id="58" sentence="2" number="57">she</token>
<token t_id="59" sentence="2" number="58">says</token>
<token t_id="60" sentence="2" number="59">,</token>
<token t_id="61" sentence="2" number="60">gives</token>
<token t_id="62" sentence="2" number="61">one</token>
<token t_id="63" sentence="2" number="62">an</token>
<token t_id="64" sentence="2" number="63">even</token>
<token t_id="65" sentence="2" number="64">more</token>
<token t_id="66" sentence="2" number="65">impressive</token>
<token t_id="67" sentence="2" number="66">idea</token>
<token t_id="68" sentence="2" number="67">of</token>
<token t_id="69" sentence="2" number="68">the</token>
<token t_id="70" sentence="2" number="69">Inferno</token>
<token t_id="71" sentence="2" number="70">than</token>
<token t_id="72" sentence="2" number="71">the</token>
<token t_id="73" sentence="2" number="72">Doré</token>
<token t_id="74" sentence="2" number="73">illustrations</token>
<token t_id="75" sentence="2" number="74">of</token>
<token t_id="76" sentence="2" number="75">Dante</token>
<token t_id="77" sentence="2" number="76">.</token>
<token t_id="78" sentence="3" number="77">Angela</token>
<token t_id="79" sentence="3" number="78">corroborated</token>
<token t_id="80" sentence="3" number="79">Zelphine</token>
<token t_id="81" sentence="3" number="80">'s</token>
<token t_id="82" sentence="3" number="81">report</token>
<token t_id="83" sentence="3" number="82">,</token>
<token t_id="84" sentence="3" number="83">saying</token>
<token t_id="85" sentence="3" number="84">that</token>
<token t_id="86" sentence="3" number="85">it</token>
<token t_id="87" sentence="3" number="86">was</token>
<token t_id="88" sentence="3" number="87">quite</token>
<token t_id="89" sentence="3" number="88">the</token>
<token t_id="90" sentence="3" number="89">most</token>
<token t_id="91" sentence="3" number="90">unpleasant</token>
<token t_id="92" sentence="3" number="91">place</token>
<token t_id="93" sentence="3" number="92">she</token>
<token t_id="94" sentence="3" number="93">had</token>
<token t_id="95" sentence="3" number="94">ever</token>
<token t_id="96" sentence="3" number="95">seen</token>
<token t_id="97" sentence="3" number="96">,</token>
<token t_id="98" sentence="3" number="97">especially</token>
<token t_id="99" sentence="3" number="98">as</token>
<token t_id="100" sentence="3" number="99">they</token>
<token t_id="101" sentence="3" number="100">dropped</token>
<token t_id="102" sentence="3" number="101">a</token>
<token t_id="103" sentence="3" number="102">poor</token>
<token t_id="104" sentence="3" number="103">dog</token>
<token t_id="105" sentence="3" number="104">into</token>
<token t_id="106" sentence="3" number="105">the</token>
<token t_id="107" sentence="3" number="106">crater</token>
<token t_id="108" sentence="3" number="107">to</token>
<token t_id="109" sentence="3" number="108">try</token>
<token t_id="110" sentence="3" number="109">the</token>
<token t_id="111" sentence="3" number="110">effects</token>
<token t_id="112" sentence="3" number="111">of</token>
<token t_id="113" sentence="3" number="112">the</token>
<token t_id="114" sentence="3" number="113">sulphur</token>
<token t_id="115" sentence="3" number="114">upon</token>
<token t_id="116" sentence="3" number="115">his</token>
<token t_id="117" sentence="3" number="116">constitution</token>
<token t_id="118" sentence="3" number="117">.</token>
<token t_id="119" sentence="4" number="118">They</token>
<token t_id="120" sentence="4" number="119">pulled</token>
<token t_id="121" sentence="4" number="120">him</token>
<token t_id="122" sentence="4" number="121">out</token>
<token t_id="123" sentence="4" number="122">before</token>
<token t_id="124" sentence="4" number="123">he</token>
<token t_id="125" sentence="4" number="124">was</token>
<token t_id="126" sentence="4" number="125">quite</token>
<token t_id="127" sentence="4" number="126">dead</token>
<token t_id="128" sentence="4" number="127">;</token>
<token t_id="129" sentence="4" number="128">but</token>
<token t_id="130" sentence="4" number="129">who</token>
<token t_id="131" sentence="4" number="130">except</token>
<token t_id="132" sentence="4" number="131">these</token>
<token t_id="133" sentence="4" number="132">cruel</token>
<token t_id="134" sentence="4" number="133">Neapolitans</token>
<token t_id="135" sentence="4" number="134">would</token>
<token t_id="136" sentence="4" number="135">so</token>
<token t_id="137" sentence="4" number="136">persecute</token>
<token t_id="138" sentence="4" number="137">a</token>
<token t_id="139" sentence="4" number="138">helpless</token>
<token t_id="140" sentence="4" number="139">animal</token>
<token t_id="141" sentence="4" number="140">?</token>
<token t_id="142" sentence="5" number="141">I</token>
<token t_id="143" sentence="5" number="142">,</token>
<token t_id="144" sentence="5" number="143">with</token>
<token t_id="145" sentence="5" number="144">my</token>
<token t_id="146" sentence="5" number="145">old</token>
<token t_id="147" sentence="5" number="146">habit</token>
<token t_id="148" sentence="5" number="147">of</token>
<token t_id="149" sentence="5" number="148">clinging</token>
<token t_id="150" sentence="5" number="149">to</token>
<token t_id="151" sentence="5" number="150">the</token>
<token t_id="152" sentence="5" number="151">skirts</token>
<token t_id="153" sentence="5" number="152">of</token>
<token t_id="154" sentence="5" number="153">the</token>
<token t_id="155" sentence="5" number="154">things</token>
<token t_id="156" sentence="5" number="155">I</token>
<token t_id="157" sentence="5" number="156">already</token>
<token t_id="158" sentence="5" number="157">know</token>
<token t_id="159" sentence="5" number="158">,</token>
<token t_id="160" sentence="5" number="159">declined</token>
<token t_id="161" sentence="5" number="160">to</token>
<token t_id="162" sentence="5" number="161">take</token>
<token t_id="163" sentence="5" number="162">that</token>
<token t_id="164" sentence="5" number="163">excursion</token>
<token t_id="165" sentence="5" number="164">,</token>
<token t_id="166" sentence="5" number="165">for</token>
<token t_id="167" sentence="5" number="166">the</token>
<token t_id="168" sentence="5" number="167">greater</token>
<token t_id="169" sentence="5" number="168">pleasure</token>
<token t_id="170" sentence="5" number="169">of</token>
<token t_id="171" sentence="5" number="170">spending</token>
<token t_id="172" sentence="5" number="171">a</token>
<token t_id="173" sentence="5" number="172">morning</token>
<token t_id="174" sentence="5" number="173">in</token>
<token t_id="175" sentence="5" number="174">the</token>
<token t_id="176" sentence="5" number="175">National</token>
<token t_id="177" sentence="5" number="176">Museum</token>
<token t_id="178" sentence="5" number="177">among</token>
<token t_id="179" sentence="5" number="178">the</token>
<token t_id="180" sentence="5" number="179">Pompeian</token>
<token t_id="181" sentence="5" number="180">treasures</token>
<token t_id="182" sentence="5" number="181">and</token>
<token t_id="183" sentence="5" number="182">another</token>
<token t_id="184" sentence="5" number="183">whole</token>
<token t_id="185" sentence="5" number="184">day</token>
<token t_id="186" sentence="5" number="185">among</token>
<token t_id="187" sentence="5" number="186">the</token>
<token t_id="188" sentence="5" number="187">ruins</token>
<token t_id="189" sentence="5" number="188">of</token>
<token t_id="190" sentence="5" number="189">the</token>
<token t_id="191" sentence="5" number="190">buried</token>
<token t_id="192" sentence="5" number="191">city</token>
<token t_id="193" sentence="5" number="192">.</token>
<token t_id="194" sentence="6" number="193">It</token>
<token t_id="195" sentence="6" number="194">is</token>
<token t_id="196" sentence="6" number="195">really</token>
<token t_id="197" sentence="6" number="196">much</token>
<token t_id="198" sentence="6" number="197">more</token>
<token t_id="199" sentence="6" number="198">interesting</token>
<token t_id="200" sentence="6" number="199">to</token>
<token t_id="201" sentence="6" number="200">examine</token>
<token t_id="202" sentence="6" number="201">the</token>
<token t_id="203" sentence="6" number="202">relics</token>
<token t_id="204" sentence="6" number="203">from</token>
<token t_id="205" sentence="6" number="204">Pompeii</token>
<token t_id="206" sentence="6" number="205">after</token>
<token t_id="207" sentence="6" number="206">one</token>
<token t_id="208" sentence="6" number="207">has</token>
<token t_id="209" sentence="6" number="208">been</token>
<token t_id="210" sentence="6" number="209">there</token>
<token t_id="211" sentence="6" number="210">,</token>
<token t_id="212" sentence="6" number="211">as</token>
<token t_id="213" sentence="6" number="212">one</token>
<token t_id="214" sentence="6" number="213">naturally</token>
<token t_id="215" sentence="6" number="214">fits</token>
<token t_id="216" sentence="6" number="215">the</token>
<token t_id="217" sentence="6" number="216">frescoes</token>
<token t_id="218" sentence="6" number="217">,</token>
<token t_id="219" sentence="6" number="218">furniture</token>
<token t_id="220" sentence="6" number="219">,</token>
<token t_id="221" sentence="6" number="220">and</token>
<token t_id="222" sentence="6" number="221">ornaments</token>
<token t_id="223" sentence="6" number="222">into</token>
<token t_id="224" sentence="6" number="223">just</token>
<token t_id="225" sentence="6" number="224">such</token>
<token t_id="226" sentence="6" number="225">rooms</token>
<token t_id="227" sentence="6" number="226">as</token>
<token t_id="228" sentence="6" number="227">one</token>
<token t_id="229" sentence="6" number="228">has</token>
<token t_id="230" sentence="6" number="229">seen</token>
<token t_id="231" sentence="6" number="230">.</token>
<token t_id="232" sentence="7" number="231">Some</token>
<token t_id="233" sentence="7" number="232">of</token>
<token t_id="234" sentence="7" number="233">the</token>
<token t_id="235" sentence="7" number="234">furniture</token>
<token t_id="236" sentence="7" number="235">was</token>
<token t_id="237" sentence="7" number="236">strangely</token>
<token t_id="238" sentence="7" number="237">modern</token>
<token t_id="239" sentence="7" number="238">;</token>
<token t_id="240" sentence="7" number="239">I</token>
<token t_id="241" sentence="7" number="240">noticed</token>
<token t_id="242" sentence="7" number="241">a</token>
<token t_id="243" sentence="7" number="242">red</token>
<token t_id="244" sentence="7" number="243">and</token>
<token t_id="245" sentence="7" number="244">gilt</token>
<token t_id="246" sentence="7" number="245">bedstead</token>
<token t_id="247" sentence="7" number="246">that</token>
<token t_id="248" sentence="7" number="247">looked</token>
<token t_id="249" sentence="7" number="248">as</token>
<token t_id="250" sentence="7" number="249">if</token>
<token t_id="251" sentence="7" number="250">it</token>
<token t_id="252" sentence="7" number="251">might</token>
<token t_id="253" sentence="7" number="252">have</token>
<token t_id="254" sentence="7" number="253">belonged</token>
<token t_id="255" sentence="7" number="254">to</token>
<token t_id="256" sentence="7" number="255">the</token>
<token t_id="257" sentence="7" number="256">First</token>
<token t_id="258" sentence="7" number="257">French</token>
<token t_id="259" sentence="7" number="258">Empire</token>
<token t_id="260" sentence="7" number="259">,</token>
<token t_id="261" sentence="7" number="260">rather</token>
<token t_id="262" sentence="7" number="261">than</token>
<token t_id="263" sentence="7" number="262">to</token>
<token t_id="264" sentence="7" number="263">the</token>
<token t_id="265" sentence="7" number="264">first</token>
<token t_id="266" sentence="7" number="265">century</token>
<token t_id="267" sentence="7" number="266">A.D.</token>
<token t_id="268" sentence="7" number="267">Among</token>
<token t_id="269" sentence="7" number="268">the</token>
<token t_id="270" sentence="7" number="269">kitchen</token>
<token t_id="271" sentence="7" number="270">furnishings</token>
<token t_id="272" sentence="7" number="271">were</token>
<token t_id="273" sentence="7" number="272">just</token>
<token t_id="274" sentence="7" number="273">such</token>
<token t_id="275" sentence="7" number="274">colanders</token>
<token t_id="276" sentence="7" number="275">,</token>
<token t_id="277" sentence="7" number="276">saucepans</token>
<token t_id="278" sentence="7" number="277">,</token>
<token t_id="279" sentence="7" number="278">and</token>
<token t_id="280" sentence="7" number="279">skillets</token>
<token t_id="281" sentence="7" number="280">as</token>
<token t_id="282" sentence="7" number="281">we</token>
<token t_id="283" sentence="7" number="282">use</token>
<token t_id="284" sentence="7" number="283">to-day</token>
<token t_id="285" sentence="7" number="284">-</token>
<token t_id="286" sentence="7" number="285">is</token>
<token t_id="287" sentence="7" number="286">there</token>
<token t_id="288" sentence="7" number="287">anything</token>
<token t_id="289" sentence="7" number="288">really</token>
<token t_id="290" sentence="7" number="289">new</token>
<token t_id="291" sentence="7" number="290">under</token>
<token t_id="292" sentence="7" number="291">this</token>
<token t_id="293" sentence="7" number="292">shining</token>
<token t_id="294" sentence="7" number="293">sun</token>
<token t_id="295" sentence="7" number="294">?</token>
<token t_id="296" sentence="8" number="295">The</token>
<token t_id="297" sentence="8" number="296">surgical</token>
<token t_id="298" sentence="8" number="297">and</token>
<token t_id="299" sentence="8" number="298">dental</token>
<token t_id="300" sentence="8" number="299">instruments</token>
<token t_id="301" sentence="8" number="300">exhibited</token>
<token t_id="302" sentence="8" number="301">in</token>
<token t_id="303" sentence="8" number="302">one</token>
<token t_id="304" sentence="8" number="303">of</token>
<token t_id="305" sentence="8" number="304">the</token>
<token t_id="306" sentence="8" number="305">cases</token>
<token t_id="307" sentence="8" number="306">caused</token>
<token t_id="308" sentence="8" number="307">me</token>
<token t_id="309" sentence="8" number="308">a</token>
<token t_id="310" sentence="8" number="309">genuine</token>
<token t_id="311" sentence="8" number="310">thrill</token>
<token t_id="312" sentence="8" number="311">of</token>
<token t_id="313" sentence="8" number="312">sympathy</token>
<token t_id="314" sentence="8" number="313">for</token>
<token t_id="315" sentence="8" number="314">those</token>
<token t_id="316" sentence="8" number="315">unhappy</token>
<token t_id="317" sentence="8" number="316">Pompeians</token>
<token t_id="318" sentence="8" number="317">;</token>
<token t_id="319" sentence="8" number="318">to</token>
<token t_id="320" sentence="8" number="319">have</token>
<token t_id="321" sentence="8" number="320">been</token>
<token t_id="322" sentence="8" number="321">smothered</token>
<token t_id="323" sentence="8" number="322">with</token>
<token t_id="324" sentence="8" number="323">hot</token>
<token t_id="325" sentence="8" number="324">ashes</token>
<token t_id="326" sentence="8" number="325">might</token>
<token t_id="327" sentence="8" number="326">really</token>
<token t_id="328" sentence="8" number="327">have</token>
<token t_id="329" sentence="8" number="328">been</token>
<token t_id="330" sentence="8" number="329">more</token>
<token t_id="331" sentence="8" number="330">endurable</token>
<token t_id="332" sentence="8" number="331">than</token>
<token t_id="333" sentence="8" number="332">to</token>
<token t_id="334" sentence="8" number="333">have</token>
<token t_id="335" sentence="8" number="334">lived</token>
<token t_id="336" sentence="8" number="335">at</token>
<token t_id="337" sentence="8" number="336">the</token>
<token t_id="338" sentence="8" number="337">mercy</token>
<token t_id="339" sentence="8" number="338">of</token>
<token t_id="340" sentence="8" number="339">those</token>
<token t_id="341" sentence="8" number="340">primitive</token>
<token t_id="342" sentence="8" number="341">dentists</token>
<token t_id="343" sentence="8" number="342">and</token>
<token t_id="344" sentence="8" number="343">surgeons</token>
<token t_id="345" sentence="8" number="344">!</token>
<token t_id="346" sentence="9" number="345">We</token>
<token t_id="347" sentence="9" number="346">leave</token>
<token t_id="348" sentence="9" number="347">Naples</token>
<token t_id="349" sentence="9" number="348">to-morrow</token>
<token t_id="350" sentence="9" number="349">with</token>
<token t_id="351" sentence="9" number="350">regret</token>
<token t_id="352" sentence="9" number="351">,</token>
<token t_id="353" sentence="9" number="352">as</token>
<token t_id="354" sentence="9" number="353">we</token>
<token t_id="355" sentence="9" number="354">have</token>
<token t_id="356" sentence="9" number="355">grown</token>
<token t_id="357" sentence="9" number="356">very</token>
<token t_id="358" sentence="9" number="357">fond</token>
<token t_id="359" sentence="9" number="358">of</token>
<token t_id="360" sentence="9" number="359">this</token>
<token t_id="361" sentence="9" number="360">beautiful</token>
<token t_id="362" sentence="9" number="361">city</token>
<token t_id="363" sentence="9" number="362">.</token>
<token t_id="364" sentence="10" number="363">I</token>
<token t_id="365" sentence="10" number="364">wrote</token>
<token t_id="366" sentence="10" number="365">a</token>
<token t_id="367" sentence="10" number="366">week</token>
<token t_id="368" sentence="10" number="367">since</token>
<token t_id="369" sentence="10" number="368">to</token>
<token t_id="370" sentence="10" number="369">Ludovico</token>
<token t_id="371" sentence="10" number="370">Baldini</token>
<token t_id="372" sentence="10" number="371">,</token>
<token t_id="373" sentence="10" number="372">and</token>
<token t_id="374" sentence="10" number="373">also</token>
<token t_id="375" sentence="10" number="374">to</token>
<token t_id="376" sentence="10" number="375">the</token>
<token t_id="377" sentence="10" number="376">proprietor</token>
<token t_id="378" sentence="10" number="377">of</token>
<token t_id="379" sentence="10" number="378">a</token>
<token t_id="380" sentence="10" number="379">hotel</token>
<token t_id="381" sentence="10" number="380">that</token>
<token t_id="382" sentence="10" number="381">he</token>
<token t_id="383" sentence="10" number="382">recommended</token>
<token t_id="384" sentence="10" number="383">to</token>
<token t_id="385" sentence="10" number="384">me</token>
<token t_id="386" sentence="10" number="385">;</token>
<token t_id="387" sentence="10" number="386">but</token>
<token t_id="388" sentence="10" number="387">I</token>
<token t_id="389" sentence="10" number="388">have</token>
<token t_id="390" sentence="10" number="389">heard</token>
<token t_id="391" sentence="10" number="390">from</token>
<token t_id="392" sentence="10" number="391">neither</token>
<token t_id="393" sentence="10" number="392">.</token>
<token t_id="394" sentence="11" number="393">Ludovico</token>
<token t_id="395" sentence="11" number="394">may</token>
<token t_id="396" sentence="11" number="395">be</token>
<token t_id="397" sentence="11" number="396">in</token>
<token t_id="398" sentence="11" number="397">Florence</token>
<token t_id="399" sentence="11" number="398">on</token>
<token t_id="400" sentence="11" number="399">some</token>
<token t_id="401" sentence="11" number="400">army</token>
<token t_id="402" sentence="11" number="401">business</token>
<token t_id="403" sentence="11" number="402">,</token>
<token t_id="404" sentence="11" number="403">but</token>
<token t_id="405" sentence="11" number="404">it</token>
<token t_id="406" sentence="11" number="405">is</token>
<token t_id="407" sentence="11" number="406">very</token>
<token t_id="408" sentence="11" number="407">stupid</token>
<token t_id="409" sentence="11" number="408">of</token>
<token t_id="410" sentence="11" number="409">the</token>
<token t_id="411" sentence="11" number="410">proprietor</token>
<token t_id="412" sentence="11" number="411">of</token>
<token t_id="413" sentence="11" number="412">the</token>
<token t_id="414" sentence="11" number="413">Hotel</token>
<token t_id="415" sentence="11" number="414">L.</token>
<token t_id="416" sentence="11" number="415">not</token>
<token t_id="417" sentence="11" number="416">to</token>
<token t_id="418" sentence="11" number="417">answer</token>
<token t_id="419" sentence="11" number="418">my</token>
<token t_id="420" sentence="11" number="419">letter</token>
<token t_id="421" sentence="11" number="420">.</token>
<token t_id="422" sentence="12" number="421">We</token>
<token t_id="423" sentence="12" number="422">have</token>
<token t_id="424" sentence="12" number="423">telegraphed</token>
<token t_id="425" sentence="12" number="424">for</token>
<token t_id="426" sentence="12" number="425">rooms</token>
<token t_id="427" sentence="12" number="426">in</token>
<token t_id="428" sentence="12" number="427">a</token>
<token t_id="429" sentence="12" number="428">pension</token>
<token t_id="430" sentence="12" number="429">on</token>
<token t_id="431" sentence="12" number="430">the</token>
<token t_id="432" sentence="12" number="431">Via</token>
<token t_id="433" sentence="12" number="432">Sistina</token>
<token t_id="434" sentence="12" number="433">,</token>
<token t_id="435" sentence="12" number="434">which</token>
<token t_id="436" sentence="12" number="435">Mrs.</token>
<token t_id="437" sentence="12" number="436">Coxe</token>
<token t_id="438" sentence="12" number="437">tells</token>
<token t_id="439" sentence="12" number="438">us</token>
<token t_id="440" sentence="12" number="439">is</token>
<token t_id="441" sentence="12" number="440">delightful</token>
<token t_id="442" sentence="12" number="441">,</token>
<token t_id="443" sentence="12" number="442">and</token>
<token t_id="444" sentence="12" number="443">we</token>
<token t_id="445" sentence="12" number="444">are</token>
<token t_id="446" sentence="12" number="445">thankful</token>
<token t_id="447" sentence="12" number="446">to</token>
<token t_id="448" sentence="12" number="447">know</token>
<token t_id="449" sentence="12" number="448">that</token>
<token t_id="450" sentence="12" number="449">they</token>
<token t_id="451" sentence="12" number="450">will</token>
<token t_id="452" sentence="12" number="451">accommodate</token>
<token t_id="453" sentence="12" number="452">us</token>
<token t_id="454" sentence="12" number="453">,</token>
<token t_id="455" sentence="12" number="454">as</token>
<token t_id="456" sentence="12" number="455">Rome</token>
<token t_id="457" sentence="12" number="456">is</token>
<token t_id="458" sentence="12" number="457">full</token>
<token t_id="459" sentence="12" number="458">to</token>
<token t_id="460" sentence="12" number="459">overflowing</token>
<token t_id="461" sentence="12" number="460">now</token>
<token t_id="462" sentence="12" number="461">,</token>
<token t_id="463" sentence="12" number="462">all</token>
<token t_id="464" sentence="12" number="463">the</token>
<token t_id="465" sentence="12" number="464">world</token>
<token t_id="466" sentence="12" number="465">going</token>
<token t_id="467" sentence="12" number="466">up</token>
<token t_id="468" sentence="12" number="467">thither</token>
<token t_id="469" sentence="12" number="468">for</token>
<token t_id="470" sentence="12" number="469">Easter</token>
<token t_id="471" sentence="12" number="470">.</token>
<token t_id="472" sentence="13" number="471">When</token>
<token t_id="473" sentence="13" number="472">I</token>
<token t_id="474" sentence="13" number="473">told</token>
<token t_id="475" sentence="13" number="474">my</token>
<token t_id="476" sentence="13" number="475">maid</token>
<token t_id="477" sentence="13" number="476">that</token>
<token t_id="478" sentence="13" number="477">we</token>
<token t_id="479" sentence="13" number="478">were</token>
<token t_id="480" sentence="13" number="479">going</token>
<token t_id="481" sentence="13" number="480">to</token>
<token t_id="482" sentence="13" number="481">Rome</token>
<token t_id="483" sentence="13" number="482">to-morrow</token>
<token t_id="484" sentence="13" number="483">,</token>
<token t_id="485" sentence="13" number="484">she</token>
<token t_id="486" sentence="13" number="485">clasped</token>
<token t_id="487" sentence="13" number="486">her</token>
<token t_id="488" sentence="13" number="487">hands</token>
<token t_id="489" sentence="13" number="488">in</token>
<token t_id="490" sentence="13" number="489">ecstasy</token>
<token t_id="491" sentence="13" number="490">,</token>
<token t_id="492" sentence="13" number="491">exclaiming</token>
<token t_id="493" sentence="13" number="492">,</token>
<token t_id="494" sentence="13" number="493">"</token>
<token t_id="495" sentence="13" number="494">Bella</token>
<token t_id="496" sentence="13" number="495">Roma</token>
<token t_id="497" sentence="13" number="496">!</token>
<token t_id="498" sentence="14" number="497">Bella</token>
<token t_id="499" sentence="14" number="498">Roma</token>
<token t_id="500" sentence="14" number="499">!</token>
<token t_id="501" sentence="14" number="500">"</token>
<token t_id="502" sentence="15" number="501">These</token>
<token t_id="503" sentence="15" number="502">Italians</token>
<token t_id="504" sentence="15" number="503">have</token>
<token t_id="505" sentence="15" number="504">a</token>
<token t_id="506" sentence="15" number="505">natural</token>
<token t_id="507" sentence="15" number="506">instinct</token>
<token t_id="508" sentence="15" number="507">for</token>
<token t_id="509" sentence="15" number="508">beauty</token>
<token t_id="510" sentence="15" number="509">and</token>
<token t_id="511" sentence="15" number="510">a</token>
<token t_id="512" sentence="15" number="511">genuine</token>
<token t_id="513" sentence="15" number="512">pride</token>
<token t_id="514" sentence="15" number="513">in</token>
<token t_id="515" sentence="15" number="514">the</token>
<token t_id="516" sentence="15" number="515">wonders</token>
<token t_id="517" sentence="15" number="516">of</token>
<token t_id="518" sentence="15" number="517">their</token>
<token t_id="519" sentence="15" number="518">own</token>
<token t_id="520" sentence="15" number="519">country</token>
<token t_id="521" sentence="15" number="520">,</token>
<token t_id="522" sentence="15" number="521">both</token>
<token t_id="523" sentence="15" number="522">of</token>
<token t_id="524" sentence="15" number="523">which</token>
<token t_id="525" sentence="15" number="524">help</token>
<token t_id="526" sentence="15" number="525">them</token>
<token t_id="527" sentence="15" number="526">to</token>
<token t_id="528" sentence="15" number="527">endure</token>
<token t_id="529" sentence="15" number="528">the</token>
<token t_id="530" sentence="15" number="529">poverty</token>
<token t_id="531" sentence="15" number="530">and</token>
<token t_id="532" sentence="15" number="531">hardness</token>
<token t_id="533" sentence="15" number="532">of</token>
<token t_id="534" sentence="15" number="533">their</token>
<token t_id="535" sentence="15" number="534">lives</token>
<token t_id="536" sentence="15" number="535">,</token>
<token t_id="537" sentence="15" number="536">just</token>
<token t_id="538" sentence="15" number="537">as</token>
<token t_id="539" sentence="15" number="538">some</token>
<token t_id="540" sentence="15" number="539">people</token>
<token t_id="541" sentence="15" number="540">of</token>
<token t_id="542" sentence="15" number="541">your</token>
<token t_id="543" sentence="15" number="542">acquaintance</token>
<token t_id="544" sentence="15" number="543">and</token>
<token t_id="545" sentence="15" number="544">mine</token>
<token t_id="546" sentence="15" number="545">are</token>
<token t_id="547" sentence="15" number="546">supported</token>
<token t_id="548" sentence="15" number="547">through</token>
<token t_id="549" sentence="15" number="548">many</token>
<token t_id="550" sentence="15" number="549">trials</token>
<token t_id="551" sentence="15" number="550">by</token>
<token t_id="552" sentence="15" number="551">the</token>
<token t_id="553" sentence="15" number="552">uplifting</token>
<token t_id="554" sentence="15" number="553">sense</token>
<token t_id="555" sentence="15" number="554">of</token>
<token t_id="556" sentence="15" number="555">having</token>
<token t_id="557" sentence="15" number="556">been</token>
<token t_id="558" sentence="15" number="557">born</token>
<token t_id="559" sentence="15" number="558">in</token>
<token t_id="560" sentence="15" number="559">the</token>
<token t_id="561" sentence="15" number="560">purple</token>
<token t_id="562" sentence="15" number="561">.</token>


<Markables>
<EVENT_MENTION m_id="33" factuality="" modality="" pred="" pos="" aspect="" certainty="" comment="" class="EXISTENCE-CAUSATION" tense="" polarity=""  >
<token_anchor t_id="272"/>
</EVENT_MENTION>
<EVENT_MENTION m_id="65" factuality="" modality="" pred="" pos="" aspect="" certainty="" comment="" class="GENERAL" tense="" polarity=""  >
<token_anchor t_id="525"/>
</EVENT_MENTION>
<EVENT_MENTION m_id="1" factuality="" modality="" pred="" pos="" aspect="" certainty="" comment="" class="EMOTIONS-EVALUATIONS" tense="" polarity=""  >
<token_anchor t_id="10"/>
<token_anchor t_id="11"/>
</EVENT_MENTION>
<EVENT_MENTION m_id="34" factuality="" modality="" pred="" pos="" aspect="" certainty="" comment="" class="GENERAL" tense="" polarity=""  >
<token_anchor t_id="283"/>
</EVENT_MENTION>
<EVENT_MENTION m_id="66" factuality="" modality="" pred="" pos="" aspect="" certainty="" comment="" class="GENERAL" tense="" polarity=""  >
<token_anchor t_id="528"/>
</EVENT_MENTION>
<EVENT_MENTION m_id="2" factuality="" modality="" pred="" pos="" aspect="" certainty="" comment="" class="EXISTENCE-CAUSATION" tense="" polarity=""  >
<token_anchor t_id="13"/>
</EVENT_MENTION>
<EVENT_MENTION m_id="35" factuality="" modality="" pred="" pos="" aspect="" certainty="" comment="" class="EXISTENCE-CAUSATION" tense="" polarity=""  >
<token_anchor t_id="286"/>
</EVENT_MENTION>
<EVENT_MENTION m_id="67" factuality="" modality="" pred="" pos="" aspect="" certainty="" comment="" class="POSSESSION" tense="" polarity=""  >
<token_anchor t_id="530"/>
</EVENT_MENTION>
<EVENT_MENTION m_id="3" factuality="" modality="" pred="" pos="" aspect="" certainty="" comment="" class="SOCIAL" tense="" polarity=""  >
<token_anchor t_id="26"/>
</EVENT_MENTION>
<EVENT_MENTION m_id="36" factuality="" modality="" pred="" pos="" aspect="" certainty="" comment="" class="ENTERTAINMENT-ART" tense="" polarity=""  >
<token_anchor t_id="301"/>
</EVENT_MENTION>
<EVENT_MENTION m_id="68" factuality="" modality="" pred="" pos="" aspect="" certainty="" comment="" class="EMOTIONS-EVALUATIONS" tense="" polarity=""  >
<token_anchor t_id="532"/>
</EVENT_MENTION>
<EVENT_MENTION m_id="4" factuality="" modality="" pred="" pos="" aspect="" certainty="" comment="" class="SPACE-MOVEMENT" tense="" polarity=""  >
<token_anchor t_id="33"/>
<token_anchor t_id="34"/>
<token_anchor t_id="35"/>
</EVENT_MENTION>
<EVENT_MENTION m_id="37" factuality="" modality="" pred="" pos="" aspect="" certainty="" comment="" class="EXISTENCE-CAUSATION" tense="" polarity=""  >
<token_anchor t_id="307"/>
</EVENT_MENTION>
<EVENT_MENTION m_id="69" factuality="" modality="" pred="" pos="" aspect="" certainty="" comment="" class="GENERAL" tense="" polarity=""  >
<token_anchor t_id="547"/>
</EVENT_MENTION>
<EVENT_MENTION m_id="5" factuality="" modality="" pred="" pos="" aspect="" certainty="" comment="" class="SPACE-MOVEMENT" tense="" polarity=""  >
<token_anchor t_id="39"/>
<token_anchor t_id="40"/>
<token_anchor t_id="41"/>
<token_anchor t_id="42"/>
</EVENT_MENTION>
<EVENT_MENTION m_id="38" factuality="" modality="" pred="" pos="" aspect="" certainty="" comment="" class="EMOTIONS-EVALUATIONS" tense="" polarity=""  >
<token_anchor t_id="311"/>
</EVENT_MENTION>
<EVENT_MENTION m_id="70" factuality="" modality="" pred="" pos="" aspect="" certainty="" comment="" class="LIFE-HEALTH" tense="" polarity=""  >
<token_anchor t_id="558"/>
</EVENT_MENTION>
<EVENT_MENTION m_id="6" factuality="" modality="" pred="" pos="" aspect="" certainty="" comment="" class="COMMUNICATION" tense="" polarity=""  >
<token_anchor t_id="59"/>
</EVENT_MENTION>
<EVENT_MENTION m_id="39" factuality="" modality="" pred="" pos="" aspect="" certainty="" comment="" class="EMOTIONS-EVALUATIONS" tense="" polarity=""  >
<token_anchor t_id="313"/>
</EVENT_MENTION>
<EVENT_MENTION m_id="71" factuality="" modality="" pred="" pos="" aspect="" certainty="" comment="" class="LIFE-HEALTH" tense="" polarity=""  >
<token_anchor t_id="535"/>
</EVENT_MENTION>
<EVENT_MENTION m_id="7" factuality="" modality="" pred="" pos="" aspect="" certainty="" comment="" class="POSSESSION" tense="" polarity=""  >
<token_anchor t_id="61"/>
</EVENT_MENTION>
<EVENT_MENTION m_id="40" factuality="" modality="" pred="" pos="" aspect="" certainty="" comment="" class="MATTER" tense="" polarity=""  >
<token_anchor t_id="322"/>
</EVENT_MENTION>
<EVENT_MENTION m_id="72" factuality="" modality="" pred="" pos="" aspect="" certainty="" comment="" class="MATTER" tense="" polarity=""  >
<token_anchor t_id="293"/>
</EVENT_MENTION>
<EVENT_MENTION m_id="8" factuality="" modality="" pred="" pos="" aspect="" certainty="" comment="" class="COMMUNICATION" tense="" polarity=""  >
<token_anchor t_id="79"/>
</EVENT_MENTION>
<EVENT_MENTION m_id="41" factuality="" modality="" pred="" pos="" aspect="" certainty="" comment="" class="EMOTIONS-EVALUATIONS" tense="" polarity=""  >
<token_anchor t_id="329"/>
<token_anchor t_id="330"/>
<token_anchor t_id="331"/>
</EVENT_MENTION>
<EVENT_MENTION m_id="73" factuality="" modality="" pred="" pos="" aspect="" certainty="" comment="" class="SPACE-MOVEMENT" tense="" polarity=""  >
<token_anchor t_id="191"/>
</EVENT_MENTION>
<EVENT_MENTION m_id="9" factuality="" modality="" pred="" pos="" aspect="" certainty="" comment="" class="COMMUNICATION" tense="" polarity=""  >
<token_anchor t_id="82"/>
</EVENT_MENTION>
<EVENT_MENTION m_id="42" factuality="" modality="" pred="" pos="" aspect="" certainty="" comment="" class="LIFE-HEALTH" tense="" polarity=""  >
<token_anchor t_id="335"/>
</EVENT_MENTION>
<EVENT_MENTION m_id="74" factuality="" modality="" pred="" pos="" aspect="" certainty="" comment="" class="GENERAL" tense="" polarity=""  >
<token_anchor t_id="550"/>
</EVENT_MENTION>
<EVENT_MENTION m_id="10" factuality="" modality="" pred="" pos="" aspect="" certainty="" comment="" class="COMMUNICATION" tense="" polarity=""  >
<token_anchor t_id="84"/>
</EVENT_MENTION>
<EVENT_MENTION m_id="43" factuality="" modality="" pred="" pos="" aspect="" certainty="" comment="" class="SPACE-MOVEMENT" tense="" polarity=""  >
<token_anchor t_id="347"/>
</EVENT_MENTION>
<EVENT_MENTION m_id="11" factuality="" modality="" pred="" pos="" aspect="" certainty="" comment="" class="EMOTIONS-EVALUATIONS" tense="" polarity=""  >
<token_anchor t_id="87"/>
<token_anchor t_id="88"/>
<token_anchor t_id="89"/>
<token_anchor t_id="90"/>
<token_anchor t_id="91"/>
<token_anchor t_id="92"/>
</EVENT_MENTION>
<EVENT_MENTION m_id="44" factuality="" modality="" pred="" pos="" aspect="" certainty="" comment="" class="EMOTIONS-EVALUATIONS" tense="" polarity=""  >
<token_anchor t_id="351"/>
</EVENT_MENTION>
<EVENT_MENTION m_id="12" factuality="" modality="" pred="" pos="" aspect="" certainty="" comment="" class="PHYSICAL SENSATIONS" tense="" polarity=""  >
<token_anchor t_id="96"/>
</EVENT_MENTION>
<EVENT_MENTION m_id="45" factuality="" modality="" pred="" pos="" aspect="" certainty="" comment="" class="EMOTIONS-EVALUATIONS" tense="" polarity=""  >
<token_anchor t_id="356"/>
<token_anchor t_id="357"/>
<token_anchor t_id="358"/>
</EVENT_MENTION>
<EVENT_MENTION m_id="13" factuality="" modality="" pred="" pos="" aspect="" certainty="" comment="" class="SPACE-MOVEMENT" tense="" polarity=""  >
<token_anchor t_id="101"/>
</EVENT_MENTION>
<EVENT_MENTION m_id="46" factuality="" modality="" pred="" pos="" aspect="" certainty="" comment="" class="COMMUNICATION" tense="" polarity=""  >
<token_anchor t_id="365"/>
</EVENT_MENTION>
<EVENT_MENTION m_id="14" factuality="" modality="" pred="" pos="" aspect="" certainty="" comment="" class="MENTAL" tense="" polarity=""  >
<token_anchor t_id="109"/>
</EVENT_MENTION>
<EVENT_MENTION m_id="47" factuality="" modality="" pred="" pos="" aspect="" certainty="" comment="" class="COMMUNICATION" tense="" polarity=""  >
<token_anchor t_id="383"/>
</EVENT_MENTION>
<EVENT_MENTION m_id="15" factuality="" modality="" pred="" pos="" aspect="" certainty="" comment="" class="SPACE-MOVEMENT" tense="" polarity=""  >
<token_anchor t_id="120"/>
<token_anchor t_id="122"/>
</EVENT_MENTION>
<EVENT_MENTION m_id="48" factuality="" modality="" pred="" pos="" aspect="" certainty="" comment="" class="PHYSICAL SENSATIONS" tense="" polarity=""  >
<token_anchor t_id="390"/>
</EVENT_MENTION>
<EVENT_MENTION m_id="16" factuality="" modality="" pred="" pos="" aspect="" certainty="" comment="" class="LIFE-HEALTH" tense="" polarity=""  >
<token_anchor t_id="127"/>
</EVENT_MENTION>
<EVENT_MENTION m_id="49" factuality="" modality="" pred="" pos="" aspect="" certainty="" comment="" class="EXISTENCE-CAUSATION" tense="" polarity=""  >
<token_anchor t_id="396"/>
</EVENT_MENTION>
<EVENT_MENTION m_id="17" factuality="" modality="" pred="" pos="" aspect="" certainty="" comment="" class="HOSTILITY" tense="" polarity=""  >
<token_anchor t_id="137"/>
</EVENT_MENTION>
<EVENT_MENTION m_id="50" factuality="" modality="" pred="" pos="" aspect="" certainty="" comment="" class="MENTAL" tense="" polarity=""  >
<token_anchor t_id="406"/>
<token_anchor t_id="407"/>
<token_anchor t_id="408"/>
</EVENT_MENTION>
<EVENT_MENTION m_id="18" factuality="" modality="" pred="" pos="" aspect="" certainty="" comment="" class="GENERAL" tense="" polarity=""  >
<token_anchor t_id="149"/>
</EVENT_MENTION>
<EVENT_MENTION m_id="51" factuality="" modality="" pred="" pos="" aspect="" certainty="" comment="" class="COMMUNICATION" tense="" polarity=""  >
<token_anchor t_id="418"/>
</EVENT_MENTION>
<EVENT_MENTION m_id="19" factuality="" modality="" pred="" pos="" aspect="" certainty="" comment="" class="MENTAL" tense="" polarity=""  >
<token_anchor t_id="158"/>
</EVENT_MENTION>
<EVENT_MENTION m_id="20" factuality="" modality="" pred="" pos="" aspect="" certainty="" comment="" class="COMMUNICATION" tense="" polarity=""  >
<token_anchor t_id="160"/>
</EVENT_MENTION>
<EVENT_MENTION m_id="52" factuality="" modality="" pred="" pos="" aspect="" certainty="" comment="" class="COMMUNICATION" tense="" polarity=""  >
<token_anchor t_id="424"/>
</EVENT_MENTION>
<EVENT_MENTION m_id="21" factuality="" modality="" pred="" pos="" aspect="" certainty="" comment="" class="SPACE-MOVEMENT" tense="" polarity=""  >
<token_anchor t_id="162"/>
<token_anchor t_id="163"/>
<token_anchor t_id="164"/>
</EVENT_MENTION>
<EVENT_MENTION m_id="53" factuality="" modality="" pred="" pos="" aspect="" certainty="" comment="" class="COMMUNICATION" tense="" polarity=""  >
<token_anchor t_id="438"/>
</EVENT_MENTION>
<EVENT_MENTION m_id="22" factuality="" modality="" pred="" pos="" aspect="" certainty="" comment="" class="EMOTIONS-EVALUATIONS" tense="" polarity=""  >
<token_anchor t_id="169"/>
</EVENT_MENTION>
<EVENT_MENTION m_id="54" factuality="" modality="" pred="" pos="" aspect="" certainty="" comment="" class="EMOTIONS-EVALUATIONS" tense="" polarity=""  >
<token_anchor t_id="440"/>
<token_anchor t_id="441"/>
</EVENT_MENTION>
<EVENT_MENTION m_id="23" factuality="" modality="" pred="" pos="" aspect="" certainty="" comment="" class="TIME" tense="" polarity=""  >
<token_anchor t_id="171"/>
</EVENT_MENTION>
<EVENT_MENTION m_id="55" factuality="" modality="" pred="" pos="" aspect="" certainty="" comment="" class="EMOTIONS-EVALUATIONS" tense="" polarity=""  >
<token_anchor t_id="445"/>
<token_anchor t_id="446"/>
</EVENT_MENTION>
<EVENT_MENTION m_id="24" factuality="" modality="" pred="" pos="" aspect="" certainty="" comment="" class="EMOTIONS-EVALUATIONS" tense="" polarity=""  >
<token_anchor t_id="195"/>
<token_anchor t_id="196"/>
<token_anchor t_id="197"/>
<token_anchor t_id="198"/>
<token_anchor t_id="199"/>
</EVENT_MENTION>
<EVENT_MENTION m_id="56" factuality="" modality="" pred="" pos="" aspect="" certainty="" comment="" class="MENTAL" tense="" polarity=""  >
<token_anchor t_id="448"/>
</EVENT_MENTION>
<EVENT_MENTION m_id="25" factuality="" modality="" pred="" pos="" aspect="" certainty="" comment="" class="PHYSICAL SENSATIONS" tense="" polarity=""  >
<token_anchor t_id="201"/>
</EVENT_MENTION>
<EVENT_MENTION m_id="57" factuality="" modality="" pred="" pos="" aspect="" certainty="" comment="" class="SPACE-MOVEMENT" tense="" polarity=""  >
<token_anchor t_id="452"/>
</EVENT_MENTION>
<EVENT_MENTION m_id="26" factuality="" modality="" pred="" pos="" aspect="" certainty="" comment="" class="EXISTENCE-CAUSATION" tense="" polarity=""  >
<token_anchor t_id="209"/>
</EVENT_MENTION>
<EVENT_MENTION m_id="58" factuality="" modality="" pred="" pos="" aspect="" certainty="" comment="" class="MEASURE" tense="" polarity=""  >
<token_anchor t_id="457"/>
<token_anchor t_id="458"/>
</EVENT_MENTION>
<EVENT_MENTION m_id="27" factuality="" modality="" pred="" pos="" aspect="" certainty="" comment="" class="SPACE-MOVEMENT" tense="" polarity=""  >
<token_anchor t_id="215"/>
</EVENT_MENTION>
<EVENT_MENTION m_id="59" factuality="" modality="" pred="" pos="" aspect="" certainty="" comment="" class="SPACE-MOVEMENT" tense="" polarity=""  >
<token_anchor t_id="466"/>
<token_anchor t_id="467"/>
</EVENT_MENTION>
<EVENT_MENTION m_id="28" factuality="" modality="" pred="" pos="" aspect="" certainty="" comment="" class="PHYSICAL SENSATIONS" tense="" polarity=""  >
<token_anchor t_id="230"/>
</EVENT_MENTION>
<EVENT_MENTION m_id="60" factuality="" modality="" pred="" pos="" aspect="" certainty="" comment="" class="COMMUNICATION" tense="" polarity=""  >
<token_anchor t_id="474"/>
</EVENT_MENTION>
<EVENT_MENTION m_id="29" factuality="" modality="" pred="" pos="" aspect="" certainty="" comment="" class="TIME" tense="" polarity=""  >
<token_anchor t_id="236"/>
<token_anchor t_id="237"/>
<token_anchor t_id="238"/>
</EVENT_MENTION>
<EVENT_MENTION m_id="61" factuality="" modality="" pred="" pos="" aspect="" certainty="" comment="" class="SPACE-MOVEMENT" tense="" polarity=""  >
<token_anchor t_id="480"/>
</EVENT_MENTION>
<EVENT_MENTION m_id="30" factuality="" modality="" pred="" pos="" aspect="" certainty="" comment="" class="PHYSICAL SENSATIONS" tense="" polarity=""  >
<token_anchor t_id="241"/>
</EVENT_MENTION>
<EVENT_MENTION m_id="62" factuality="" modality="" pred="" pos="" aspect="" certainty="" comment="" class="GENERAL" tense="" polarity=""  >
<token_anchor t_id="486"/>
<token_anchor t_id="487"/>
<token_anchor t_id="488"/>
</EVENT_MENTION>
<EVENT_MENTION m_id="31" factuality="" modality="" pred="" pos="" aspect="" certainty="" comment="" class="PHYSICAL SENSATIONS" tense="" polarity=""  >
<token_anchor t_id="248"/>
</EVENT_MENTION>
<EVENT_MENTION m_id="63" factuality="" modality="" pred="" pos="" aspect="" certainty="" comment="" class="COMMUNICATION" tense="" polarity=""  >
<token_anchor t_id="492"/>
</EVENT_MENTION>
<EVENT_MENTION m_id="32" factuality="" modality="" pred="" pos="" aspect="" certainty="" comment="" class="POSSESSION" tense="" polarity=""  >
<token_anchor t_id="254"/>
</EVENT_MENTION>
<EVENT_MENTION m_id="64" factuality="" modality="" pred="" pos="" aspect="" certainty="" comment="" class="POSSESSION" tense="" polarity=""  >
<token_anchor t_id="504"/>
</EVENT_MENTION>


</Markables>

<Relations>
</Relations>
</Document>
