<Document doc_name="39)ASSISI, Saturday Eveni...">
<token t_id="1" sentence="0" number="0">ASSISI</token>
<token t_id="2" sentence="0" number="1">,</token>
<token t_id="3" sentence="0" number="2">Saturday</token>
<token t_id="4" sentence="0" number="3">Evening</token>
<token t_id="5" sentence="0" number="4">,</token>
<token t_id="6" sentence="0" number="5">May</token>
<token t_id="7" sentence="0" number="6">1st</token>
<token t_id="8" sentence="0" number="7">.</token>
<token t_id="9" sentence="1" number="8">As</token>
<token t_id="10" sentence="1" number="9">we</token>
<token t_id="11" sentence="1" number="10">first</token>
<token t_id="12" sentence="1" number="11">beheld</token>
<token t_id="13" sentence="1" number="12">Assisi</token>
<token t_id="14" sentence="1" number="13">from</token>
<token t_id="15" sentence="1" number="14">the</token>
<token t_id="16" sentence="1" number="15">railroad</token>
<token t_id="17" sentence="1" number="16">station</token>
<token t_id="18" sentence="1" number="17">at</token>
<token t_id="19" sentence="1" number="18">sunset</token>
<token t_id="20" sentence="1" number="19">,</token>
<token t_id="21" sentence="1" number="20">the</token>
<token t_id="22" sentence="1" number="21">delicate</token>
<token t_id="23" sentence="1" number="22">mauve</token>
<token t_id="24" sentence="1" number="23">pink</token>
<token t_id="25" sentence="1" number="24">of</token>
<token t_id="26" sentence="1" number="25">her</token>
<token t_id="27" sentence="1" number="26">towers</token>
<token t_id="28" sentence="1" number="27">and</token>
<token t_id="29" sentence="1" number="28">walls</token>
<token t_id="30" sentence="1" number="29">glowed</token>
<token t_id="31" sentence="1" number="30">with</token>
<token t_id="32" sentence="1" number="31">a</token>
<token t_id="33" sentence="1" number="32">more</token>
<token t_id="34" sentence="1" number="33">rosy</token>
<token t_id="35" sentence="1" number="34">hue</token>
<token t_id="36" sentence="1" number="35">and</token>
<token t_id="37" sentence="1" number="36">it</token>
<token t_id="38" sentence="1" number="37">seemed</token>
<token t_id="39" sentence="1" number="38">as</token>
<token t_id="40" sentence="1" number="39">if</token>
<token t_id="41" sentence="1" number="40">the</token>
<token t_id="42" sentence="1" number="41">old</token>
<token t_id="43" sentence="1" number="42">town</token>
<token t_id="44" sentence="1" number="43">for</token>
<token t_id="45" sentence="1" number="44">a</token>
<token t_id="46" sentence="1" number="45">brief</token>
<token t_id="47" sentence="1" number="46">moment</token>
<token t_id="48" sentence="1" number="47">must</token>
<token t_id="49" sentence="1" number="48">have</token>
<token t_id="50" sentence="1" number="49">worn</token>
<token t_id="51" sentence="1" number="50">something</token>
<token t_id="52" sentence="1" number="51">of</token>
<token t_id="53" sentence="1" number="52">the</token>
<token t_id="54" sentence="1" number="53">grace</token>
<token t_id="55" sentence="1" number="54">of</token>
<token t_id="56" sentence="1" number="55">her</token>
<token t_id="57" sentence="1" number="56">long-vanished</token>
<token t_id="58" sentence="1" number="57">youth</token>
<token t_id="59" sentence="1" number="58">.</token>
<token t_id="60" sentence="2" number="59">On</token>
<token t_id="61" sentence="2" number="60">one</token>
<token t_id="62" sentence="2" number="61">side</token>
<token t_id="63" sentence="2" number="62">of</token>
<token t_id="64" sentence="2" number="63">the</token>
<token t_id="65" sentence="2" number="64">station</token>
<token t_id="66" sentence="2" number="65">is</token>
<token t_id="67" sentence="2" number="66">the</token>
<token t_id="68" sentence="2" number="67">little</token>
<token t_id="69" sentence="2" number="68">village</token>
<token t_id="70" sentence="2" number="69">of</token>
<token t_id="71" sentence="2" number="70">the</token>
<token t_id="72" sentence="2" number="71">plain</token>
<token t_id="73" sentence="2" number="72">,</token>
<token t_id="74" sentence="2" number="73">Santa</token>
<token t_id="75" sentence="2" number="74">Maria</token>
<token t_id="76" sentence="2" number="75">degli</token>
<token t_id="77" sentence="2" number="76">Angeli</token>
<token t_id="78" sentence="2" number="77">,</token>
<token t_id="79" sentence="2" number="78">with</token>
<token t_id="80" sentence="2" number="79">the</token>
<token t_id="81" sentence="2" number="80">church</token>
<token t_id="82" sentence="2" number="81">from</token>
<token t_id="83" sentence="2" number="82">which</token>
<token t_id="84" sentence="2" number="83">it</token>
<token t_id="85" sentence="2" number="84">takes</token>
<token t_id="86" sentence="2" number="85">its</token>
<token t_id="87" sentence="2" number="86">name</token>
<token t_id="88" sentence="2" number="87">,</token>
<token t_id="89" sentence="2" number="88">so</token>
<token t_id="90" sentence="2" number="89">christened</token>
<token t_id="91" sentence="2" number="90">by</token>
<token t_id="92" sentence="2" number="91">St.</token>
<token t_id="93" sentence="2" number="92">Francis</token>
<token t_id="94" sentence="2" number="93">in</token>
<token t_id="95" sentence="2" number="94">memory</token>
<token t_id="96" sentence="2" number="95">of</token>
<token t_id="97" sentence="2" number="96">the</token>
<token t_id="98" sentence="2" number="97">angelic</token>
<token t_id="99" sentence="2" number="98">visions</token>
<token t_id="100" sentence="2" number="99">here</token>
<token t_id="101" sentence="2" number="100">granted</token>
<token t_id="102" sentence="2" number="101">him</token>
<token t_id="103" sentence="2" number="102">.</token>
<token t_id="104" sentence="3" number="103">On</token>
<token t_id="105" sentence="3" number="104">the</token>
<token t_id="106" sentence="3" number="105">other</token>
<token t_id="107" sentence="3" number="106">side</token>
<token t_id="108" sentence="3" number="107">of</token>
<token t_id="109" sentence="3" number="108">the</token>
<token t_id="110" sentence="3" number="109">road</token>
<token t_id="111" sentence="3" number="110">,</token>
<token t_id="112" sentence="3" number="111">across</token>
<token t_id="113" sentence="3" number="112">a</token>
<token t_id="114" sentence="3" number="113">sweep</token>
<token t_id="115" sentence="3" number="114">of</token>
<token t_id="116" sentence="3" number="115">green</token>
<token t_id="117" sentence="3" number="116">meadows</token>
<token t_id="118" sentence="3" number="117">,</token>
<token t_id="119" sentence="3" number="118">is</token>
<token t_id="120" sentence="3" number="119">the</token>
<token t_id="121" sentence="3" number="120">town</token>
<token t_id="122" sentence="3" number="121">,</token>
<token t_id="123" sentence="3" number="122">built</token>
<token t_id="124" sentence="3" number="123">upon</token>
<token t_id="125" sentence="3" number="124">terraces</token>
<token t_id="126" sentence="3" number="125">half-way</token>
<token t_id="127" sentence="3" number="126">up</token>
<token t_id="128" sentence="3" number="127">the</token>
<token t_id="129" sentence="3" number="128">hill</token>
<token t_id="130" sentence="3" number="129">,</token>
<token t_id="131" sentence="3" number="130">Mount</token>
<token t_id="132" sentence="3" number="131">Subasio</token>
<token t_id="133" sentence="3" number="132">towering</token>
<token t_id="134" sentence="3" number="133">beyond</token>
<token t_id="135" sentence="3" number="134">it</token>
<token t_id="136" sentence="3" number="135">to</token>
<token t_id="137" sentence="3" number="136">a</token>
<token t_id="138" sentence="3" number="137">height</token>
<token t_id="139" sentence="3" number="138">of</token>
<token t_id="140" sentence="3" number="139">over</token>
<token t_id="141" sentence="3" number="140">three</token>
<token t_id="142" sentence="3" number="141">thousand</token>
<token t_id="143" sentence="3" number="142">feet</token>
<token t_id="144" sentence="3" number="143">above</token>
<token t_id="145" sentence="3" number="144">the</token>
<token t_id="146" sentence="3" number="145">sea-level</token>
<token t_id="147" sentence="3" number="146">.</token>
<token t_id="148" sentence="4" number="147">The</token>
<token t_id="149" sentence="4" number="148">crowning</token>
<token t_id="150" sentence="4" number="149">glory</token>
<token t_id="151" sentence="4" number="150">of</token>
<token t_id="152" sentence="4" number="151">Assisi</token>
<token t_id="153" sentence="4" number="152">is</token>
<token t_id="154" sentence="4" number="153">the</token>
<token t_id="155" sentence="4" number="154">great</token>
<token t_id="156" sentence="4" number="155">basilica</token>
<token t_id="157" sentence="4" number="156">of</token>
<token t_id="158" sentence="4" number="157">San</token>
<token t_id="159" sentence="4" number="158">Francesco</token>
<token t_id="160" sentence="4" number="159">,</token>
<token t_id="161" sentence="4" number="160">with</token>
<token t_id="162" sentence="4" number="161">its</token>
<token t_id="163" sentence="4" number="162">remarkable</token>
<token t_id="164" sentence="4" number="163">substructure</token>
<token t_id="165" sentence="4" number="164">-</token>
<token t_id="166" sentence="4" number="165">a</token>
<token t_id="167" sentence="4" number="166">vast</token>
<token t_id="168" sentence="4" number="167">colonnaded</token>
<token t_id="169" sentence="4" number="168">monastery</token>
<token t_id="170" sentence="4" number="169">standing</token>
<token t_id="171" sentence="4" number="170">guard</token>
<token t_id="172" sentence="4" number="171">over</token>
<token t_id="173" sentence="4" number="172">the</token>
<token t_id="174" sentence="4" number="173">happy</token>
<token t_id="175" sentence="4" number="174">valley</token>
<token t_id="176" sentence="4" number="175">beneath</token>
<token t_id="177" sentence="4" number="176">.</token>
<token t_id="178" sentence="5" number="177">Our</token>
<token t_id="179" sentence="5" number="178">approach</token>
<token t_id="180" sentence="5" number="179">was</token>
<token t_id="181" sentence="5" number="180">by</token>
<token t_id="182" sentence="5" number="181">winding</token>
<token t_id="183" sentence="5" number="182">roads</token>
<token t_id="184" sentence="5" number="183">bordered</token>
<token t_id="185" sentence="5" number="184">by</token>
<token t_id="186" sentence="5" number="185">hedges</token>
<token t_id="187" sentence="5" number="186">,</token>
<token t_id="188" sentence="5" number="187">with</token>
<token t_id="189" sentence="5" number="188">fields</token>
<token t_id="190" sentence="5" number="189">beyond</token>
<token t_id="191" sentence="5" number="190">green</token>
<token t_id="192" sentence="5" number="191">as</token>
<token t_id="193" sentence="5" number="192">England</token>
<token t_id="194" sentence="5" number="193">and</token>
<token t_id="195" sentence="5" number="194">bright</token>
<token t_id="196" sentence="5" number="195">as</token>
<token t_id="197" sentence="5" number="196">Italy</token>
<token t_id="198" sentence="5" number="197">alone</token>
<token t_id="199" sentence="5" number="198">,</token>
<token t_id="200" sentence="5" number="199">all</token>
<token t_id="201" sentence="5" number="200">abloom</token>
<token t_id="202" sentence="5" number="201">to-day</token>
<token t_id="203" sentence="5" number="202">with</token>
<token t_id="204" sentence="5" number="203">poppies</token>
<token t_id="205" sentence="5" number="204">and</token>
<token t_id="206" sentence="5" number="205">buttercups</token>
<token t_id="207" sentence="5" number="206">.</token>
<token t_id="208" sentence="6" number="207">Up</token>
<token t_id="209" sentence="6" number="208">and</token>
<token t_id="210" sentence="6" number="209">up</token>
<token t_id="211" sentence="6" number="210">the</token>
<token t_id="212" sentence="6" number="211">shining</token>
<token t_id="213" sentence="6" number="212">way</token>
<token t_id="214" sentence="6" number="213">climbed</token>
<token t_id="215" sentence="6" number="214">the</token>
<token t_id="216" sentence="6" number="215">shabby</token>
<token t_id="217" sentence="6" number="216">vettura</token>
<token t_id="218" sentence="6" number="217">with</token>
<token t_id="219" sentence="6" number="218">its</token>
<token t_id="220" sentence="6" number="219">lean</token>
<token t_id="221" sentence="6" number="220">horse</token>
<token t_id="222" sentence="6" number="221">,</token>
<token t_id="223" sentence="6" number="222">until</token>
<token t_id="224" sentence="6" number="223">we</token>
<token t_id="225" sentence="6" number="224">seemed</token>
<token t_id="226" sentence="6" number="225">to</token>
<token t_id="227" sentence="6" number="226">be</token>
<token t_id="228" sentence="6" number="227">getting</token>
<token t_id="229" sentence="6" number="228">near</token>
<token t_id="230" sentence="6" number="229">the</token>
<token t_id="231" sentence="6" number="230">blue</token>
<token t_id="232" sentence="6" number="231">of</token>
<token t_id="233" sentence="6" number="232">the</token>
<token t_id="234" sentence="6" number="233">sky</token>
<token t_id="235" sentence="6" number="234">,</token>
<token t_id="236" sentence="6" number="235">so</token>
<token t_id="237" sentence="6" number="236">close</token>
<token t_id="238" sentence="6" number="237">does</token>
<token t_id="239" sentence="6" number="238">the</token>
<token t_id="240" sentence="6" number="239">arch</token>
<token t_id="241" sentence="6" number="240">of</token>
<token t_id="242" sentence="6" number="241">heaven</token>
<token t_id="243" sentence="6" number="242">lean</token>
<token t_id="244" sentence="6" number="243">to</token>
<token t_id="245" sentence="6" number="244">these</token>
<token t_id="246" sentence="6" number="245">hill</token>
<token t_id="247" sentence="6" number="246">towns</token>
<token t_id="248" sentence="6" number="247">of</token>
<token t_id="249" sentence="6" number="248">Italy</token>
<token t_id="250" sentence="6" number="249">.</token>
<token t_id="251" sentence="7" number="250">We</token>
<token t_id="252" sentence="7" number="251">all</token>
<token t_id="253" sentence="7" number="252">felt</token>
<token t_id="254" sentence="7" number="253">that</token>
<token t_id="255" sentence="7" number="254">we</token>
<token t_id="256" sentence="7" number="255">had</token>
<token t_id="257" sentence="7" number="256">left</token>
<token t_id="258" sentence="7" number="257">the</token>
<token t_id="259" sentence="7" number="258">world</token>
<token t_id="260" sentence="7" number="259">of</token>
<token t_id="261" sentence="7" number="260">to-day</token>
<token t_id="262" sentence="7" number="261">far</token>
<token t_id="263" sentence="7" number="262">behind</token>
<token t_id="264" sentence="7" number="263">us</token>
<token t_id="265" sentence="7" number="264">when</token>
<token t_id="266" sentence="7" number="265">we</token>
<token t_id="267" sentence="7" number="266">drove</token>
<token t_id="268" sentence="7" number="267">through</token>
<token t_id="269" sentence="7" number="268">the</token>
<token t_id="270" sentence="7" number="269">ancient</token>
<token t_id="271" sentence="7" number="270">Porta</token>
<token t_id="272" sentence="7" number="271">San</token>
<token t_id="273" sentence="7" number="272">Francesco</token>
<token t_id="274" sentence="7" number="273">,</token>
<token t_id="275" sentence="7" number="274">so</token>
<token t_id="276" sentence="7" number="275">entirely</token>
<token t_id="277" sentence="7" number="276">does</token>
<token t_id="278" sentence="7" number="277">Assisi</token>
<token t_id="279" sentence="7" number="278">belong</token>
<token t_id="280" sentence="7" number="279">to</token>
<token t_id="281" sentence="7" number="280">the</token>
<token t_id="282" sentence="7" number="281">past</token>
<token t_id="283" sentence="7" number="282">.</token>
<token t_id="284" sentence="8" number="283">Here</token>
<token t_id="285" sentence="8" number="284">where</token>
<token t_id="286" sentence="8" number="285">everything</token>
<token t_id="287" sentence="8" number="286">is</token>
<token t_id="288" sentence="8" number="287">ancient</token>
<token t_id="289" sentence="8" number="288">one</token>
<token t_id="290" sentence="8" number="289">ceases</token>
<token t_id="291" sentence="8" number="290">to</token>
<token t_id="292" sentence="8" number="291">make</token>
<token t_id="293" sentence="8" number="292">comparisons</token>
<token t_id="294" sentence="8" number="293">,</token>
<token t_id="295" sentence="8" number="294">and</token>
<token t_id="296" sentence="8" number="295">it</token>
<token t_id="297" sentence="8" number="296">seemed</token>
<token t_id="298" sentence="8" number="297">no</token>
<token t_id="299" sentence="8" number="298">more</token>
<token t_id="300" sentence="8" number="299">remarkable</token>
<token t_id="301" sentence="8" number="300">to</token>
<token t_id="302" sentence="8" number="301">find</token>
<token t_id="303" sentence="8" number="302">a</token>
<token t_id="304" sentence="8" number="303">Temple</token>
<token t_id="305" sentence="8" number="304">of</token>
<token t_id="306" sentence="8" number="305">Minerva</token>
<token t_id="307" sentence="8" number="306">standing</token>
<token t_id="308" sentence="8" number="307">beside</token>
<token t_id="309" sentence="8" number="308">twelfth-century</token>
<token t_id="310" sentence="8" number="309">buildings</token>
<token t_id="311" sentence="8" number="310">,</token>
<token t_id="312" sentence="8" number="311">than</token>
<token t_id="313" sentence="8" number="312">that</token>
<token t_id="314" sentence="8" number="313">we</token>
<token t_id="315" sentence="8" number="314">three</token>
<token t_id="316" sentence="8" number="315">twentieth-century</token>
<token t_id="317" sentence="8" number="316">Americans</token>
<token t_id="318" sentence="8" number="317">should</token>
<token t_id="319" sentence="8" number="318">be</token>
<token t_id="320" sentence="8" number="319">driving</token>
<token t_id="321" sentence="8" number="320">about</token>
<token t_id="322" sentence="8" number="321">these</token>
<token t_id="323" sentence="8" number="322">old</token>
<token t_id="324" sentence="8" number="323">streets</token>
<token t_id="325" sentence="8" number="324">,</token>
<token t_id="326" sentence="8" number="325">hearing</token>
<token t_id="327" sentence="8" number="326">the</token>
<token t_id="328" sentence="8" number="327">vetturino</token>
<token t_id="329" sentence="8" number="328">talk</token>
<token t_id="330" sentence="8" number="329">about</token>
<token t_id="331" sentence="8" number="330">St.</token>
<token t_id="332" sentence="8" number="331">Francis</token>
<token t_id="333" sentence="8" number="332">as</token>
<token t_id="334" sentence="8" number="333">if</token>
<token t_id="335" sentence="8" number="334">he</token>
<token t_id="336" sentence="8" number="335">had</token>
<token t_id="337" sentence="8" number="336">lived</token>
<token t_id="338" sentence="8" number="337">but</token>
<token t_id="339" sentence="8" number="338">yesterday</token>
<token t_id="340" sentence="8" number="339">.</token>
<token t_id="341" sentence="9" number="340">You</token>
<token t_id="342" sentence="9" number="341">really</token>
<token t_id="343" sentence="9" number="342">must</token>
<token t_id="344" sentence="9" number="343">not</token>
<token t_id="345" sentence="9" number="344">expect</token>
<token t_id="346" sentence="9" number="345">an</token>
<token t_id="347" sentence="9" number="346">ordinary</token>
<token t_id="348" sentence="9" number="347">letter</token>
<token t_id="349" sentence="9" number="348">of</token>
<token t_id="350" sentence="9" number="349">to-day</token>
<token t_id="351" sentence="9" number="350">from</token>
<token t_id="352" sentence="9" number="351">this</token>
<token t_id="353" sentence="9" number="352">place</token>
<token t_id="354" sentence="9" number="353">,</token>
<token t_id="355" sentence="9" number="354">where</token>
<token t_id="356" sentence="9" number="355">we</token>
<token t_id="357" sentence="9" number="356">are</token>
<token t_id="358" sentence="9" number="357">so</token>
<token t_id="359" sentence="9" number="358">absolutely</token>
<token t_id="360" sentence="9" number="359">dominated</token>
<token t_id="361" sentence="9" number="360">by</token>
<token t_id="362" sentence="9" number="361">the</token>
<token t_id="363" sentence="9" number="362">twelfth</token>
<token t_id="364" sentence="9" number="363">century</token>
<token t_id="365" sentence="9" number="364">.</token>
<token t_id="366" sentence="10" number="365">Zelphine</token>
<token t_id="367" sentence="10" number="366">,</token>
<token t_id="368" sentence="10" number="367">who</token>
<token t_id="369" sentence="10" number="368">is</token>
<token t_id="370" sentence="10" number="369">in</token>
<token t_id="371" sentence="10" number="370">a</token>
<token t_id="372" sentence="10" number="371">state</token>
<token t_id="373" sentence="10" number="372">of</token>
<token t_id="374" sentence="10" number="373">rapture</token>
<token t_id="375" sentence="10" number="374">and</token>
<token t_id="376" sentence="10" number="375">quite</token>
<token t_id="377" sentence="10" number="376">lifted</token>
<token t_id="378" sentence="10" number="377">above</token>
<token t_id="379" sentence="10" number="378">the</token>
<token t_id="380" sentence="10" number="379">ordinary</token>
<token t_id="381" sentence="10" number="380">affairs</token>
<token t_id="382" sentence="10" number="381">of</token>
<token t_id="383" sentence="10" number="382">life</token>
<token t_id="384" sentence="10" number="383">,</token>
<token t_id="385" sentence="10" number="384">is</token>
<token t_id="386" sentence="10" number="385">probably</token>
<token t_id="387" sentence="10" number="386">writing</token>
<token t_id="388" sentence="10" number="387">a</token>
<token t_id="389" sentence="10" number="388">poem</token>
<token t_id="390" sentence="10" number="389">at</token>
<token t_id="391" sentence="10" number="390">this</token>
<token t_id="392" sentence="10" number="391">moment</token>
<token t_id="393" sentence="10" number="392">,</token>
<token t_id="394" sentence="10" number="393">having</token>
<token t_id="395" sentence="10" number="394">been</token>
<token t_id="396" sentence="10" number="395">incited</token>
<token t_id="397" sentence="10" number="396">thereto</token>
<token t_id="398" sentence="10" number="397">by</token>
<token t_id="399" sentence="10" number="398">the</token>
<token t_id="400" sentence="10" number="399">history</token>
<token t_id="401" sentence="10" number="400">of</token>
<token t_id="402" sentence="10" number="401">Assisi</token>
<token t_id="403" sentence="10" number="402">'s</token>
<token t_id="404" sentence="10" number="403">celebrated</token>
<token t_id="405" sentence="10" number="404">poet</token>
<token t_id="406" sentence="10" number="405">,</token>
<token t_id="407" sentence="10" number="406">Propertius</token>
<token t_id="408" sentence="10" number="407">,</token>
<token t_id="409" sentence="10" number="408">which</token>
<token t_id="410" sentence="10" number="409">she</token>
<token t_id="411" sentence="10" number="410">has</token>
<token t_id="412" sentence="10" number="411">just</token>
<token t_id="413" sentence="10" number="412">read</token>
<token t_id="414" sentence="10" number="413">to</token>
<token t_id="415" sentence="10" number="414">us</token>
<token t_id="416" sentence="10" number="415">from</token>
<token t_id="417" sentence="10" number="416">a</token>
<token t_id="418" sentence="10" number="417">charming</token>
<token t_id="419" sentence="10" number="418">little</token>
<token t_id="420" sentence="10" number="419">book</token>
<token t_id="421" sentence="10" number="420">which</token>
<token t_id="422" sentence="10" number="421">she</token>
<token t_id="423" sentence="10" number="422">found</token>
<token t_id="424" sentence="10" number="423">in</token>
<token t_id="425" sentence="10" number="424">Perugia</token>
<token t_id="426" sentence="10" number="425">.</token>
<token t_id="427" sentence="11" number="426">The</token>
<token t_id="428" sentence="11" number="427">story</token>
<token t_id="429" sentence="11" number="428">runs</token>
<token t_id="430" sentence="11" number="429">thus</token>
<token t_id="431" sentence="11" number="430">:</token>
<token t_id="432" sentence="11" number="431">Propertius</token>
<token t_id="433" sentence="11" number="432">,</token>
<token t_id="434" sentence="11" number="433">who</token>
<token t_id="435" sentence="11" number="434">was</token>
<token t_id="436" sentence="11" number="435">a</token>
<token t_id="437" sentence="11" number="436">contemporary</token>
<token t_id="438" sentence="11" number="437">of</token>
<token t_id="439" sentence="11" number="438">Virgil</token>
<token t_id="440" sentence="11" number="439">and</token>
<token t_id="441" sentence="11" number="440">Horace</token>
<token t_id="442" sentence="11" number="441">,</token>
<token t_id="443" sentence="11" number="442">relinquished</token>
<token t_id="444" sentence="11" number="443">the</token>
<token t_id="445" sentence="11" number="444">congenial</token>
<token t_id="446" sentence="11" number="445">atmosphere</token>
<token t_id="447" sentence="11" number="446">of</token>
<token t_id="448" sentence="11" number="447">Rome</token>
<token t_id="449" sentence="11" number="448">and</token>
<token t_id="450" sentence="11" number="449">the</token>
<token t_id="451" sentence="11" number="450">friendly</token>
<token t_id="452" sentence="11" number="451">companionship</token>
<token t_id="453" sentence="11" number="452">of</token>
<token t_id="454" sentence="11" number="453">the</token>
<token t_id="455" sentence="11" number="454">author</token>
<token t_id="456" sentence="11" number="455">of</token>
<token t_id="457" sentence="11" number="456">the</token>
<token t_id="458" sentence="11" number="457">"</token>
<token t_id="459" sentence="11" number="458">Metamorphoses</token>
<token t_id="460" sentence="11" number="459">"</token>
<token t_id="461" sentence="11" number="460">for</token>
<token t_id="462" sentence="11" number="461">the</token>
<token t_id="463" sentence="11" number="462">love</token>
<token t_id="464" sentence="11" number="463">of</token>
<token t_id="465" sentence="11" number="464">his</token>
<token t_id="466" sentence="11" number="465">Umbrian</token>
<token t_id="467" sentence="11" number="466">birthplace</token>
<token t_id="468" sentence="11" number="467">,</token>
<token t_id="469" sentence="11" number="468">where</token>
<token t_id="470" sentence="11" number="469">the</token>
<token t_id="471" sentence="11" number="470">Muse</token>
<token t_id="472" sentence="11" number="471">had</token>
<token t_id="473" sentence="11" number="472">first</token>
<token t_id="474" sentence="11" number="473">visited</token>
<token t_id="475" sentence="11" number="474">him</token>
<token t_id="476" sentence="11" number="475">.</token>
<token t_id="477" sentence="12" number="476">Recognized</token>
<token t_id="478" sentence="12" number="477">in</token>
<token t_id="479" sentence="12" number="478">his</token>
<token t_id="480" sentence="12" number="479">own</token>
<token t_id="481" sentence="12" number="480">day</token>
<token t_id="482" sentence="12" number="481">as</token>
<token t_id="483" sentence="12" number="482">the</token>
<token t_id="484" sentence="12" number="483">leader</token>
<token t_id="485" sentence="12" number="484">of</token>
<token t_id="486" sentence="12" number="485">a</token>
<token t_id="487" sentence="12" number="486">new</token>
<token t_id="488" sentence="12" number="487">school</token>
<token t_id="489" sentence="12" number="488">of</token>
<token t_id="490" sentence="12" number="489">poetry</token>
<token t_id="491" sentence="12" number="490">,</token>
<token t_id="492" sentence="12" number="491">Propertius</token>
<token t_id="493" sentence="12" number="492">appreciated</token>
<token t_id="494" sentence="12" number="493">his</token>
<token t_id="495" sentence="12" number="494">own</token>
<token t_id="496" sentence="12" number="495">powers</token>
<token t_id="497" sentence="12" number="496">sufficiently</token>
<token t_id="498" sentence="12" number="497">to</token>
<token t_id="499" sentence="12" number="498">write</token>
<token t_id="500" sentence="12" number="499">of</token>
<token t_id="501" sentence="12" number="500">himself</token>
<token t_id="502" sentence="12" number="501">in</token>
<token t_id="503" sentence="12" number="502">connection</token>
<token t_id="504" sentence="12" number="503">with</token>
<token t_id="505" sentence="12" number="504">his</token>
<token t_id="506" sentence="12" number="505">native</token>
<token t_id="507" sentence="12" number="506">town</token>
<token t_id="508" sentence="12" number="507">:</token>
<token t_id="509" sentence="12" number="508">"</token>
<token t_id="510" sentence="12" number="509">Ancient</token>
<token t_id="511" sentence="12" number="510">Umbria</token>
<token t_id="512" sentence="12" number="511">gave</token>
<token t_id="513" sentence="12" number="512">thee</token>
<token t_id="514" sentence="12" number="513">birth</token>
<token t_id="515" sentence="12" number="514">,</token>
<token t_id="516" sentence="12" number="515">from</token>
<token t_id="517" sentence="12" number="516">a</token>
<token t_id="518" sentence="12" number="517">noted</token>
<token t_id="519" sentence="12" number="518">household</token>
<token t_id="520" sentence="12" number="519">.</token>
<token t_id="521" sentence="13" number="520">Do</token>
<token t_id="522" sentence="13" number="521">I</token>
<token t_id="523" sentence="13" number="522">mistake</token>
<token t_id="524" sentence="13" number="523">,</token>
<token t_id="525" sentence="13" number="524">or</token>
<token t_id="526" sentence="13" number="525">do</token>
<token t_id="527" sentence="13" number="526">I</token>
<token t_id="528" sentence="13" number="527">touch</token>
<token t_id="529" sentence="13" number="528">rightly</token>
<token t_id="530" sentence="13" number="529">the</token>
<token t_id="531" sentence="13" number="530">region</token>
<token t_id="532" sentence="13" number="531">of</token>
<token t_id="533" sentence="13" number="532">your</token>
<token t_id="534" sentence="13" number="533">home</token>
<token t_id="535" sentence="13" number="534">,</token>
<token t_id="536" sentence="13" number="535">where</token>
<token t_id="537" sentence="13" number="536">misty</token>
<token t_id="538" sentence="13" number="537">Mevania</token>
<token t_id="539" sentence="13" number="538">stands</token>
<token t_id="540" sentence="13" number="539">among</token>
<token t_id="541" sentence="13" number="540">the</token>
<token t_id="542" sentence="13" number="541">dews</token>
<token t_id="543" sentence="13" number="542">of</token>
<token t_id="544" sentence="13" number="543">the</token>
<token t_id="545" sentence="13" number="544">hill-girt</token>
<token t_id="546" sentence="13" number="545">plain</token>
<token t_id="547" sentence="13" number="546">,</token>
<token t_id="548" sentence="13" number="547">and</token>
<token t_id="549" sentence="13" number="548">the</token>
<token t_id="550" sentence="13" number="549">waters</token>
<token t_id="551" sentence="13" number="550">of</token>
<token t_id="552" sentence="13" number="551">the</token>
<token t_id="553" sentence="13" number="552">Umbrian</token>
<token t_id="554" sentence="13" number="553">lake</token>
<token t_id="555" sentence="13" number="554">grow</token>
<token t_id="556" sentence="13" number="555">warm</token>
<token t_id="557" sentence="13" number="556">the</token>
<token t_id="558" sentence="13" number="557">summer</token>
<token t_id="559" sentence="13" number="558">through</token>
<token t_id="560" sentence="13" number="559">,</token>
<token t_id="561" sentence="13" number="560">and</token>
<token t_id="562" sentence="13" number="561">where</token>
<token t_id="563" sentence="13" number="562">on</token>
<token t_id="564" sentence="13" number="563">the</token>
<token t_id="565" sentence="13" number="564">summit</token>
<token t_id="566" sentence="13" number="565">of</token>
<token t_id="567" sentence="13" number="566">mounting</token>
<token t_id="568" sentence="13" number="567">Asis</token>
<token t_id="569" sentence="13" number="568">rise</token>
<token t_id="570" sentence="13" number="569">the</token>
<token t_id="571" sentence="13" number="570">walls</token>
<token t_id="572" sentence="13" number="571">to</token>
<token t_id="573" sentence="13" number="572">which</token>
<token t_id="574" sentence="13" number="573">genius</token>
<token t_id="575" sentence="13" number="574">has</token>
<token t_id="576" sentence="13" number="575">added</token>
<token t_id="577" sentence="13" number="576">glory</token>
<token t_id="578" sentence="13" number="577">?</token>
<token t_id="579" sentence="13" number="578">"</token>
<token t_id="580" sentence="14" number="579">His</token>
<token t_id="581" sentence="14" number="580">own</token>
<token t_id="582" sentence="14" number="581">genius</token>
<token t_id="583" sentence="14" number="582">!</token>
<token t_id="584" sentence="15" number="583">And</token>
<token t_id="585" sentence="15" number="584">yet</token>
<token t_id="586" sentence="15" number="585">,</token>
<token t_id="587" sentence="15" number="586">to</token>
<token t_id="588" sentence="15" number="587">prove</token>
<token t_id="589" sentence="15" number="588">to</token>
<token t_id="590" sentence="15" number="589">us</token>
<token t_id="591" sentence="15" number="590">that</token>
<token t_id="592" sentence="15" number="591">he</token>
<token t_id="593" sentence="15" number="592">was</token>
<token t_id="594" sentence="15" number="593">not</token>
<token t_id="595" sentence="15" number="594">wanting</token>
<token t_id="596" sentence="15" number="595">in</token>
<token t_id="597" sentence="15" number="596">modesty</token>
<token t_id="598" sentence="15" number="597">,</token>
<token t_id="599" sentence="15" number="598">Propertius</token>
<token t_id="600" sentence="15" number="599">has</token>
<token t_id="601" sentence="15" number="600">placed</token>
<token t_id="602" sentence="15" number="601">this</token>
<token t_id="603" sentence="15" number="602">charming</token>
<token t_id="604" sentence="15" number="603">compliment</token>
<token t_id="605" sentence="15" number="604">in</token>
<token t_id="606" sentence="15" number="605">the</token>
<token t_id="607" sentence="15" number="606">mouth</token>
<token t_id="608" sentence="15" number="607">of</token>
<token t_id="609" sentence="15" number="608">a</token>
<token t_id="610" sentence="15" number="609">soothsayer</token>
<token t_id="611" sentence="15" number="610">.</token>
<token t_id="612" sentence="16" number="611">If</token>
<token t_id="613" sentence="16" number="612">this</token>
<token t_id="614" sentence="16" number="613">is</token>
<token t_id="615" sentence="16" number="614">all</token>
<token t_id="616" sentence="16" number="615">familiar</token>
<token t_id="617" sentence="16" number="616">to</token>
<token t_id="618" sentence="16" number="617">you</token>
<token t_id="619" sentence="16" number="618">,</token>
<token t_id="620" sentence="16" number="619">O</token>
<token t_id="621" sentence="16" number="620">most</token>
<token t_id="622" sentence="16" number="621">learned</token>
<token t_id="623" sentence="16" number="622">,</token>
<token t_id="624" sentence="16" number="623">it</token>
<token t_id="625" sentence="16" number="624">is</token>
<token t_id="626" sentence="16" number="625">so</token>
<token t_id="627" sentence="16" number="626">fresh</token>
<token t_id="628" sentence="16" number="627">to</token>
<token t_id="629" sentence="16" number="628">me</token>
<token t_id="630" sentence="16" number="629">that</token>
<token t_id="631" sentence="16" number="630">you</token>
<token t_id="632" sentence="16" number="631">must</token>
<token t_id="633" sentence="16" number="632">allow</token>
<token t_id="634" sentence="16" number="633">me</token>
<token t_id="635" sentence="16" number="634">to</token>
<token t_id="636" sentence="16" number="635">repeat</token>
<token t_id="637" sentence="16" number="636">it</token>
<token t_id="638" sentence="16" number="637">,</token>
<token t_id="639" sentence="16" number="638">because</token>
<token t_id="640" sentence="16" number="639">it</token>
<token t_id="641" sentence="16" number="640">reveals</token>
<token t_id="642" sentence="16" number="641">once</token>
<token t_id="643" sentence="16" number="642">more</token>
<token t_id="644" sentence="16" number="643">the</token>
<token t_id="645" sentence="16" number="644">truth</token>
<token t_id="646" sentence="16" number="645">of</token>
<token t_id="647" sentence="16" number="646">the</token>
<token t_id="648" sentence="16" number="647">Scriptures</token>
<token t_id="649" sentence="16" number="648">-</token>
<token t_id="650" sentence="16" number="649">that</token>
<token t_id="651" sentence="16" number="650">a</token>
<token t_id="652" sentence="16" number="651">prophet</token>
<token t_id="653" sentence="16" number="652">is</token>
<token t_id="654" sentence="16" number="653">not</token>
<token t_id="655" sentence="16" number="654">without</token>
<token t_id="656" sentence="16" number="655">honor</token>
<token t_id="657" sentence="16" number="656">save</token>
<token t_id="658" sentence="16" number="657">in</token>
<token t_id="659" sentence="16" number="658">his</token>
<token t_id="660" sentence="16" number="659">own</token>
<token t_id="661" sentence="16" number="660">country</token>
<token t_id="662" sentence="16" number="661">.</token>
<token t_id="663" sentence="17" number="662">Propertius</token>
<token t_id="664" sentence="17" number="663">would</token>
<token t_id="665" sentence="17" number="664">not</token>
<token t_id="666" sentence="17" number="665">have</token>
<token t_id="667" sentence="17" number="666">been</token>
<token t_id="668" sentence="17" number="667">forced</token>
<token t_id="669" sentence="17" number="668">to</token>
<token t_id="670" sentence="17" number="669">sing</token>
<token t_id="671" sentence="17" number="670">his</token>
<token t_id="672" sentence="17" number="671">own</token>
<token t_id="673" sentence="17" number="672">praises</token>
<token t_id="674" sentence="17" number="673">if</token>
<token t_id="675" sentence="17" number="674">his</token>
<token t_id="676" sentence="17" number="675">contemporaries</token>
<token t_id="677" sentence="17" number="676">had</token>
<token t_id="678" sentence="17" number="677">sung</token>
<token t_id="679" sentence="17" number="678">them</token>
<token t_id="680" sentence="17" number="679">in</token>
<token t_id="681" sentence="17" number="680">the</token>
<token t_id="682" sentence="17" number="681">right</token>
<token t_id="683" sentence="17" number="682">key</token>
<token t_id="684" sentence="17" number="683">.</token>
<token t_id="685" sentence="18" number="684">The</token>
<token t_id="686" sentence="18" number="685">little</token>
<token t_id="687" sentence="18" number="686">inn</token>
<token t_id="688" sentence="18" number="687">at</token>
<token t_id="689" sentence="18" number="688">which</token>
<token t_id="690" sentence="18" number="689">we</token>
<token t_id="691" sentence="18" number="690">are</token>
<token t_id="692" sentence="18" number="691">stopping</token>
<token t_id="693" sentence="18" number="692">,</token>
<token t_id="694" sentence="18" number="693">with</token>
<token t_id="695" sentence="18" number="694">its</token>
<token t_id="696" sentence="18" number="695">bare</token>
<token t_id="697" sentence="18" number="696">,</token>
<token t_id="698" sentence="18" number="697">stone</token>
<token t_id="699" sentence="18" number="698">floors</token>
<token t_id="700" sentence="18" number="699">and</token>
<token t_id="701" sentence="18" number="700">whitewashed</token>
<token t_id="702" sentence="18" number="701">walls</token>
<token t_id="703" sentence="18" number="702">,</token>
<token t_id="704" sentence="18" number="703">is</token>
<token t_id="705" sentence="18" number="704">quite</token>
<token t_id="706" sentence="18" number="705">primitive</token>
<token t_id="707" sentence="18" number="706">enough</token>
<token t_id="708" sentence="18" number="707">to</token>
<token t_id="709" sentence="18" number="708">have</token>
<token t_id="710" sentence="18" number="709">suited</token>
<token t_id="711" sentence="18" number="710">St.</token>
<token t_id="712" sentence="18" number="711">Francis</token>
<token t_id="713" sentence="18" number="712">and</token>
<token t_id="714" sentence="18" number="713">his</token>
<token t_id="715" sentence="18" number="714">brothers</token>
<token t_id="716" sentence="18" number="715">.</token>
<token t_id="717" sentence="19" number="716">We</token>
<token t_id="718" sentence="19" number="717">are</token>
<token t_id="719" sentence="19" number="718">told</token>
<token t_id="720" sentence="19" number="719">that</token>
<token t_id="721" sentence="19" number="720">there</token>
<token t_id="722" sentence="19" number="721">is</token>
<token t_id="723" sentence="19" number="722">another</token>
<token t_id="724" sentence="19" number="723">and</token>
<token t_id="725" sentence="19" number="724">larger</token>
<token t_id="726" sentence="19" number="725">hotel</token>
<token t_id="727" sentence="19" number="726">,</token>
<token t_id="728" sentence="19" number="727">which</token>
<token t_id="729" sentence="19" number="728">is</token>
<token t_id="730" sentence="19" number="729">more</token>
<token t_id="731" sentence="19" number="730">modern</token>
<token t_id="732" sentence="19" number="731">in</token>
<token t_id="733" sentence="19" number="732">its</token>
<token t_id="734" sentence="19" number="733">appointments</token>
<token t_id="735" sentence="19" number="734">.</token>
<token t_id="736" sentence="20" number="735">"</token>
<token t_id="737" sentence="20" number="736">The</token>
<token t_id="738" sentence="20" number="737">idea</token>
<token t_id="739" sentence="20" number="738">of</token>
<token t_id="740" sentence="20" number="739">caring</token>
<token t_id="741" sentence="20" number="740">for</token>
<token t_id="742" sentence="20" number="741">a</token>
<token t_id="743" sentence="20" number="742">modern</token>
<token t_id="744" sentence="20" number="743">hotel</token>
<token t_id="745" sentence="20" number="744">or</token>
<token t_id="746" sentence="20" number="745">anything</token>
<token t_id="747" sentence="20" number="746">modern</token>
<token t_id="748" sentence="20" number="747">in</token>
<token t_id="749" sentence="20" number="748">Assisi</token>
<token t_id="750" sentence="20" number="749">!</token>
<token t_id="751" sentence="20" number="750">"</token>
<token t_id="752" sentence="21" number="751">exclaimed</token>
<token t_id="753" sentence="21" number="752">Zelphine</token>
<token t_id="754" sentence="21" number="753">,</token>
<token t_id="755" sentence="21" number="754">walking</token>
<token t_id="756" sentence="21" number="755">with</token>
<token t_id="757" sentence="21" number="756">me</token>
<token t_id="758" sentence="21" number="757">toward</token>
<token t_id="759" sentence="21" number="758">the</token>
<token t_id="760" sentence="21" number="759">window</token>
<token t_id="761" sentence="21" number="760">of</token>
<token t_id="762" sentence="21" number="761">one</token>
<token t_id="763" sentence="21" number="762">of</token>
<token t_id="764" sentence="21" number="763">the</token>
<token t_id="765" sentence="21" number="764">rooms</token>
<token t_id="766" sentence="21" number="765">offered</token>
<token t_id="767" sentence="21" number="766">us</token>
<token t_id="768" sentence="21" number="767">.</token>
<token t_id="769" sentence="22" number="768">A</token>
<token t_id="770" sentence="22" number="769">single</token>
<token t_id="771" sentence="22" number="770">glance</token>
<token t_id="772" sentence="22" number="771">out</token>
<token t_id="773" sentence="22" number="772">of</token>
<token t_id="774" sentence="22" number="773">that</token>
<token t_id="775" sentence="22" number="774">window</token>
<token t_id="776" sentence="22" number="775">decided</token>
<token t_id="777" sentence="22" number="776">us</token>
<token t_id="778" sentence="22" number="777">to</token>
<token t_id="779" sentence="22" number="778">stay</token>
<token t_id="780" sentence="22" number="779">.</token>
<token t_id="781" sentence="23" number="780">The</token>
<token t_id="782" sentence="23" number="781">Albergo</token>
<token t_id="783" sentence="23" number="782">Giotto</token>
<token t_id="784" sentence="23" number="783">is</token>
<token t_id="785" sentence="23" number="784">built</token>
<token t_id="786" sentence="23" number="785">on</token>
<token t_id="787" sentence="23" number="786">a</token>
<token t_id="788" sentence="23" number="787">cliff</token>
<token t_id="789" sentence="23" number="788">,</token>
<token t_id="790" sentence="23" number="789">and</token>
<token t_id="791" sentence="23" number="790">literally</token>
<token t_id="792" sentence="23" number="791">overhangs</token>
<token t_id="793" sentence="23" number="792">the</token>
<token t_id="794" sentence="23" number="793">valley</token>
<token t_id="795" sentence="23" number="794">.</token>
<token t_id="796" sentence="24" number="795">From</token>
<token t_id="797" sentence="24" number="796">our</token>
<token t_id="798" sentence="24" number="797">windows</token>
<token t_id="799" sentence="24" number="798">we</token>
<token t_id="800" sentence="24" number="799">look</token>
<token t_id="801" sentence="24" number="800">out</token>
<token t_id="802" sentence="24" number="801">upon</token>
<token t_id="803" sentence="24" number="802">green</token>
<token t_id="804" sentence="24" number="803">slopes</token>
<token t_id="805" sentence="24" number="804">billowing</token>
<token t_id="806" sentence="24" number="805">beneath</token>
<token t_id="807" sentence="24" number="806">us</token>
<token t_id="808" sentence="24" number="807">until</token>
<token t_id="809" sentence="24" number="808">they</token>
<token t_id="810" sentence="24" number="809">break</token>
<token t_id="811" sentence="24" number="810">away</token>
<token t_id="812" sentence="24" number="811">into</token>
<token t_id="813" sentence="24" number="812">the</token>
<token t_id="814" sentence="24" number="813">long</token>
<token t_id="815" sentence="24" number="814">reaches</token>
<token t_id="816" sentence="24" number="815">of</token>
<token t_id="817" sentence="24" number="816">the</token>
<token t_id="818" sentence="24" number="817">plain</token>
<token t_id="819" sentence="24" number="818">,</token>
<token t_id="820" sentence="24" number="819">where</token>
<token t_id="821" sentence="24" number="820">the</token>
<token t_id="822" sentence="24" number="821">dome</token>
<token t_id="823" sentence="24" number="822">of</token>
<token t_id="824" sentence="24" number="823">St.</token>
<token t_id="825" sentence="24" number="824">Mary</token>
<token t_id="826" sentence="24" number="825">of</token>
<token t_id="827" sentence="24" number="826">the</token>
<token t_id="828" sentence="24" number="827">Angels</token>
<token t_id="829" sentence="24" number="828">stands</token>
<token t_id="830" sentence="24" number="829">out</token>
<token t_id="831" sentence="24" number="830">against</token>
<token t_id="832" sentence="24" number="831">the</token>
<token t_id="833" sentence="24" number="832">sky</token>
<token t_id="834" sentence="24" number="833">.</token>


<Markables>
<EVENT_MENTION m_id="33" factuality="" modality="" pred="" pos="" aspect="" certainty="" comment="" class="COMMUNICATION" tense="" polarity=""  >
<token_anchor t_id="329"/>
</EVENT_MENTION>
<EVENT_MENTION m_id="65" factuality="" modality="" pred="" pos="" aspect="" certainty="" comment="" class="EXISTENCE-CAUSATION" tense="" polarity=""  >
<token_anchor t_id="595"/>
</EVENT_MENTION>
<EVENT_MENTION m_id="1" factuality="" modality="" pred="" pos="" aspect="" certainty="" comment="" class="PHYSICAL SENSATIONS" tense="" polarity=""  >
<token_anchor t_id="12"/>
</EVENT_MENTION>
<EVENT_MENTION m_id="34" factuality="" modality="" pred="" pos="" aspect="" certainty="" comment="" class="LIFE-HEALTH" tense="" polarity=""  >
<token_anchor t_id="337"/>
</EVENT_MENTION>
<EVENT_MENTION m_id="66" factuality="" modality="" pred="" pos="" aspect="" certainty="" comment="" class="SPACE-MOVEMENT" tense="" polarity=""  >
<token_anchor t_id="601"/>
</EVENT_MENTION>
<EVENT_MENTION m_id="2" factuality="" modality="" pred="" pos="" aspect="" certainty="" comment="" class="MATTER" tense="" polarity=""  >
<token_anchor t_id="30"/>
</EVENT_MENTION>
<EVENT_MENTION m_id="35" factuality="" modality="" pred="" pos="" aspect="" certainty="" comment="" class="FAITH" tense="" polarity=""  >
<token_anchor t_id="345"/>
</EVENT_MENTION>
<EVENT_MENTION m_id="67" factuality="" modality="" pred="" pos="" aspect="" certainty="" comment="" class="MENTAL" tense="" polarity=""  >
<token_anchor t_id="614"/>
<token_anchor t_id="615"/>
<token_anchor t_id="616"/>
</EVENT_MENTION>
<EVENT_MENTION m_id="3" factuality="" modality="" pred="" pos="" aspect="" certainty="" comment="" class="PHYSICAL SENSATIONS" tense="" polarity=""  >
<token_anchor t_id="38"/>
</EVENT_MENTION>
<EVENT_MENTION m_id="36" factuality="" modality="" pred="" pos="" aspect="" certainty="" comment="" class="AUTHORITY-LAW" tense="" polarity=""  >
<token_anchor t_id="360"/>
</EVENT_MENTION>
<EVENT_MENTION m_id="68" factuality="" modality="" pred="" pos="" aspect="" certainty="" comment="" class="MATTER" tense="" polarity=""  >
<token_anchor t_id="625"/>
<token_anchor t_id="626"/>
<token_anchor t_id="627"/>
</EVENT_MENTION>
<EVENT_MENTION m_id="4" factuality="" modality="" pred="" pos="" aspect="" certainty="" comment="" class="CLOTHES" tense="" polarity=""  >
<token_anchor t_id="50"/>
</EVENT_MENTION>
<EVENT_MENTION m_id="37" factuality="" modality="" pred="" pos="" aspect="" certainty="" comment="" class="EMOTIONS-EVALUATIONS" tense="" polarity=""  >
<token_anchor t_id="374"/>
</EVENT_MENTION>
<EVENT_MENTION m_id="69" factuality="" modality="" pred="" pos="" aspect="" certainty="" comment="" class="MENTAL" tense="" polarity=""  >
<token_anchor t_id="633"/>
</EVENT_MENTION>
<EVENT_MENTION m_id="5" factuality="" modality="" pred="" pos="" aspect="" certainty="" comment="" class="EXISTENCE-CAUSATION" tense="" polarity=""  >
<token_anchor t_id="66"/>
</EVENT_MENTION>
<EVENT_MENTION m_id="38" factuality="" modality="" pred="" pos="" aspect="" certainty="" comment="" class="GENERAL" tense="" polarity=""  >
<token_anchor t_id="372"/>
</EVENT_MENTION>
<EVENT_MENTION m_id="70" factuality="" modality="" pred="" pos="" aspect="" certainty="" comment="" class="COMMUNICATION" tense="" polarity=""  >
<token_anchor t_id="636"/>
</EVENT_MENTION>
<EVENT_MENTION m_id="6" factuality="" modality="" pred="" pos="" aspect="" certainty="" comment="" class="COMMUNICATION" tense="" polarity=""  >
<token_anchor t_id="85"/>
<token_anchor t_id="87"/>
</EVENT_MENTION>
<EVENT_MENTION m_id="39" factuality="" modality="" pred="" pos="" aspect="" certainty="" comment="" class="EXISTENCE-CAUSATION" tense="" polarity=""  >
<token_anchor t_id="369"/>
</EVENT_MENTION>
<EVENT_MENTION m_id="71" factuality="" modality="" pred="" pos="" aspect="" certainty="" comment="" class="MENTAL" tense="" polarity=""  >
<token_anchor t_id="641"/>
</EVENT_MENTION>
<EVENT_MENTION m_id="7" factuality="" modality="" pred="" pos="" aspect="" certainty="" comment="" class="FAITH" tense="" polarity=""  >
<token_anchor t_id="90"/>
</EVENT_MENTION>
<EVENT_MENTION m_id="40" factuality="" modality="" pred="" pos="" aspect="" certainty="" comment="" class="SPACE-MOVEMENT" tense="" polarity=""  >
<token_anchor t_id="377"/>
</EVENT_MENTION>
<EVENT_MENTION m_id="72" factuality="" modality="" pred="" pos="" aspect="" certainty="" comment="" class="MENTAL" tense="" polarity=""  >
<token_anchor t_id="668"/>
</EVENT_MENTION>
<EVENT_MENTION m_id="8" factuality="" modality="" pred="" pos="" aspect="" certainty="" comment="" class="POSSESSION" tense="" polarity=""  >
<token_anchor t_id="101"/>
</EVENT_MENTION>
<EVENT_MENTION m_id="41" factuality="" modality="" pred="" pos="" aspect="" certainty="" comment="" class="GENERAL" tense="" polarity=""  >
<token_anchor t_id="381"/>
</EVENT_MENTION>
<EVENT_MENTION m_id="73" factuality="" modality="" pred="" pos="" aspect="" certainty="" comment="" class="ENTERTAINMENT-ART" tense="" polarity=""  >
<token_anchor t_id="670"/>
</EVENT_MENTION>
<EVENT_MENTION m_id="9" factuality="" modality="" pred="" pos="" aspect="" certainty="" comment="" class="FAITH" tense="" polarity=""  >
<token_anchor t_id="99"/>
</EVENT_MENTION>
<EVENT_MENTION m_id="42" factuality="" modality="" pred="" pos="" aspect="" certainty="" comment="" class="LIFE-HEALTH" tense="" polarity=""  >
<token_anchor t_id="383"/>
</EVENT_MENTION>
<EVENT_MENTION m_id="74" factuality="" modality="" pred="" pos="" aspect="" certainty="" comment="" class="ENTERTAINMENT-ART" tense="" polarity=""  >
<token_anchor t_id="678"/>
</EVENT_MENTION>
<EVENT_MENTION m_id="10" factuality="" modality="" pred="" pos="" aspect="" certainty="" comment="" class="EXISTENCE-CAUSATION" tense="" polarity=""  >
<token_anchor t_id="119"/>
</EVENT_MENTION>
<EVENT_MENTION m_id="43" factuality="" modality="" pred="" pos="" aspect="" certainty="" comment="" class="COMMUNICATION" tense="" polarity=""  >
<token_anchor t_id="387"/>
</EVENT_MENTION>
<EVENT_MENTION m_id="75" factuality="" modality="" pred="" pos="" aspect="" certainty="" comment="" class="SPACE-MOVEMENT" tense="" polarity=""  >
<token_anchor t_id="692"/>
</EVENT_MENTION>
<EVENT_MENTION m_id="11" factuality="" modality="" pred="" pos="" aspect="" certainty="" comment="" class="EXISTENCE-CAUSATION" tense="" polarity=""  >
<token_anchor t_id="123"/>
</EVENT_MENTION>
<EVENT_MENTION m_id="44" factuality="" modality="" pred="" pos="" aspect="" certainty="" comment="" class="MENTAL" tense="" polarity=""  >
<token_anchor t_id="396"/>
</EVENT_MENTION>
<EVENT_MENTION m_id="76" factuality="" modality="" pred="" pos="" aspect="" certainty="" comment="" class="EMOTIONS-EVALUATIONS" tense="" polarity=""  >
<token_anchor t_id="704"/>
<token_anchor t_id="705"/>
<token_anchor t_id="706"/>
</EVENT_MENTION>
<EVENT_MENTION m_id="12" factuality="" modality="" pred="" pos="" aspect="" certainty="" comment="" class="SPACE-MOVEMENT" tense="" polarity=""  >
<token_anchor t_id="133"/>
</EVENT_MENTION>
<EVENT_MENTION m_id="45" factuality="" modality="" pred="" pos="" aspect="" certainty="" comment="" class="COMMUNICATION" tense="" polarity=""  >
<token_anchor t_id="413"/>
</EVENT_MENTION>
<EVENT_MENTION m_id="77" factuality="" modality="" pred="" pos="" aspect="" certainty="" comment="" class="GENERAL" tense="" polarity=""  >
<token_anchor t_id="710"/>
</EVENT_MENTION>
<EVENT_MENTION m_id="13" factuality="" modality="" pred="" pos="" aspect="" certainty="" comment="" class="SPACE-MOVEMENT" tense="" polarity=""  >
<token_anchor t_id="170"/>
<token_anchor t_id="171"/>
</EVENT_MENTION>
<EVENT_MENTION m_id="46" factuality="" modality="" pred="" pos="" aspect="" certainty="" comment="" class="GENERAL" tense="" polarity=""  >
<token_anchor t_id="423"/>
</EVENT_MENTION>
<EVENT_MENTION m_id="78" factuality="" modality="" pred="" pos="" aspect="" certainty="" comment="" class="COMMUNICATION" tense="" polarity=""  >
<token_anchor t_id="719"/>
</EVENT_MENTION>
<EVENT_MENTION m_id="14" factuality="" modality="" pred="" pos="" aspect="" certainty="" comment="" class="ENTERTAINMENT-ART" tense="" polarity=""  >
<token_anchor t_id="153"/>
<token_anchor t_id="154"/>
<token_anchor t_id="155"/>
<token_anchor t_id="156"/>
</EVENT_MENTION>
<EVENT_MENTION m_id="47" factuality="" modality="" pred="" pos="" aspect="" certainty="" comment="" class="SPACE-MOVEMENT" tense="" polarity=""  >
<token_anchor t_id="429"/>
</EVENT_MENTION>
<EVENT_MENTION m_id="79" factuality="" modality="" pred="" pos="" aspect="" certainty="" comment="" class="TIME" tense="" polarity=""  >
<token_anchor t_id="729"/>
<token_anchor t_id="730"/>
<token_anchor t_id="731"/>
</EVENT_MENTION>
<EVENT_MENTION m_id="15" factuality="" modality="" pred="" pos="" aspect="" certainty="" comment="" class="SPACE-MOVEMENT" tense="" polarity=""  >
<token_anchor t_id="179"/>
</EVENT_MENTION>
<EVENT_MENTION m_id="48" factuality="" modality="" pred="" pos="" aspect="" certainty="" comment="" class="TIME" tense="" polarity=""  >
<token_anchor t_id="435"/>
<token_anchor t_id="436"/>
<token_anchor t_id="437"/>
</EVENT_MENTION>
<EVENT_MENTION m_id="80" factuality="" modality="" pred="" pos="" aspect="" certainty="" comment="" class="MENTAL" tense="" polarity=""  >
<token_anchor t_id="740"/>
</EVENT_MENTION>
<EVENT_MENTION m_id="16" factuality="" modality="" pred="" pos="" aspect="" certainty="" comment="" class="SPACE-MOVEMENT" tense="" polarity=""  >
<token_anchor t_id="184"/>
</EVENT_MENTION>
<EVENT_MENTION m_id="49" factuality="" modality="" pred="" pos="" aspect="" certainty="" comment="" class="SPACE-MOVEMENT" tense="" polarity=""  >
<token_anchor t_id="443"/>
</EVENT_MENTION>
<EVENT_MENTION m_id="81" factuality="" modality="" pred="" pos="" aspect="" certainty="" comment="" class="COMMUNICATION" tense="" polarity=""  >
<token_anchor t_id="752"/>
</EVENT_MENTION>
<EVENT_MENTION m_id="17" factuality="" modality="" pred="" pos="" aspect="" certainty="" comment="" class="SPACE-MOVEMENT" tense="" polarity=""  >
<token_anchor t_id="214"/>
</EVENT_MENTION>
<EVENT_MENTION m_id="50" factuality="" modality="" pred="" pos="" aspect="" certainty="" comment="" class="EMOTIONS-EVALUATIONS" tense="" polarity=""  >
<token_anchor t_id="463"/>
</EVENT_MENTION>
<EVENT_MENTION m_id="82" factuality="" modality="" pred="" pos="" aspect="" certainty="" comment="" class="SPACE-MOVEMENT" tense="" polarity=""  >
<token_anchor t_id="755"/>
</EVENT_MENTION>
<EVENT_MENTION m_id="18" factuality="" modality="" pred="" pos="" aspect="" certainty="" comment="" class="PHYSICAL SENSATIONS" tense="" polarity=""  >
<token_anchor t_id="225"/>
</EVENT_MENTION>
<EVENT_MENTION m_id="51" factuality="" modality="" pred="" pos="" aspect="" certainty="" comment="" class="SPACE-MOVEMENT" tense="" polarity=""  >
<token_anchor t_id="474"/>
</EVENT_MENTION>
<EVENT_MENTION m_id="83" factuality="" modality="" pred="" pos="" aspect="" certainty="" comment="" class="TRADE-WORK" tense="" polarity=""  >
<token_anchor t_id="766"/>
</EVENT_MENTION>
<EVENT_MENTION m_id="19" factuality="" modality="" pred="" pos="" aspect="" certainty="" comment="" class="SPACE-MOVEMENT" tense="" polarity=""  >
<token_anchor t_id="228"/>
<token_anchor t_id="229"/>
</EVENT_MENTION>
<EVENT_MENTION m_id="20" factuality="" modality="" pred="" pos="" aspect="" certainty="" comment="" class="SPACE-MOVEMENT" tense="" polarity=""  >
<token_anchor t_id="243"/>
</EVENT_MENTION>
<EVENT_MENTION m_id="52" factuality="" modality="" pred="" pos="" aspect="" certainty="" comment="" class="SOCIAL" tense="" polarity=""  >
<token_anchor t_id="452"/>
</EVENT_MENTION>
<EVENT_MENTION m_id="84" factuality="" modality="" pred="" pos="" aspect="" certainty="" comment="" class="MENTAL" tense="" polarity=""  >
<token_anchor t_id="776"/>
</EVENT_MENTION>
<EVENT_MENTION m_id="21" factuality="" modality="" pred="" pos="" aspect="" certainty="" comment="" class="MENTAL" tense="" polarity=""  >
<token_anchor t_id="253"/>
</EVENT_MENTION>
<EVENT_MENTION m_id="53" factuality="" modality="" pred="" pos="" aspect="" certainty="" comment="" class="MENTAL" tense="" polarity=""  >
<token_anchor t_id="477"/>
</EVENT_MENTION>
<EVENT_MENTION m_id="85" factuality="" modality="" pred="" pos="" aspect="" certainty="" comment="" class="SPACE-MOVEMENT" tense="" polarity=""  >
<token_anchor t_id="779"/>
</EVENT_MENTION>
<EVENT_MENTION m_id="22" factuality="" modality="" pred="" pos="" aspect="" certainty="" comment="" class="SPACE-MOVEMENT" tense="" polarity=""  >
<token_anchor t_id="257"/>
</EVENT_MENTION>
<EVENT_MENTION m_id="54" factuality="" modality="" pred="" pos="" aspect="" certainty="" comment="" class="EMOTIONS-EVALUATIONS" tense="" polarity=""  >
<token_anchor t_id="493"/>
</EVENT_MENTION>
<EVENT_MENTION m_id="86" factuality="" modality="" pred="" pos="" aspect="" certainty="" comment="" class="PHYSICAL SENSATIONS" tense="" polarity=""  >
<token_anchor t_id="771"/>
</EVENT_MENTION>
<EVENT_MENTION m_id="23" factuality="" modality="" pred="" pos="" aspect="" certainty="" comment="" class="SPACE-MOVEMENT" tense="" polarity=""  >
<token_anchor t_id="267"/>
</EVENT_MENTION>
<EVENT_MENTION m_id="55" factuality="" modality="" pred="" pos="" aspect="" certainty="" comment="" class="COMMUNICATION" tense="" polarity=""  >
<token_anchor t_id="499"/>
</EVENT_MENTION>
<EVENT_MENTION m_id="87" factuality="" modality="" pred="" pos="" aspect="" certainty="" comment="" class="EXISTENCE-CAUSATION" tense="" polarity=""  >
<token_anchor t_id="785"/>
</EVENT_MENTION>
<EVENT_MENTION m_id="24" factuality="" modality="" pred="" pos="" aspect="" certainty="" comment="" class="POSSESSION" tense="" polarity=""  >
<token_anchor t_id="279"/>
</EVENT_MENTION>
<EVENT_MENTION m_id="56" factuality="" modality="" pred="" pos="" aspect="" certainty="" comment="" class="LIFE-HEALTH" tense="" polarity=""  >
<token_anchor t_id="512"/>
<token_anchor t_id="513"/>
<token_anchor t_id="514"/>
</EVENT_MENTION>
<EVENT_MENTION m_id="88" factuality="" modality="" pred="" pos="" aspect="" certainty="" comment="" class="SPACE-MOVEMENT" tense="" polarity=""  >
<token_anchor t_id="792"/>
</EVENT_MENTION>
<EVENT_MENTION m_id="25" factuality="" modality="" pred="" pos="" aspect="" certainty="" comment="" class="TIME" tense="" polarity=""  >
<token_anchor t_id="287"/>
<token_anchor t_id="288"/>
</EVENT_MENTION>
<EVENT_MENTION m_id="57" factuality="" modality="" pred="" pos="" aspect="" certainty="" comment="" class="MENTAL" tense="" polarity=""  >
<token_anchor t_id="523"/>
</EVENT_MENTION>
<EVENT_MENTION m_id="89" factuality="" modality="" pred="" pos="" aspect="" certainty="" comment="" class="PHYSICAL SENSATIONS" tense="" polarity=""  >
<token_anchor t_id="800"/>
</EVENT_MENTION>
<EVENT_MENTION m_id="26" factuality="" modality="" pred="" pos="" aspect="" certainty="" comment="" class="TIME" tense="" polarity=""  >
<token_anchor t_id="290"/>
</EVENT_MENTION>
<EVENT_MENTION m_id="58" factuality="" modality="" pred="" pos="" aspect="" certainty="" comment="" class="PHYSICAL SENSATIONS" tense="" polarity=""  >
<token_anchor t_id="528"/>
</EVENT_MENTION>
<EVENT_MENTION m_id="90" factuality="" modality="" pred="" pos="" aspect="" certainty="" comment="" class="SPACE-MOVEMENT" tense="" polarity=""  >
<token_anchor t_id="805"/>
</EVENT_MENTION>
<EVENT_MENTION m_id="27" factuality="" modality="" pred="" pos="" aspect="" certainty="" comment="" class="MENTAL" tense="" polarity=""  >
<token_anchor t_id="292"/>
<token_anchor t_id="293"/>
</EVENT_MENTION>
<EVENT_MENTION m_id="59" factuality="" modality="" pred="" pos="" aspect="" certainty="" comment="" class="SPACE-MOVEMENT" tense="" polarity=""  >
<token_anchor t_id="539"/>
</EVENT_MENTION>
<EVENT_MENTION m_id="91" factuality="" modality="" pred="" pos="" aspect="" certainty="" comment="" class="SPACE-MOVEMENT" tense="" polarity=""  >
<token_anchor t_id="810"/>
<token_anchor t_id="811"/>
</EVENT_MENTION>
<EVENT_MENTION m_id="28" factuality="" modality="" pred="" pos="" aspect="" certainty="" comment="" class="EMOTIONS-EVALUATIONS" tense="" polarity=""  >
<token_anchor t_id="297"/>
<token_anchor t_id="298"/>
<token_anchor t_id="299"/>
<token_anchor t_id="300"/>
</EVENT_MENTION>
<EVENT_MENTION m_id="60" factuality="" modality="" pred="" pos="" aspect="" certainty="" comment="" class="ENVIRONMENT" tense="" polarity=""  >
<token_anchor t_id="555"/>
</EVENT_MENTION>
<EVENT_MENTION m_id="92" factuality="" modality="" pred="" pos="" aspect="" certainty="" comment="" class="SPACE-MOVEMENT" tense="" polarity=""  >
<token_anchor t_id="829"/>
<token_anchor t_id="830"/>
</EVENT_MENTION>
<EVENT_MENTION m_id="29" factuality="" modality="" pred="" pos="" aspect="" certainty="" comment="" class="GENERAL" tense="" polarity=""  >
<token_anchor t_id="302"/>
</EVENT_MENTION>
<EVENT_MENTION m_id="61" factuality="" modality="" pred="" pos="" aspect="" certainty="" comment="" class="SPACE-MOVEMENT" tense="" polarity=""  >
<token_anchor t_id="569"/>
</EVENT_MENTION>
<EVENT_MENTION m_id="93" factuality="" modality="" pred="" pos="" aspect="" certainty="" comment="" class="EXISTENCE-CAUSATION" tense="" polarity=""  >
<token_anchor t_id="653"/>
</EVENT_MENTION>
<EVENT_MENTION m_id="30" factuality="" modality="" pred="" pos="" aspect="" certainty="" comment="" class="SPACE-MOVEMENT" tense="" polarity=""  >
<token_anchor t_id="307"/>
</EVENT_MENTION>
<EVENT_MENTION m_id="62" factuality="" modality="" pred="" pos="" aspect="" certainty="" comment="" class="MEASURE" tense="" polarity=""  >
<token_anchor t_id="576"/>
</EVENT_MENTION>
<EVENT_MENTION m_id="94" factuality="" modality="" pred="" pos="" aspect="" certainty="" comment="" class="EXISTENCE-CAUSATION" tense="" polarity=""  >
<token_anchor t_id="722"/>
</EVENT_MENTION>
<EVENT_MENTION m_id="31" factuality="" modality="" pred="" pos="" aspect="" certainty="" comment="" class="SPACE-MOVEMENT" tense="" polarity=""  >
<token_anchor t_id="320"/>
</EVENT_MENTION>
<EVENT_MENTION m_id="63" factuality="" modality="" pred="" pos="" aspect="" certainty="" comment="" class="EMOTIONS-EVALUATIONS" tense="" polarity=""  >
<token_anchor t_id="577"/>
</EVENT_MENTION>
<EVENT_MENTION m_id="95" factuality="" modality="" pred="" pos="" aspect="" certainty="" comment="" class="SPACE-MOVEMENT" tense="" polarity=""  >
<token_anchor t_id="182"/>
</EVENT_MENTION>
<EVENT_MENTION m_id="32" factuality="" modality="" pred="" pos="" aspect="" certainty="" comment="" class="PHYSICAL SENSATIONS" tense="" polarity=""  >
<token_anchor t_id="326"/>
</EVENT_MENTION>
<EVENT_MENTION m_id="64" factuality="" modality="" pred="" pos="" aspect="" certainty="" comment="" class="MENTAL" tense="" polarity=""  >
<token_anchor t_id="588"/>
</EVENT_MENTION>
<EVENT_MENTION m_id="96" factuality="" modality="" pred="" pos="" aspect="" certainty="" comment="" class="MATTER" tense="" polarity=""  >
<token_anchor t_id="212"/>
</EVENT_MENTION>


</Markables>

<Relations>
</Relations>
</Document>
