<Document doc_name="4)RIVIERA, February 22d....">
<token t_id="1" sentence="0" number="0">RIVIERA</token>
<token t_id="2" sentence="0" number="1">,</token>
<token t_id="3" sentence="0" number="2">February</token>
<token t_id="4" sentence="0" number="3">22d</token>
<token t_id="5" sentence="0" number="4">.</token>
<token t_id="6" sentence="1" number="5">Of</token>
<token t_id="7" sentence="1" number="6">course</token>
<token t_id="8" sentence="1" number="7">the</token>
<token t_id="9" sentence="1" number="8">sun</token>
<token t_id="10" sentence="1" number="9">was</token>
<token t_id="11" sentence="1" number="10">shining</token>
<token t_id="12" sentence="1" number="11">when</token>
<token t_id="13" sentence="1" number="12">we</token>
<token t_id="14" sentence="1" number="13">left</token>
<token t_id="15" sentence="1" number="14">Genoa</token>
<token t_id="16" sentence="1" number="15">.</token>
<token t_id="17" sentence="2" number="16">We</token>
<token t_id="18" sentence="2" number="17">were</token>
<token t_id="19" sentence="2" number="18">glad</token>
<token t_id="20" sentence="2" number="19">to</token>
<token t_id="21" sentence="2" number="20">see</token>
<token t_id="22" sentence="2" number="21">how</token>
<token t_id="23" sentence="2" number="22">fair</token>
<token t_id="24" sentence="2" number="23">La</token>
<token t_id="25" sentence="2" number="24">Superba</token>
<token t_id="26" sentence="2" number="25">could</token>
<token t_id="27" sentence="2" number="26">be</token>
<token t_id="28" sentence="2" number="27">,</token>
<token t_id="29" sentence="2" number="28">with</token>
<token t_id="30" sentence="2" number="29">her</token>
<token t_id="31" sentence="2" number="30">terraced</token>
<token t_id="32" sentence="2" number="31">gardens</token>
<token t_id="33" sentence="2" number="32">,</token>
<token t_id="34" sentence="2" number="33">many</token>
<token t_id="35" sentence="2" number="34">villas</token>
<token t_id="36" sentence="2" number="35">,</token>
<token t_id="37" sentence="2" number="36">and</token>
<token t_id="38" sentence="2" number="37">noble</token>
<token t_id="39" sentence="2" number="38">background</token>
<token t_id="40" sentence="2" number="39">of</token>
<token t_id="41" sentence="2" number="40">blue</token>
<token t_id="42" sentence="2" number="41">mountains</token>
<token t_id="43" sentence="2" number="42">.</token>
<token t_id="44" sentence="3" number="43">Indeed</token>
<token t_id="45" sentence="3" number="44">,</token>
<token t_id="46" sentence="3" number="45">I</token>
<token t_id="47" sentence="3" number="46">confess</token>
<token t_id="48" sentence="3" number="47">to</token>
<token t_id="49" sentence="3" number="48">some</token>
<token t_id="50" sentence="3" number="49">qualms</token>
<token t_id="51" sentence="3" number="50">of</token>
<token t_id="52" sentence="3" number="51">conscience</token>
<token t_id="53" sentence="3" number="52">,</token>
<token t_id="54" sentence="3" number="53">feeling</token>
<token t_id="55" sentence="3" number="54">that</token>
<token t_id="56" sentence="3" number="55">I</token>
<token t_id="57" sentence="3" number="56">may</token>
<token t_id="58" sentence="3" number="57">have</token>
<token t_id="59" sentence="3" number="58">given</token>
<token t_id="60" sentence="3" number="59">you</token>
<token t_id="61" sentence="3" number="60">a</token>
<token t_id="62" sentence="3" number="61">too</token>
<token t_id="63" sentence="3" number="62">gloomy</token>
<token t_id="64" sentence="3" number="63">picture</token>
<token t_id="65" sentence="3" number="64">of</token>
<token t_id="66" sentence="3" number="65">the</token>
<token t_id="67" sentence="3" number="66">fine</token>
<token t_id="68" sentence="3" number="67">old</token>
<token t_id="69" sentence="3" number="68">city</token>
<token t_id="70" sentence="3" number="69">;</token>
<token t_id="71" sentence="3" number="70">but</token>
<token t_id="72" sentence="3" number="71">how</token>
<token t_id="73" sentence="3" number="72">can</token>
<token t_id="74" sentence="3" number="73">one</token>
<token t_id="75" sentence="3" number="74">give</token>
<token t_id="76" sentence="3" number="75">a</token>
<token t_id="77" sentence="3" number="76">cheerful</token>
<token t_id="78" sentence="3" number="77">view</token>
<token t_id="79" sentence="3" number="78">of</token>
<token t_id="80" sentence="3" number="79">the</token>
<token t_id="81" sentence="3" number="80">attractions</token>
<token t_id="82" sentence="3" number="81">of</token>
<token t_id="83" sentence="3" number="82">a</token>
<token t_id="84" sentence="3" number="83">place</token>
<token t_id="85" sentence="3" number="84">where</token>
<token t_id="86" sentence="3" number="85">one</token>
<token t_id="87" sentence="3" number="86">'s</token>
<token t_id="88" sentence="3" number="87">gayest</token>
<token t_id="89" sentence="3" number="88">hours</token>
<token t_id="90" sentence="3" number="89">were</token>
<token t_id="91" sentence="3" number="90">spent</token>
<token t_id="92" sentence="3" number="91">in</token>
<token t_id="93" sentence="3" number="92">a</token>
<token t_id="94" sentence="3" number="93">cemetery</token>
<token t_id="95" sentence="3" number="94">?</token>
<token t_id="96" sentence="4" number="95">Our</token>
<token t_id="97" sentence="4" number="96">way</token>
<token t_id="98" sentence="4" number="97">lay</token>
<token t_id="99" sentence="4" number="98">along</token>
<token t_id="100" sentence="4" number="99">the</token>
<token t_id="101" sentence="4" number="100">sea</token>
<token t_id="102" sentence="4" number="101">by</token>
<token t_id="103" sentence="4" number="102">the</token>
<token t_id="104" sentence="4" number="103">Western</token>
<token t_id="105" sentence="4" number="104">Riviera</token>
<token t_id="106" sentence="4" number="105">,</token>
<token t_id="107" sentence="4" number="106">one</token>
<token t_id="108" sentence="4" number="107">of</token>
<token t_id="109" sentence="4" number="108">the</token>
<token t_id="110" sentence="4" number="109">garden</token>
<token t_id="111" sentence="4" number="110">spots</token>
<token t_id="112" sentence="4" number="111">of</token>
<token t_id="113" sentence="4" number="112">the</token>
<token t_id="114" sentence="4" number="113">world</token>
<token t_id="115" sentence="4" number="114">.</token>
<token t_id="116" sentence="5" number="115">The</token>
<token t_id="117" sentence="5" number="116">railroad</token>
<token t_id="118" sentence="5" number="117">winds</token>
<token t_id="119" sentence="5" number="118">in</token>
<token t_id="120" sentence="5" number="119">and</token>
<token t_id="121" sentence="5" number="120">out</token>
<token t_id="122" sentence="5" number="121">among</token>
<token t_id="123" sentence="5" number="122">the</token>
<token t_id="124" sentence="5" number="123">rocks</token>
<token t_id="125" sentence="5" number="124">,</token>
<token t_id="126" sentence="5" number="125">or</token>
<token t_id="127" sentence="5" number="126">into</token>
<token t_id="128" sentence="5" number="127">tunnels</token>
<token t_id="129" sentence="5" number="128">pierced</token>
<token t_id="130" sentence="5" number="129">through</token>
<token t_id="131" sentence="5" number="130">them</token>
<token t_id="132" sentence="5" number="131">,</token>
<token t_id="133" sentence="5" number="132">often</token>
<token t_id="134" sentence="5" number="133">running</token>
<token t_id="135" sentence="5" number="134">parallel</token>
<token t_id="136" sentence="5" number="135">with</token>
<token t_id="137" sentence="5" number="136">the</token>
<token t_id="138" sentence="5" number="137">famous</token>
<token t_id="139" sentence="5" number="138">Cornice</token>
<token t_id="140" sentence="5" number="139">Drive</token>
<token t_id="141" sentence="5" number="140">,</token>
<token t_id="142" sentence="5" number="141">which</token>
<token t_id="143" sentence="5" number="142">was</token>
<token t_id="144" sentence="5" number="143">for</token>
<token t_id="145" sentence="5" number="144">many</token>
<token t_id="146" sentence="5" number="145">years</token>
<token t_id="147" sentence="5" number="146">the</token>
<token t_id="148" sentence="5" number="147">only</token>
<token t_id="149" sentence="5" number="148">road</token>
<token t_id="150" sentence="5" number="149">from</token>
<token t_id="151" sentence="5" number="150">Genoa</token>
<token t_id="152" sentence="5" number="151">to</token>
<token t_id="153" sentence="5" number="152">Nice</token>
<token t_id="154" sentence="5" number="153">.</token>
<token t_id="155" sentence="6" number="154">The</token>
<token t_id="156" sentence="6" number="155">beauty</token>
<token t_id="157" sentence="6" number="156">of</token>
<token t_id="158" sentence="6" number="157">this</token>
<token t_id="159" sentence="6" number="158">drive</token>
<token t_id="160" sentence="6" number="159">,</token>
<token t_id="161" sentence="6" number="160">which</token>
<token t_id="162" sentence="6" number="161">lies</token>
<token t_id="163" sentence="6" number="162">sometimes</token>
<token t_id="164" sentence="6" number="163">between</token>
<token t_id="165" sentence="6" number="164">the</token>
<token t_id="166" sentence="6" number="165">railroad</token>
<token t_id="167" sentence="6" number="166">and</token>
<token t_id="168" sentence="6" number="167">the</token>
<token t_id="169" sentence="6" number="168">sea</token>
<token t_id="170" sentence="6" number="169">and</token>
<token t_id="171" sentence="6" number="170">again</token>
<token t_id="172" sentence="6" number="171">ascends</token>
<token t_id="173" sentence="6" number="172">the</token>
<token t_id="174" sentence="6" number="173">rocky</token>
<token t_id="175" sentence="6" number="174">heights</token>
<token t_id="176" sentence="6" number="175">beyond</token>
<token t_id="177" sentence="6" number="176">,</token>
<token t_id="178" sentence="6" number="177">made</token>
<token t_id="179" sentence="6" number="178">us</token>
<token t_id="180" sentence="6" number="179">wish</token>
<token t_id="181" sentence="6" number="180">that</token>
<token t_id="182" sentence="6" number="181">railroads</token>
<token t_id="183" sentence="6" number="182">had</token>
<token t_id="184" sentence="6" number="183">never</token>
<token t_id="185" sentence="6" number="184">been</token>
<token t_id="186" sentence="6" number="185">invented</token>
<token t_id="187" sentence="6" number="186">.</token>
<token t_id="188" sentence="7" number="187">A</token>
<token t_id="189" sentence="7" number="188">coach</token>
<token t_id="190" sentence="7" number="189">and</token>
<token t_id="191" sentence="7" number="190">four</token>
<token t_id="192" sentence="7" number="191">,</token>
<token t_id="193" sentence="7" number="192">a</token>
<token t_id="194" sentence="7" number="193">Cinderella</token>
<token t_id="195" sentence="7" number="194">coach</token>
<token t_id="196" sentence="7" number="195">,</token>
<token t_id="197" sentence="7" number="196">would</token>
<token t_id="198" sentence="7" number="197">be</token>
<token t_id="199" sentence="7" number="198">the</token>
<token t_id="200" sentence="7" number="199">only</token>
<token t_id="201" sentence="7" number="200">suitable</token>
<token t_id="202" sentence="7" number="201">equipage</token>
<token t_id="203" sentence="7" number="202">in</token>
<token t_id="204" sentence="7" number="203">which</token>
<token t_id="205" sentence="7" number="204">to</token>
<token t_id="206" sentence="7" number="205">make</token>
<token t_id="207" sentence="7" number="206">this</token>
<token t_id="208" sentence="7" number="207">journey</token>
<token t_id="209" sentence="7" number="208">into</token>
<token t_id="210" sentence="7" number="209">fairyland</token>
<token t_id="211" sentence="7" number="210">.</token>
<token t_id="212" sentence="8" number="211">"</token>
<token t_id="213" sentence="8" number="212">Why</token>
<token t_id="214" sentence="8" number="213">did</token>
<token t_id="215" sentence="8" number="214">we</token>
<token t_id="216" sentence="8" number="215">not</token>
<token t_id="217" sentence="8" number="216">drive</token>
<token t_id="218" sentence="8" number="217">?</token>
<token t_id="219" sentence="8" number="218">"</token>
<token t_id="220" sentence="9" number="219">I</token>
<token t_id="221" sentence="9" number="220">hear</token>
<token t_id="222" sentence="9" number="221">you</token>
<token t_id="223" sentence="9" number="222">ask</token>
<token t_id="224" sentence="9" number="223">,</token>
<token t_id="225" sentence="9" number="224">and</token>
<token t_id="226" sentence="9" number="225">you</token>
<token t_id="227" sentence="9" number="226">may</token>
<token t_id="228" sentence="9" number="227">well</token>
<token t_id="229" sentence="9" number="228">ask</token>
<token t_id="230" sentence="9" number="229">.</token>
<token t_id="231" sentence="10" number="230">Because</token>
<token t_id="232" sentence="10" number="231">the</token>
<token t_id="233" sentence="10" number="232">railroad</token>
<token t_id="234" sentence="10" number="233">,</token>
<token t_id="235" sentence="10" number="234">dashing</token>
<token t_id="236" sentence="10" number="235">in</token>
<token t_id="237" sentence="10" number="236">and</token>
<token t_id="238" sentence="10" number="237">out</token>
<token t_id="239" sentence="10" number="238">of</token>
<token t_id="240" sentence="10" number="239">tunnels</token>
<token t_id="241" sentence="10" number="240">,</token>
<token t_id="242" sentence="10" number="241">often</token>
<token t_id="243" sentence="10" number="242">crosses</token>
<token t_id="244" sentence="10" number="243">the</token>
<token t_id="245" sentence="10" number="244">drive</token>
<token t_id="246" sentence="10" number="245">most</token>
<token t_id="247" sentence="10" number="246">unexpectedly</token>
<token t_id="248" sentence="10" number="247">and</token>
<token t_id="249" sentence="10" number="248">on</token>
<token t_id="250" sentence="10" number="249">the</token>
<token t_id="251" sentence="10" number="250">grade</token>
<token t_id="252" sentence="10" number="251">.</token>
<token t_id="253" sentence="11" number="252">Even</token>
<token t_id="254" sentence="11" number="253">Zelphine</token>
<token t_id="255" sentence="11" number="254">,</token>
<token t_id="256" sentence="11" number="255">much</token>
<token t_id="257" sentence="11" number="256">as</token>
<token t_id="258" sentence="11" number="257">she</token>
<token t_id="259" sentence="11" number="258">wished</token>
<token t_id="260" sentence="11" number="259">to</token>
<token t_id="261" sentence="11" number="260">drive</token>
<token t_id="262" sentence="11" number="261">over</token>
<token t_id="263" sentence="11" number="262">the</token>
<token t_id="264" sentence="11" number="263">self-same</token>
<token t_id="265" sentence="11" number="264">road</token>
<token t_id="266" sentence="11" number="265">taken</token>
<token t_id="267" sentence="11" number="266">by</token>
<token t_id="268" sentence="11" number="267">her</token>
<token t_id="269" sentence="11" number="268">dear</token>
<token t_id="270" sentence="11" number="269">Lucy</token>
<token t_id="271" sentence="11" number="270">in</token>
<token t_id="272" sentence="11" number="271">"</token>
<token t_id="273" sentence="11" number="272">Doctor</token>
<token t_id="274" sentence="11" number="273">Antonio</token>
<token t_id="275" sentence="11" number="274">,</token>
<token t_id="276" sentence="11" number="275">"</token>
<token t_id="277" sentence="11" number="276">hesitated</token>
<token t_id="278" sentence="11" number="277">about</token>
<token t_id="279" sentence="11" number="278">imperilling</token>
<token t_id="280" sentence="11" number="279">her</token>
<token t_id="281" sentence="11" number="280">neck</token>
<token t_id="282" sentence="11" number="281">,</token>
<token t_id="283" sentence="11" number="282">and</token>
<token t_id="284" sentence="11" number="283">I</token>
<token t_id="285" sentence="11" number="284">was</token>
<token t_id="286" sentence="11" number="285">quite</token>
<token t_id="287" sentence="11" number="286">resolute</token>
<token t_id="288" sentence="11" number="287">upon</token>
<token t_id="289" sentence="11" number="288">this</token>
<token t_id="290" sentence="11" number="289">point</token>
<token t_id="291" sentence="11" number="290">.</token>
<token t_id="292" sentence="12" number="291">And</token>
<token t_id="293" sentence="12" number="292">if</token>
<token t_id="294" sentence="12" number="293">Zelphine</token>
<token t_id="295" sentence="12" number="294">and</token>
<token t_id="296" sentence="12" number="295">I</token>
<token t_id="297" sentence="12" number="296">were</token>
<token t_id="298" sentence="12" number="297">so</token>
<token t_id="299" sentence="12" number="298">reckless</token>
<token t_id="300" sentence="12" number="299">as</token>
<token t_id="301" sentence="12" number="300">to</token>
<token t_id="302" sentence="12" number="301">be</token>
<token t_id="303" sentence="12" number="302">willing</token>
<token t_id="304" sentence="12" number="303">to</token>
<token t_id="305" sentence="12" number="304">risk</token>
<token t_id="306" sentence="12" number="305">our</token>
<token t_id="307" sentence="12" number="306">own</token>
<token t_id="308" sentence="12" number="307">lives</token>
<token t_id="309" sentence="12" number="308">,</token>
<token t_id="310" sentence="12" number="309">have</token>
<token t_id="311" sentence="12" number="310">we</token>
<token t_id="312" sentence="12" number="311">not</token>
<token t_id="313" sentence="12" number="312">under</token>
<token t_id="314" sentence="12" number="313">our</token>
<token t_id="315" sentence="12" number="314">care</token>
<token t_id="316" sentence="12" number="315">the</token>
<token t_id="317" sentence="12" number="316">only</token>
<token t_id="318" sentence="12" number="317">and</token>
<token t_id="319" sentence="12" number="318">well-beloved</token>
<token t_id="320" sentence="12" number="319">daughter</token>
<token t_id="321" sentence="12" number="320">of</token>
<token t_id="322" sentence="12" number="321">the</token>
<token t_id="323" sentence="12" number="322">ancient</token>
<token t_id="324" sentence="12" number="323">and</token>
<token t_id="325" sentence="12" number="324">honorable</token>
<token t_id="326" sentence="12" number="325">house</token>
<token t_id="327" sentence="12" number="326">of</token>
<token t_id="328" sentence="12" number="327">Haldane</token>
<token t_id="329" sentence="12" number="328">?</token>
<token t_id="330" sentence="13" number="329">Did</token>
<token t_id="331" sentence="13" number="330">I</token>
<token t_id="332" sentence="13" number="331">say</token>
<token t_id="333" sentence="13" number="332">that</token>
<token t_id="334" sentence="13" number="333">the</token>
<token t_id="335" sentence="13" number="334">train</token>
<token t_id="336" sentence="13" number="335">dashed</token>
<token t_id="337" sentence="13" number="336">?</token>
<token t_id="338" sentence="14" number="337">Really</token>
<token t_id="339" sentence="14" number="338">,</token>
<token t_id="340" sentence="14" number="339">that</token>
<token t_id="341" sentence="14" number="340">was</token>
<token t_id="342" sentence="14" number="341">a</token>
<token t_id="343" sentence="14" number="342">slip</token>
<token t_id="344" sentence="14" number="343">of</token>
<token t_id="345" sentence="14" number="344">the</token>
<token t_id="346" sentence="14" number="345">pen</token>
<token t_id="347" sentence="14" number="346">-</token>
<token t_id="348" sentence="14" number="347">nothing</token>
<token t_id="349" sentence="14" number="348">dashes</token>
<token t_id="350" sentence="14" number="349">in</token>
<token t_id="351" sentence="14" number="350">Italy</token>
<token t_id="352" sentence="14" number="351">except</token>
<token t_id="353" sentence="14" number="352">a</token>
<token t_id="354" sentence="14" number="353">mountain</token>
<token t_id="355" sentence="14" number="354">torrent</token>
<token t_id="356" sentence="14" number="355">;</token>
<token t_id="357" sentence="14" number="356">but</token>
<token t_id="358" sentence="14" number="357">where</token>
<token t_id="359" sentence="14" number="358">there</token>
<token t_id="360" sentence="14" number="359">are</token>
<token t_id="361" sentence="14" number="360">so</token>
<token t_id="362" sentence="14" number="361">many</token>
<token t_id="363" sentence="14" number="362">grade</token>
<token t_id="364" sentence="14" number="363">crossings</token>
<token t_id="365" sentence="14" number="364">,</token>
<token t_id="366" sentence="14" number="365">even</token>
<token t_id="367" sentence="14" number="366">a</token>
<token t_id="368" sentence="14" number="367">slow</token>
<token t_id="369" sentence="14" number="368">train</token>
<token t_id="370" sentence="14" number="369">may</token>
<token t_id="371" sentence="14" number="370">be</token>
<token t_id="372" sentence="14" number="371">dangerous</token>
<token t_id="373" sentence="14" number="372">.</token>
<token t_id="374" sentence="15" number="373">We</token>
<token t_id="375" sentence="15" number="374">proceeded</token>
<token t_id="376" sentence="15" number="375">moderately</token>
<token t_id="377" sentence="15" number="376">and</token>
<token t_id="378" sentence="15" number="377">sedately</token>
<token t_id="379" sentence="15" number="378">upon</token>
<token t_id="380" sentence="15" number="379">our</token>
<token t_id="381" sentence="15" number="380">shining</token>
<token t_id="382" sentence="15" number="381">way</token>
<token t_id="383" sentence="15" number="382">,</token>
<token t_id="384" sentence="15" number="383">skirting</token>
<token t_id="385" sentence="15" number="384">the</token>
<token t_id="386" sentence="15" number="385">sapphire</token>
<token t_id="387" sentence="15" number="386">sea</token>
<token t_id="388" sentence="15" number="387">,</token>
<token t_id="389" sentence="15" number="388">dotted</token>
<token t_id="390" sentence="15" number="389">here</token>
<token t_id="391" sentence="15" number="390">and</token>
<token t_id="392" sentence="15" number="391">there</token>
<token t_id="393" sentence="15" number="392">with</token>
<token t_id="394" sentence="15" number="393">green</token>
<token t_id="395" sentence="15" number="394">islands</token>
<token t_id="396" sentence="15" number="395">.</token>
<token t_id="397" sentence="16" number="396">Reaching</token>
<token t_id="398" sentence="16" number="397">far</token>
<token t_id="399" sentence="16" number="398">out</token>
<token t_id="400" sentence="16" number="399">into</token>
<token t_id="401" sentence="16" number="400">the</token>
<token t_id="402" sentence="16" number="401">blue</token>
<token t_id="403" sentence="16" number="402">,</token>
<token t_id="404" sentence="16" number="403">one</token>
<token t_id="405" sentence="16" number="404">may</token>
<token t_id="406" sentence="16" number="405">see</token>
<token t_id="407" sentence="16" number="406">small</token>
<token t_id="408" sentence="16" number="407">towns</token>
<token t_id="409" sentence="16" number="408">which</token>
<token t_id="410" sentence="16" number="409">seem</token>
<token t_id="411" sentence="16" number="410">bent</token>
<token t_id="412" sentence="16" number="411">upon</token>
<token t_id="413" sentence="16" number="412">washing</token>
<token t_id="414" sentence="16" number="413">their</token>
<token t_id="415" sentence="16" number="414">white</token>
<token t_id="416" sentence="16" number="415">houses</token>
<token t_id="417" sentence="16" number="416">to</token>
<token t_id="418" sentence="16" number="417">a</token>
<token t_id="419" sentence="16" number="418">more</token>
<token t_id="420" sentence="16" number="419">dazzling</token>
<token t_id="421" sentence="16" number="420">whiteness</token>
<token t_id="422" sentence="16" number="421">in</token>
<token t_id="423" sentence="16" number="422">the</token>
<token t_id="424" sentence="16" number="423">clear</token>
<token t_id="425" sentence="16" number="424">water</token>
<token t_id="426" sentence="16" number="425">,</token>
<token t_id="427" sentence="16" number="426">painted</token>
<token t_id="428" sentence="16" number="427">towns</token>
<token t_id="429" sentence="16" number="428">against</token>
<token t_id="430" sentence="16" number="429">a</token>
<token t_id="431" sentence="16" number="430">painted</token>
<token t_id="432" sentence="16" number="431">sea</token>
<token t_id="433" sentence="16" number="432">and</token>
<token t_id="434" sentence="16" number="433">sky</token>
<token t_id="435" sentence="16" number="434">.</token>
<token t_id="436" sentence="17" number="435">Other</token>
<token t_id="437" sentence="17" number="436">hamlets</token>
<token t_id="438" sentence="17" number="437">and</token>
<token t_id="439" sentence="17" number="438">villas</token>
<token t_id="440" sentence="17" number="439">,</token>
<token t_id="441" sentence="17" number="440">with</token>
<token t_id="442" sentence="17" number="441">their</token>
<token t_id="443" sentence="17" number="442">green</token>
<token t_id="444" sentence="17" number="443">jalousies</token>
<token t_id="445" sentence="17" number="444">and</token>
<token t_id="446" sentence="17" number="445">their</token>
<token t_id="447" sentence="17" number="446">luxuriant</token>
<token t_id="448" sentence="17" number="447">gardens</token>
<token t_id="449" sentence="17" number="448">full</token>
<token t_id="450" sentence="17" number="449">of</token>
<token t_id="451" sentence="17" number="450">flowers</token>
<token t_id="452" sentence="17" number="451">and</token>
<token t_id="453" sentence="17" number="452">orange-trees</token>
<token t_id="454" sentence="17" number="453">,</token>
<token t_id="455" sentence="17" number="454">are</token>
<token t_id="456" sentence="17" number="455">on</token>
<token t_id="457" sentence="17" number="456">the</token>
<token t_id="458" sentence="17" number="457">heights</token>
<token t_id="459" sentence="17" number="458">above</token>
<token t_id="460" sentence="17" number="459">,</token>
<token t_id="461" sentence="17" number="460">and</token>
<token t_id="462" sentence="17" number="461">not</token>
<token t_id="463" sentence="17" number="462">seldom</token>
<token t_id="464" sentence="17" number="463">a</token>
<token t_id="465" sentence="17" number="464">solitary</token>
<token t_id="466" sentence="17" number="465">sanctuary</token>
<token t_id="467" sentence="17" number="466">is</token>
<token t_id="468" sentence="17" number="467">seen</token>
<token t_id="469" sentence="17" number="468">,</token>
<token t_id="470" sentence="17" number="469">perched</token>
<token t_id="471" sentence="17" number="470">upon</token>
<token t_id="472" sentence="17" number="471">some</token>
<token t_id="473" sentence="17" number="472">sea-washed</token>
<token t_id="474" sentence="17" number="473">cliff</token>
<token t_id="475" sentence="17" number="474">,</token>
<token t_id="476" sentence="17" number="475">the</token>
<token t_id="477" sentence="17" number="476">cherished</token>
<token t_id="478" sentence="17" number="477">guardian</token>
<token t_id="479" sentence="17" number="478">of</token>
<token t_id="480" sentence="17" number="479">the</token>
<token t_id="481" sentence="17" number="480">shore</token>
<token t_id="482" sentence="17" number="481">.</token>
<token t_id="483" sentence="18" number="482">Now</token>
<token t_id="484" sentence="18" number="483">indeed</token>
<token t_id="485" sentence="18" number="484">,</token>
<token t_id="486" sentence="18" number="485">looking</token>
<token t_id="487" sentence="18" number="486">up</token>
<token t_id="488" sentence="18" number="487">at</token>
<token t_id="489" sentence="18" number="488">the</token>
<token t_id="490" sentence="18" number="489">terraced</token>
<token t_id="491" sentence="18" number="490">olive-groves</token>
<token t_id="492" sentence="18" number="491">,</token>
<token t_id="493" sentence="18" number="492">we</token>
<token t_id="494" sentence="18" number="493">feel</token>
<token t_id="495" sentence="18" number="494">that</token>
<token t_id="496" sentence="18" number="495">we</token>
<token t_id="497" sentence="18" number="496">are</token>
<token t_id="498" sentence="18" number="497">in</token>
<token t_id="499" sentence="18" number="498">Italy</token>
<token t_id="500" sentence="18" number="499">.</token>
<token t_id="501" sentence="19" number="500">For</token>
<token t_id="502" sentence="19" number="501">many</token>
<token t_id="503" sentence="19" number="502">miles</token>
<token t_id="504" sentence="19" number="503">the</token>
<token t_id="505" sentence="19" number="504">road</token>
<token t_id="506" sentence="19" number="505">lies</token>
<token t_id="507" sentence="19" number="506">beside</token>
<token t_id="508" sentence="19" number="507">these</token>
<token t_id="509" sentence="19" number="508">gardens</token>
<token t_id="510" sentence="19" number="509">,</token>
<token t_id="511" sentence="19" number="510">which</token>
<token t_id="512" sentence="19" number="511">are</token>
<token t_id="513" sentence="19" number="512">monuments</token>
<token t_id="514" sentence="19" number="513">to</token>
<token t_id="515" sentence="19" number="514">Italian</token>
<token t_id="516" sentence="19" number="515">thrift</token>
<token t_id="517" sentence="19" number="516">and</token>
<token t_id="518" sentence="19" number="517">industry</token>
<token t_id="519" sentence="19" number="518">,</token>
<token t_id="520" sentence="19" number="519">as</token>
<token t_id="521" sentence="19" number="520">every</token>
<token t_id="522" sentence="19" number="521">square</token>
<token t_id="523" sentence="19" number="522">inch</token>
<token t_id="524" sentence="19" number="523">of</token>
<token t_id="525" sentence="19" number="524">the</token>
<token t_id="526" sentence="19" number="525">scanty</token>
<token t_id="527" sentence="19" number="526">earth</token>
<token t_id="528" sentence="19" number="527">on</token>
<token t_id="529" sentence="19" number="528">the</token>
<token t_id="530" sentence="19" number="529">hillsides</token>
<token t_id="531" sentence="19" number="530">is</token>
<token t_id="532" sentence="19" number="531">held</token>
<token t_id="533" sentence="19" number="532">in</token>
<token t_id="534" sentence="19" number="533">place</token>
<token t_id="535" sentence="19" number="534">by</token>
<token t_id="536" sentence="19" number="535">stone</token>
<token t_id="537" sentence="19" number="536">walls</token>
<token t_id="538" sentence="19" number="537">,</token>
<token t_id="539" sentence="19" number="538">one</token>
<token t_id="540" sentence="19" number="539">above</token>
<token t_id="541" sentence="19" number="540">another</token>
<token t_id="542" sentence="19" number="541">,</token>
<token t_id="543" sentence="19" number="542">until</token>
<token t_id="544" sentence="19" number="543">some</token>
<token t_id="545" sentence="19" number="544">are</token>
<token t_id="546" sentence="19" number="545">almost</token>
<token t_id="547" sentence="19" number="546">mountain</token>
<token t_id="548" sentence="19" number="547">high</token>
<token t_id="549" sentence="19" number="548">,</token>
<token t_id="550" sentence="19" number="549">olive-trees</token>
<token t_id="551" sentence="19" number="550">growing</token>
<token t_id="552" sentence="19" number="551">to</token>
<token t_id="553" sentence="19" number="552">the</token>
<token t_id="554" sentence="19" number="553">very</token>
<token t_id="555" sentence="19" number="554">top</token>
<token t_id="556" sentence="19" number="555">.</token>
<token t_id="557" sentence="20" number="556">On</token>
<token t_id="558" sentence="20" number="557">the</token>
<token t_id="559" sentence="20" number="558">sunny</token>
<token t_id="560" sentence="20" number="559">plains</token>
<token t_id="561" sentence="20" number="560">between</token>
<token t_id="562" sentence="20" number="561">the</token>
<token t_id="563" sentence="20" number="562">hills</token>
<token t_id="564" sentence="20" number="563">are</token>
<token t_id="565" sentence="20" number="564">acres</token>
<token t_id="566" sentence="20" number="565">of</token>
<token t_id="567" sentence="20" number="566">carnations</token>
<token t_id="568" sentence="20" number="567">,</token>
<token t_id="569" sentence="20" number="568">violets</token>
<token t_id="570" sentence="20" number="569">,</token>
<token t_id="571" sentence="20" number="570">stock-gillies</token>
<token t_id="572" sentence="20" number="571">,</token>
<token t_id="573" sentence="20" number="572">and</token>
<token t_id="574" sentence="20" number="573">mignonette</token>
<token t_id="575" sentence="20" number="574">,</token>
<token t_id="576" sentence="20" number="575">which</token>
<token t_id="577" sentence="20" number="576">fill</token>
<token t_id="578" sentence="20" number="577">the</token>
<token t_id="579" sentence="20" number="578">air</token>
<token t_id="580" sentence="20" number="579">with</token>
<token t_id="581" sentence="20" number="580">their</token>
<token t_id="582" sentence="20" number="581">delicious</token>
<token t_id="583" sentence="20" number="582">fragrance</token>
<token t_id="584" sentence="20" number="583">.</token>
<token t_id="585" sentence="21" number="584">From</token>
<token t_id="586" sentence="21" number="585">these</token>
<token t_id="587" sentence="21" number="586">immense</token>
<token t_id="588" sentence="21" number="587">gardens</token>
<token t_id="589" sentence="21" number="588">the</token>
<token t_id="590" sentence="21" number="589">large</token>
<token t_id="591" sentence="21" number="590">cities</token>
<token t_id="592" sentence="21" number="591">are</token>
<token t_id="593" sentence="21" number="592">supplied</token>
<token t_id="594" sentence="21" number="593">with</token>
<token t_id="595" sentence="21" number="594">flowers</token>
<token t_id="596" sentence="21" number="595">,</token>
<token t_id="597" sentence="21" number="596">and</token>
<token t_id="598" sentence="21" number="597">also</token>
<token t_id="599" sentence="21" number="598">the</token>
<token t_id="600" sentence="21" number="599">manufactories</token>
<token t_id="601" sentence="21" number="600">of</token>
<token t_id="602" sentence="21" number="601">perfumes</token>
<token t_id="603" sentence="21" number="602">.</token>
<token t_id="604" sentence="22" number="603">Hundreds</token>
<token t_id="605" sentence="22" number="604">of</token>
<token t_id="606" sentence="22" number="605">the</token>
<token t_id="607" sentence="22" number="606">beautiful</token>
<token t_id="608" sentence="22" number="607">blossoms</token>
<token t_id="609" sentence="22" number="608">,</token>
<token t_id="610" sentence="22" number="609">they</token>
<token t_id="611" sentence="22" number="610">tell</token>
<token t_id="612" sentence="22" number="611">us</token>
<token t_id="613" sentence="22" number="612">,</token>
<token t_id="614" sentence="22" number="613">are</token>
<token t_id="615" sentence="22" number="614">sacrificed</token>
<token t_id="616" sentence="22" number="615">to</token>
<token t_id="617" sentence="22" number="616">make</token>
<token t_id="618" sentence="22" number="617">a</token>
<token t_id="619" sentence="22" number="618">single</token>
<token t_id="620" sentence="22" number="619">drop</token>
<token t_id="621" sentence="22" number="620">of</token>
<token t_id="622" sentence="22" number="621">essence</token>
<token t_id="623" sentence="22" number="622">.</token>
<token t_id="624" sentence="23" number="623">We</token>
<token t_id="625" sentence="23" number="624">passed</token>
<token t_id="626" sentence="23" number="625">by</token>
<token t_id="627" sentence="23" number="626">Albenga</token>
<token t_id="628" sentence="23" number="627">and</token>
<token t_id="629" sentence="23" number="628">Alassio</token>
<token t_id="630" sentence="23" number="629">,</token>
<token t_id="631" sentence="23" number="630">over</token>
<token t_id="632" sentence="23" number="631">the</token>
<token t_id="633" sentence="23" number="632">suspension</token>
<token t_id="634" sentence="23" number="633">bridge</token>
<token t_id="635" sentence="23" number="634">at</token>
<token t_id="636" sentence="23" number="635">Porto</token>
<token t_id="637" sentence="23" number="636">Maurizio</token>
<token t_id="638" sentence="23" number="637">,</token>
<token t_id="639" sentence="23" number="638">and</token>
<token t_id="640" sentence="23" number="639">so</token>
<token t_id="641" sentence="23" number="640">on</token>
<token t_id="642" sentence="23" number="641">to</token>
<token t_id="643" sentence="23" number="642">Taggia</token>
<token t_id="644" sentence="23" number="643">,</token>
<token t_id="645" sentence="23" number="644">which</token>
<token t_id="646" sentence="23" number="645">is</token>
<token t_id="647" sentence="23" number="646">near</token>
<token t_id="648" sentence="23" number="647">San</token>
<token t_id="649" sentence="23" number="648">Remo</token>
<token t_id="650" sentence="23" number="649">,</token>
<token t_id="651" sentence="23" number="650">where</token>
<token t_id="652" sentence="23" number="651">we</token>
<token t_id="653" sentence="23" number="652">three</token>
<token t_id="654" sentence="23" number="653">were</token>
<token t_id="655" sentence="23" number="654">to</token>
<token t_id="656" sentence="23" number="655">part</token>
<token t_id="657" sentence="23" number="656">company</token>
<token t_id="658" sentence="23" number="657">for</token>
<token t_id="659" sentence="23" number="658">a</token>
<token t_id="660" sentence="23" number="659">few</token>
<token t_id="661" sentence="23" number="660">days</token>
<token t_id="662" sentence="23" number="661">.</token>
<token t_id="663" sentence="24" number="662">Off</token>
<token t_id="664" sentence="24" number="663">to</token>
<token t_id="665" sentence="24" number="664">the</token>
<token t_id="666" sentence="24" number="665">right</token>
<token t_id="667" sentence="24" number="666">we</token>
<token t_id="668" sentence="24" number="667">could</token>
<token t_id="669" sentence="24" number="668">see</token>
<token t_id="670" sentence="24" number="669">the</token>
<token t_id="671" sentence="24" number="670">picturesque</token>
<token t_id="672" sentence="24" number="671">ruins</token>
<token t_id="673" sentence="24" number="672">of</token>
<token t_id="674" sentence="24" number="673">Bussana</token>
<token t_id="675" sentence="24" number="674">Vecchia</token>
<token t_id="676" sentence="24" number="675">,</token>
<token t_id="677" sentence="24" number="676">destroyed</token>
<token t_id="678" sentence="24" number="677">by</token>
<token t_id="679" sentence="24" number="678">an</token>
<token t_id="680" sentence="24" number="679">earthquake</token>
<token t_id="681" sentence="24" number="680">as</token>
<token t_id="682" sentence="24" number="681">late</token>
<token t_id="683" sentence="24" number="682">as</token>
<token t_id="684" sentence="24" number="683">1887</token>
<token t_id="685" sentence="24" number="684">,</token>
<token t_id="686" sentence="24" number="685">never</token>
<token t_id="687" sentence="24" number="686">rebuilt</token>
<token t_id="688" sentence="24" number="687">,</token>
<token t_id="689" sentence="24" number="688">and</token>
<token t_id="690" sentence="24" number="689">now</token>
<token t_id="691" sentence="24" number="690">standing</token>
<token t_id="692" sentence="24" number="691">silent</token>
<token t_id="693" sentence="24" number="692">and</token>
<token t_id="694" sentence="24" number="693">desolate</token>
<token t_id="695" sentence="24" number="694">on</token>
<token t_id="696" sentence="24" number="695">the</token>
<token t_id="697" sentence="24" number="696">hill-top</token>
<token t_id="698" sentence="24" number="697">above</token>
<token t_id="699" sentence="24" number="698">its</token>
<token t_id="700" sentence="24" number="699">namesake</token>
<token t_id="701" sentence="24" number="700">,</token>
<token t_id="702" sentence="24" number="701">the</token>
<token t_id="703" sentence="24" number="702">little</token>
<token t_id="704" sentence="24" number="703">modern</token>
<token t_id="705" sentence="24" number="704">town</token>
<token t_id="706" sentence="24" number="705">of</token>
<token t_id="707" sentence="24" number="706">Bussana</token>
<token t_id="708" sentence="24" number="707">Nuova</token>
<token t_id="709" sentence="24" number="708">.</token>
<token t_id="710" sentence="25" number="709">Our</token>
<token t_id="711" sentence="25" number="710">view</token>
<token t_id="712" sentence="25" number="711">of</token>
<token t_id="713" sentence="25" number="712">Poggio</token>
<token t_id="714" sentence="25" number="713">and</token>
<token t_id="715" sentence="25" number="714">Bussana</token>
<token t_id="716" sentence="25" number="715">Vecchia</token>
<token t_id="717" sentence="25" number="716">was</token>
<token t_id="718" sentence="25" number="717">suddenly</token>
<token t_id="719" sentence="25" number="718">cut</token>
<token t_id="720" sentence="25" number="719">off</token>
<token t_id="721" sentence="25" number="720">by</token>
<token t_id="722" sentence="25" number="721">an</token>
<token t_id="723" sentence="25" number="722">inopportune</token>
<token t_id="724" sentence="25" number="723">tunnel</token>
<token t_id="725" sentence="25" number="724">,</token>
<token t_id="726" sentence="25" number="725">from</token>
<token t_id="727" sentence="25" number="726">which</token>
<token t_id="728" sentence="25" number="727">we</token>
<token t_id="729" sentence="25" number="728">emerged</token>
<token t_id="730" sentence="25" number="729">into</token>
<token t_id="731" sentence="25" number="730">the</token>
<token t_id="732" sentence="25" number="731">brilliant</token>
<token t_id="733" sentence="25" number="732">sunshine</token>
<token t_id="734" sentence="25" number="733">,</token>
<token t_id="735" sentence="25" number="734">to</token>
<token t_id="736" sentence="25" number="735">see</token>
<token t_id="737" sentence="25" number="736">before</token>
<token t_id="738" sentence="25" number="737">us</token>
<token t_id="739" sentence="25" number="738">the</token>
<token t_id="740" sentence="25" number="739">pretty</token>
<token t_id="741" sentence="25" number="740">villas</token>
<token t_id="742" sentence="25" number="741">,</token>
<token t_id="743" sentence="25" number="742">the</token>
<token t_id="744" sentence="25" number="743">waving</token>
<token t_id="745" sentence="25" number="744">palms</token>
<token t_id="746" sentence="25" number="745">,</token>
<token t_id="747" sentence="25" number="746">and</token>
<token t_id="748" sentence="25" number="747">the</token>
<token t_id="749" sentence="25" number="748">general</token>
<token t_id="750" sentence="25" number="749">air</token>
<token t_id="751" sentence="25" number="750">of</token>
<token t_id="752" sentence="25" number="751">cultivation</token>
<token t_id="753" sentence="25" number="752">and</token>
<token t_id="754" sentence="25" number="753">bien-être</token>
<token t_id="755" sentence="25" number="754">that</token>
<token t_id="756" sentence="25" number="755">belong</token>
<token t_id="757" sentence="25" number="756">to</token>
<token t_id="758" sentence="25" number="757">this</token>
<token t_id="759" sentence="25" number="758">favorite</token>
<token t_id="760" sentence="25" number="759">and</token>
<token t_id="761" sentence="25" number="760">highly</token>
<token t_id="762" sentence="25" number="761">favored</token>
<token t_id="763" sentence="25" number="762">town</token>
<token t_id="764" sentence="25" number="763">.</token>
<token t_id="765" sentence="26" number="764">When</token>
<token t_id="766" sentence="26" number="765">Zelphine</token>
<token t_id="767" sentence="26" number="766">and</token>
<token t_id="768" sentence="26" number="767">Angela</token>
<token t_id="769" sentence="26" number="768">caught</token>
<token t_id="770" sentence="26" number="769">this</token>
<token t_id="771" sentence="26" number="770">glimpse</token>
<token t_id="772" sentence="26" number="771">of</token>
<token t_id="773" sentence="26" number="772">San</token>
<token t_id="774" sentence="26" number="773">Remo</token>
<token t_id="775" sentence="26" number="774">from</token>
<token t_id="776" sentence="26" number="775">the</token>
<token t_id="777" sentence="26" number="776">train</token>
<token t_id="778" sentence="26" number="777">,</token>
<token t_id="779" sentence="26" number="778">and</token>
<token t_id="780" sentence="26" number="779">saw</token>
<token t_id="781" sentence="26" number="780">Genevra</token>
<token t_id="782" sentence="26" number="781">'s</token>
<token t_id="783" sentence="26" number="782">children</token>
<token t_id="784" sentence="26" number="783">waiting</token>
<token t_id="785" sentence="26" number="784">for</token>
<token t_id="786" sentence="26" number="785">me</token>
<token t_id="787" sentence="26" number="786">at</token>
<token t_id="788" sentence="26" number="787">the</token>
<token t_id="789" sentence="26" number="788">station</token>
<token t_id="790" sentence="26" number="789">,</token>
<token t_id="791" sentence="26" number="790">I</token>
<token t_id="792" sentence="26" number="791">am</token>
<token t_id="793" sentence="26" number="792">quite</token>
<token t_id="794" sentence="26" number="793">sure</token>
<token t_id="795" sentence="26" number="794">they</token>
<token t_id="796" sentence="26" number="795">repented</token>
<token t_id="797" sentence="26" number="796">them</token>
<token t_id="798" sentence="26" number="797">of</token>
<token t_id="799" sentence="26" number="798">their</token>
<token t_id="800" sentence="26" number="799">decision</token>
<token t_id="801" sentence="26" number="800">.</token>
<token t_id="802" sentence="27" number="801">I</token>
<token t_id="803" sentence="27" number="802">had</token>
<token t_id="804" sentence="27" number="803">not</token>
<token t_id="805" sentence="27" number="804">seen</token>
<token t_id="806" sentence="27" number="805">Roger</token>
<token t_id="807" sentence="27" number="806">and</token>
<token t_id="808" sentence="27" number="807">Phœbe</token>
<token t_id="809" sentence="27" number="808">since</token>
<token t_id="810" sentence="27" number="809">they</token>
<token t_id="811" sentence="27" number="810">were</token>
<token t_id="812" sentence="27" number="811">babies</token>
<token t_id="813" sentence="27" number="812">,</token>
<token t_id="814" sentence="27" number="813">but</token>
<token t_id="815" sentence="27" number="814">I</token>
<token t_id="816" sentence="27" number="815">knew</token>
<token t_id="817" sentence="27" number="816">them</token>
<token t_id="818" sentence="27" number="817">at</token>
<token t_id="819" sentence="27" number="818">once</token>
<token t_id="820" sentence="27" number="819">,</token>
<token t_id="821" sentence="27" number="820">and</token>
<token t_id="822" sentence="27" number="821">we</token>
<token t_id="823" sentence="27" number="822">are</token>
<token t_id="824" sentence="27" number="823">already</token>
<token t_id="825" sentence="27" number="824">fast</token>
<token t_id="826" sentence="27" number="825">friends</token>
<token t_id="827" sentence="27" number="826">.</token>
<token t_id="828" sentence="28" number="827">Genevra</token>
<token t_id="829" sentence="28" number="828">'s</token>
<token t_id="830" sentence="28" number="829">welcome</token>
<token t_id="831" sentence="28" number="830">,</token>
<token t_id="832" sentence="28" number="831">as</token>
<token t_id="833" sentence="28" number="832">you</token>
<token t_id="834" sentence="28" number="833">may</token>
<token t_id="835" sentence="28" number="834">believe</token>
<token t_id="836" sentence="28" number="835">,</token>
<token t_id="837" sentence="28" number="836">was</token>
<token t_id="838" sentence="28" number="837">of</token>
<token t_id="839" sentence="28" number="838">the</token>
<token t_id="840" sentence="28" number="839">warmest</token>
<token t_id="841" sentence="28" number="840">.</token>
<token t_id="842" sentence="29" number="841">It</token>
<token t_id="843" sentence="29" number="842">is</token>
<token t_id="844" sentence="29" number="843">delightful</token>
<token t_id="845" sentence="29" number="844">to</token>
<token t_id="846" sentence="29" number="845">be</token>
<token t_id="847" sentence="29" number="846">in</token>
<token t_id="848" sentence="29" number="847">a</token>
<token t_id="849" sentence="29" number="848">home</token>
<token t_id="850" sentence="29" number="849">again</token>
<token t_id="851" sentence="29" number="850">,</token>
<token t_id="852" sentence="29" number="851">after</token>
<token t_id="853" sentence="29" number="852">tossing</token>
<token t_id="854" sentence="29" number="853">about</token>
<token t_id="855" sentence="29" number="854">in</token>
<token t_id="856" sentence="29" number="855">a</token>
<token t_id="857" sentence="29" number="856">state-room</token>
<token t_id="858" sentence="29" number="857">and</token>
<token t_id="859" sentence="29" number="858">knocking</token>
<token t_id="860" sentence="29" number="859">around</token>
<token t_id="861" sentence="29" number="860">in</token>
<token t_id="862" sentence="29" number="861">strange</token>
<token t_id="863" sentence="29" number="862">hotels</token>
<token t_id="864" sentence="29" number="863">,</token>
<token t_id="865" sentence="29" number="864">and</token>
<token t_id="866" sentence="29" number="865">in</token>
<token t_id="867" sentence="29" number="866">a</token>
<token t_id="868" sentence="29" number="867">home</token>
<token t_id="869" sentence="29" number="868">as</token>
<token t_id="870" sentence="29" number="869">charming</token>
<token t_id="871" sentence="29" number="870">as</token>
<token t_id="872" sentence="29" number="871">this</token>
<token t_id="873" sentence="29" number="872">!</token>


<Markables>
<EVENT_MENTION m_id="33" factuality="" modality="" pred="" pos="" aspect="" certainty="" comment="" class="GENERAL" tense="" polarity=""  >
<token_anchor t_id="279"/>
</EVENT_MENTION>
<EVENT_MENTION m_id="65" factuality="" modality="" pred="" pos="" aspect="" certainty="" comment="" class="POSSESSION" tense="" polarity=""  >
<token_anchor t_id="593"/>
</EVENT_MENTION>
<EVENT_MENTION m_id="1" factuality="" modality="" pred="" pos="" aspect="" certainty="" comment="" class="ENVIRONMENT" tense="" polarity=""  >
<token_anchor t_id="11"/>
</EVENT_MENTION>
<EVENT_MENTION m_id="97" factuality="" modality="" pred="" pos="" aspect="" certainty="" comment="" class="SPACE-MOVEMENT" tense="" polarity=""  >
<token_anchor t_id="853"/>
</EVENT_MENTION>
<EVENT_MENTION m_id="34" factuality="" modality="" pred="" pos="" aspect="" certainty="" comment="" class="GENERAL" tense="" polarity=""  >
<token_anchor t_id="297"/>
<token_anchor t_id="298"/>
<token_anchor t_id="299"/>
</EVENT_MENTION>
<EVENT_MENTION m_id="66" factuality="" modality="" pred="" pos="" aspect="" certainty="" comment="" class="COMMUNICATION" tense="" polarity=""  >
<token_anchor t_id="611"/>
</EVENT_MENTION>
<EVENT_MENTION m_id="2" factuality="" modality="" pred="" pos="" aspect="" certainty="" comment="" class="SPACE-MOVEMENT" tense="" polarity=""  >
<token_anchor t_id="14"/>
</EVENT_MENTION>
<EVENT_MENTION m_id="98" factuality="" modality="" pred="" pos="" aspect="" certainty="" comment="" class="SPACE-MOVEMENT" tense="" polarity=""  >
<token_anchor t_id="859"/>
</EVENT_MENTION>
<EVENT_MENTION m_id="35" factuality="" modality="" pred="" pos="" aspect="" certainty="" comment="" class="MENTAL" tense="" polarity=""  >
<token_anchor t_id="303"/>
</EVENT_MENTION>
<EVENT_MENTION m_id="67" factuality="" modality="" pred="" pos="" aspect="" certainty="" comment="" class="EXISTENCE-CAUSATION" tense="" polarity=""  >
<token_anchor t_id="615"/>
</EVENT_MENTION>
<EVENT_MENTION m_id="3" factuality="" modality="" pred="" pos="" aspect="" certainty="" comment="" class="EMOTIONS-EVALUATIONS" tense="" polarity=""  >
<token_anchor t_id="18"/>
<token_anchor t_id="19"/>
</EVENT_MENTION>
<EVENT_MENTION m_id="99" factuality="" modality="" pred="" pos="" aspect="" certainty="" comment="" class="PHYSICAL SENSATIONS" tense="" polarity=""  >
<token_anchor t_id="711"/>
</EVENT_MENTION>
<EVENT_MENTION m_id="36" factuality="" modality="" pred="" pos="" aspect="" certainty="" comment="" class="GENERAL" tense="" polarity=""  >
<token_anchor t_id="305"/>
</EVENT_MENTION>
<EVENT_MENTION m_id="68" factuality="" modality="" pred="" pos="" aspect="" certainty="" comment="" class="EXISTENCE-CAUSATION" tense="" polarity=""  >
<token_anchor t_id="617"/>
</EVENT_MENTION>
<EVENT_MENTION m_id="4" factuality="" modality="" pred="" pos="" aspect="" certainty="" comment="" class="PHYSICAL SENSATIONS" tense="" polarity=""  >
<token_anchor t_id="21"/>
</EVENT_MENTION>
<EVENT_MENTION m_id="100" factuality="" modality="" pred="" pos="" aspect="" certainty="" comment="" class="PHYSICAL SENSATIONS" tense="" polarity=""  >
<token_anchor t_id="771"/>
</EVENT_MENTION>
<EVENT_MENTION m_id="37" factuality="" modality="" pred="" pos="" aspect="" certainty="" comment="" class="POSSESSION" tense="" polarity=""  >
<token_anchor t_id="310"/>
</EVENT_MENTION>
<EVENT_MENTION m_id="69" factuality="" modality="" pred="" pos="" aspect="" certainty="" comment="" class="SPACE-MOVEMENT" tense="" polarity=""  >
<token_anchor t_id="625"/>
</EVENT_MENTION>
<EVENT_MENTION m_id="5" factuality="" modality="" pred="" pos="" aspect="" certainty="" comment="" class="EMOTIONS-EVALUATIONS" tense="" polarity=""  >
<token_anchor t_id="23"/>
<token_anchor t_id="27"/>
</EVENT_MENTION>
<EVENT_MENTION m_id="101" factuality="" modality="" pred="" pos="" aspect="" certainty="" comment="" class="LIFE-HEALTH" tense="" polarity=""  >
<token_anchor t_id="308"/>
</EVENT_MENTION>
<EVENT_MENTION m_id="38" factuality="" modality="" pred="" pos="" aspect="" certainty="" comment="" class="MENTAL" tense="" polarity=""  >
<token_anchor t_id="315"/>
</EVENT_MENTION>
<EVENT_MENTION m_id="70" factuality="" modality="" pred="" pos="" aspect="" certainty="" comment="" class="EXISTENCE-CAUSATION" tense="" polarity=""  >
<token_anchor t_id="646"/>
</EVENT_MENTION>
<EVENT_MENTION m_id="6" factuality="" modality="" pred="" pos="" aspect="" certainty="" comment="" class="COMMUNICATION" tense="" polarity=""  >
<token_anchor t_id="47"/>
</EVENT_MENTION>
<EVENT_MENTION m_id="102" factuality="" modality="" pred="" pos="" aspect="" certainty="" comment="" class="MATTER" tense="" polarity=""  >
<token_anchor t_id="381"/>
</EVENT_MENTION>
<EVENT_MENTION m_id="39" factuality="" modality="" pred="" pos="" aspect="" certainty="" comment="" class="COMMUNICATION" tense="" polarity=""  >
<token_anchor t_id="332"/>
</EVENT_MENTION>
<EVENT_MENTION m_id="71" factuality="" modality="" pred="" pos="" aspect="" certainty="" comment="" class="EXISTENCE-CAUSATION" tense="" polarity=""  >
<token_anchor t_id="654"/>
</EVENT_MENTION>
<EVENT_MENTION m_id="7" factuality="" modality="" pred="" pos="" aspect="" certainty="" comment="" class="EMOTIONS-EVALUATIONS" tense="" polarity=""  >
<token_anchor t_id="54"/>
</EVENT_MENTION>
<EVENT_MENTION m_id="103" factuality="" modality="" pred="" pos="" aspect="" certainty="" comment="" class="SPACE-MOVEMENT" tense="" polarity=""  >
<token_anchor t_id="744"/>
</EVENT_MENTION>
<EVENT_MENTION m_id="104" factuality="" modality="" pred="" pos="" aspect="" certainty="" comment="" class="SPACE-MOVEMENT" tense="" polarity=""  >
<token_anchor t_id="31"/>
</EVENT_MENTION>
<EVENT_MENTION m_id="40" factuality="" modality="" pred="" pos="" aspect="" certainty="" comment="" class="SPACE-MOVEMENT" tense="" polarity=""  >
<token_anchor t_id="336"/>
</EVENT_MENTION>
<EVENT_MENTION m_id="72" factuality="" modality="" pred="" pos="" aspect="" certainty="" comment="" class="SPACE-MOVEMENT" tense="" polarity=""  >
<token_anchor t_id="656"/>
</EVENT_MENTION>
<EVENT_MENTION m_id="8" factuality="" modality="" pred="" pos="" aspect="" certainty="" comment="" class="POSSESSION" tense="" polarity=""  >
<token_anchor t_id="59"/>
</EVENT_MENTION>
<EVENT_MENTION m_id="105" factuality="" modality="" pred="" pos="" aspect="" certainty="" comment="" class="SPACE-MOVEMENT" tense="" polarity=""  >
<token_anchor t_id="129"/>
</EVENT_MENTION>
<EVENT_MENTION m_id="41" factuality="" modality="" pred="" pos="" aspect="" certainty="" comment="" class="COMMUNICATION" tense="" polarity=""  >
<token_anchor t_id="341"/>
<token_anchor t_id="342"/>
<token_anchor t_id="343"/>
</EVENT_MENTION>
<EVENT_MENTION m_id="73" factuality="" modality="" pred="" pos="" aspect="" certainty="" comment="" class="PHYSICAL SENSATIONS" tense="" polarity=""  >
<token_anchor t_id="669"/>
</EVENT_MENTION>
<EVENT_MENTION m_id="9" factuality="" modality="" pred="" pos="" aspect="" certainty="" comment="" class="PHYSICAL SENSATIONS" tense="" polarity=""  >
<token_anchor t_id="75"/>
<token_anchor t_id="76"/>
<token_anchor t_id="77"/>
<token_anchor t_id="78"/>
</EVENT_MENTION>
<EVENT_MENTION m_id="106" factuality="" modality="" pred="" pos="" aspect="" certainty="" comment="" class="SPACE-MOVEMENT" tense="" polarity=""  >
<token_anchor t_id="490"/>
</EVENT_MENTION>
<EVENT_MENTION m_id="42" factuality="" modality="" pred="" pos="" aspect="" certainty="" comment="" class="SPACE-MOVEMENT" tense="" polarity=""  >
<token_anchor t_id="349"/>
</EVENT_MENTION>
<EVENT_MENTION m_id="74" factuality="" modality="" pred="" pos="" aspect="" certainty="" comment="" class="EXISTENCE-CAUSATION" tense="" polarity=""  >
<token_anchor t_id="677"/>
</EVENT_MENTION>
<EVENT_MENTION m_id="10" factuality="" modality="" pred="" pos="" aspect="" certainty="" comment="" class="TIME" tense="" polarity=""  >
<token_anchor t_id="91"/>
</EVENT_MENTION>
<EVENT_MENTION m_id="107" factuality="" modality="" pred="" pos="" aspect="" certainty="" comment="" class="SPACE-MOVEMENT" tense="" polarity=""  >
<token_anchor t_id="389"/>
</EVENT_MENTION>
<EVENT_MENTION m_id="43" factuality="" modality="" pred="" pos="" aspect="" certainty="" comment="" class="EXISTENCE-CAUSATION" tense="" polarity=""  >
<token_anchor t_id="360"/>
</EVENT_MENTION>
<EVENT_MENTION m_id="75" factuality="" modality="" pred="" pos="" aspect="" certainty="" comment="" class="ENVIRONMENT" tense="" polarity=""  >
<token_anchor t_id="680"/>
</EVENT_MENTION>
<EVENT_MENTION m_id="11" factuality="" modality="" pred="" pos="" aspect="" certainty="" comment="" class="MENTAL" tense="" polarity=""  >
<token_anchor t_id="50"/>
</EVENT_MENTION>
<EVENT_MENTION m_id="108" factuality="" modality="" pred="" pos="" aspect="" certainty="" comment="" class="MATTER" tense="" polarity=""  >
<token_anchor t_id="427"/>
</EVENT_MENTION>
<EVENT_MENTION m_id="44" factuality="" modality="" pred="" pos="" aspect="" certainty="" comment="" class="EMOTIONS-EVALUATIONS" tense="" polarity=""  >
<token_anchor t_id="371"/>
<token_anchor t_id="372"/>
</EVENT_MENTION>
<EVENT_MENTION m_id="76" factuality="" modality="" pred="" pos="" aspect="" certainty="" comment="" class="EXISTENCE-CAUSATION" tense="" polarity=""  >
<token_anchor t_id="687"/>
</EVENT_MENTION>
<EVENT_MENTION m_id="12" factuality="" modality="" pred="" pos="" aspect="" certainty="" comment="" class="SPACE-MOVEMENT" tense="" polarity=""  >
<token_anchor t_id="98"/>
</EVENT_MENTION>
<EVENT_MENTION m_id="109" factuality="" modality="" pred="" pos="" aspect="" certainty="" comment="" class="MATTER" tense="" polarity=""  >
<token_anchor t_id="431"/>
</EVENT_MENTION>
<EVENT_MENTION m_id="45" factuality="" modality="" pred="" pos="" aspect="" certainty="" comment="" class="SPACE-MOVEMENT" tense="" polarity=""  >
<token_anchor t_id="375"/>
</EVENT_MENTION>
<EVENT_MENTION m_id="77" factuality="" modality="" pred="" pos="" aspect="" certainty="" comment="" class="SPACE-MOVEMENT" tense="" polarity=""  >
<token_anchor t_id="691"/>
</EVENT_MENTION>
<EVENT_MENTION m_id="13" factuality="" modality="" pred="" pos="" aspect="" certainty="" comment="" class="SPACE-MOVEMENT" tense="" polarity=""  >
<token_anchor t_id="118"/>
</EVENT_MENTION>
<EVENT_MENTION m_id="110" factuality="" modality="" pred="" pos="" aspect="" certainty="" comment="" class="EMOTIONS-EVALUATIONS" tense="" polarity=""  >
<token_anchor t_id="477"/>
</EVENT_MENTION>
<EVENT_MENTION m_id="46" factuality="" modality="" pred="" pos="" aspect="" certainty="" comment="" class="SPACE-MOVEMENT" tense="" polarity=""  >
<token_anchor t_id="384"/>
</EVENT_MENTION>
<EVENT_MENTION m_id="78" factuality="" modality="" pred="" pos="" aspect="" certainty="" comment="" class="GENERAL" tense="" polarity=""  >
<token_anchor t_id="719"/>
<token_anchor t_id="720"/>
</EVENT_MENTION>
<EVENT_MENTION m_id="14" factuality="" modality="" pred="" pos="" aspect="" certainty="" comment="" class="SPACE-MOVEMENT" tense="" polarity=""  >
<token_anchor t_id="134"/>
</EVENT_MENTION>
<EVENT_MENTION m_id="111" factuality="" modality="" pred="" pos="" aspect="" certainty="" comment="" class="ENVIRONMENT" tense="" polarity=""  >
<token_anchor t_id="473"/>
</EVENT_MENTION>
<EVENT_MENTION m_id="47" factuality="" modality="" pred="" pos="" aspect="" certainty="" comment="" class="SPACE-MOVEMENT" tense="" polarity=""  >
<token_anchor t_id="397"/>
</EVENT_MENTION>
<EVENT_MENTION m_id="79" factuality="" modality="" pred="" pos="" aspect="" certainty="" comment="" class="SPACE-MOVEMENT" tense="" polarity=""  >
<token_anchor t_id="729"/>
</EVENT_MENTION>
<EVENT_MENTION m_id="15" factuality="" modality="" pred="" pos="" aspect="" certainty="" comment="" class="SPACE-MOVEMENT" tense="" polarity=""  >
<token_anchor t_id="159"/>
</EVENT_MENTION>
<EVENT_MENTION m_id="112" factuality="" modality="" pred="" pos="" aspect="" certainty="" comment="" class="EMOTIONS-EVALUATIONS" tense="" polarity=""  >
<token_anchor t_id="319"/>
</EVENT_MENTION>
<EVENT_MENTION m_id="48" factuality="" modality="" pred="" pos="" aspect="" certainty="" comment="" class="PHYSICAL SENSATIONS" tense="" polarity=""  >
<token_anchor t_id="406"/>
</EVENT_MENTION>
<EVENT_MENTION m_id="80" factuality="" modality="" pred="" pos="" aspect="" certainty="" comment="" class="PHYSICAL SENSATIONS" tense="" polarity=""  >
<token_anchor t_id="736"/>
</EVENT_MENTION>
<EVENT_MENTION m_id="16" factuality="" modality="" pred="" pos="" aspect="" certainty="" comment="" class="SPACE-MOVEMENT" tense="" polarity=""  >
<token_anchor t_id="162"/>
</EVENT_MENTION>
<EVENT_MENTION m_id="113" factuality="" modality="" pred="" pos="" aspect="" certainty="" comment="" class="EXISTENCE-CAUSATION" tense="" polarity=""  >
<token_anchor t_id="178"/>
</EVENT_MENTION>
<EVENT_MENTION m_id="49" factuality="" modality="" pred="" pos="" aspect="" certainty="" comment="" class="PHYSICAL SENSATIONS" tense="" polarity=""  >
<token_anchor t_id="410"/>
</EVENT_MENTION>
<EVENT_MENTION m_id="81" factuality="" modality="" pred="" pos="" aspect="" certainty="" comment="" class="POSSESSION" tense="" polarity=""  >
<token_anchor t_id="756"/>
</EVENT_MENTION>
<EVENT_MENTION m_id="17" factuality="" modality="" pred="" pos="" aspect="" certainty="" comment="" class="SPACE-MOVEMENT" tense="" polarity=""  >
<token_anchor t_id="172"/>
</EVENT_MENTION>
<EVENT_MENTION m_id="114" factuality="" modality="" pred="" pos="" aspect="" certainty="" comment="" class="SPACE-MOVEMENT" tense="" polarity=""  >
<token_anchor t_id="143"/>
<token_anchor t_id="147"/>
<token_anchor t_id="148"/>
<token_anchor t_id="149"/>
</EVENT_MENTION>
<EVENT_MENTION m_id="50" factuality="" modality="" pred="" pos="" aspect="" certainty="" comment="" class="SPACE-MOVEMENT" tense="" polarity=""  >
<token_anchor t_id="411"/>
</EVENT_MENTION>
<EVENT_MENTION m_id="82" factuality="" modality="" pred="" pos="" aspect="" certainty="" comment="" class="POSSESSION" tense="" polarity=""  >
<token_anchor t_id="769"/>
</EVENT_MENTION>
<EVENT_MENTION m_id="18" factuality="" modality="" pred="" pos="" aspect="" certainty="" comment="" class="MENTAL" tense="" polarity=""  >
<token_anchor t_id="180"/>
</EVENT_MENTION>
<EVENT_MENTION m_id="51" factuality="" modality="" pred="" pos="" aspect="" certainty="" comment="" class="MATTER" tense="" polarity=""  >
<token_anchor t_id="413"/>
</EVENT_MENTION>
<EVENT_MENTION m_id="83" factuality="" modality="" pred="" pos="" aspect="" certainty="" comment="" class="PHYSICAL SENSATIONS" tense="" polarity=""  >
<token_anchor t_id="780"/>
</EVENT_MENTION>
<EVENT_MENTION m_id="19" factuality="" modality="" pred="" pos="" aspect="" certainty="" comment="" class="MENTAL" tense="" polarity=""  >
<token_anchor t_id="186"/>
</EVENT_MENTION>
<EVENT_MENTION m_id="20" factuality="" modality="" pred="" pos="" aspect="" certainty="" comment="" class="MATTER" tense="" polarity=""  >
<token_anchor t_id="198"/>
<token_anchor t_id="199"/>
<token_anchor t_id="200"/>
<token_anchor t_id="201"/>
<token_anchor t_id="202"/>
</EVENT_MENTION>
<EVENT_MENTION m_id="52" factuality="" modality="" pred="" pos="" aspect="" certainty="" comment="" class="EXISTENCE-CAUSATION" tense="" polarity=""  >
<token_anchor t_id="455"/>
</EVENT_MENTION>
<EVENT_MENTION m_id="84" factuality="" modality="" pred="" pos="" aspect="" certainty="" comment="" class="SPACE-MOVEMENT" tense="" polarity=""  >
<token_anchor t_id="784"/>
</EVENT_MENTION>
<EVENT_MENTION m_id="21" factuality="" modality="" pred="" pos="" aspect="" certainty="" comment="" class="SPACE-MOVEMENT" tense="" polarity=""  >
<token_anchor t_id="206"/>
<token_anchor t_id="207"/>
<token_anchor t_id="208"/>
</EVENT_MENTION>
<EVENT_MENTION m_id="53" factuality="" modality="" pred="" pos="" aspect="" certainty="" comment="" class="PHYSICAL SENSATIONS" tense="" polarity=""  >
<token_anchor t_id="468"/>
</EVENT_MENTION>
<EVENT_MENTION m_id="85" factuality="" modality="" pred="" pos="" aspect="" certainty="" comment="" class="EMOTIONS-EVALUATIONS" tense="" polarity=""  >
<token_anchor t_id="792"/>
<token_anchor t_id="793"/>
<token_anchor t_id="794"/>
</EVENT_MENTION>
<EVENT_MENTION m_id="22" factuality="" modality="" pred="" pos="" aspect="" certainty="" comment="" class="SPACE-MOVEMENT" tense="" polarity=""  >
<token_anchor t_id="217"/>
</EVENT_MENTION>
<EVENT_MENTION m_id="54" factuality="" modality="" pred="" pos="" aspect="" certainty="" comment="" class="SPACE-MOVEMENT" tense="" polarity=""  >
<token_anchor t_id="470"/>
</EVENT_MENTION>
<EVENT_MENTION m_id="86" factuality="" modality="" pred="" pos="" aspect="" certainty="" comment="" class="EMOTIONS-EVALUATIONS" tense="" polarity=""  >
<token_anchor t_id="796"/>
</EVENT_MENTION>
<EVENT_MENTION m_id="23" factuality="" modality="" pred="" pos="" aspect="" certainty="" comment="" class="PHYSICAL SENSATIONS" tense="" polarity=""  >
<token_anchor t_id="221"/>
</EVENT_MENTION>
<EVENT_MENTION m_id="55" factuality="" modality="" pred="" pos="" aspect="" certainty="" comment="" class="PHYSICAL SENSATIONS" tense="" polarity=""  >
<token_anchor t_id="486"/>
</EVENT_MENTION>
<EVENT_MENTION m_id="87" factuality="" modality="" pred="" pos="" aspect="" certainty="" comment="" class="MENTAL" tense="" polarity=""  >
<token_anchor t_id="800"/>
</EVENT_MENTION>
<EVENT_MENTION m_id="24" factuality="" modality="" pred="" pos="" aspect="" certainty="" comment="" class="COMMUNICATION" tense="" polarity=""  >
<token_anchor t_id="223"/>
</EVENT_MENTION>
<EVENT_MENTION m_id="56" factuality="" modality="" pred="" pos="" aspect="" certainty="" comment="" class="MENTAL" tense="" polarity=""  >
<token_anchor t_id="494"/>
</EVENT_MENTION>
<EVENT_MENTION m_id="88" factuality="" modality="" pred="" pos="" aspect="" certainty="" comment="" class="PHYSICAL SENSATIONS" tense="" polarity=""  >
<token_anchor t_id="805"/>
</EVENT_MENTION>
<EVENT_MENTION m_id="25" factuality="" modality="" pred="" pos="" aspect="" certainty="" comment="" class="COMMUNICATION" tense="" polarity=""  >
<token_anchor t_id="229"/>
</EVENT_MENTION>
<EVENT_MENTION m_id="57" factuality="" modality="" pred="" pos="" aspect="" certainty="" comment="" class="EXISTENCE-CAUSATION" tense="" polarity=""  >
<token_anchor t_id="497"/>
</EVENT_MENTION>
<EVENT_MENTION m_id="89" factuality="" modality="" pred="" pos="" aspect="" certainty="" comment="" class="LIFE-HEALTH" tense="" polarity=""  >
<token_anchor t_id="811"/>
<token_anchor t_id="812"/>
</EVENT_MENTION>
<EVENT_MENTION m_id="26" factuality="" modality="" pred="" pos="" aspect="" certainty="" comment="" class="SPACE-MOVEMENT" tense="" polarity=""  >
<token_anchor t_id="235"/>
</EVENT_MENTION>
<EVENT_MENTION m_id="58" factuality="" modality="" pred="" pos="" aspect="" certainty="" comment="" class="SPACE-MOVEMENT" tense="" polarity=""  >
<token_anchor t_id="506"/>
</EVENT_MENTION>
<EVENT_MENTION m_id="90" factuality="" modality="" pred="" pos="" aspect="" certainty="" comment="" class="MENTAL" tense="" polarity=""  >
<token_anchor t_id="816"/>
</EVENT_MENTION>
<EVENT_MENTION m_id="27" factuality="" modality="" pred="" pos="" aspect="" certainty="" comment="" class="SPACE-MOVEMENT" tense="" polarity=""  >
<token_anchor t_id="243"/>
</EVENT_MENTION>
<EVENT_MENTION m_id="59" factuality="" modality="" pred="" pos="" aspect="" certainty="" comment="" class="ENTERTAINMENT-ART" tense="" polarity=""  >
<token_anchor t_id="512"/>
<token_anchor t_id="513"/>
</EVENT_MENTION>
<EVENT_MENTION m_id="91" factuality="" modality="" pred="" pos="" aspect="" certainty="" comment="" class="SOCIAL" tense="" polarity=""  >
<token_anchor t_id="823"/>
<token_anchor t_id="824"/>
<token_anchor t_id="825"/>
<token_anchor t_id="826"/>
</EVENT_MENTION>
<EVENT_MENTION m_id="28" factuality="" modality="" pred="" pos="" aspect="" certainty="" comment="" class="MENTAL" tense="" polarity=""  >
<token_anchor t_id="259"/>
</EVENT_MENTION>
<EVENT_MENTION m_id="60" factuality="" modality="" pred="" pos="" aspect="" certainty="" comment="" class="POSSESSION" tense="" polarity=""  >
<token_anchor t_id="532"/>
</EVENT_MENTION>
<EVENT_MENTION m_id="92" factuality="" modality="" pred="" pos="" aspect="" certainty="" comment="" class="SOCIAL" tense="" polarity=""  >
<token_anchor t_id="830"/>
</EVENT_MENTION>
<EVENT_MENTION m_id="29" factuality="" modality="" pred="" pos="" aspect="" certainty="" comment="" class="SPACE-MOVEMENT" tense="" polarity=""  >
<token_anchor t_id="261"/>
<token_anchor t_id="262"/>
</EVENT_MENTION>
<EVENT_MENTION m_id="61" factuality="" modality="" pred="" pos="" aspect="" certainty="" comment="" class="MEASURE" tense="" polarity=""  >
<token_anchor t_id="545"/>
<token_anchor t_id="546"/>
<token_anchor t_id="547"/>
<token_anchor t_id="548"/>
</EVENT_MENTION>
<EVENT_MENTION m_id="93" factuality="" modality="" pred="" pos="" aspect="" certainty="" comment="" class="MENTAL" tense="" polarity=""  >
<token_anchor t_id="835"/>
</EVENT_MENTION>
<EVENT_MENTION m_id="30" factuality="" modality="" pred="" pos="" aspect="" certainty="" comment="" class="POSSESSION" tense="" polarity=""  >
<token_anchor t_id="266"/>
</EVENT_MENTION>
<EVENT_MENTION m_id="62" factuality="" modality="" pred="" pos="" aspect="" certainty="" comment="" class="LIFE-HEALTH" tense="" polarity=""  >
<token_anchor t_id="551"/>
</EVENT_MENTION>
<EVENT_MENTION m_id="94" factuality="" modality="" pred="" pos="" aspect="" certainty="" comment="" class="EMOTIONS-EVALUATIONS" tense="" polarity=""  >
<token_anchor t_id="837"/>
<token_anchor t_id="838"/>
<token_anchor t_id="839"/>
<token_anchor t_id="840"/>
</EVENT_MENTION>
<EVENT_MENTION m_id="31" factuality="" modality="" pred="" pos="" aspect="" certainty="" comment="" class="MENTAL" tense="" polarity=""  >
<token_anchor t_id="277"/>
</EVENT_MENTION>
<EVENT_MENTION m_id="63" factuality="" modality="" pred="" pos="" aspect="" certainty="" comment="" class="EXISTENCE-CAUSATION" tense="" polarity=""  >
<token_anchor t_id="564"/>
</EVENT_MENTION>
<EVENT_MENTION m_id="95" factuality="" modality="" pred="" pos="" aspect="" certainty="" comment="" class="EMOTIONS-EVALUATIONS" tense="" polarity=""  >
<token_anchor t_id="843"/>
<token_anchor t_id="844"/>
</EVENT_MENTION>
<EVENT_MENTION m_id="32" factuality="" modality="" pred="" pos="" aspect="" certainty="" comment="" class="MENTAL" tense="" polarity=""  >
<token_anchor t_id="285"/>
<token_anchor t_id="286"/>
<token_anchor t_id="287"/>
</EVENT_MENTION>
<EVENT_MENTION m_id="64" factuality="" modality="" pred="" pos="" aspect="" certainty="" comment="" class="SPACE-MOVEMENT" tense="" polarity=""  >
<token_anchor t_id="577"/>
</EVENT_MENTION>
<EVENT_MENTION m_id="96" factuality="" modality="" pred="" pos="" aspect="" certainty="" comment="" class="EXISTENCE-CAUSATION" tense="" polarity=""  >
<token_anchor t_id="846"/>
</EVENT_MENTION>


</Markables>

<Relations>
</Relations>
</Document>
