<Document doc_name="5)RIVIERA, February 25th...">
<token t_id="1" sentence="0" number="0">RIVIERA</token>
<token t_id="2" sentence="0" number="1">,</token>
<token t_id="3" sentence="0" number="2">February</token>
<token t_id="4" sentence="0" number="3">25th</token>
<token t_id="5" sentence="0" number="4">.</token>
<token t_id="6" sentence="1" number="5">Everything</token>
<token t_id="7" sentence="1" number="6">is</token>
<token t_id="8" sentence="1" number="7">delightfully</token>
<token t_id="9" sentence="1" number="8">foreign</token>
<token t_id="10" sentence="1" number="9">in</token>
<token t_id="11" sentence="1" number="10">this</token>
<token t_id="12" sentence="1" number="11">ménage</token>
<token t_id="13" sentence="1" number="12">;</token>
<token t_id="14" sentence="1" number="13">Genevra</token>
<token t_id="15" sentence="1" number="14">lives</token>
<token t_id="16" sentence="1" number="15">in</token>
<token t_id="17" sentence="1" number="16">an</token>
<token t_id="18" sentence="1" number="17">apartment</token>
<token t_id="19" sentence="1" number="18">,</token>
<token t_id="20" sentence="1" number="19">as</token>
<token t_id="21" sentence="1" number="20">most</token>
<token t_id="22" sentence="1" number="21">people</token>
<token t_id="23" sentence="1" number="22">do</token>
<token t_id="24" sentence="1" number="23">here</token>
<token t_id="25" sentence="1" number="24">;</token>
<token t_id="26" sentence="1" number="25">hers</token>
<token t_id="27" sentence="1" number="26">is</token>
<token t_id="28" sentence="1" number="27">on</token>
<token t_id="29" sentence="1" number="28">the</token>
<token t_id="30" sentence="1" number="29">second</token>
<token t_id="31" sentence="1" number="30">floor</token>
<token t_id="32" sentence="1" number="31">,</token>
<token t_id="33" sentence="1" number="32">with</token>
<token t_id="34" sentence="1" number="33">a</token>
<token t_id="35" sentence="1" number="34">huge</token>
<token t_id="36" sentence="1" number="35">salon</token>
<token t_id="37" sentence="1" number="36">on</token>
<token t_id="38" sentence="1" number="37">one</token>
<token t_id="39" sentence="1" number="38">side</token>
<token t_id="40" sentence="1" number="39">of</token>
<token t_id="41" sentence="1" number="40">the</token>
<token t_id="42" sentence="1" number="41">hall</token>
<token t_id="43" sentence="1" number="42">,</token>
<token t_id="44" sentence="1" number="43">a</token>
<token t_id="45" sentence="1" number="44">salle</token>
<token t_id="46" sentence="1" number="45">à</token>
<token t_id="47" sentence="1" number="46">manger</token>
<token t_id="48" sentence="1" number="47">on</token>
<token t_id="49" sentence="1" number="48">the</token>
<token t_id="50" sentence="1" number="49">other</token>
<token t_id="51" sentence="1" number="50">,</token>
<token t_id="52" sentence="1" number="51">and</token>
<token t_id="53" sentence="1" number="52">the</token>
<token t_id="54" sentence="1" number="53">usual</token>
<token t_id="55" sentence="1" number="54">complement</token>
<token t_id="56" sentence="1" number="55">of</token>
<token t_id="57" sentence="1" number="56">bedrooms</token>
<token t_id="58" sentence="1" number="57">,</token>
<token t_id="59" sentence="1" number="58">kitchens</token>
<token t_id="60" sentence="1" number="59">,</token>
<token t_id="61" sentence="1" number="60">and</token>
<token t_id="62" sentence="1" number="61">the</token>
<token t_id="63" sentence="1" number="62">like</token>
<token t_id="64" sentence="1" number="63">.</token>
<token t_id="65" sentence="2" number="64">This</token>
<token t_id="66" sentence="2" number="65">is</token>
<token t_id="67" sentence="2" number="66">quite</token>
<token t_id="68" sentence="2" number="67">different</token>
<token t_id="69" sentence="2" number="68">from</token>
<token t_id="70" sentence="2" number="69">anything</token>
<token t_id="71" sentence="2" number="70">we</token>
<token t_id="72" sentence="2" number="71">have</token>
<token t_id="73" sentence="2" number="72">in</token>
<token t_id="74" sentence="2" number="73">America</token>
<token t_id="75" sentence="2" number="74">,</token>
<token t_id="76" sentence="2" number="75">where</token>
<token t_id="77" sentence="2" number="76">the</token>
<token t_id="78" sentence="2" number="77">apartments</token>
<token t_id="79" sentence="2" number="78">are</token>
<token t_id="80" sentence="2" number="79">on</token>
<token t_id="81" sentence="2" number="80">a</token>
<token t_id="82" sentence="2" number="81">scale</token>
<token t_id="83" sentence="2" number="82">of</token>
<token t_id="84" sentence="2" number="83">princely</token>
<token t_id="85" sentence="2" number="84">magnificence</token>
<token t_id="86" sentence="2" number="85">,</token>
<token t_id="87" sentence="2" number="86">with</token>
<token t_id="88" sentence="2" number="87">prices</token>
<token t_id="89" sentence="2" number="88">to</token>
<token t_id="90" sentence="2" number="89">match</token>
<token t_id="91" sentence="2" number="90">,</token>
<token t_id="92" sentence="2" number="91">or</token>
<token t_id="93" sentence="2" number="92">of</token>
<token t_id="94" sentence="2" number="93">a</token>
<token t_id="95" sentence="2" number="94">simplicity</token>
<token t_id="96" sentence="2" number="95">so</token>
<token t_id="97" sentence="2" number="96">extreme</token>
<token t_id="98" sentence="2" number="97">that</token>
<token t_id="99" sentence="2" number="98">"</token>
<token t_id="100" sentence="2" number="99">flat</token>
<token t_id="101" sentence="2" number="100">"</token>
<token t_id="102" sentence="2" number="101">seems</token>
<token t_id="103" sentence="2" number="102">to</token>
<token t_id="104" sentence="2" number="103">designate</token>
<token t_id="105" sentence="2" number="104">appropriately</token>
<token t_id="106" sentence="2" number="105">both</token>
<token t_id="107" sentence="2" number="106">them</token>
<token t_id="108" sentence="2" number="107">and</token>
<token t_id="109" sentence="2" number="108">the</token>
<token t_id="110" sentence="2" number="109">condition</token>
<token t_id="111" sentence="2" number="110">of</token>
<token t_id="112" sentence="2" number="111">those</token>
<token t_id="113" sentence="2" number="112">who</token>
<token t_id="114" sentence="2" number="113">inhabit</token>
<token t_id="115" sentence="2" number="114">them</token>
<token t_id="116" sentence="2" number="115">.</token>
<token t_id="117" sentence="3" number="116">This</token>
<token t_id="118" sentence="3" number="117">apartment</token>
<token t_id="119" sentence="3" number="118">is</token>
<token t_id="120" sentence="3" number="119">really</token>
<token t_id="121" sentence="3" number="120">a</token>
<token t_id="122" sentence="3" number="121">house</token>
<token t_id="123" sentence="3" number="122">on</token>
<token t_id="124" sentence="3" number="123">one</token>
<token t_id="125" sentence="3" number="124">floor</token>
<token t_id="126" sentence="3" number="125">;</token>
<token t_id="127" sentence="3" number="126">the</token>
<token t_id="128" sentence="3" number="127">entrance</token>
<token t_id="129" sentence="3" number="128">and</token>
<token t_id="130" sentence="3" number="129">stone</token>
<token t_id="131" sentence="3" number="130">stairway</token>
<token t_id="132" sentence="3" number="131">are</token>
<token t_id="133" sentence="3" number="132">quite</token>
<token t_id="134" sentence="3" number="133">palatial</token>
<token t_id="135" sentence="3" number="134">,</token>
<token t_id="136" sentence="3" number="135">and</token>
<token t_id="137" sentence="3" number="136">yet</token>
<token t_id="138" sentence="3" number="137">it</token>
<token t_id="139" sentence="3" number="138">is</token>
<token t_id="140" sentence="3" number="139">à</token>
<token t_id="141" sentence="3" number="140">bon</token>
<token t_id="142" sentence="3" number="141">marché</token>
<token t_id="143" sentence="3" number="142">.</token>
<token t_id="144" sentence="4" number="143">The</token>
<token t_id="145" sentence="4" number="144">drawing-room</token>
<token t_id="146" sentence="4" number="145">is</token>
<token t_id="147" sentence="4" number="146">spacious</token>
<token t_id="148" sentence="4" number="147">,</token>
<token t_id="149" sentence="4" number="148">with</token>
<token t_id="150" sentence="4" number="149">windows</token>
<token t_id="151" sentence="4" number="150">to</token>
<token t_id="152" sentence="4" number="151">the</token>
<token t_id="153" sentence="4" number="152">floor</token>
<token t_id="154" sentence="4" number="153">,</token>
<token t_id="155" sentence="4" number="154">opening</token>
<token t_id="156" sentence="4" number="155">out</token>
<token t_id="157" sentence="4" number="156">on</token>
<token t_id="158" sentence="4" number="157">balconies</token>
<token t_id="159" sentence="4" number="158">on</token>
<token t_id="160" sentence="4" number="159">which</token>
<token t_id="161" sentence="4" number="160">we</token>
<token t_id="162" sentence="4" number="161">step</token>
<token t_id="163" sentence="4" number="162">out</token>
<token t_id="164" sentence="4" number="163">to</token>
<token t_id="165" sentence="4" number="164">see</token>
<token t_id="166" sentence="4" number="165">the</token>
<token t_id="167" sentence="4" number="166">bersaglieri</token>
<token t_id="168" sentence="4" number="167">drill</token>
<token t_id="169" sentence="4" number="168">in</token>
<token t_id="170" sentence="4" number="169">the</token>
<token t_id="171" sentence="4" number="170">evenings</token>
<token t_id="172" sentence="4" number="171">,</token>
<token t_id="173" sentence="4" number="172">as</token>
<token t_id="174" sentence="4" number="173">the</token>
<token t_id="175" sentence="4" number="174">children</token>
<token t_id="176" sentence="4" number="175">are</token>
<token t_id="177" sentence="4" number="176">on</token>
<token t_id="178" sentence="4" number="177">the</token>
<token t_id="179" sentence="4" number="178">qui</token>
<token t_id="180" sentence="4" number="179">vive</token>
<token t_id="181" sentence="4" number="180">from</token>
<token t_id="182" sentence="4" number="181">the</token>
<token t_id="183" sentence="4" number="182">moment</token>
<token t_id="184" sentence="4" number="183">the</token>
<token t_id="185" sentence="4" number="184">spirited</token>
<token t_id="186" sentence="4" number="185">music</token>
<token t_id="187" sentence="4" number="186">reaches</token>
<token t_id="188" sentence="4" number="187">their</token>
<token t_id="189" sentence="4" number="188">ears</token>
<token t_id="190" sentence="4" number="189">.</token>
<token t_id="191" sentence="5" number="190">Genevra</token>
<token t_id="192" sentence="5" number="191">'s</token>
<token t_id="193" sentence="5" number="192">large</token>
<token t_id="194" sentence="5" number="193">salon</token>
<token t_id="195" sentence="5" number="194">is</token>
<token t_id="196" sentence="5" number="195">heated</token>
<token t_id="197" sentence="5" number="196">by</token>
<token t_id="198" sentence="5" number="197">an</token>
<token t_id="199" sentence="5" number="198">open</token>
<token t_id="200" sentence="5" number="199">fire</token>
<token t_id="201" sentence="5" number="200">of</token>
<token t_id="202" sentence="5" number="201">olive-wood</token>
<token t_id="203" sentence="5" number="202">,</token>
<token t_id="204" sentence="5" number="203">which</token>
<token t_id="205" sentence="5" number="204">she</token>
<token t_id="206" sentence="5" number="205">says</token>
<token t_id="207" sentence="5" number="206">makes</token>
<token t_id="208" sentence="5" number="207">it</token>
<token t_id="209" sentence="5" number="208">warm</token>
<token t_id="210" sentence="5" number="209">enough</token>
<token t_id="211" sentence="5" number="210">except</token>
<token t_id="212" sentence="5" number="211">when</token>
<token t_id="213" sentence="5" number="212">the</token>
<token t_id="214" sentence="5" number="213">winters</token>
<token t_id="215" sentence="5" number="214">are</token>
<token t_id="216" sentence="5" number="215">unusually</token>
<token t_id="217" sentence="5" number="216">cold</token>
<token t_id="218" sentence="5" number="217">.</token>
<token t_id="219" sentence="6" number="218">The</token>
<token t_id="220" sentence="6" number="219">English</token>
<token t_id="221" sentence="6" number="220">ladies</token>
<token t_id="222" sentence="6" number="221">who</token>
<token t_id="223" sentence="6" number="222">come</token>
<token t_id="224" sentence="6" number="223">to</token>
<token t_id="225" sentence="6" number="224">tea</token>
<token t_id="226" sentence="6" number="225">in</token>
<token t_id="227" sentence="6" number="226">the</token>
<token t_id="228" sentence="6" number="227">afternoon</token>
<token t_id="229" sentence="6" number="228">throw</token>
<token t_id="230" sentence="6" number="229">aside</token>
<token t_id="231" sentence="6" number="230">their</token>
<token t_id="232" sentence="6" number="231">wraps</token>
<token t_id="233" sentence="6" number="232">,</token>
<token t_id="234" sentence="6" number="233">exclaiming</token>
<token t_id="235" sentence="6" number="234">,</token>
<token t_id="236" sentence="6" number="235">"</token>
<token t_id="237" sentence="6" number="236">Ah</token>
<token t_id="238" sentence="6" number="237">,</token>
<token t_id="239" sentence="6" number="238">Mrs.</token>
<token t_id="240" sentence="6" number="239">Fuller</token>
<token t_id="241" sentence="6" number="240">'s</token>
<token t_id="242" sentence="6" number="241">drawing-room</token>
<token t_id="243" sentence="6" number="242">is</token>
<token t_id="244" sentence="6" number="243">always</token>
<token t_id="245" sentence="6" number="244">so</token>
<token t_id="246" sentence="6" number="245">very</token>
<token t_id="247" sentence="6" number="246">hot</token>
<token t_id="248" sentence="6" number="247">!</token>
<token t_id="249" sentence="6" number="248">"</token>
<token t_id="250" sentence="7" number="249">Hot</token>
<token t_id="251" sentence="7" number="250">is</token>
<token t_id="252" sentence="7" number="251">not</token>
<token t_id="253" sentence="7" number="252">exactly</token>
<token t_id="254" sentence="7" number="253">the</token>
<token t_id="255" sentence="7" number="254">word</token>
<token t_id="256" sentence="7" number="255">that</token>
<token t_id="257" sentence="7" number="256">I</token>
<token t_id="258" sentence="7" number="257">should</token>
<token t_id="259" sentence="7" number="258">apply</token>
<token t_id="260" sentence="7" number="259">to</token>
<token t_id="261" sentence="7" number="260">dear</token>
<token t_id="262" sentence="7" number="261">Genevra</token>
<token t_id="263" sentence="7" number="262">'s</token>
<token t_id="264" sentence="7" number="263">pretty</token>
<token t_id="265" sentence="7" number="264">drawing-room</token>
<token t_id="266" sentence="7" number="265">,</token>
<token t_id="267" sentence="7" number="266">although</token>
<token t_id="268" sentence="7" number="267">I</token>
<token t_id="269" sentence="7" number="268">know</token>
<token t_id="270" sentence="7" number="269">that</token>
<token t_id="271" sentence="7" number="270">Lucie</token>
<token t_id="272" sentence="7" number="271">and</token>
<token t_id="273" sentence="7" number="272">Marthe</token>
<token t_id="274" sentence="7" number="273">are</token>
<token t_id="275" sentence="7" number="274">piling</token>
<token t_id="276" sentence="7" number="275">on</token>
<token t_id="277" sentence="7" number="276">extra</token>
<token t_id="278" sentence="7" number="277">wood</token>
<token t_id="279" sentence="7" number="278">all</token>
<token t_id="280" sentence="7" number="279">the</token>
<token t_id="281" sentence="7" number="280">time</token>
<token t_id="282" sentence="7" number="281">in</token>
<token t_id="283" sentence="7" number="282">compliment</token>
<token t_id="284" sentence="7" number="283">to</token>
<token t_id="285" sentence="7" number="284">Mademoiselle</token>
<token t_id="286" sentence="7" number="285">,</token>
<token t_id="287" sentence="7" number="286">the</token>
<token t_id="288" sentence="7" number="287">shivering</token>
<token t_id="289" sentence="7" number="288">American</token>
<token t_id="290" sentence="7" number="289">.</token>
<token t_id="291" sentence="8" number="290">Everything</token>
<token t_id="292" sentence="8" number="291">in</token>
<token t_id="293" sentence="8" number="292">this</token>
<token t_id="294" sentence="8" number="293">house</token>
<token t_id="295" sentence="8" number="294">moves</token>
<token t_id="296" sentence="8" number="295">with</token>
<token t_id="297" sentence="8" number="296">a</token>
<token t_id="298" sentence="8" number="297">delightful</token>
<token t_id="299" sentence="8" number="298">smoothness</token>
<token t_id="300" sentence="8" number="299">and</token>
<token t_id="301" sentence="8" number="300">ease</token>
<token t_id="302" sentence="8" number="301">,</token>
<token t_id="303" sentence="8" number="302">and</token>
<token t_id="304" sentence="8" number="303">the</token>
<token t_id="305" sentence="8" number="304">whole</token>
<token t_id="306" sentence="8" number="305">atmosphere</token>
<token t_id="307" sentence="8" number="306">of</token>
<token t_id="308" sentence="8" number="307">the</token>
<token t_id="309" sentence="8" number="308">place</token>
<token t_id="310" sentence="8" number="309">is</token>
<token t_id="311" sentence="8" number="310">indescribably</token>
<token t_id="312" sentence="8" number="311">restful</token>
<token t_id="313" sentence="8" number="312">.</token>
<token t_id="314" sentence="9" number="313">When</token>
<token t_id="315" sentence="9" number="314">I</token>
<token t_id="316" sentence="9" number="315">awake</token>
<token t_id="317" sentence="9" number="316">in</token>
<token t_id="318" sentence="9" number="317">the</token>
<token t_id="319" sentence="9" number="318">morning</token>
<token t_id="320" sentence="9" number="319">I</token>
<token t_id="321" sentence="9" number="320">touch</token>
<token t_id="322" sentence="9" number="321">a</token>
<token t_id="323" sentence="9" number="322">bell</token>
<token t_id="324" sentence="9" number="323">,</token>
<token t_id="325" sentence="9" number="324">which</token>
<token t_id="326" sentence="9" number="325">soon</token>
<token t_id="327" sentence="9" number="326">brings</token>
<token t_id="328" sentence="9" number="327">to</token>
<token t_id="329" sentence="9" number="328">my</token>
<token t_id="330" sentence="9" number="329">bedside</token>
<token t_id="331" sentence="9" number="330">the</token>
<token t_id="332" sentence="9" number="331">trim</token>
<token t_id="333" sentence="9" number="332">,</token>
<token t_id="334" sentence="9" number="333">neat-handed</token>
<token t_id="335" sentence="9" number="334">Lucie</token>
<token t_id="336" sentence="9" number="335">with</token>
<token t_id="337" sentence="9" number="336">rolls</token>
<token t_id="338" sentence="9" number="337">and</token>
<token t_id="339" sentence="9" number="338">coffee</token>
<token t_id="340" sentence="9" number="339">.</token>
<token t_id="341" sentence="10" number="340">This</token>
<token t_id="342" sentence="10" number="341">morning</token>
<token t_id="343" sentence="10" number="342">my</token>
<token t_id="344" sentence="10" number="343">breakfast-tray</token>
<token t_id="345" sentence="10" number="344">was</token>
<token t_id="346" sentence="10" number="345">glorified</token>
<token t_id="347" sentence="10" number="346">with</token>
<token t_id="348" sentence="10" number="347">great</token>
<token t_id="349" sentence="10" number="348">bunches</token>
<token t_id="350" sentence="10" number="349">of</token>
<token t_id="351" sentence="10" number="350">dark</token>
<token t_id="352" sentence="10" number="351">purple</token>
<token t_id="353" sentence="10" number="352">and</token>
<token t_id="354" sentence="10" number="353">light</token>
<token t_id="355" sentence="10" number="354">Neapolitan</token>
<token t_id="356" sentence="10" number="355">violets</token>
<token t_id="357" sentence="10" number="356">.</token>
<token t_id="358" sentence="11" number="357">"</token>
<token t_id="359" sentence="11" number="358">What</token>
<token t_id="360" sentence="11" number="359">is</token>
<token t_id="361" sentence="11" number="360">the</token>
<token t_id="362" sentence="11" number="361">meaning</token>
<token t_id="363" sentence="11" number="362">of</token>
<token t_id="364" sentence="11" number="363">this</token>
<token t_id="365" sentence="11" number="364">reckless</token>
<token t_id="366" sentence="11" number="365">extravagance</token>
<token t_id="367" sentence="11" number="366">?</token>
<token t_id="368" sentence="11" number="367">"</token>
<token t_id="369" sentence="12" number="368">I</token>
<token t_id="370" sentence="12" number="369">call</token>
<token t_id="371" sentence="12" number="370">out</token>
<token t_id="372" sentence="12" number="371">to</token>
<token t_id="373" sentence="12" number="372">Genevra</token>
<token t_id="374" sentence="12" number="373">,</token>
<token t_id="375" sentence="12" number="374">whose</token>
<token t_id="376" sentence="12" number="375">room</token>
<token t_id="377" sentence="12" number="376">is</token>
<token t_id="378" sentence="12" number="377">next</token>
<token t_id="379" sentence="12" number="378">to</token>
<token t_id="380" sentence="12" number="379">mine</token>
<token t_id="381" sentence="12" number="380">.</token>
<token t_id="382" sentence="13" number="381">"</token>
<token t_id="383" sentence="13" number="382">Extravagance</token>
<token t_id="384" sentence="13" number="383">,</token>
<token t_id="385" sentence="13" number="384">ma</token>
<token t_id="386" sentence="13" number="385">belle</token>
<token t_id="387" sentence="13" number="386">!</token>
<token t_id="388" sentence="13" number="387">"</token>
<token t_id="389" sentence="14" number="388">replies</token>
<token t_id="390" sentence="14" number="389">Genevra</token>
<token t_id="391" sentence="14" number="390">.</token>
<token t_id="392" sentence="15" number="391">"</token>
<token t_id="393" sentence="15" number="392">Flowers</token>
<token t_id="394" sentence="15" number="393">are</token>
<token t_id="395" sentence="15" number="394">one</token>
<token t_id="396" sentence="15" number="395">of</token>
<token t_id="397" sentence="15" number="396">the</token>
<token t_id="398" sentence="15" number="397">economies</token>
<token t_id="399" sentence="15" number="398">of</token>
<token t_id="400" sentence="15" number="399">San</token>
<token t_id="401" sentence="15" number="400">Remo</token>
<token t_id="402" sentence="15" number="401">.</token>
<token t_id="403" sentence="16" number="402">If</token>
<token t_id="404" sentence="16" number="403">I</token>
<token t_id="405" sentence="16" number="404">were</token>
<token t_id="406" sentence="16" number="405">to</token>
<token t_id="407" sentence="16" number="406">carpet</token>
<token t_id="408" sentence="16" number="407">your</token>
<token t_id="409" sentence="16" number="408">path</token>
<token t_id="410" sentence="16" number="409">with</token>
<token t_id="411" sentence="16" number="410">violets</token>
<token t_id="412" sentence="16" number="411">it</token>
<token t_id="413" sentence="16" number="412">would</token>
<token t_id="414" sentence="16" number="413">be</token>
<token t_id="415" sentence="16" number="414">a</token>
<token t_id="416" sentence="16" number="415">cheap</token>
<token t_id="417" sentence="16" number="416">pleasure</token>
<token t_id="418" sentence="16" number="417">for</token>
<token t_id="419" sentence="16" number="418">me</token>
<token t_id="420" sentence="16" number="419">at</token>
<token t_id="421" sentence="16" number="420">the</token>
<token t_id="422" sentence="16" number="421">rate</token>
<token t_id="423" sentence="16" number="422">of</token>
<token t_id="424" sentence="16" number="423">two</token>
<token t_id="425" sentence="16" number="424">soldi</token>
<token t_id="426" sentence="16" number="425">a</token>
<token t_id="427" sentence="16" number="426">bunch</token>
<token t_id="428" sentence="16" number="427">!</token>
<token t_id="429" sentence="16" number="428">"</token>
<token t_id="430" sentence="17" number="429">Was</token>
<token t_id="431" sentence="17" number="430">n't</token>
<token t_id="432" sentence="17" number="431">that</token>
<token t_id="433" sentence="17" number="432">like</token>
<token t_id="434" sentence="17" number="433">Genevra</token>
<token t_id="435" sentence="17" number="434">?</token>
<token t_id="436" sentence="18" number="435">-</token>
<token t_id="437" sentence="18" number="436">like</token>
<token t_id="438" sentence="18" number="437">the</token>
<token t_id="439" sentence="18" number="438">old</token>
<token t_id="440" sentence="18" number="439">Genevra</token>
<token t_id="441" sentence="18" number="440">,</token>
<token t_id="442" sentence="18" number="441">yet</token>
<token t_id="443" sentence="18" number="442">with</token>
<token t_id="444" sentence="18" number="443">a</token>
<token t_id="445" sentence="18" number="444">certain</token>
<token t_id="446" sentence="18" number="445">grace</token>
<token t_id="447" sentence="18" number="446">learned</token>
<token t_id="448" sentence="18" number="447">from</token>
<token t_id="449" sentence="18" number="448">these</token>
<token t_id="450" sentence="18" number="449">charming</token>
<token t_id="451" sentence="18" number="450">Italians</token>
<token t_id="452" sentence="18" number="451">!</token>
<token t_id="453" sentence="19" number="452">Only</token>
<token t_id="454" sentence="19" number="453">half</token>
<token t_id="455" sentence="19" number="454">believing</token>
<token t_id="456" sentence="19" number="455">her</token>
<token t_id="457" sentence="19" number="456">,</token>
<token t_id="458" sentence="19" number="457">and</token>
<token t_id="459" sentence="19" number="458">yet</token>
<token t_id="460" sentence="19" number="459">comforted</token>
<token t_id="461" sentence="19" number="460">by</token>
<token t_id="462" sentence="19" number="461">her</token>
<token t_id="463" sentence="19" number="462">assurances</token>
<token t_id="464" sentence="19" number="463">,</token>
<token t_id="465" sentence="19" number="464">I</token>
<token t_id="466" sentence="19" number="465">enjoy</token>
<token t_id="467" sentence="19" number="466">the</token>
<token t_id="468" sentence="19" number="467">delicious</token>
<token t_id="469" sentence="19" number="468">fragrance</token>
<token t_id="470" sentence="19" number="469">of</token>
<token t_id="471" sentence="19" number="470">the</token>
<token t_id="472" sentence="19" number="471">violets</token>
<token t_id="473" sentence="19" number="472">while</token>
<token t_id="474" sentence="19" number="473">I</token>
<token t_id="475" sentence="19" number="474">luxuriously</token>
<token t_id="476" sentence="19" number="475">sip</token>
<token t_id="477" sentence="19" number="476">my</token>
<token t_id="478" sentence="19" number="477">coffee</token>
<token t_id="479" sentence="19" number="478">and</token>
<token t_id="480" sentence="19" number="479">read</token>
<token t_id="481" sentence="19" number="480">the</token>
<token t_id="482" sentence="19" number="481">opening</token>
<token t_id="483" sentence="19" number="482">pages</token>
<token t_id="484" sentence="19" number="483">of</token>
<token t_id="485" sentence="19" number="484">Ruffini</token>
<token t_id="486" sentence="19" number="485">'s</token>
<token t_id="487" sentence="19" number="486">"</token>
<token t_id="488" sentence="19" number="487">Doctor</token>
<token t_id="489" sentence="19" number="488">Antonio</token>
<token t_id="490" sentence="19" number="489">.</token>
<token t_id="491" sentence="19" number="490">"</token>
<token t_id="492" sentence="20" number="491">Yesterday</token>
<token t_id="493" sentence="20" number="492">we</token>
<token t_id="494" sentence="20" number="493">drove</token>
<token t_id="495" sentence="20" number="494">to</token>
<token t_id="496" sentence="20" number="495">Bordighera</token>
<token t_id="497" sentence="20" number="496">,</token>
<token t_id="498" sentence="20" number="497">and</token>
<token t_id="499" sentence="20" number="498">Genevra</token>
<token t_id="500" sentence="20" number="499">and</token>
<token t_id="501" sentence="20" number="500">I</token>
<token t_id="502" sentence="20" number="501">tried</token>
<token t_id="503" sentence="20" number="502">to</token>
<token t_id="504" sentence="20" number="503">find</token>
<token t_id="505" sentence="20" number="504">the</token>
<token t_id="506" sentence="20" number="505">place</token>
<token t_id="507" sentence="20" number="506">near</token>
<token t_id="508" sentence="20" number="507">Ospedaletti</token>
<token t_id="509" sentence="20" number="508">where</token>
<token t_id="510" sentence="20" number="509">Sir</token>
<token t_id="511" sentence="20" number="510">John</token>
<token t_id="512" sentence="20" number="511">Davenne</token>
<token t_id="513" sentence="20" number="512">'s</token>
<token t_id="514" sentence="20" number="513">coach</token>
<token t_id="515" sentence="20" number="514">came</token>
<token t_id="516" sentence="20" number="515">to</token>
<token t_id="517" sentence="20" number="516">grief</token>
<token t_id="518" sentence="20" number="517">by</token>
<token t_id="519" sentence="20" number="518">the</token>
<token t_id="520" sentence="20" number="519">roadside</token>
<token t_id="521" sentence="20" number="520">.</token>
<token t_id="522" sentence="21" number="521">It</token>
<token t_id="523" sentence="21" number="522">was</token>
<token t_id="524" sentence="21" number="523">disappointing</token>
<token t_id="525" sentence="21" number="524">to</token>
<token t_id="526" sentence="21" number="525">find</token>
<token t_id="527" sentence="21" number="526">no</token>
<token t_id="528" sentence="21" number="527">trace</token>
<token t_id="529" sentence="21" number="528">of</token>
<token t_id="530" sentence="21" number="529">Rosa</token>
<token t_id="531" sentence="21" number="530">'s</token>
<token t_id="532" sentence="21" number="531">little</token>
<token t_id="533" sentence="21" number="532">inn</token>
<token t_id="534" sentence="21" number="533">,</token>
<token t_id="535" sentence="21" number="534">only</token>
<token t_id="536" sentence="21" number="535">great</token>
<token t_id="537" sentence="21" number="536">hotels</token>
<token t_id="538" sentence="21" number="537">,</token>
<token t_id="539" sentence="21" number="538">a</token>
<token t_id="540" sentence="21" number="539">casino</token>
<token t_id="541" sentence="21" number="540">,</token>
<token t_id="542" sentence="21" number="541">and</token>
<token t_id="543" sentence="21" number="542">all</token>
<token t_id="544" sentence="21" number="543">manner</token>
<token t_id="545" sentence="21" number="544">of</token>
<token t_id="546" sentence="21" number="545">extravagant</token>
<token t_id="547" sentence="21" number="546">and</token>
<token t_id="548" sentence="21" number="547">unromantic</token>
<token t_id="549" sentence="21" number="548">modern</token>
<token t_id="550" sentence="21" number="549">innovations</token>
<token t_id="551" sentence="21" number="550">.</token>
<token t_id="552" sentence="22" number="551">The</token>
<token t_id="553" sentence="22" number="552">sea</token>
<token t_id="554" sentence="22" number="553">and</token>
<token t_id="555" sentence="22" number="554">the</token>
<token t_id="556" sentence="22" number="555">picturesque</token>
<token t_id="557" sentence="22" number="556">coast</token>
<token t_id="558" sentence="22" number="557">are</token>
<token t_id="559" sentence="22" number="558">fortunately</token>
<token t_id="560" sentence="22" number="559">the</token>
<token t_id="561" sentence="22" number="560">same</token>
<token t_id="562" sentence="22" number="561">,</token>
<token t_id="563" sentence="22" number="562">and</token>
<token t_id="564" sentence="22" number="563">Genevra</token>
<token t_id="565" sentence="22" number="564">pointed</token>
<token t_id="566" sentence="22" number="565">out</token>
<token t_id="567" sentence="22" number="566">to</token>
<token t_id="568" sentence="22" number="567">me</token>
<token t_id="569" sentence="22" number="568">the</token>
<token t_id="570" sentence="22" number="569">great</token>
<token t_id="571" sentence="22" number="570">rock</token>
<token t_id="572" sentence="22" number="571">near</token>
<token t_id="573" sentence="22" number="572">which</token>
<token t_id="574" sentence="22" number="573">Battista</token>
<token t_id="575" sentence="22" number="574">rowed</token>
<token t_id="576" sentence="22" number="575">Lucy</token>
<token t_id="577" sentence="22" number="576">'s</token>
<token t_id="578" sentence="22" number="577">boat</token>
<token t_id="579" sentence="22" number="578">while</token>
<token t_id="580" sentence="22" number="579">Antonio</token>
<token t_id="581" sentence="22" number="580">told</token>
<token t_id="582" sentence="22" number="581">Sir</token>
<token t_id="583" sentence="22" number="582">John</token>
<token t_id="584" sentence="22" number="583">how</token>
<token t_id="585" sentence="22" number="584">cleverly</token>
<token t_id="586" sentence="22" number="585">the</token>
<token t_id="587" sentence="22" number="586">valiant</token>
<token t_id="588" sentence="22" number="587">citizens</token>
<token t_id="589" sentence="22" number="588">of</token>
<token t_id="590" sentence="22" number="589">Bordighera</token>
<token t_id="591" sentence="22" number="590">had</token>
<token t_id="592" sentence="22" number="591">here</token>
<token t_id="593" sentence="22" number="592">outwitted</token>
<token t_id="594" sentence="22" number="593">the</token>
<token t_id="595" sentence="22" number="594">British</token>
<token t_id="596" sentence="22" number="595">in</token>
<token t_id="597" sentence="22" number="596">their</token>
<token t_id="598" sentence="22" number="597">brig-of-war</token>
<token t_id="599" sentence="22" number="598">.</token>
<token t_id="600" sentence="23" number="599">And</token>
<token t_id="601" sentence="23" number="600">on</token>
<token t_id="602" sentence="23" number="601">this</token>
<token t_id="603" sentence="23" number="602">road</token>
<token t_id="604" sentence="23" number="603">the</token>
<token t_id="605" sentence="23" number="604">Doctor</token>
<token t_id="606" sentence="23" number="605">walked</token>
<token t_id="607" sentence="23" number="606">home</token>
<token t_id="608" sentence="23" number="607">by</token>
<token t_id="609" sentence="23" number="608">moonlight</token>
<token t_id="610" sentence="23" number="609">,</token>
<token t_id="611" sentence="23" number="610">after</token>
<token t_id="612" sentence="23" number="611">an</token>
<token t_id="613" sentence="23" number="612">evening</token>
<token t_id="614" sentence="23" number="613">with</token>
<token t_id="615" sentence="23" number="614">Sir</token>
<token t_id="616" sentence="23" number="615">John</token>
<token t_id="617" sentence="23" number="616">and</token>
<token t_id="618" sentence="23" number="617">Lucy</token>
<token t_id="619" sentence="23" number="618">,</token>
<token t_id="620" sentence="23" number="619">singing</token>
<token t_id="621" sentence="23" number="620">"</token>
<token t_id="622" sentence="23" number="621">O</token>
<token t_id="623" sentence="23" number="622">bell</token>
<token t_id="624" sentence="23" number="623">'</token>
<token t_id="625" sentence="23" number="624">alma</token>
<token t_id="626" sentence="23" number="625">innamorata</token>
<token t_id="627" sentence="23" number="626">!</token>
<token t_id="628" sentence="23" number="627">"</token>
<token t_id="629" sentence="24" number="628">Poor</token>
<token t_id="630" sentence="24" number="629">,</token>
<token t_id="631" sentence="24" number="630">dear</token>
<token t_id="632" sentence="24" number="631">,</token>
<token t_id="633" sentence="24" number="632">brave</token>
<token t_id="634" sentence="24" number="633">Antonio</token>
<token t_id="635" sentence="24" number="634">-</token>
<token t_id="636" sentence="24" number="635">love</token>
<token t_id="637" sentence="24" number="636">,</token>
<token t_id="638" sentence="24" number="637">dear</token>
<token t_id="639" sentence="24" number="638">love</token>
<token t_id="640" sentence="24" number="639">,</token>
<token t_id="641" sentence="24" number="640">treated</token>
<token t_id="642" sentence="24" number="641">him</token>
<token t_id="643" sentence="24" number="642">shabbily</token>
<token t_id="644" sentence="24" number="643">enough</token>
<token t_id="645" sentence="24" number="644">!</token>
<token t_id="646" sentence="25" number="645">Your</token>
<token t_id="647" sentence="25" number="646">mother</token>
<token t_id="648" sentence="25" number="647">will</token>
<token t_id="649" sentence="25" number="648">remember</token>
<token t_id="650" sentence="25" number="649">reading</token>
<token t_id="651" sentence="25" number="650">this</token>
<token t_id="652" sentence="25" number="651">story</token>
<token t_id="653" sentence="25" number="652">to</token>
<token t_id="654" sentence="25" number="653">me</token>
<token t_id="655" sentence="25" number="654">on</token>
<token t_id="656" sentence="25" number="655">one</token>
<token t_id="657" sentence="25" number="656">of</token>
<token t_id="658" sentence="25" number="657">my</token>
<token t_id="659" sentence="25" number="658">early</token>
<token t_id="660" sentence="25" number="659">visits</token>
<token t_id="661" sentence="25" number="660">to</token>
<token t_id="662" sentence="25" number="661">Woodford</token>
<token t_id="663" sentence="25" number="662">.</token>
<token t_id="664" sentence="26" number="663">Although</token>
<token t_id="665" sentence="26" number="664">I</token>
<token t_id="666" sentence="26" number="665">was</token>
<token t_id="667" sentence="26" number="666">but</token>
<token t_id="668" sentence="26" number="667">a</token>
<token t_id="669" sentence="26" number="668">child</token>
<token t_id="670" sentence="26" number="669">then</token>
<token t_id="671" sentence="26" number="670">,</token>
<token t_id="672" sentence="26" number="671">my</token>
<token t_id="673" sentence="26" number="672">wrath</token>
<token t_id="674" sentence="26" number="673">rose</token>
<token t_id="675" sentence="26" number="674">hot</token>
<token t_id="676" sentence="26" number="675">against</token>
<token t_id="677" sentence="26" number="676">Lucy</token>
<token t_id="678" sentence="26" number="677">'s</token>
<token t_id="679" sentence="26" number="678">treatment</token>
<token t_id="680" sentence="26" number="679">of</token>
<token t_id="681" sentence="26" number="680">Antonio</token>
<token t_id="682" sentence="26" number="681">.</token>
<token t_id="683" sentence="27" number="682">After</token>
<token t_id="684" sentence="27" number="683">her</token>
<token t_id="685" sentence="27" number="684">marriage</token>
<token t_id="686" sentence="27" number="685">with</token>
<token t_id="687" sentence="27" number="686">Lord</token>
<token t_id="688" sentence="27" number="687">Cleverton</token>
<token t_id="689" sentence="27" number="688">I</token>
<token t_id="690" sentence="27" number="689">refused</token>
<token t_id="691" sentence="27" number="690">to</token>
<token t_id="692" sentence="27" number="691">listen</token>
<token t_id="693" sentence="27" number="692">to</token>
<token t_id="694" sentence="27" number="693">another</token>
<token t_id="695" sentence="27" number="694">word</token>
<token t_id="696" sentence="27" number="695">about</token>
<token t_id="697" sentence="27" number="696">the</token>
<token t_id="698" sentence="27" number="697">faithless</token>
<token t_id="699" sentence="27" number="698">Lucy</token>
<token t_id="700" sentence="27" number="699">,</token>
<token t_id="701" sentence="27" number="700">until</token>
<token t_id="702" sentence="27" number="701">curiosity</token>
<token t_id="703" sentence="27" number="702">and</token>
<token t_id="704" sentence="27" number="703">a</token>
<token t_id="705" sentence="27" number="704">real</token>
<token t_id="706" sentence="27" number="705">fondness</token>
<token t_id="707" sentence="27" number="706">for</token>
<token t_id="708" sentence="27" number="707">the</token>
<token t_id="709" sentence="27" number="708">pretty</token>
<token t_id="710" sentence="27" number="709">blonde</token>
<token t_id="711" sentence="27" number="710">heroine</token>
<token t_id="712" sentence="27" number="711">sent</token>
<token t_id="713" sentence="27" number="712">me</token>
<token t_id="714" sentence="27" number="713">back</token>
<token t_id="715" sentence="27" number="714">to</token>
<token t_id="716" sentence="27" number="715">this</token>
<token t_id="717" sentence="27" number="716">saddest</token>
<token t_id="718" sentence="27" number="717">of</token>
<token t_id="719" sentence="27" number="718">stories</token>
<token t_id="720" sentence="27" number="719">,</token>
<token t_id="721" sentence="27" number="720">over</token>
<token t_id="722" sentence="27" number="721">which</token>
<token t_id="723" sentence="27" number="722">I</token>
<token t_id="724" sentence="27" number="723">wept</token>
<token t_id="725" sentence="27" number="724">as</token>
<token t_id="726" sentence="27" number="725">girls</token>
<token t_id="727" sentence="27" number="726">of</token>
<token t_id="728" sentence="27" number="727">an</token>
<token t_id="729" sentence="27" number="728">earlier</token>
<token t_id="730" sentence="27" number="729">time</token>
<token t_id="731" sentence="27" number="730">wept</token>
<token t_id="732" sentence="27" number="731">over</token>
<token t_id="733" sentence="27" number="732">"</token>
<token t_id="734" sentence="27" number="733">The</token>
<token t_id="735" sentence="27" number="734">Sorrows</token>
<token t_id="736" sentence="27" number="735">of</token>
<token t_id="737" sentence="27" number="736">Werther</token>
<token t_id="738" sentence="27" number="737">.</token>
<token t_id="739" sentence="27" number="738">"</token>
<token t_id="740" sentence="28" number="739">This</token>
<token t_id="741" sentence="28" number="740">digression</token>
<token t_id="742" sentence="28" number="741">is</token>
<token t_id="743" sentence="28" number="742">all</token>
<token t_id="744" sentence="28" number="743">apropos</token>
<token t_id="745" sentence="28" number="744">of</token>
<token t_id="746" sentence="28" number="745">Bordighera</token>
<token t_id="747" sentence="28" number="746">,</token>
<token t_id="748" sentence="28" number="747">which</token>
<token t_id="749" sentence="28" number="748">is</token>
<token t_id="750" sentence="28" number="749">most</token>
<token t_id="751" sentence="28" number="750">interesting</token>
<token t_id="752" sentence="28" number="751">aside</token>
<token t_id="753" sentence="28" number="752">from</token>
<token t_id="754" sentence="28" number="753">its</token>
<token t_id="755" sentence="28" number="754">associations</token>
<token t_id="756" sentence="28" number="755">with</token>
<token t_id="757" sentence="28" number="756">Lucy</token>
<token t_id="758" sentence="28" number="757">and</token>
<token t_id="759" sentence="28" number="758">her</token>
<token t_id="760" sentence="28" number="759">lover</token>
<token t_id="761" sentence="28" number="760">,</token>
<token t_id="762" sentence="28" number="761">with</token>
<token t_id="763" sentence="28" number="762">its</token>
<token t_id="764" sentence="28" number="763">enchanting</token>
<token t_id="765" sentence="28" number="764">Coast</token>
<token t_id="766" sentence="28" number="765">Promenade</token>
<token t_id="767" sentence="28" number="766">ending</token>
<token t_id="768" sentence="28" number="767">at</token>
<token t_id="769" sentence="28" number="768">the</token>
<token t_id="770" sentence="28" number="769">Spianata</token>
<token t_id="771" sentence="28" number="770">del</token>
<token t_id="772" sentence="28" number="771">Capo</token>
<token t_id="773" sentence="28" number="772">.</token>
<token t_id="774" sentence="29" number="773">From</token>
<token t_id="775" sentence="29" number="774">this</token>
<token t_id="776" sentence="29" number="775">promontory</token>
<token t_id="777" sentence="29" number="776">there</token>
<token t_id="778" sentence="29" number="777">is</token>
<token t_id="779" sentence="29" number="778">a</token>
<token t_id="780" sentence="29" number="779">noble</token>
<token t_id="781" sentence="29" number="780">view</token>
<token t_id="782" sentence="29" number="781">of</token>
<token t_id="783" sentence="29" number="782">Ventimiglia</token>
<token t_id="784" sentence="29" number="783">,</token>
<token t_id="785" sentence="29" number="784">Mentone</token>
<token t_id="786" sentence="29" number="785">,</token>
<token t_id="787" sentence="29" number="786">Monaco</token>
<token t_id="788" sentence="29" number="787">,</token>
<token t_id="789" sentence="29" number="788">Villafranca</token>
<token t_id="790" sentence="29" number="789">and</token>
<token t_id="791" sentence="29" number="790">its</token>
<token t_id="792" sentence="29" number="791">light-house</token>
<token t_id="793" sentence="29" number="792">;</token>
<token t_id="794" sentence="29" number="793">beyond</token>
<token t_id="795" sentence="29" number="794">is</token>
<token t_id="796" sentence="29" number="795">the</token>
<token t_id="797" sentence="29" number="796">long</token>
<token t_id="798" sentence="29" number="797">,</token>
<token t_id="799" sentence="29" number="798">low</token>
<token t_id="800" sentence="29" number="799">line</token>
<token t_id="801" sentence="29" number="800">of</token>
<token t_id="802" sentence="29" number="801">the</token>
<token t_id="803" sentence="29" number="802">French</token>
<token t_id="804" sentence="29" number="803">shore</token>
<token t_id="805" sentence="29" number="804">,</token>
<token t_id="806" sentence="29" number="805">and</token>
<token t_id="807" sentence="29" number="806">still</token>
<token t_id="808" sentence="29" number="807">beyond</token>
<token t_id="809" sentence="29" number="808">,</token>
<token t_id="810" sentence="29" number="809">the</token>
<token t_id="811" sentence="29" number="810">Maritime</token>
<token t_id="812" sentence="29" number="811">Alps</token>
<token t_id="813" sentence="29" number="812">,</token>
<token t_id="814" sentence="29" number="813">with</token>
<token t_id="815" sentence="29" number="814">flecks</token>
<token t_id="816" sentence="29" number="815">of</token>
<token t_id="817" sentence="29" number="816">snow</token>
<token t_id="818" sentence="29" number="817">upon</token>
<token t_id="819" sentence="29" number="818">their</token>
<token t_id="820" sentence="29" number="819">sides</token>
<token t_id="821" sentence="29" number="820">,</token>
<token t_id="822" sentence="29" number="821">while</token>
<token t_id="823" sentence="29" number="822">near</token>
<token t_id="824" sentence="29" number="823">us</token>
<token t_id="825" sentence="29" number="824">,</token>
<token t_id="826" sentence="29" number="825">at</token>
<token t_id="827" sentence="29" number="826">our</token>
<token t_id="828" sentence="29" number="827">feet</token>
<token t_id="829" sentence="29" number="828">,</token>
<token t_id="830" sentence="29" number="829">lies</token>
<token t_id="831" sentence="29" number="830">the</token>
<token t_id="832" sentence="29" number="831">bay</token>
<token t_id="833" sentence="29" number="832">of</token>
<token t_id="834" sentence="29" number="833">Ospedaletti</token>
<token t_id="835" sentence="29" number="834">,</token>
<token t_id="836" sentence="29" number="835">sparkling</token>
<token t_id="837" sentence="29" number="836">in</token>
<token t_id="838" sentence="29" number="837">the</token>
<token t_id="839" sentence="29" number="838">sun</token>
<token t_id="840" sentence="29" number="839">.</token>
<token t_id="841" sentence="30" number="840">Bordighera</token>
<token t_id="842" sentence="30" number="841">is</token>
<token t_id="843" sentence="30" number="842">literally</token>
<token t_id="844" sentence="30" number="843">framed</token>
<token t_id="845" sentence="30" number="844">in</token>
<token t_id="846" sentence="30" number="845">by</token>
<token t_id="847" sentence="30" number="846">palm-trees</token>
<token t_id="848" sentence="30" number="847">-</token>
<token t_id="849" sentence="30" number="848">palms</token>
<token t_id="850" sentence="30" number="849">to</token>
<token t_id="851" sentence="30" number="850">right</token>
<token t_id="852" sentence="30" number="851">,</token>
<token t_id="853" sentence="30" number="852">to</token>
<token t_id="854" sentence="30" number="853">left</token>
<token t_id="855" sentence="30" number="854">,</token>
<token t_id="856" sentence="30" number="855">everywhere</token>
<token t_id="857" sentence="30" number="856">.</token>
<token t_id="858" sentence="31" number="857">No</token>
<token t_id="859" sentence="31" number="858">wonder</token>
<token t_id="860" sentence="31" number="859">that</token>
<token t_id="861" sentence="31" number="860">this</token>
<token t_id="862" sentence="31" number="861">little</token>
<token t_id="863" sentence="31" number="862">town</token>
<token t_id="864" sentence="31" number="863">long</token>
<token t_id="865" sentence="31" number="864">had</token>
<token t_id="866" sentence="31" number="865">the</token>
<token t_id="867" sentence="31" number="866">exclusive</token>
<token t_id="868" sentence="31" number="867">honor</token>
<token t_id="869" sentence="31" number="868">of</token>
<token t_id="870" sentence="31" number="869">supplying</token>
<token t_id="871" sentence="31" number="870">the</token>
<token t_id="872" sentence="31" number="871">palms</token>
<token t_id="873" sentence="31" number="872">to</token>
<token t_id="874" sentence="31" number="873">St.</token>
<token t_id="875" sentence="31" number="874">Peter</token>
<token t_id="876" sentence="31" number="875">'s</token>
<token t_id="877" sentence="31" number="876">in</token>
<token t_id="878" sentence="31" number="877">Rome</token>
<token t_id="879" sentence="31" number="878">for</token>
<token t_id="880" sentence="31" number="879">Palm</token>
<token t_id="881" sentence="31" number="880">Sunday</token>
<token t_id="882" sentence="31" number="881">;</token>
<token t_id="883" sentence="31" number="882">but</token>
<token t_id="884" sentence="31" number="883">thereby</token>
<token t_id="885" sentence="31" number="884">hangs</token>
<token t_id="886" sentence="31" number="885">a</token>
<token t_id="887" sentence="31" number="886">tale</token>
<token t_id="888" sentence="31" number="887">which</token>
<token t_id="889" sentence="31" number="888">I</token>
<token t_id="890" sentence="31" number="889">may</token>
<token t_id="891" sentence="31" number="890">not</token>
<token t_id="892" sentence="31" number="891">relate</token>
<token t_id="893" sentence="31" number="892">to-day</token>
<token t_id="894" sentence="31" number="893">,</token>
<token t_id="895" sentence="31" number="894">as</token>
<token t_id="896" sentence="31" number="895">Genevra</token>
<token t_id="897" sentence="31" number="896">bids</token>
<token t_id="898" sentence="31" number="897">me</token>
<token t_id="899" sentence="31" number="898">drop</token>
<token t_id="900" sentence="31" number="899">my</token>
<token t_id="901" sentence="31" number="900">pen</token>
<token t_id="902" sentence="31" number="901">and</token>
<token t_id="903" sentence="31" number="902">join</token>
<token t_id="904" sentence="31" number="903">her</token>
<token t_id="905" sentence="31" number="904">and</token>
<token t_id="906" sentence="31" number="905">her</token>
<token t_id="907" sentence="31" number="906">friends</token>
<token t_id="908" sentence="31" number="907">over</token>
<token t_id="909" sentence="31" number="908">a</token>
<token t_id="910" sentence="31" number="909">cup</token>
<token t_id="911" sentence="31" number="910">of</token>
<token t_id="912" sentence="31" number="911">tea</token>
<token t_id="913" sentence="31" number="912">.</token>


<Markables>
<EVENT_MENTION m_id="33" factuality="" modality="" pred="" pos="" aspect="" certainty="" comment="" class="EXISTENCE-CAUSATION" tense="" polarity=""  >
<token_anchor t_id="251"/>
</EVENT_MENTION>
<EVENT_MENTION m_id="65" factuality="" modality="" pred="" pos="" aspect="" certainty="" comment="" class="COMMUNICATION" tense="" polarity=""  >
<token_anchor t_id="565"/>
<token_anchor t_id="566"/>
</EVENT_MENTION>
<EVENT_MENTION m_id="1" factuality="" modality="" pred="" pos="" aspect="" certainty="" comment="" class="EMOTIONS-EVALUATIONS" tense="" polarity=""  >
<token_anchor t_id="7"/>
<token_anchor t_id="8"/>
<token_anchor t_id="9"/>
</EVENT_MENTION>
<EVENT_MENTION m_id="97" factuality="" modality="" pred="" pos="" aspect="" certainty="" comment="" class="SPACE-MOVEMENT" tense="" polarity=""  >
<token_anchor t_id="899"/>
</EVENT_MENTION>
<EVENT_MENTION m_id="34" factuality="" modality="" pred="" pos="" aspect="" certainty="" comment="" class="SPACE-MOVEMENT" tense="" polarity=""  >
<token_anchor t_id="295"/>
</EVENT_MENTION>
<EVENT_MENTION m_id="66" factuality="" modality="" pred="" pos="" aspect="" certainty="" comment="" class="SPACE-MOVEMENT" tense="" polarity=""  >
<token_anchor t_id="575"/>
</EVENT_MENTION>
<EVENT_MENTION m_id="2" factuality="" modality="" pred="" pos="" aspect="" certainty="" comment="" class="GENERAL" tense="" polarity=""  >
<token_anchor t_id="12"/>
</EVENT_MENTION>
<EVENT_MENTION m_id="98" factuality="" modality="" pred="" pos="" aspect="" certainty="" comment="" class="EMOTIONS-EVALUATIONS" tense="" polarity=""  >
<token_anchor t_id="383"/>
</EVENT_MENTION>
<EVENT_MENTION m_id="35" factuality="" modality="" pred="" pos="" aspect="" certainty="" comment="" class="EMOTIONS-EVALUATIONS" tense="" polarity=""  >
<token_anchor t_id="310"/>
<token_anchor t_id="311"/>
<token_anchor t_id="312"/>
</EVENT_MENTION>
<EVENT_MENTION m_id="67" factuality="" modality="" pred="" pos="" aspect="" certainty="" comment="" class="COMMUNICATION" tense="" polarity=""  >
<token_anchor t_id="581"/>
</EVENT_MENTION>
<EVENT_MENTION m_id="3" factuality="" modality="" pred="" pos="" aspect="" certainty="" comment="" class="LIFE-HEALTH" tense="" polarity=""  >
<token_anchor t_id="15"/>
</EVENT_MENTION>
<EVENT_MENTION m_id="99" factuality="" modality="" pred="" pos="" aspect="" certainty="" comment="" class="PHYSICAL SENSATIONS" tense="" polarity=""  >
<token_anchor t_id="781"/>
</EVENT_MENTION>
<EVENT_MENTION m_id="36" factuality="" modality="" pred="" pos="" aspect="" certainty="" comment="" class="PHYSICAL SENSATIONS" tense="" polarity=""  >
<token_anchor t_id="316"/>
</EVENT_MENTION>
<EVENT_MENTION m_id="68" factuality="" modality="" pred="" pos="" aspect="" certainty="" comment="" class="MENTAL" tense="" polarity=""  >
<token_anchor t_id="593"/>
</EVENT_MENTION>
<EVENT_MENTION m_id="4" factuality="" modality="" pred="" pos="" aspect="" certainty="" comment="" class="GENERAL" tense="" polarity=""  >
<token_anchor t_id="23"/>
</EVENT_MENTION>
<EVENT_MENTION m_id="100" factuality="" modality="" pred="" pos="" aspect="" certainty="" comment="" class="PHYSICAL SENSATIONS" tense="" polarity=""  >
<token_anchor t_id="288"/>
</EVENT_MENTION>
<EVENT_MENTION m_id="37" factuality="" modality="" pred="" pos="" aspect="" certainty="" comment="" class="PHYSICAL SENSATIONS" tense="" polarity=""  >
<token_anchor t_id="321"/>
</EVENT_MENTION>
<EVENT_MENTION m_id="69" factuality="" modality="" pred="" pos="" aspect="" certainty="" comment="" class="SPACE-MOVEMENT" tense="" polarity=""  >
<token_anchor t_id="606"/>
</EVENT_MENTION>
<EVENT_MENTION m_id="5" factuality="" modality="" pred="" pos="" aspect="" certainty="" comment="" class="EXISTENCE-CAUSATION" tense="" polarity=""  >
<token_anchor t_id="27"/>
</EVENT_MENTION>
<EVENT_MENTION m_id="101" factuality="" modality="" pred="" pos="" aspect="" certainty="" comment="" class="MATTER" tense="" polarity=""  >
<token_anchor t_id="836"/>
</EVENT_MENTION>
<EVENT_MENTION m_id="38" factuality="" modality="" pred="" pos="" aspect="" certainty="" comment="" class="SPACE-MOVEMENT" tense="" polarity=""  >
<token_anchor t_id="327"/>
</EVENT_MENTION>
<EVENT_MENTION m_id="70" factuality="" modality="" pred="" pos="" aspect="" certainty="" comment="" class="ENTERTAINMENT-ART" tense="" polarity=""  >
<token_anchor t_id="620"/>
</EVENT_MENTION>
<EVENT_MENTION m_id="6" factuality="" modality="" pred="" pos="" aspect="" certainty="" comment="" class="EMOTIONS-EVALUATIONS" tense="" polarity=""  >
<token_anchor t_id="66"/>
<token_anchor t_id="67"/>
<token_anchor t_id="68"/>
</EVENT_MENTION>
<EVENT_MENTION m_id="39" factuality="" modality="" pred="" pos="" aspect="" certainty="" comment="" class="EMOTIONS-EVALUATIONS" tense="" polarity=""  >
<token_anchor t_id="306"/>
</EVENT_MENTION>
<EVENT_MENTION m_id="71" factuality="" modality="" pred="" pos="" aspect="" certainty="" comment="" class="GENERAL" tense="" polarity=""  >
<token_anchor t_id="641"/>
</EVENT_MENTION>
<EVENT_MENTION m_id="7" factuality="" modality="" pred="" pos="" aspect="" certainty="" comment="" class="POSSESSION" tense="" polarity=""  >
<token_anchor t_id="72"/>
</EVENT_MENTION>
<EVENT_MENTION m_id="40" factuality="" modality="" pred="" pos="" aspect="" certainty="" comment="" class="EMOTIONS-EVALUATIONS" tense="" polarity=""  >
<token_anchor t_id="346"/>
</EVENT_MENTION>
<EVENT_MENTION m_id="72" factuality="" modality="" pred="" pos="" aspect="" certainty="" comment="" class="MENTAL" tense="" polarity=""  >
<token_anchor t_id="649"/>
</EVENT_MENTION>
<EVENT_MENTION m_id="8" factuality="" modality="" pred="" pos="" aspect="" certainty="" comment="" class="MENTAL" tense="" polarity=""  >
<token_anchor t_id="102"/>
</EVENT_MENTION>
<EVENT_MENTION m_id="41" factuality="" modality="" pred="" pos="" aspect="" certainty="" comment="" class="EMOTIONS-EVALUATIONS" tense="" polarity=""  >
<token_anchor t_id="366"/>
</EVENT_MENTION>
<EVENT_MENTION m_id="73" factuality="" modality="" pred="" pos="" aspect="" certainty="" comment="" class="COMMUNICATION" tense="" polarity=""  >
<token_anchor t_id="650"/>
</EVENT_MENTION>
<EVENT_MENTION m_id="9" factuality="" modality="" pred="" pos="" aspect="" certainty="" comment="" class="COMMUNICATION" tense="" polarity=""  >
<token_anchor t_id="104"/>
</EVENT_MENTION>
<EVENT_MENTION m_id="42" factuality="" modality="" pred="" pos="" aspect="" certainty="" comment="" class="MENTAL" tense="" polarity=""  >
<token_anchor t_id="360"/>
<token_anchor t_id="362"/>
</EVENT_MENTION>
<EVENT_MENTION m_id="74" factuality="" modality="" pred="" pos="" aspect="" certainty="" comment="" class="SPACE-MOVEMENT" tense="" polarity=""  >
<token_anchor t_id="660"/>
</EVENT_MENTION>
<EVENT_MENTION m_id="10" factuality="" modality="" pred="" pos="" aspect="" certainty="" comment="" class="SPACE-MOVEMENT" tense="" polarity=""  >
<token_anchor t_id="114"/>
</EVENT_MENTION>
<EVENT_MENTION m_id="43" factuality="" modality="" pred="" pos="" aspect="" certainty="" comment="" class="COMMUNICATION" tense="" polarity=""  >
<token_anchor t_id="370"/>
<token_anchor t_id="371"/>
</EVENT_MENTION>
<EVENT_MENTION m_id="75" factuality="" modality="" pred="" pos="" aspect="" certainty="" comment="" class="GENERAL" tense="" polarity=""  >
<token_anchor t_id="679"/>
</EVENT_MENTION>
<EVENT_MENTION m_id="11" factuality="" modality="" pred="" pos="" aspect="" certainty="" comment="" class="EXISTENCE-CAUSATION" tense="" polarity=""  >
<token_anchor t_id="79"/>
</EVENT_MENTION>
<EVENT_MENTION m_id="44" factuality="" modality="" pred="" pos="" aspect="" certainty="" comment="" class="EXISTENCE-CAUSATION" tense="" polarity=""  >
<token_anchor t_id="377"/>
</EVENT_MENTION>
<EVENT_MENTION m_id="76" factuality="" modality="" pred="" pos="" aspect="" certainty="" comment="" class="LIFE-HEALTH" tense="" polarity=""  >
<token_anchor t_id="666"/>
<token_anchor t_id="667"/>
<token_anchor t_id="668"/>
<token_anchor t_id="669"/>
</EVENT_MENTION>
<EVENT_MENTION m_id="12" factuality="" modality="" pred="" pos="" aspect="" certainty="" comment="" class="SPACE-MOVEMENT" tense="" polarity=""  >
<token_anchor t_id="119"/>
<token_anchor t_id="120"/>
<token_anchor t_id="121"/>
<token_anchor t_id="122"/>
</EVENT_MENTION>
<EVENT_MENTION m_id="45" factuality="" modality="" pred="" pos="" aspect="" certainty="" comment="" class="COMMUNICATION" tense="" polarity=""  >
<token_anchor t_id="389"/>
</EVENT_MENTION>
<EVENT_MENTION m_id="77" factuality="" modality="" pred="" pos="" aspect="" certainty="" comment="" class="SOCIAL" tense="" polarity=""  >
<token_anchor t_id="685"/>
</EVENT_MENTION>
<EVENT_MENTION m_id="13" factuality="" modality="" pred="" pos="" aspect="" certainty="" comment="" class="MEASURE" tense="" polarity=""  >
<token_anchor t_id="132"/>
<token_anchor t_id="133"/>
<token_anchor t_id="134"/>
</EVENT_MENTION>
<EVENT_MENTION m_id="46" factuality="" modality="" pred="" pos="" aspect="" certainty="" comment="" class="TRADE-WORK" tense="" polarity=""  >
<token_anchor t_id="394"/>
<token_anchor t_id="395"/>
<token_anchor t_id="396"/>
<token_anchor t_id="397"/>
<token_anchor t_id="398"/>
</EVENT_MENTION>
<EVENT_MENTION m_id="78" factuality="" modality="" pred="" pos="" aspect="" certainty="" comment="" class="MENTAL" tense="" polarity=""  >
<token_anchor t_id="690"/>
</EVENT_MENTION>
<EVENT_MENTION m_id="14" factuality="" modality="" pred="" pos="" aspect="" certainty="" comment="" class="TRADE-WORK" tense="" polarity=""  >
<token_anchor t_id="139"/>
<token_anchor t_id="140"/>
<token_anchor t_id="141"/>
<token_anchor t_id="142"/>
</EVENT_MENTION>
<EVENT_MENTION m_id="47" factuality="" modality="" pred="" pos="" aspect="" certainty="" comment="" class="EXISTENCE-CAUSATION" tense="" polarity=""  >
<token_anchor t_id="405"/>
</EVENT_MENTION>
<EVENT_MENTION m_id="79" factuality="" modality="" pred="" pos="" aspect="" certainty="" comment="" class="PHYSICAL SENSATIONS" tense="" polarity=""  >
<token_anchor t_id="692"/>
</EVENT_MENTION>
<EVENT_MENTION m_id="15" factuality="" modality="" pred="" pos="" aspect="" certainty="" comment="" class="MEASURE" tense="" polarity=""  >
<token_anchor t_id="146"/>
<token_anchor t_id="147"/>
</EVENT_MENTION>
<EVENT_MENTION m_id="48" factuality="" modality="" pred="" pos="" aspect="" certainty="" comment="" class="SPACE-MOVEMENT" tense="" polarity=""  >
<token_anchor t_id="407"/>
</EVENT_MENTION>
<EVENT_MENTION m_id="80" factuality="" modality="" pred="" pos="" aspect="" certainty="" comment="" class="SPACE-MOVEMENT" tense="" polarity=""  >
<token_anchor t_id="712"/>
<token_anchor t_id="714"/>
</EVENT_MENTION>
<EVENT_MENTION m_id="16" factuality="" modality="" pred="" pos="" aspect="" certainty="" comment="" class="SPACE-MOVEMENT" tense="" polarity=""  >
<token_anchor t_id="155"/>
</EVENT_MENTION>
<EVENT_MENTION m_id="49" factuality="" modality="" pred="" pos="" aspect="" certainty="" comment="" class="EMOTIONS-EVALUATIONS" tense="" polarity=""  >
<token_anchor t_id="414"/>
<token_anchor t_id="415"/>
<token_anchor t_id="416"/>
<token_anchor t_id="417"/>
</EVENT_MENTION>
<EVENT_MENTION m_id="81" factuality="" modality="" pred="" pos="" aspect="" certainty="" comment="" class="EMOTIONS-EVALUATIONS" tense="" polarity=""  >
<token_anchor t_id="724"/>
</EVENT_MENTION>
<EVENT_MENTION m_id="17" factuality="" modality="" pred="" pos="" aspect="" certainty="" comment="" class="SPACE-MOVEMENT" tense="" polarity=""  >
<token_anchor t_id="162"/>
<token_anchor t_id="163"/>
</EVENT_MENTION>
<EVENT_MENTION m_id="50" factuality="" modality="" pred="" pos="" aspect="" certainty="" comment="" class="EXISTENCE-CAUSATION" tense="" polarity=""  >
<token_anchor t_id="430"/>
</EVENT_MENTION>
<EVENT_MENTION m_id="82" factuality="" modality="" pred="" pos="" aspect="" certainty="" comment="" class="EMOTIONS-EVALUATIONS" tense="" polarity=""  >
<token_anchor t_id="731"/>
</EVENT_MENTION>
<EVENT_MENTION m_id="18" factuality="" modality="" pred="" pos="" aspect="" certainty="" comment="" class="PHYSICAL SENSATIONS" tense="" polarity=""  >
<token_anchor t_id="165"/>
</EVENT_MENTION>
<EVENT_MENTION m_id="51" factuality="" modality="" pred="" pos="" aspect="" certainty="" comment="" class="EDUCATION" tense="" polarity=""  >
<token_anchor t_id="447"/>
</EVENT_MENTION>
<EVENT_MENTION m_id="83" factuality="" modality="" pred="" pos="" aspect="" certainty="" comment="" class="EXISTENCE-CAUSATION" tense="" polarity=""  >
<token_anchor t_id="742"/>
</EVENT_MENTION>
<EVENT_MENTION m_id="19" factuality="" modality="" pred="" pos="" aspect="" certainty="" comment="" class="ENTERTAINMENT-ART" tense="" polarity=""  >
<token_anchor t_id="168"/>
</EVENT_MENTION>
<EVENT_MENTION m_id="20" factuality="" modality="" pred="" pos="" aspect="" certainty="" comment="" class="EXISTENCE-CAUSATION" tense="" polarity=""  >
<token_anchor t_id="176"/>
</EVENT_MENTION>
<EVENT_MENTION m_id="52" factuality="" modality="" pred="" pos="" aspect="" certainty="" comment="" class="MENTAL" tense="" polarity=""  >
<token_anchor t_id="455"/>
</EVENT_MENTION>
<EVENT_MENTION m_id="84" factuality="" modality="" pred="" pos="" aspect="" certainty="" comment="" class="EMOTIONS-EVALUATIONS" tense="" polarity=""  >
<token_anchor t_id="749"/>
<token_anchor t_id="750"/>
<token_anchor t_id="751"/>
</EVENT_MENTION>
<EVENT_MENTION m_id="21" factuality="" modality="" pred="" pos="" aspect="" certainty="" comment="" class="SPACE-MOVEMENT" tense="" polarity=""  >
<token_anchor t_id="187"/>
</EVENT_MENTION>
<EVENT_MENTION m_id="53" factuality="" modality="" pred="" pos="" aspect="" certainty="" comment="" class="EMOTIONS-EVALUATIONS" tense="" polarity=""  >
<token_anchor t_id="460"/>
</EVENT_MENTION>
<EVENT_MENTION m_id="85" factuality="" modality="" pred="" pos="" aspect="" certainty="" comment="" class="SOCIAL" tense="" polarity=""  >
<token_anchor t_id="755"/>
</EVENT_MENTION>
<EVENT_MENTION m_id="22" factuality="" modality="" pred="" pos="" aspect="" certainty="" comment="" class="MATTER" tense="" polarity=""  >
<token_anchor t_id="196"/>
</EVENT_MENTION>
<EVENT_MENTION m_id="54" factuality="" modality="" pred="" pos="" aspect="" certainty="" comment="" class="COMMUNICATION" tense="" polarity=""  >
<token_anchor t_id="463"/>
</EVENT_MENTION>
<EVENT_MENTION m_id="86" factuality="" modality="" pred="" pos="" aspect="" certainty="" comment="" class="SPACE-MOVEMENT" tense="" polarity=""  >
<token_anchor t_id="767"/>
</EVENT_MENTION>
<EVENT_MENTION m_id="23" factuality="" modality="" pred="" pos="" aspect="" certainty="" comment="" class="COMMUNICATION" tense="" polarity=""  >
<token_anchor t_id="206"/>
</EVENT_MENTION>
<EVENT_MENTION m_id="55" factuality="" modality="" pred="" pos="" aspect="" certainty="" comment="" class="EMOTIONS-EVALUATIONS" tense="" polarity=""  >
<token_anchor t_id="466"/>
</EVENT_MENTION>
<EVENT_MENTION m_id="87" factuality="" modality="" pred="" pos="" aspect="" certainty="" comment="" class="EXISTENCE-CAUSATION" tense="" polarity=""  >
<token_anchor t_id="778"/>
</EVENT_MENTION>
<EVENT_MENTION m_id="24" factuality="" modality="" pred="" pos="" aspect="" certainty="" comment="" class="MATTER" tense="" polarity=""  >
<token_anchor t_id="215"/>
<token_anchor t_id="216"/>
<token_anchor t_id="217"/>
</EVENT_MENTION>
<EVENT_MENTION m_id="56" factuality="" modality="" pred="" pos="" aspect="" certainty="" comment="" class="FOOD-FARMING" tense="" polarity=""  >
<token_anchor t_id="476"/>
</EVENT_MENTION>
<EVENT_MENTION m_id="88" factuality="" modality="" pred="" pos="" aspect="" certainty="" comment="" class="EXISTENCE-CAUSATION" tense="" polarity=""  >
<token_anchor t_id="795"/>
</EVENT_MENTION>
<EVENT_MENTION m_id="25" factuality="" modality="" pred="" pos="" aspect="" certainty="" comment="" class="MATTER" tense="" polarity=""  >
<token_anchor t_id="207"/>
<token_anchor t_id="208"/>
<token_anchor t_id="209"/>
</EVENT_MENTION>
<EVENT_MENTION m_id="57" factuality="" modality="" pred="" pos="" aspect="" certainty="" comment="" class="COMMUNICATION" tense="" polarity=""  >
<token_anchor t_id="480"/>
</EVENT_MENTION>
<EVENT_MENTION m_id="89" factuality="" modality="" pred="" pos="" aspect="" certainty="" comment="" class="SPACE-MOVEMENT" tense="" polarity=""  >
<token_anchor t_id="830"/>
</EVENT_MENTION>
<EVENT_MENTION m_id="26" factuality="" modality="" pred="" pos="" aspect="" certainty="" comment="" class="SPACE-MOVEMENT" tense="" polarity=""  >
<token_anchor t_id="223"/>
</EVENT_MENTION>
<EVENT_MENTION m_id="58" factuality="" modality="" pred="" pos="" aspect="" certainty="" comment="" class="SPACE-MOVEMENT" tense="" polarity=""  >
<token_anchor t_id="494"/>
</EVENT_MENTION>
<EVENT_MENTION m_id="90" factuality="" modality="" pred="" pos="" aspect="" certainty="" comment="" class="SPACE-MOVEMENT" tense="" polarity=""  >
<token_anchor t_id="844"/>
</EVENT_MENTION>
<EVENT_MENTION m_id="27" factuality="" modality="" pred="" pos="" aspect="" certainty="" comment="" class="COMMUNICATION" tense="" polarity=""  >
<token_anchor t_id="234"/>
</EVENT_MENTION>
<EVENT_MENTION m_id="59" factuality="" modality="" pred="" pos="" aspect="" certainty="" comment="" class="MENTAL" tense="" polarity=""  >
<token_anchor t_id="502"/>
</EVENT_MENTION>
<EVENT_MENTION m_id="91" factuality="" modality="" pred="" pos="" aspect="" certainty="" comment="" class="POSSESSION" tense="" polarity=""  >
<token_anchor t_id="865"/>
</EVENT_MENTION>
<EVENT_MENTION m_id="28" factuality="" modality="" pred="" pos="" aspect="" certainty="" comment="" class="MATTER" tense="" polarity=""  >
<token_anchor t_id="243"/>
<token_anchor t_id="244"/>
<token_anchor t_id="245"/>
<token_anchor t_id="246"/>
<token_anchor t_id="247"/>
</EVENT_MENTION>
<EVENT_MENTION m_id="60" factuality="" modality="" pred="" pos="" aspect="" certainty="" comment="" class="GENERAL" tense="" polarity=""  >
<token_anchor t_id="504"/>
</EVENT_MENTION>
<EVENT_MENTION m_id="92" factuality="" modality="" pred="" pos="" aspect="" certainty="" comment="" class="POSSESSION" tense="" polarity=""  >
<token_anchor t_id="870"/>
</EVENT_MENTION>
<EVENT_MENTION m_id="29" factuality="" modality="" pred="" pos="" aspect="" certainty="" comment="" class="GENERAL" tense="" polarity=""  >
<token_anchor t_id="229"/>
<token_anchor t_id="230"/>
</EVENT_MENTION>
<EVENT_MENTION m_id="61" factuality="" modality="" pred="" pos="" aspect="" certainty="" comment="" class="GENERAL" tense="" polarity=""  >
<token_anchor t_id="515"/>
<token_anchor t_id="516"/>
<token_anchor t_id="517"/>
</EVENT_MENTION>
<EVENT_MENTION m_id="93" factuality="" modality="" pred="" pos="" aspect="" certainty="" comment="" class="COMMUNICATION" tense="" polarity=""  >
<token_anchor t_id="892"/>
</EVENT_MENTION>
<EVENT_MENTION m_id="30" factuality="" modality="" pred="" pos="" aspect="" certainty="" comment="" class="GENERAL" tense="" polarity=""  >
<token_anchor t_id="259"/>
</EVENT_MENTION>
<EVENT_MENTION m_id="62" factuality="" modality="" pred="" pos="" aspect="" certainty="" comment="" class="EMOTIONS-EVALUATIONS" tense="" polarity=""  >
<token_anchor t_id="524"/>
</EVENT_MENTION>
<EVENT_MENTION m_id="94" factuality="" modality="" pred="" pos="" aspect="" certainty="" comment="" class="SOCIAL" tense="" polarity=""  >
<token_anchor t_id="903"/>
</EVENT_MENTION>
<EVENT_MENTION m_id="31" factuality="" modality="" pred="" pos="" aspect="" certainty="" comment="" class="MENTAL" tense="" polarity=""  >
<token_anchor t_id="269"/>
</EVENT_MENTION>
<EVENT_MENTION m_id="63" factuality="" modality="" pred="" pos="" aspect="" certainty="" comment="" class="GENERAL" tense="" polarity=""  >
<token_anchor t_id="526"/>
</EVENT_MENTION>
<EVENT_MENTION m_id="95" factuality="" modality="" pred="" pos="" aspect="" certainty="" comment="" class="GENERAL" tense="" polarity=""  >
<token_anchor t_id="885"/>
</EVENT_MENTION>
<EVENT_MENTION m_id="32" factuality="" modality="" pred="" pos="" aspect="" certainty="" comment="" class="SPACE-MOVEMENT" tense="" polarity=""  >
<token_anchor t_id="275"/>
</EVENT_MENTION>
<EVENT_MENTION m_id="64" factuality="" modality="" pred="" pos="" aspect="" certainty="" comment="" class="EMOTIONS-EVALUATIONS" tense="" polarity=""  >
<token_anchor t_id="558"/>
<token_anchor t_id="559"/>
<token_anchor t_id="560"/>
<token_anchor t_id="561"/>
</EVENT_MENTION>
<EVENT_MENTION m_id="96" factuality="" modality="" pred="" pos="" aspect="" certainty="" comment="" class="COMMUNICATION" tense="" polarity=""  >
<token_anchor t_id="897"/>
</EVENT_MENTION>


</Markables>

<Relations>
</Relations>
</Document>
