<Document doc_name="6)RIVIERA, February 26th.txt">
<token t_id="1" sentence="0" number="0">RIVIERA</token>
<token t_id="2" sentence="0" number="1">,</token>
<token t_id="3" sentence="0" number="2">February</token>
<token t_id="4" sentence="0" number="3">26th</token>
<token t_id="5" sentence="0" number="4">.</token>
<token t_id="6" sentence="1" number="5">The</token>
<token t_id="7" sentence="1" number="6">days</token>
<token t_id="8" sentence="1" number="7">pass</token>
<token t_id="9" sentence="1" number="8">all</token>
<token t_id="10" sentence="1" number="9">too</token>
<token t_id="11" sentence="1" number="10">quickly</token>
<token t_id="12" sentence="1" number="11">in</token>
<token t_id="13" sentence="1" number="12">this</token>
<token t_id="14" sentence="1" number="13">charming</token>
<token t_id="15" sentence="1" number="14">place</token>
<token t_id="16" sentence="1" number="15">.</token>
<token t_id="17" sentence="2" number="16">My</token>
<token t_id="18" sentence="2" number="17">mornings</token>
<token t_id="19" sentence="2" number="18">are</token>
<token t_id="20" sentence="2" number="19">generally</token>
<token t_id="21" sentence="2" number="20">spent</token>
<token t_id="22" sentence="2" number="21">in</token>
<token t_id="23" sentence="2" number="22">walking</token>
<token t_id="24" sentence="2" number="23">-</token>
<token t_id="25" sentence="2" number="24">sometimes</token>
<token t_id="26" sentence="2" number="25">on</token>
<token t_id="27" sentence="2" number="26">the</token>
<token t_id="28" sentence="2" number="27">Promenade</token>
<token t_id="29" sentence="2" number="28">du</token>
<token t_id="30" sentence="2" number="29">Midi</token>
<token t_id="31" sentence="2" number="30">,</token>
<token t_id="32" sentence="2" number="31">which</token>
<token t_id="33" sentence="2" number="32">lies</token>
<token t_id="34" sentence="2" number="33">near</token>
<token t_id="35" sentence="2" number="34">the</token>
<token t_id="36" sentence="2" number="35">sea</token>
<token t_id="37" sentence="2" number="36">,</token>
<token t_id="38" sentence="2" number="37">a</token>
<token t_id="39" sentence="2" number="38">beautiful</token>
<token t_id="40" sentence="2" number="39">,</token>
<token t_id="41" sentence="2" number="40">palm-bordered</token>
<token t_id="42" sentence="2" number="41">terrace</token>
<token t_id="43" sentence="2" number="42">above</token>
<token t_id="44" sentence="2" number="43">the</token>
<token t_id="45" sentence="2" number="44">beach</token>
<token t_id="46" sentence="2" number="45">-</token>
<token t_id="47" sentence="2" number="46">or</token>
<token t_id="48" sentence="2" number="47">in</token>
<token t_id="49" sentence="2" number="48">wandering</token>
<token t_id="50" sentence="2" number="49">through</token>
<token t_id="51" sentence="2" number="50">the</token>
<token t_id="52" sentence="2" number="51">old</token>
<token t_id="53" sentence="2" number="52">quarter</token>
<token t_id="54" sentence="2" number="53">of</token>
<token t_id="55" sentence="2" number="54">San</token>
<token t_id="56" sentence="2" number="55">Remo</token>
<token t_id="57" sentence="2" number="56">,</token>
<token t_id="58" sentence="2" number="57">with</token>
<token t_id="59" sentence="2" number="58">Roger</token>
<token t_id="60" sentence="2" number="59">and</token>
<token t_id="61" sentence="2" number="60">Phœbe</token>
<token t_id="62" sentence="2" number="61">by</token>
<token t_id="63" sentence="2" number="62">my</token>
<token t_id="64" sentence="2" number="63">side</token>
<token t_id="65" sentence="2" number="64">.</token>
<token t_id="66" sentence="3" number="65">Here</token>
<token t_id="67" sentence="3" number="66">are</token>
<token t_id="68" sentence="3" number="67">narrow</token>
<token t_id="69" sentence="3" number="68">,</token>
<token t_id="70" sentence="3" number="69">precipitous</token>
<token t_id="71" sentence="3" number="70">streets</token>
<token t_id="72" sentence="3" number="71">like</token>
<token t_id="73" sentence="3" number="72">those</token>
<token t_id="74" sentence="3" number="73">of</token>
<token t_id="75" sentence="3" number="74">Genoa</token>
<token t_id="76" sentence="3" number="75">,</token>
<token t_id="77" sentence="3" number="76">in</token>
<token t_id="78" sentence="3" number="77">strong</token>
<token t_id="79" sentence="3" number="78">contrast</token>
<token t_id="80" sentence="3" number="79">with</token>
<token t_id="81" sentence="3" number="80">the</token>
<token t_id="82" sentence="3" number="81">gay</token>
<token t_id="83" sentence="3" number="82">walk</token>
<token t_id="84" sentence="3" number="83">by</token>
<token t_id="85" sentence="3" number="84">the</token>
<token t_id="86" sentence="3" number="85">sea</token>
<token t_id="87" sentence="3" number="86">,</token>
<token t_id="88" sentence="3" number="87">which</token>
<token t_id="89" sentence="3" number="88">has</token>
<token t_id="90" sentence="3" number="89">all</token>
<token t_id="91" sentence="3" number="90">the</token>
<token t_id="92" sentence="3" number="91">characteristics</token>
<token t_id="93" sentence="3" number="92">of</token>
<token t_id="94" sentence="3" number="93">a</token>
<token t_id="95" sentence="3" number="94">foreign</token>
<token t_id="96" sentence="3" number="95">watering-place</token>
<token t_id="97" sentence="3" number="96">.</token>
<token t_id="98" sentence="4" number="97">The</token>
<token t_id="99" sentence="4" number="98">vive</token>
<token t_id="100" sentence="4" number="99">la</token>
<token t_id="101" sentence="4" number="100">bagatelle</token>
<token t_id="102" sentence="4" number="101">existence</token>
<token t_id="103" sentence="4" number="102">of</token>
<token t_id="104" sentence="4" number="103">the</token>
<token t_id="105" sentence="4" number="104">Promenade</token>
<token t_id="106" sentence="4" number="105">du</token>
<token t_id="107" sentence="4" number="106">Midi</token>
<token t_id="108" sentence="4" number="107">is</token>
<token t_id="109" sentence="4" number="108">not</token>
<token t_id="110" sentence="4" number="109">without</token>
<token t_id="111" sentence="4" number="110">its</token>
<token t_id="112" sentence="4" number="111">charm</token>
<token t_id="113" sentence="4" number="112">once</token>
<token t_id="114" sentence="4" number="113">in</token>
<token t_id="115" sentence="4" number="114">a</token>
<token t_id="116" sentence="4" number="115">while</token>
<token t_id="117" sentence="4" number="116">,</token>
<token t_id="118" sentence="4" number="117">but</token>
<token t_id="119" sentence="4" number="118">in</token>
<token t_id="120" sentence="4" number="119">the</token>
<token t_id="121" sentence="4" number="120">winding</token>
<token t_id="122" sentence="4" number="121">streets</token>
<token t_id="123" sentence="4" number="122">of</token>
<token t_id="124" sentence="4" number="123">the</token>
<token t_id="125" sentence="4" number="124">old</token>
<token t_id="126" sentence="4" number="125">town</token>
<token t_id="127" sentence="4" number="126">is</token>
<token t_id="128" sentence="4" number="127">the</token>
<token t_id="129" sentence="4" number="128">typical</token>
<token t_id="130" sentence="4" number="129">life</token>
<token t_id="131" sentence="4" number="130">of</token>
<token t_id="132" sentence="4" number="131">San</token>
<token t_id="133" sentence="4" number="132">Remo</token>
<token t_id="134" sentence="4" number="133">.</token>
<token t_id="135" sentence="5" number="134">We</token>
<token t_id="136" sentence="5" number="135">watch</token>
<token t_id="137" sentence="5" number="136">the</token>
<token t_id="138" sentence="5" number="137">vendors</token>
<token t_id="139" sentence="5" number="138">of</token>
<token t_id="140" sentence="5" number="139">fruit</token>
<token t_id="141" sentence="5" number="140">,</token>
<token t_id="142" sentence="5" number="141">vegetables</token>
<token t_id="143" sentence="5" number="142">,</token>
<token t_id="144" sentence="5" number="143">nuts</token>
<token t_id="145" sentence="5" number="144">,</token>
<token t_id="146" sentence="5" number="145">and</token>
<token t_id="147" sentence="5" number="146">herbs</token>
<token t_id="148" sentence="5" number="147">displaying</token>
<token t_id="149" sentence="5" number="148">their</token>
<token t_id="150" sentence="5" number="149">simple</token>
<token t_id="151" sentence="5" number="150">wares</token>
<token t_id="152" sentence="5" number="151">upon</token>
<token t_id="153" sentence="5" number="152">the</token>
<token t_id="154" sentence="5" number="153">sidewalk</token>
<token t_id="155" sentence="5" number="154">,</token>
<token t_id="156" sentence="5" number="155">or</token>
<token t_id="157" sentence="5" number="156">stroll</token>
<token t_id="158" sentence="5" number="157">down</token>
<token t_id="159" sentence="5" number="158">by</token>
<token t_id="160" sentence="5" number="159">the</token>
<token t_id="161" sentence="5" number="160">bank</token>
<token t_id="162" sentence="5" number="161">where</token>
<token t_id="163" sentence="5" number="162">the</token>
<token t_id="164" sentence="5" number="163">washing</token>
<token t_id="165" sentence="5" number="164">is</token>
<token t_id="166" sentence="5" number="165">done</token>
<token t_id="167" sentence="5" number="166">,</token>
<token t_id="168" sentence="5" number="167">picturesquely</token>
<token t_id="169" sentence="5" number="168">,</token>
<token t_id="170" sentence="5" number="169">if</token>
<token t_id="171" sentence="5" number="170">somewhat</token>
<token t_id="172" sentence="5" number="171">laboriously</token>
<token t_id="173" sentence="5" number="172">,</token>
<token t_id="174" sentence="5" number="173">in</token>
<token t_id="175" sentence="5" number="174">the</token>
<token t_id="176" sentence="5" number="175">open</token>
<token t_id="177" sentence="5" number="176">.</token>
<token t_id="178" sentence="6" number="177">The</token>
<token t_id="179" sentence="6" number="178">lavandaie</token>
<token t_id="180" sentence="6" number="179">are</token>
<token t_id="181" sentence="6" number="180">,</token>
<token t_id="182" sentence="6" number="181">most</token>
<token t_id="183" sentence="6" number="182">of</token>
<token t_id="184" sentence="6" number="183">them</token>
<token t_id="185" sentence="6" number="184">,</token>
<token t_id="186" sentence="6" number="185">vigorous</token>
<token t_id="187" sentence="6" number="186">young</token>
<token t_id="188" sentence="6" number="187">creatures</token>
<token t_id="189" sentence="6" number="188">,</token>
<token t_id="190" sentence="6" number="189">and</token>
<token t_id="191" sentence="6" number="190">as</token>
<token t_id="192" sentence="6" number="191">they</token>
<token t_id="193" sentence="6" number="192">beat</token>
<token t_id="194" sentence="6" number="193">the</token>
<token t_id="195" sentence="6" number="194">clothes</token>
<token t_id="196" sentence="6" number="195">against</token>
<token t_id="197" sentence="6" number="196">the</token>
<token t_id="198" sentence="6" number="197">stones</token>
<token t_id="199" sentence="6" number="198">or</token>
<token t_id="200" sentence="6" number="199">rinse</token>
<token t_id="201" sentence="6" number="200">them</token>
<token t_id="202" sentence="6" number="201">in</token>
<token t_id="203" sentence="6" number="202">the</token>
<token t_id="204" sentence="6" number="203">clear</token>
<token t_id="205" sentence="6" number="204">,</token>
<token t_id="206" sentence="6" number="205">running</token>
<token t_id="207" sentence="6" number="206">water</token>
<token t_id="208" sentence="6" number="207">,</token>
<token t_id="209" sentence="6" number="208">their</token>
<token t_id="210" sentence="6" number="209">merry</token>
<token t_id="211" sentence="6" number="210">chatter</token>
<token t_id="212" sentence="6" number="211">and</token>
<token t_id="213" sentence="6" number="212">laughter</token>
<token t_id="214" sentence="6" number="213">suggest</token>
<token t_id="215" sentence="6" number="214">social</token>
<token t_id="216" sentence="6" number="215">joys</token>
<token t_id="217" sentence="6" number="216">even</token>
<token t_id="218" sentence="6" number="217">beyond</token>
<token t_id="219" sentence="6" number="218">those</token>
<token t_id="220" sentence="6" number="219">of</token>
<token t_id="221" sentence="6" number="220">our</token>
<token t_id="222" sentence="6" number="221">voluble</token>
<token t_id="223" sentence="6" number="222">Bridgets</token>
<token t_id="224" sentence="6" number="223">at</token>
<token t_id="225" sentence="6" number="224">home</token>
<token t_id="226" sentence="6" number="225">.</token>
<token t_id="227" sentence="7" number="226">Your</token>
<token t_id="228" sentence="7" number="227">mother</token>
<token t_id="229" sentence="7" number="228">'s</token>
<token t_id="230" sentence="7" number="229">favorite</token>
<token t_id="231" sentence="7" number="230">saw</token>
<token t_id="232" sentence="7" number="231">about</token>
<token t_id="233" sentence="7" number="232">the</token>
<token t_id="234" sentence="7" number="233">back</token>
<token t_id="235" sentence="7" number="234">being</token>
<token t_id="236" sentence="7" number="235">fitted</token>
<token t_id="237" sentence="7" number="236">to</token>
<token t_id="238" sentence="7" number="237">the</token>
<token t_id="239" sentence="7" number="238">burden</token>
<token t_id="240" sentence="7" number="239">often</token>
<token t_id="241" sentence="7" number="240">recurs</token>
<token t_id="242" sentence="7" number="241">to</token>
<token t_id="243" sentence="7" number="242">me</token>
<token t_id="244" sentence="7" number="243">here</token>
<token t_id="245" sentence="7" number="244">.</token>
<token t_id="246" sentence="8" number="245">If</token>
<token t_id="247" sentence="8" number="246">these</token>
<token t_id="248" sentence="8" number="247">peasants</token>
<token t_id="249" sentence="8" number="248">are</token>
<token t_id="250" sentence="8" number="249">poor</token>
<token t_id="251" sentence="8" number="250">,</token>
<token t_id="252" sentence="8" number="251">their</token>
<token t_id="253" sentence="8" number="252">wants</token>
<token t_id="254" sentence="8" number="253">are</token>
<token t_id="255" sentence="8" number="254">few</token>
<token t_id="256" sentence="8" number="255">,</token>
<token t_id="257" sentence="8" number="256">they</token>
<token t_id="258" sentence="8" number="257">live</token>
<token t_id="259" sentence="8" number="258">in</token>
<token t_id="260" sentence="8" number="259">a</token>
<token t_id="261" sentence="8" number="260">divine</token>
<token t_id="262" sentence="8" number="261">climate</token>
<token t_id="263" sentence="8" number="262">,</token>
<token t_id="264" sentence="8" number="263">the</token>
<token t_id="265" sentence="8" number="264">whole</token>
<token t_id="266" sentence="8" number="265">of</token>
<token t_id="267" sentence="8" number="266">the</token>
<token t_id="268" sentence="8" number="267">out-of-doors</token>
<token t_id="269" sentence="8" number="268">is</token>
<token t_id="270" sentence="8" number="269">theirs</token>
<token t_id="271" sentence="8" number="270">,</token>
<token t_id="272" sentence="8" number="271">and</token>
<token t_id="273" sentence="8" number="272">,</token>
<token t_id="274" sentence="8" number="273">above</token>
<token t_id="275" sentence="8" number="274">all</token>
<token t_id="276" sentence="8" number="275">,</token>
<token t_id="277" sentence="8" number="276">they</token>
<token t_id="278" sentence="8" number="277">have</token>
<token t_id="279" sentence="8" number="278">dispositions</token>
<token t_id="280" sentence="8" number="279">and</token>
<token t_id="281" sentence="8" number="280">digestions</token>
<token t_id="282" sentence="8" number="281">that</token>
<token t_id="283" sentence="8" number="282">may</token>
<token t_id="284" sentence="8" number="283">well</token>
<token t_id="285" sentence="8" number="284">cause</token>
<token t_id="286" sentence="8" number="285">them</token>
<token t_id="287" sentence="8" number="286">to</token>
<token t_id="288" sentence="8" number="287">be</token>
<token t_id="289" sentence="8" number="288">envied</token>
<token t_id="290" sentence="8" number="289">of</token>
<token t_id="291" sentence="8" number="290">princes</token>
<token t_id="292" sentence="8" number="291">.</token>
<token t_id="293" sentence="9" number="292">Dr.</token>
<token t_id="294" sentence="9" number="293">A.</token>
<token t_id="295" sentence="9" number="294">,</token>
<token t_id="296" sentence="9" number="295">Genevra</token>
<token t_id="297" sentence="9" number="296">'s</token>
<token t_id="298" sentence="9" number="297">physician</token>
<token t_id="299" sentence="9" number="298">,</token>
<token t_id="300" sentence="9" number="299">tells</token>
<token t_id="301" sentence="9" number="300">me</token>
<token t_id="302" sentence="9" number="301">that</token>
<token t_id="303" sentence="9" number="302">the</token>
<token t_id="304" sentence="9" number="303">peasants</token>
<token t_id="305" sentence="9" number="304">here</token>
<token t_id="306" sentence="9" number="305">are</token>
<token t_id="307" sentence="9" number="306">usually</token>
<token t_id="308" sentence="9" number="307">healthy</token>
<token t_id="309" sentence="9" number="308">and</token>
<token t_id="310" sentence="9" number="309">the</token>
<token t_id="311" sentence="9" number="310">children</token>
<token t_id="312" sentence="9" number="311">as</token>
<token t_id="313" sentence="9" number="312">robust</token>
<token t_id="314" sentence="9" number="313">as</token>
<token t_id="315" sentence="9" number="314">they</token>
<token t_id="316" sentence="9" number="315">are</token>
<token t_id="317" sentence="9" number="316">handsome</token>
<token t_id="318" sentence="9" number="317">.</token>
<token t_id="319" sentence="10" number="318">This</token>
<token t_id="320" sentence="10" number="319">Italian</token>
<token t_id="321" sentence="10" number="320">gentleman</token>
<token t_id="322" sentence="10" number="321">is</token>
<token t_id="323" sentence="10" number="322">one</token>
<token t_id="324" sentence="10" number="323">of</token>
<token t_id="325" sentence="10" number="324">the</token>
<token t_id="326" sentence="10" number="325">interesting</token>
<token t_id="327" sentence="10" number="326">characters</token>
<token t_id="328" sentence="10" number="327">of</token>
<token t_id="329" sentence="10" number="328">San</token>
<token t_id="330" sentence="10" number="329">Remo</token>
<token t_id="331" sentence="10" number="330">.</token>
<token t_id="332" sentence="11" number="331">I</token>
<token t_id="333" sentence="11" number="332">always</token>
<token t_id="334" sentence="11" number="333">feel</token>
<token t_id="335" sentence="11" number="334">like</token>
<token t_id="336" sentence="11" number="335">calling</token>
<token t_id="337" sentence="11" number="336">him</token>
<token t_id="338" sentence="11" number="337">Doctor</token>
<token t_id="339" sentence="11" number="338">Antonio</token>
<token t_id="340" sentence="11" number="339">,</token>
<token t_id="341" sentence="11" number="340">for</token>
<token t_id="342" sentence="11" number="341">although</token>
<token t_id="343" sentence="11" number="342">Dr.</token>
<token t_id="344" sentence="11" number="343">A.</token>
<token t_id="345" sentence="11" number="344">has</token>
<token t_id="346" sentence="11" number="345">travelled</token>
<token t_id="347" sentence="11" number="346">extensively</token>
<token t_id="348" sentence="11" number="347">,</token>
<token t_id="349" sentence="11" number="348">and</token>
<token t_id="350" sentence="11" number="349">speaks</token>
<token t_id="351" sentence="11" number="350">English</token>
<token t_id="352" sentence="11" number="351">perfectly</token>
<token t_id="353" sentence="11" number="352">,</token>
<token t_id="354" sentence="11" number="353">he</token>
<token t_id="355" sentence="11" number="354">is</token>
<token t_id="356" sentence="11" number="355">quite</token>
<token t_id="357" sentence="11" number="356">Italian</token>
<token t_id="358" sentence="11" number="357">in</token>
<token t_id="359" sentence="11" number="358">appearance</token>
<token t_id="360" sentence="11" number="359">and</token>
<token t_id="361" sentence="11" number="360">manner</token>
<token t_id="362" sentence="11" number="361">,</token>
<token t_id="363" sentence="11" number="362">and</token>
<token t_id="364" sentence="11" number="363">so</token>
<token t_id="365" sentence="11" number="364">loyally</token>
<token t_id="366" sentence="11" number="365">devoted</token>
<token t_id="367" sentence="11" number="366">to</token>
<token t_id="368" sentence="11" number="367">his</token>
<token t_id="369" sentence="11" number="368">Italy</token>
<token t_id="370" sentence="11" number="369">that</token>
<token t_id="371" sentence="11" number="370">I</token>
<token t_id="372" sentence="11" number="371">am</token>
<token t_id="373" sentence="11" number="372">quite</token>
<token t_id="374" sentence="11" number="373">sure</token>
<token t_id="375" sentence="11" number="374">he</token>
<token t_id="376" sentence="11" number="375">would</token>
<token t_id="377" sentence="11" number="376">have</token>
<token t_id="378" sentence="11" number="377">sacrificed</token>
<token t_id="379" sentence="11" number="378">life</token>
<token t_id="380" sentence="11" number="379">and</token>
<token t_id="381" sentence="11" number="380">fortune</token>
<token t_id="382" sentence="11" number="381">to</token>
<token t_id="383" sentence="11" number="382">her</token>
<token t_id="384" sentence="11" number="383">cause</token>
<token t_id="385" sentence="11" number="384">had</token>
<token t_id="386" sentence="11" number="385">he</token>
<token t_id="387" sentence="11" number="386">lived</token>
<token t_id="388" sentence="11" number="387">in</token>
<token t_id="389" sentence="11" number="388">the</token>
<token t_id="390" sentence="11" number="389">stirring</token>
<token t_id="391" sentence="11" number="390">times</token>
<token t_id="392" sentence="11" number="391">that</token>
<token t_id="393" sentence="11" number="392">developed</token>
<token t_id="394" sentence="11" number="393">Ruffini</token>
<token t_id="395" sentence="11" number="394">'s</token>
<token t_id="396" sentence="11" number="395">heroic</token>
<token t_id="397" sentence="11" number="396">Doctor</token>
<token t_id="398" sentence="11" number="397">Antonio</token>
<token t_id="399" sentence="11" number="398">.</token>
<token t_id="400" sentence="12" number="399">On</token>
<token t_id="401" sentence="12" number="400">Sunday</token>
<token t_id="402" sentence="12" number="401">afternoon</token>
<token t_id="403" sentence="12" number="402">Roger</token>
<token t_id="404" sentence="12" number="403">and</token>
<token t_id="405" sentence="12" number="404">Phœbe</token>
<token t_id="406" sentence="12" number="405">drove</token>
<token t_id="407" sentence="12" number="406">me</token>
<token t_id="408" sentence="12" number="407">up</token>
<token t_id="409" sentence="12" number="408">to</token>
<token t_id="410" sentence="12" number="409">the</token>
<token t_id="411" sentence="12" number="410">little</token>
<token t_id="412" sentence="12" number="411">sanctuary</token>
<token t_id="413" sentence="12" number="412">of</token>
<token t_id="414" sentence="12" number="413">the</token>
<token t_id="415" sentence="12" number="414">Madonna</token>
<token t_id="416" sentence="12" number="415">della</token>
<token t_id="417" sentence="12" number="416">Guardia</token>
<token t_id="418" sentence="12" number="417">.</token>
<token t_id="419" sentence="13" number="418">Our</token>
<token t_id="420" sentence="13" number="419">road</token>
<token t_id="421" sentence="13" number="420">crossed</token>
<token t_id="422" sentence="13" number="421">that</token>
<token t_id="423" sentence="13" number="422">leading</token>
<token t_id="424" sentence="13" number="423">to</token>
<token t_id="425" sentence="13" number="424">Bussana</token>
<token t_id="426" sentence="13" number="425">Vecchia</token>
<token t_id="427" sentence="13" number="426">,</token>
<token t_id="428" sentence="13" number="427">which</token>
<token t_id="429" sentence="13" number="428">picturesque</token>
<token t_id="430" sentence="13" number="429">ruin</token>
<token t_id="431" sentence="13" number="430">attracts</token>
<token t_id="432" sentence="13" number="431">me</token>
<token t_id="433" sentence="13" number="432">by</token>
<token t_id="434" sentence="13" number="433">its</token>
<token t_id="435" sentence="13" number="434">mystery</token>
<token t_id="436" sentence="13" number="435">and</token>
<token t_id="437" sentence="13" number="436">its</token>
<token t_id="438" sentence="13" number="437">remoteness</token>
<token t_id="439" sentence="13" number="438">from</token>
<token t_id="440" sentence="13" number="439">the</token>
<token t_id="441" sentence="13" number="440">life</token>
<token t_id="442" sentence="13" number="441">of</token>
<token t_id="443" sentence="13" number="442">to-day</token>
<token t_id="444" sentence="13" number="443">.</token>
<token t_id="445" sentence="14" number="444">If</token>
<token t_id="446" sentence="14" number="445">you</token>
<token t_id="447" sentence="14" number="446">were</token>
<token t_id="448" sentence="14" number="447">here</token>
<token t_id="449" sentence="14" number="448">you</token>
<token t_id="450" sentence="14" number="449">would</token>
<token t_id="451" sentence="14" number="450">certainly</token>
<token t_id="452" sentence="14" number="451">explore</token>
<token t_id="453" sentence="14" number="452">the</token>
<token t_id="454" sentence="14" number="453">remains</token>
<token t_id="455" sentence="14" number="454">of</token>
<token t_id="456" sentence="14" number="455">this</token>
<token t_id="457" sentence="14" number="456">old</token>
<token t_id="458" sentence="14" number="457">town</token>
<token t_id="459" sentence="14" number="458">,</token>
<token t_id="460" sentence="14" number="459">and</token>
<token t_id="461" sentence="14" number="460">perhaps</token>
<token t_id="462" sentence="14" number="461">you</token>
<token t_id="463" sentence="14" number="462">would</token>
<token t_id="464" sentence="14" number="463">take</token>
<token t_id="465" sentence="14" number="464">me</token>
<token t_id="466" sentence="14" number="465">with</token>
<token t_id="467" sentence="14" number="466">you</token>
<token t_id="468" sentence="14" number="467">through</token>
<token t_id="469" sentence="14" number="468">its</token>
<token t_id="470" sentence="14" number="469">silent</token>
<token t_id="471" sentence="14" number="470">streets</token>
<token t_id="472" sentence="14" number="471">.</token>
<token t_id="473" sentence="15" number="472">Just</token>
<token t_id="474" sentence="15" number="473">now</token>
<token t_id="475" sentence="15" number="474">fate</token>
<token t_id="476" sentence="15" number="475">seems</token>
<token t_id="477" sentence="15" number="476">to</token>
<token t_id="478" sentence="15" number="477">be</token>
<token t_id="479" sentence="15" number="478">against</token>
<token t_id="480" sentence="15" number="479">my</token>
<token t_id="481" sentence="15" number="480">seeing</token>
<token t_id="482" sentence="15" number="481">it</token>
<token t_id="483" sentence="15" number="482">.</token>
<token t_id="484" sentence="16" number="483">On</token>
<token t_id="485" sentence="16" number="484">Saturday</token>
<token t_id="486" sentence="16" number="485">,</token>
<token t_id="487" sentence="16" number="486">when</token>
<token t_id="488" sentence="16" number="487">we</token>
<token t_id="489" sentence="16" number="488">were</token>
<token t_id="490" sentence="16" number="489">all</token>
<token t_id="491" sentence="16" number="490">ready</token>
<token t_id="492" sentence="16" number="491">to</token>
<token t_id="493" sentence="16" number="492">set</token>
<token t_id="494" sentence="16" number="493">forth</token>
<token t_id="495" sentence="16" number="494">,</token>
<token t_id="496" sentence="16" number="495">the</token>
<token t_id="497" sentence="16" number="496">rain</token>
<token t_id="498" sentence="16" number="497">fell</token>
<token t_id="499" sentence="16" number="498">in</token>
<token t_id="500" sentence="16" number="499">torrents</token>
<token t_id="501" sentence="16" number="500">,</token>
<token t_id="502" sentence="16" number="501">and</token>
<token t_id="503" sentence="16" number="502">on</token>
<token t_id="504" sentence="16" number="503">Sunday</token>
<token t_id="505" sentence="16" number="504">there</token>
<token t_id="506" sentence="16" number="505">was</token>
<token t_id="507" sentence="16" number="506">no</token>
<token t_id="508" sentence="16" number="507">time</token>
<token t_id="509" sentence="16" number="508">to</token>
<token t_id="510" sentence="16" number="509">stop</token>
<token t_id="511" sentence="16" number="510">on</token>
<token t_id="512" sentence="16" number="511">our</token>
<token t_id="513" sentence="16" number="512">way</token>
<token t_id="514" sentence="16" number="513">to</token>
<token t_id="515" sentence="16" number="514">Capo</token>
<token t_id="516" sentence="16" number="515">Verde</token>
<token t_id="517" sentence="16" number="516">,</token>
<token t_id="518" sentence="16" number="517">so</token>
<token t_id="519" sentence="16" number="518">Bussana</token>
<token t_id="520" sentence="16" number="519">Vecchia</token>
<token t_id="521" sentence="16" number="520">seems</token>
<token t_id="522" sentence="16" number="521">destined</token>
<token t_id="523" sentence="16" number="522">to</token>
<token t_id="524" sentence="16" number="523">be</token>
<token t_id="525" sentence="16" number="524">my</token>
<token t_id="526" sentence="16" number="525">"</token>
<token t_id="527" sentence="16" number="526">Carcassonne</token>
<token t_id="528" sentence="16" number="527">.</token>
<token t_id="529" sentence="16" number="528">"</token>
<token t_id="530" sentence="17" number="529">The</token>
<token t_id="531" sentence="17" number="530">little</token>
<token t_id="532" sentence="17" number="531">sanctuary</token>
<token t_id="533" sentence="17" number="532">of</token>
<token t_id="534" sentence="17" number="533">the</token>
<token t_id="535" sentence="17" number="534">Madonna</token>
<token t_id="536" sentence="17" number="535">della</token>
<token t_id="537" sentence="17" number="536">Guardia</token>
<token t_id="538" sentence="17" number="537">is</token>
<token t_id="539" sentence="17" number="538">built</token>
<token t_id="540" sentence="17" number="539">,</token>
<token t_id="541" sentence="17" number="540">like</token>
<token t_id="542" sentence="17" number="541">the</token>
<token t_id="543" sentence="17" number="542">home</token>
<token t_id="544" sentence="17" number="543">of</token>
<token t_id="545" sentence="17" number="544">the</token>
<token t_id="546" sentence="17" number="545">wise</token>
<token t_id="547" sentence="17" number="546">man</token>
<token t_id="548" sentence="17" number="547">of</token>
<token t_id="549" sentence="17" number="548">the</token>
<token t_id="550" sentence="17" number="549">Scriptures</token>
<token t_id="551" sentence="17" number="550">,</token>
<token t_id="552" sentence="17" number="551">upon</token>
<token t_id="553" sentence="17" number="552">a</token>
<token t_id="554" sentence="17" number="553">rock</token>
<token t_id="555" sentence="17" number="554">,</token>
<token t_id="556" sentence="17" number="555">crowning</token>
<token t_id="557" sentence="17" number="556">the</token>
<token t_id="558" sentence="17" number="557">promontory</token>
<token t_id="559" sentence="17" number="558">of</token>
<token t_id="560" sentence="17" number="559">Capo</token>
<token t_id="561" sentence="17" number="560">Verde</token>
<token t_id="562" sentence="17" number="561">.</token>
<token t_id="563" sentence="18" number="562">From</token>
<token t_id="564" sentence="18" number="563">the</token>
<token t_id="565" sentence="18" number="564">heights</token>
<token t_id="566" sentence="18" number="565">there</token>
<token t_id="567" sentence="18" number="566">is</token>
<token t_id="568" sentence="18" number="567">a</token>
<token t_id="569" sentence="18" number="568">fine</token>
<token t_id="570" sentence="18" number="569">panorama</token>
<token t_id="571" sentence="18" number="570">,</token>
<token t_id="572" sentence="18" number="571">as</token>
<token t_id="573" sentence="18" number="572">they</token>
<token t_id="574" sentence="18" number="573">say</token>
<token t_id="575" sentence="18" number="574">here</token>
<token t_id="576" sentence="18" number="575">,</token>
<token t_id="577" sentence="18" number="576">of</token>
<token t_id="578" sentence="18" number="577">sea</token>
<token t_id="579" sentence="18" number="578">and</token>
<token t_id="580" sentence="18" number="579">shore</token>
<token t_id="581" sentence="18" number="580">;</token>
<token t_id="582" sentence="18" number="581">Taggia</token>
<token t_id="583" sentence="18" number="582">and</token>
<token t_id="584" sentence="18" number="583">Poggio</token>
<token t_id="585" sentence="18" number="584">were</token>
<token t_id="586" sentence="18" number="585">at</token>
<token t_id="587" sentence="18" number="586">our</token>
<token t_id="588" sentence="18" number="587">feet</token>
<token t_id="589" sentence="18" number="588">as</token>
<token t_id="590" sentence="18" number="589">we</token>
<token t_id="591" sentence="18" number="590">stood</token>
<token t_id="592" sentence="18" number="591">on</token>
<token t_id="593" sentence="18" number="592">the</token>
<token t_id="594" sentence="18" number="593">shelving</token>
<token t_id="595" sentence="18" number="594">rock</token>
<token t_id="596" sentence="18" number="595">,</token>
<token t_id="597" sentence="18" number="596">which</token>
<token t_id="598" sentence="18" number="597">overhangs</token>
<token t_id="599" sentence="18" number="598">a</token>
<token t_id="600" sentence="18" number="599">sheer</token>
<token t_id="601" sentence="18" number="600">declivity</token>
<token t_id="602" sentence="18" number="601">of</token>
<token t_id="603" sentence="18" number="602">many</token>
<token t_id="604" sentence="18" number="603">feet</token>
<token t_id="605" sentence="18" number="604">.</token>
<token t_id="606" sentence="19" number="605">In</token>
<token t_id="607" sentence="19" number="606">the</token>
<token t_id="608" sentence="19" number="607">church</token>
<token t_id="609" sentence="19" number="608">there</token>
<token t_id="610" sentence="19" number="609">is</token>
<token t_id="611" sentence="19" number="610">a</token>
<token t_id="612" sentence="19" number="611">collection</token>
<token t_id="613" sentence="19" number="612">of</token>
<token t_id="614" sentence="19" number="613">curious</token>
<token t_id="615" sentence="19" number="614">pictures</token>
<token t_id="616" sentence="19" number="615">,</token>
<token t_id="617" sentence="19" number="616">votive</token>
<token t_id="618" sentence="19" number="617">offerings</token>
<token t_id="619" sentence="19" number="618">,</token>
<token t_id="620" sentence="19" number="619">representing</token>
<token t_id="621" sentence="19" number="620">men</token>
<token t_id="622" sentence="19" number="621">and</token>
<token t_id="623" sentence="19" number="622">women</token>
<token t_id="624" sentence="19" number="623">in</token>
<token t_id="625" sentence="19" number="624">the</token>
<token t_id="626" sentence="19" number="625">midst</token>
<token t_id="627" sentence="19" number="626">of</token>
<token t_id="628" sentence="19" number="627">deadly</token>
<token t_id="629" sentence="19" number="628">peril</token>
<token t_id="630" sentence="19" number="629">by</token>
<token t_id="631" sentence="19" number="630">field</token>
<token t_id="632" sentence="19" number="631">and</token>
<token t_id="633" sentence="19" number="632">flood</token>
<token t_id="634" sentence="19" number="633">:</token>
<token t_id="635" sentence="19" number="634">fishermen</token>
<token t_id="636" sentence="19" number="635">in</token>
<token t_id="637" sentence="19" number="636">boats</token>
<token t_id="638" sentence="19" number="637">tossing</token>
<token t_id="639" sentence="19" number="638">upon</token>
<token t_id="640" sentence="19" number="639">stormy</token>
<token t_id="641" sentence="19" number="640">seas</token>
<token t_id="642" sentence="19" number="641">,</token>
<token t_id="643" sentence="19" number="642">and</token>
<token t_id="644" sentence="19" number="643">carriage-loads</token>
<token t_id="645" sentence="19" number="644">of</token>
<token t_id="646" sentence="19" number="645">pleasure-seekers</token>
<token t_id="647" sentence="19" number="646">pitching</token>
<token t_id="648" sentence="19" number="647">down</token>
<token t_id="649" sentence="19" number="648">precipices</token>
<token t_id="650" sentence="19" number="649">or</token>
<token t_id="651" sentence="19" number="650">dashing</token>
<token t_id="652" sentence="19" number="651">along</token>
<token t_id="653" sentence="19" number="652">the</token>
<token t_id="654" sentence="19" number="653">road</token>
<token t_id="655" sentence="19" number="654">at</token>
<token t_id="656" sentence="19" number="655">the</token>
<token t_id="657" sentence="19" number="656">mercy</token>
<token t_id="658" sentence="19" number="657">of</token>
<token t_id="659" sentence="19" number="658">steeds</token>
<token t_id="660" sentence="19" number="659">as</token>
<token t_id="661" sentence="19" number="660">wild</token>
<token t_id="662" sentence="19" number="661">as</token>
<token t_id="663" sentence="19" number="662">that</token>
<token t_id="664" sentence="19" number="663">of</token>
<token t_id="665" sentence="19" number="664">Mazeppa</token>
<token t_id="666" sentence="19" number="665">.</token>
<token t_id="667" sentence="20" number="666">All</token>
<token t_id="668" sentence="20" number="667">of</token>
<token t_id="669" sentence="20" number="668">these</token>
<token t_id="670" sentence="20" number="669">good</token>
<token t_id="671" sentence="20" number="670">people</token>
<token t_id="672" sentence="20" number="671">,</token>
<token t_id="673" sentence="20" number="672">as</token>
<token t_id="674" sentence="20" number="673">appears</token>
<token t_id="675" sentence="20" number="674">from</token>
<token t_id="676" sentence="20" number="675">the</token>
<token t_id="677" sentence="20" number="676">expressions</token>
<token t_id="678" sentence="20" number="677">of</token>
<token t_id="679" sentence="20" number="678">gratitude</token>
<token t_id="680" sentence="20" number="679">recorded</token>
<token t_id="681" sentence="20" number="680">in</token>
<token t_id="682" sentence="20" number="681">the</token>
<token t_id="683" sentence="20" number="682">several</token>
<token t_id="684" sentence="20" number="683">paintings</token>
<token t_id="685" sentence="20" number="684">,</token>
<token t_id="686" sentence="20" number="685">were</token>
<token t_id="687" sentence="20" number="686">saved</token>
<token t_id="688" sentence="20" number="687">from</token>
<token t_id="689" sentence="20" number="688">sudden</token>
<token t_id="690" sentence="20" number="689">and</token>
<token t_id="691" sentence="20" number="690">horrible</token>
<token t_id="692" sentence="20" number="691">death</token>
<token t_id="693" sentence="20" number="692">by</token>
<token t_id="694" sentence="20" number="693">the</token>
<token t_id="695" sentence="20" number="694">powerful</token>
<token t_id="696" sentence="20" number="695">intervention</token>
<token t_id="697" sentence="20" number="696">of</token>
<token t_id="698" sentence="20" number="697">the</token>
<token t_id="699" sentence="20" number="698">gentle</token>
<token t_id="700" sentence="20" number="699">Mother</token>
<token t_id="701" sentence="20" number="700">of</token>
<token t_id="702" sentence="20" number="701">Sorrows</token>
<token t_id="703" sentence="20" number="702">and</token>
<token t_id="704" sentence="20" number="703">Mercies</token>
<token t_id="705" sentence="20" number="704">.</token>
<token t_id="706" sentence="21" number="705">I</token>
<token t_id="707" sentence="21" number="706">am</token>
<token t_id="708" sentence="21" number="707">finishing</token>
<token t_id="709" sentence="21" number="708">this</token>
<token t_id="710" sentence="21" number="709">letter</token>
<token t_id="711" sentence="21" number="710">while</token>
<token t_id="712" sentence="21" number="711">Genevra</token>
<token t_id="713" sentence="21" number="712">sings</token>
<token t_id="714" sentence="21" number="713">to</token>
<token t_id="715" sentence="21" number="714">the</token>
<token t_id="716" sentence="21" number="715">children</token>
<token t_id="717" sentence="21" number="716">their</token>
<token t_id="718" sentence="21" number="717">good-night</token>
<token t_id="719" sentence="21" number="718">songs</token>
<token t_id="720" sentence="21" number="719">and</token>
<token t_id="721" sentence="21" number="720">tucks</token>
<token t_id="722" sentence="21" number="721">them</token>
<token t_id="723" sentence="21" number="722">into</token>
<token t_id="724" sentence="21" number="723">their</token>
<token t_id="725" sentence="21" number="724">beds</token>
<token t_id="726" sentence="21" number="725">.</token>
<token t_id="727" sentence="22" number="726">To-morrow</token>
<token t_id="728" sentence="22" number="727">will</token>
<token t_id="729" sentence="22" number="728">be</token>
<token t_id="730" sentence="22" number="729">a</token>
<token t_id="731" sentence="22" number="730">full</token>
<token t_id="732" sentence="22" number="731">day</token>
<token t_id="733" sentence="22" number="732">,</token>
<token t_id="734" sentence="22" number="733">with</token>
<token t_id="735" sentence="22" number="734">some</token>
<token t_id="736" sentence="22" number="735">commissions</token>
<token t_id="737" sentence="22" number="736">to</token>
<token t_id="738" sentence="22" number="737">be</token>
<token t_id="739" sentence="22" number="738">attended</token>
<token t_id="740" sentence="22" number="739">to</token>
<token t_id="741" sentence="22" number="740">at</token>
<token t_id="742" sentence="22" number="741">the</token>
<token t_id="743" sentence="22" number="742">shops</token>
<token t_id="744" sentence="22" number="743">,</token>
<token t_id="745" sentence="22" number="744">which</token>
<token t_id="746" sentence="22" number="745">are</token>
<token t_id="747" sentence="22" number="746">tempting</token>
<token t_id="748" sentence="22" number="747">here</token>
<token t_id="749" sentence="22" number="748">,</token>
<token t_id="750" sentence="22" number="749">two</token>
<token t_id="751" sentence="22" number="750">or</token>
<token t_id="752" sentence="22" number="751">three</token>
<token t_id="753" sentence="22" number="752">visits</token>
<token t_id="754" sentence="22" number="753">,</token>
<token t_id="755" sentence="22" number="754">and</token>
<token t_id="756" sentence="22" number="755">an</token>
<token t_id="757" sentence="22" number="756">afternoon</token>
<token t_id="758" sentence="22" number="757">tea</token>
<token t_id="759" sentence="22" number="758">with</token>
<token t_id="760" sentence="22" number="759">some</token>
<token t_id="761" sentence="22" number="760">charming</token>
<token t_id="762" sentence="22" number="761">Scotch</token>
<token t_id="763" sentence="22" number="762">ladies</token>
<token t_id="764" sentence="22" number="763">at</token>
<token t_id="765" sentence="22" number="764">the</token>
<token t_id="766" sentence="22" number="765">Hôtel</token>
<token t_id="767" sentence="22" number="766">de</token>
<token t_id="768" sentence="22" number="767">Londres</token>
<token t_id="769" sentence="22" number="768">.</token>
<token t_id="770" sentence="23" number="769">The</token>
<token t_id="771" sentence="23" number="770">day</token>
<token t_id="772" sentence="23" number="771">following</token>
<token t_id="773" sentence="23" number="772">I</token>
<token t_id="774" sentence="23" number="773">leave</token>
<token t_id="775" sentence="23" number="774">here</token>
<token t_id="776" sentence="23" number="775">for</token>
<token t_id="777" sentence="23" number="776">Nice</token>
<token t_id="778" sentence="23" number="777">,</token>
<token t_id="779" sentence="23" number="778">having</token>
<token t_id="780" sentence="23" number="779">decided</token>
<token t_id="781" sentence="23" number="780">to</token>
<token t_id="782" sentence="23" number="781">meet</token>
<token t_id="783" sentence="23" number="782">Zelphine</token>
<token t_id="784" sentence="23" number="783">and</token>
<token t_id="785" sentence="23" number="784">Angela</token>
<token t_id="786" sentence="23" number="785">there</token>
<token t_id="787" sentence="23" number="786">instead</token>
<token t_id="788" sentence="23" number="787">of</token>
<token t_id="789" sentence="23" number="788">at</token>
<token t_id="790" sentence="23" number="789">Genoa</token>
<token t_id="791" sentence="23" number="790">as</token>
<token t_id="792" sentence="23" number="791">I</token>
<token t_id="793" sentence="23" number="792">had</token>
<token t_id="794" sentence="23" number="793">intended</token>
<token t_id="795" sentence="23" number="794">.</token>
<token t_id="796" sentence="24" number="795">This</token>
<token t_id="797" sentence="24" number="796">change</token>
<token t_id="798" sentence="24" number="797">of</token>
<token t_id="799" sentence="24" number="798">plan</token>
<token t_id="800" sentence="24" number="799">is</token>
<token t_id="801" sentence="24" number="800">made</token>
<token t_id="802" sentence="24" number="801">in</token>
<token t_id="803" sentence="24" number="802">order</token>
<token t_id="804" sentence="24" number="803">that</token>
<token t_id="805" sentence="24" number="804">we</token>
<token t_id="806" sentence="24" number="805">may</token>
<token t_id="807" sentence="24" number="806">take</token>
<token t_id="808" sentence="24" number="807">the</token>
<token t_id="809" sentence="24" number="808">famous</token>
<token t_id="810" sentence="24" number="809">drive</token>
<token t_id="811" sentence="24" number="810">from</token>
<token t_id="812" sentence="24" number="811">Nice</token>
<token t_id="813" sentence="24" number="812">to</token>
<token t_id="814" sentence="24" number="813">Genoa</token>
<token t_id="815" sentence="24" number="814">,</token>
<token t_id="816" sentence="24" number="815">which</token>
<token t_id="817" sentence="24" number="816">Dr.</token>
<token t_id="818" sentence="24" number="817">A.</token>
<token t_id="819" sentence="24" number="818">assures</token>
<token t_id="820" sentence="24" number="819">me</token>
<token t_id="821" sentence="24" number="820">is</token>
<token t_id="822" sentence="24" number="821">not</token>
<token t_id="823" sentence="24" number="822">as</token>
<token t_id="824" sentence="24" number="823">dangerous</token>
<token t_id="825" sentence="24" number="824">as</token>
<token t_id="826" sentence="24" number="825">it</token>
<token t_id="827" sentence="24" number="826">appears</token>
<token t_id="828" sentence="24" number="827">,</token>
<token t_id="829" sentence="24" number="828">and</token>
<token t_id="830" sentence="24" number="829">in</token>
<token t_id="831" sentence="24" number="830">beauty</token>
<token t_id="832" sentence="24" number="831">more</token>
<token t_id="833" sentence="24" number="832">nearly</token>
<token t_id="834" sentence="24" number="833">approaches</token>
<token t_id="835" sentence="24" number="834">the</token>
<token t_id="836" sentence="24" number="835">description</token>
<token t_id="837" sentence="24" number="836">of</token>
<token t_id="838" sentence="24" number="837">Paradise</token>
<token t_id="839" sentence="24" number="838">than</token>
<token t_id="840" sentence="24" number="839">anything</token>
<token t_id="841" sentence="24" number="840">else</token>
<token t_id="842" sentence="24" number="841">to</token>
<token t_id="843" sentence="24" number="842">be</token>
<token t_id="844" sentence="24" number="843">seen</token>
<token t_id="845" sentence="24" number="844">upon</token>
<token t_id="846" sentence="24" number="845">earthly</token>
<token t_id="847" sentence="24" number="846">shores</token>
<token t_id="848" sentence="24" number="847">.</token>
<token t_id="849" sentence="25" number="848">If</token>
<token t_id="850" sentence="25" number="849">we</token>
<token t_id="851" sentence="25" number="850">make</token>
<token t_id="852" sentence="25" number="851">the</token>
<token t_id="853" sentence="25" number="852">trip</token>
<token t_id="854" sentence="25" number="853">in</token>
<token t_id="855" sentence="25" number="854">an</token>
<token t_id="856" sentence="25" number="855">automobile</token>
<token t_id="857" sentence="25" number="856">,</token>
<token t_id="858" sentence="25" number="857">which</token>
<token t_id="859" sentence="25" number="858">we</token>
<token t_id="860" sentence="25" number="859">shall</token>
<token t_id="861" sentence="25" number="860">probably</token>
<token t_id="862" sentence="25" number="861">do</token>
<token t_id="863" sentence="25" number="862">,</token>
<token t_id="864" sentence="25" number="863">we</token>
<token t_id="865" sentence="25" number="864">shall</token>
<token t_id="866" sentence="25" number="865">have</token>
<token t_id="867" sentence="25" number="866">a</token>
<token t_id="868" sentence="25" number="867">couple</token>
<token t_id="869" sentence="25" number="868">of</token>
<token t_id="870" sentence="25" number="869">hours</token>
<token t_id="871" sentence="25" number="870">to</token>
<token t_id="872" sentence="25" number="871">spend</token>
<token t_id="873" sentence="25" number="872">here</token>
<token t_id="874" sentence="25" number="873">with</token>
<token t_id="875" sentence="25" number="874">Genevra</token>
<token t_id="876" sentence="25" number="875">en</token>
<token t_id="877" sentence="25" number="876">route</token>
<token t_id="878" sentence="25" number="877">for</token>
<token t_id="879" sentence="25" number="878">Genoa</token>
<token t_id="880" sentence="25" number="879">,</token>
<token t_id="881" sentence="25" number="880">which</token>
<token t_id="882" sentence="25" number="881">anticipation</token>
<token t_id="883" sentence="25" number="882">helps</token>
<token t_id="884" sentence="25" number="883">to</token>
<token t_id="885" sentence="25" number="884">console</token>
<token t_id="886" sentence="25" number="885">her</token>
<token t_id="887" sentence="25" number="886">for</token>
<token t_id="888" sentence="25" number="887">her</token>
<token t_id="889" sentence="25" number="888">disappointment</token>
<token t_id="890" sentence="25" number="889">in</token>
<token t_id="891" sentence="25" number="890">losing</token>
<token t_id="892" sentence="25" number="891">two</token>
<token t_id="893" sentence="25" number="892">days</token>
<token t_id="894" sentence="25" number="893">of</token>
<token t_id="895" sentence="25" number="894">my</token>
<token t_id="896" sentence="25" number="895">visit</token>
<token t_id="897" sentence="25" number="896">.</token>
<token t_id="898" sentence="26" number="897">She</token>
<token t_id="899" sentence="26" number="898">will</token>
<token t_id="900" sentence="26" number="899">then</token>
<token t_id="901" sentence="26" number="900">be</token>
<token t_id="902" sentence="26" number="901">able</token>
<token t_id="903" sentence="26" number="902">to</token>
<token t_id="904" sentence="26" number="903">judge</token>
<token t_id="905" sentence="26" number="904">for</token>
<token t_id="906" sentence="26" number="905">herself</token>
<token t_id="907" sentence="26" number="906">whether</token>
<token t_id="908" sentence="26" number="907">Angela</token>
<token t_id="909" sentence="26" number="908">is</token>
<token t_id="910" sentence="26" number="909">as</token>
<token t_id="911" sentence="26" number="910">pretty</token>
<token t_id="912" sentence="26" number="911">as</token>
<token t_id="913" sentence="26" number="912">I</token>
<token t_id="914" sentence="26" number="913">have</token>
<token t_id="915" sentence="26" number="914">described</token>
<token t_id="916" sentence="26" number="915">her</token>
<token t_id="917" sentence="26" number="916">and</token>
<token t_id="918" sentence="26" number="917">whether</token>
<token t_id="919" sentence="26" number="918">Zelphine</token>
<token t_id="920" sentence="26" number="919">is</token>
<token t_id="921" sentence="26" number="920">as</token>
<token t_id="922" sentence="26" number="921">charming</token>
<token t_id="923" sentence="26" number="922">with</token>
<token t_id="924" sentence="26" number="923">white</token>
<token t_id="925" sentence="26" number="924">hair</token>
<token t_id="926" sentence="26" number="925">as</token>
<token t_id="927" sentence="26" number="926">with</token>
<token t_id="928" sentence="26" number="927">brown</token>
<token t_id="929" sentence="26" number="928">,</token>
<token t_id="930" sentence="26" number="929">questions</token>
<token t_id="931" sentence="26" number="930">that</token>
<token t_id="932" sentence="26" number="931">may</token>
<token t_id="933" sentence="26" number="932">seem</token>
<token t_id="934" sentence="26" number="933">of</token>
<token t_id="935" sentence="26" number="934">little</token>
<token t_id="936" sentence="26" number="935">moment</token>
<token t_id="937" sentence="26" number="936">to</token>
<token t_id="938" sentence="26" number="937">the</token>
<token t_id="939" sentence="26" number="938">masculine</token>
<token t_id="940" sentence="26" number="939">mind</token>
<token t_id="941" sentence="26" number="940">,</token>
<token t_id="942" sentence="26" number="941">but</token>
<token t_id="943" sentence="26" number="942">are</token>
<token t_id="944" sentence="26" number="943">deeply</token>
<token t_id="945" sentence="26" number="944">interesting</token>
<token t_id="946" sentence="26" number="945">to</token>
<token t_id="947" sentence="26" number="946">Genevra</token>
<token t_id="948" sentence="26" number="947">.</token>
<token t_id="949" sentence="27" number="948">She</token>
<token t_id="950" sentence="27" number="949">will</token>
<token t_id="951" sentence="27" number="950">be</token>
<token t_id="952" sentence="27" number="951">calling</token>
<token t_id="953" sentence="27" number="952">me</token>
<token t_id="954" sentence="27" number="953">soon</token>
<token t_id="955" sentence="27" number="954">to</token>
<token t_id="956" sentence="27" number="955">join</token>
<token t_id="957" sentence="27" number="956">her</token>
<token t_id="958" sentence="27" number="957">at</token>
<token t_id="959" sentence="27" number="958">what</token>
<token t_id="960" sentence="27" number="959">Macaulay</token>
<token t_id="961" sentence="27" number="960">calls</token>
<token t_id="962" sentence="27" number="961">"</token>
<token t_id="963" sentence="27" number="962">the</token>
<token t_id="964" sentence="27" number="963">curling</token>
<token t_id="965" sentence="27" number="964">hour</token>
<token t_id="966" sentence="27" number="965">,</token>
<token t_id="967" sentence="27" number="966">"</token>
<token t_id="968" sentence="27" number="967">which</token>
<token t_id="969" sentence="27" number="968">we</token>
<token t_id="970" sentence="27" number="969">count</token>
<token t_id="971" sentence="27" number="970">the</token>
<token t_id="972" sentence="27" number="971">best</token>
<token t_id="973" sentence="27" number="972">in</token>
<token t_id="974" sentence="27" number="973">the</token>
<token t_id="975" sentence="27" number="974">twenty-four</token>
<token t_id="976" sentence="27" number="975">.</token>
<token t_id="977" sentence="28" number="976">Lucie</token>
<token t_id="978" sentence="28" number="977">heaps</token>
<token t_id="979" sentence="28" number="978">up</token>
<token t_id="980" sentence="28" number="979">the</token>
<token t_id="981" sentence="28" number="980">olive-wood</token>
<token t_id="982" sentence="28" number="981">on</token>
<token t_id="983" sentence="28" number="982">the</token>
<token t_id="984" sentence="28" number="983">hearth</token>
<token t_id="985" sentence="28" number="984">until</token>
<token t_id="986" sentence="28" number="985">it</token>
<token t_id="987" sentence="28" number="986">blazes</token>
<token t_id="988" sentence="28" number="987">brightly</token>
<token t_id="989" sentence="28" number="988">,</token>
<token t_id="990" sentence="28" number="989">and</token>
<token t_id="991" sentence="28" number="990">places</token>
<token t_id="992" sentence="28" number="991">a</token>
<token t_id="993" sentence="28" number="992">tray</token>
<token t_id="994" sentence="28" number="993">with</token>
<token t_id="995" sentence="28" number="994">chocolate</token>
<token t_id="996" sentence="28" number="995">before</token>
<token t_id="997" sentence="28" number="996">us</token>
<token t_id="998" sentence="28" number="997">.</token>
<token t_id="999" sentence="29" number="998">Thus</token>
<token t_id="1000" sentence="29" number="999">cheered</token>
<token t_id="1001" sentence="29" number="1000">and</token>
<token t_id="1002" sentence="29" number="1001">sustained</token>
<token t_id="1003" sentence="29" number="1002">we</token>
<token t_id="1004" sentence="29" number="1003">gossip</token>
<token t_id="1005" sentence="29" number="1004">into</token>
<token t_id="1006" sentence="29" number="1005">"</token>
<token t_id="1007" sentence="29" number="1006">the</token>
<token t_id="1008" sentence="29" number="1007">wee</token>
<token t_id="1009" sentence="29" number="1008">,</token>
<token t_id="1010" sentence="29" number="1009">sma</token>
<token t_id="1011" sentence="29" number="1010">'</token>
<token t_id="1012" sentence="29" number="1011">hours</token>
<token t_id="1013" sentence="29" number="1012">.</token>
<token t_id="1014" sentence="29" number="1013">"</token>
<token t_id="1015" sentence="30" number="1014">Genevra</token>
<token t_id="1016" sentence="30" number="1015">asks</token>
<token t_id="1017" sentence="30" number="1016">so</token>
<token t_id="1018" sentence="30" number="1017">many</token>
<token t_id="1019" sentence="30" number="1018">questions</token>
<token t_id="1020" sentence="30" number="1019">about</token>
<token t_id="1021" sentence="30" number="1020">her</token>
<token t_id="1022" sentence="30" number="1021">old</token>
<token t_id="1023" sentence="30" number="1022">friends</token>
<token t_id="1024" sentence="30" number="1023">that</token>
<token t_id="1025" sentence="30" number="1024">we</token>
<token t_id="1026" sentence="30" number="1025">should</token>
<token t_id="1027" sentence="30" number="1026">have</token>
<token t_id="1028" sentence="30" number="1027">to</token>
<token t_id="1029" sentence="30" number="1028">talk</token>
<token t_id="1030" sentence="30" number="1029">until</token>
<token t_id="1031" sentence="30" number="1030">the</token>
<token t_id="1032" sentence="30" number="1031">cocks</token>
<token t_id="1033" sentence="30" number="1032">crow</token>
<token t_id="1034" sentence="30" number="1033">if</token>
<token t_id="1035" sentence="30" number="1034">I</token>
<token t_id="1036" sentence="30" number="1035">were</token>
<token t_id="1037" sentence="30" number="1036">to</token>
<token t_id="1038" sentence="30" number="1037">answer</token>
<token t_id="1039" sentence="30" number="1038">them</token>
<token t_id="1040" sentence="30" number="1039">all</token>
<token t_id="1041" sentence="30" number="1040">.</token>
<token t_id="1042" sentence="31" number="1041">By</token>
<token t_id="1043" sentence="31" number="1042">the</token>
<token t_id="1044" sentence="31" number="1043">way</token>
<token t_id="1045" sentence="31" number="1044">,</token>
<token t_id="1046" sentence="31" number="1045">do</token>
<token t_id="1047" sentence="31" number="1046">your</token>
<token t_id="1048" sentence="31" number="1047">ears</token>
<token t_id="1049" sentence="31" number="1048">ever</token>
<token t_id="1050" sentence="31" number="1049">burn</token>
<token t_id="1051" sentence="31" number="1050">these</token>
<token t_id="1052" sentence="31" number="1051">nights</token>
<token t_id="1053" sentence="31" number="1052">about</token>
<token t_id="1054" sentence="31" number="1053">twelve</token>
<token t_id="1055" sentence="31" number="1054">o</token>
<token t_id="1056" sentence="31" number="1055">'</token>
<token t_id="1057" sentence="31" number="1056">the</token>
<token t_id="1058" sentence="31" number="1057">clock</token>
<token t_id="1059" sentence="31" number="1058">?</token>
<token t_id="1060" sentence="32" number="1059">She</token>
<token t_id="1061" sentence="32" number="1060">often</token>
<token t_id="1062" sentence="32" number="1061">talks</token>
<token t_id="1063" sentence="32" number="1062">of</token>
<token t_id="1064" sentence="32" number="1063">you</token>
<token t_id="1065" sentence="32" number="1064">,</token>
<token t_id="1066" sentence="32" number="1065">asks</token>
<token t_id="1067" sentence="32" number="1066">if</token>
<token t_id="1068" sentence="32" number="1067">you</token>
<token t_id="1069" sentence="32" number="1068">have</token>
<token t_id="1070" sentence="32" number="1069">grown</token>
<token t_id="1071" sentence="32" number="1070">more</token>
<token t_id="1072" sentence="32" number="1071">sedate</token>
<token t_id="1073" sentence="32" number="1072">with</token>
<token t_id="1074" sentence="32" number="1073">added</token>
<token t_id="1075" sentence="32" number="1074">years</token>
<token t_id="1076" sentence="32" number="1075">and</token>
<token t_id="1077" sentence="32" number="1076">dignities</token>
<token t_id="1078" sentence="32" number="1077">,</token>
<token t_id="1079" sentence="32" number="1078">whether</token>
<token t_id="1080" sentence="32" number="1079">you</token>
<token t_id="1081" sentence="32" number="1080">have</token>
<token t_id="1082" sentence="32" number="1081">lost</token>
<token t_id="1083" sentence="32" number="1082">your</token>
<token t_id="1084" sentence="32" number="1083">habit</token>
<token t_id="1085" sentence="32" number="1084">of</token>
<token t_id="1086" sentence="32" number="1085">jesting</token>
<token t_id="1087" sentence="32" number="1086">,</token>
<token t_id="1088" sentence="32" number="1087">and</token>
<token t_id="1089" sentence="32" number="1088">speaks</token>
<token t_id="1090" sentence="32" number="1089">of</token>
<token t_id="1091" sentence="32" number="1090">a</token>
<token t_id="1092" sentence="32" number="1091">certain</token>
<token t_id="1093" sentence="32" number="1092">merry</token>
<token t_id="1094" sentence="32" number="1093">twinkle</token>
<token t_id="1095" sentence="32" number="1094">in</token>
<token t_id="1096" sentence="32" number="1095">the</token>
<token t_id="1097" sentence="32" number="1096">corner</token>
<token t_id="1098" sentence="32" number="1097">of</token>
<token t_id="1099" sentence="32" number="1098">your</token>
<token t_id="1100" sentence="32" number="1099">eye</token>
<token t_id="1101" sentence="32" number="1100">which</token>
<token t_id="1102" sentence="32" number="1101">used</token>
<token t_id="1103" sentence="32" number="1102">to</token>
<token t_id="1104" sentence="32" number="1103">betray</token>
<token t_id="1105" sentence="32" number="1104">you</token>
<token t_id="1106" sentence="32" number="1105">when</token>
<token t_id="1107" sentence="32" number="1106">mischief</token>
<token t_id="1108" sentence="32" number="1107">was</token>
<token t_id="1109" sentence="32" number="1108">brewing</token>
<token t_id="1110" sentence="32" number="1109">-</token>
<token t_id="1111" sentence="32" number="1110">on</token>
<token t_id="1112" sentence="32" number="1111">the</token>
<token t_id="1113" sentence="32" number="1112">whole</token>
<token t_id="1114" sentence="32" number="1113">Genevra</token>
<token t_id="1115" sentence="32" number="1114">cherishes</token>
<token t_id="1116" sentence="32" number="1115">a</token>
<token t_id="1117" sentence="32" number="1116">very</token>
<token t_id="1118" sentence="32" number="1117">cousinly</token>
<token t_id="1119" sentence="32" number="1118">affection</token>
<token t_id="1120" sentence="32" number="1119">for</token>
<token t_id="1121" sentence="32" number="1120">your</token>
<token t_id="1122" sentence="32" number="1121">lordship</token>
<token t_id="1123" sentence="32" number="1122">.</token>
<token t_id="1124" sentence="33" number="1123">There</token>
<token t_id="1125" sentence="33" number="1124">!</token>
<token t_id="1126" sentence="34" number="1125">she</token>
<token t_id="1127" sentence="34" number="1126">is</token>
<token t_id="1128" sentence="34" number="1127">calling</token>
<token t_id="1129" sentence="34" number="1128">me</token>
<token t_id="1130" sentence="34" number="1129">,</token>
<token t_id="1131" sentence="34" number="1130">so</token>
<token t_id="1132" sentence="34" number="1131">"</token>
<token t_id="1133" sentence="34" number="1132">Good-night</token>
<token t_id="1134" sentence="34" number="1133">!</token>
<token t_id="1135" sentence="35" number="1134">-</token>
<token t_id="1136" sentence="35" number="1135">if</token>
<token t_id="1137" sentence="35" number="1136">the</token>
<token t_id="1138" sentence="35" number="1137">longitude</token>
<token t_id="1139" sentence="35" number="1138">please</token>
<token t_id="1140" sentence="35" number="1139">,</token>
<token t_id="1141" sentence="35" number="1140">-</token>
<token t_id="1142" sentence="35" number="1141">For</token>
<token t_id="1143" sentence="35" number="1142">,</token>
<token t_id="1144" sentence="35" number="1143">maybe</token>
<token t_id="1145" sentence="35" number="1144">,</token>
<token t_id="1146" sentence="35" number="1145">while</token>
<token t_id="1147" sentence="35" number="1146">wasting</token>
<token t_id="1148" sentence="35" number="1147">my</token>
<token t_id="1149" sentence="35" number="1148">taper</token>
<token t_id="1150" sentence="35" number="1149">,</token>
<token t_id="1151" sentence="35" number="1150">Your</token>
<token t_id="1152" sentence="35" number="1151">sun</token>
<token t_id="1153" sentence="35" number="1152">'s</token>
<token t_id="1154" sentence="35" number="1153">climbing</token>
<token t_id="1155" sentence="35" number="1154">over</token>
<token t_id="1156" sentence="35" number="1155">the</token>
<token t_id="1157" sentence="35" number="1156">trees</token>
<token t_id="1158" sentence="35" number="1157">.</token>
<token t_id="1159" sentence="35" number="1158">"</token>


<Markables>
<EVENT_MENTION m_id="33" factuality="" modality="" pred="" pos="" aspect="" certainty="" comment="" class="SPACE-MOVEMENT" tense="" polarity=""  >
<token_anchor t_id="346"/>
</EVENT_MENTION>
<EVENT_MENTION m_id="129" factuality="" modality="" pred="" pos="" aspect="" certainty="" comment="" class="MATTER" tense="" polarity=""  >
<token_anchor t_id="1050"/>
</EVENT_MENTION>
<EVENT_MENTION m_id="65" factuality="" modality="" pred="" pos="" aspect="" certainty="" comment="" class="SPACE-MOVEMENT" tense="" polarity=""  >
<token_anchor t_id="598"/>
</EVENT_MENTION>
<EVENT_MENTION m_id="1" factuality="" modality="" pred="" pos="" aspect="" certainty="" comment="" class="TIME" tense="" polarity=""  >
<token_anchor t_id="8"/>
</EVENT_MENTION>
<EVENT_MENTION m_id="97" factuality="" modality="" pred="" pos="" aspect="" certainty="" comment="" class="EMOTIONS-EVALUATIONS" tense="" polarity=""  >
<token_anchor t_id="831"/>
</EVENT_MENTION>
<EVENT_MENTION m_id="34" factuality="" modality="" pred="" pos="" aspect="" certainty="" comment="" class="COMMUNICATION" tense="" polarity=""  >
<token_anchor t_id="350"/>
</EVENT_MENTION>
<EVENT_MENTION m_id="130" factuality="" modality="" pred="" pos="" aspect="" certainty="" comment="" class="COMMUNICATION" tense="" polarity=""  >
<token_anchor t_id="1062"/>
</EVENT_MENTION>
<EVENT_MENTION m_id="66" factuality="" modality="" pred="" pos="" aspect="" certainty="" comment="" class="EXISTENCE-CAUSATION" tense="" polarity=""  >
<token_anchor t_id="610"/>
</EVENT_MENTION>
<EVENT_MENTION m_id="2" factuality="" modality="" pred="" pos="" aspect="" certainty="" comment="" class="TIME" tense="" polarity=""  >
<token_anchor t_id="21"/>
</EVENT_MENTION>
<EVENT_MENTION m_id="98" factuality="" modality="" pred="" pos="" aspect="" certainty="" comment="" class="SPACE-MOVEMENT" tense="" polarity=""  >
<token_anchor t_id="851"/>
<token_anchor t_id="852"/>
<token_anchor t_id="853"/>
</EVENT_MENTION>
<EVENT_MENTION m_id="35" factuality="" modality="" pred="" pos="" aspect="" certainty="" comment="" class="SPACE-MOVEMENT" tense="" polarity=""  >
<token_anchor t_id="355"/>
<token_anchor t_id="356"/>
<token_anchor t_id="357"/>
</EVENT_MENTION>
<EVENT_MENTION m_id="131" factuality="" modality="" pred="" pos="" aspect="" certainty="" comment="" class="COMMUNICATION" tense="" polarity=""  >
<token_anchor t_id="1066"/>
</EVENT_MENTION>
<EVENT_MENTION m_id="67" factuality="" modality="" pred="" pos="" aspect="" certainty="" comment="" class="ENTERTAINMENT-ART" tense="" polarity=""  >
<token_anchor t_id="620"/>
</EVENT_MENTION>
<EVENT_MENTION m_id="3" factuality="" modality="" pred="" pos="" aspect="" certainty="" comment="" class="SPACE-MOVEMENT" tense="" polarity=""  >
<token_anchor t_id="23"/>
</EVENT_MENTION>
<EVENT_MENTION m_id="99" factuality="" modality="" pred="" pos="" aspect="" certainty="" comment="" class="GENERAL" tense="" polarity=""  >
<token_anchor t_id="862"/>
</EVENT_MENTION>
<EVENT_MENTION m_id="36" factuality="" modality="" pred="" pos="" aspect="" certainty="" comment="" class="MENTAL" tense="" polarity=""  >
<token_anchor t_id="372"/>
<token_anchor t_id="373"/>
<token_anchor t_id="374"/>
</EVENT_MENTION>
<EVENT_MENTION m_id="132" factuality="" modality="" pred="" pos="" aspect="" certainty="" comment="" class="EMOTIONS-EVALUATIONS" tense="" polarity=""  >
<token_anchor t_id="1070"/>
<token_anchor t_id="1071"/>
<token_anchor t_id="1072"/>
</EVENT_MENTION>
<EVENT_MENTION m_id="68" factuality="" modality="" pred="" pos="" aspect="" certainty="" comment="" class="EMOTIONS-EVALUATIONS" tense="" polarity=""  >
<token_anchor t_id="629"/>
</EVENT_MENTION>
<EVENT_MENTION m_id="4" factuality="" modality="" pred="" pos="" aspect="" certainty="" comment="" class="SPACE-MOVEMENT" tense="" polarity=""  >
<token_anchor t_id="49"/>
</EVENT_MENTION>
<EVENT_MENTION m_id="100" factuality="" modality="" pred="" pos="" aspect="" certainty="" comment="" class="TIME" tense="" polarity=""  >
<token_anchor t_id="872"/>
</EVENT_MENTION>
<EVENT_MENTION m_id="37" factuality="" modality="" pred="" pos="" aspect="" certainty="" comment="" class="EXISTENCE-CAUSATION" tense="" polarity=""  >
<token_anchor t_id="378"/>
</EVENT_MENTION>
<EVENT_MENTION m_id="133" factuality="" modality="" pred="" pos="" aspect="" certainty="" comment="" class="MEASURE" tense="" polarity=""  >
<token_anchor t_id="1074"/>
</EVENT_MENTION>
<EVENT_MENTION m_id="69" factuality="" modality="" pred="" pos="" aspect="" certainty="" comment="" class="SPACE-MOVEMENT" tense="" polarity=""  >
<token_anchor t_id="638"/>
</EVENT_MENTION>
<EVENT_MENTION m_id="5" factuality="" modality="" pred="" pos="" aspect="" certainty="" comment="" class="POSSESSION" tense="" polarity=""  >
<token_anchor t_id="89"/>
</EVENT_MENTION>
<EVENT_MENTION m_id="101" factuality="" modality="" pred="" pos="" aspect="" certainty="" comment="" class="TIME" tense="" polarity=""  >
<token_anchor t_id="882"/>
</EVENT_MENTION>
<EVENT_MENTION m_id="38" factuality="" modality="" pred="" pos="" aspect="" certainty="" comment="" class="LIFE-HEALTH" tense="" polarity=""  >
<token_anchor t_id="387"/>
</EVENT_MENTION>
<EVENT_MENTION m_id="134" factuality="" modality="" pred="" pos="" aspect="" certainty="" comment="" class="POSSESSION" tense="" polarity=""  >
<token_anchor t_id="1082"/>
</EVENT_MENTION>
<EVENT_MENTION m_id="70" factuality="" modality="" pred="" pos="" aspect="" certainty="" comment="" class="SPACE-MOVEMENT" tense="" polarity=""  >
<token_anchor t_id="647"/>
</EVENT_MENTION>
<EVENT_MENTION m_id="6" factuality="" modality="" pred="" pos="" aspect="" certainty="" comment="" class="EXISTENCE-CAUSATION" tense="" polarity=""  >
<token_anchor t_id="102"/>
</EVENT_MENTION>
<EVENT_MENTION m_id="102" factuality="" modality="" pred="" pos="" aspect="" certainty="" comment="" class="GENERAL" tense="" polarity=""  >
<token_anchor t_id="883"/>
</EVENT_MENTION>
<EVENT_MENTION m_id="39" factuality="" modality="" pred="" pos="" aspect="" certainty="" comment="" class="GENERAL" tense="" polarity=""  >
<token_anchor t_id="393"/>
</EVENT_MENTION>
<EVENT_MENTION m_id="135" factuality="" modality="" pred="" pos="" aspect="" certainty="" comment="" class="EMOTIONS-EVALUATIONS" tense="" polarity=""  >
<token_anchor t_id="1086"/>
</EVENT_MENTION>
<EVENT_MENTION m_id="71" factuality="" modality="" pred="" pos="" aspect="" certainty="" comment="" class="SPACE-MOVEMENT" tense="" polarity=""  >
<token_anchor t_id="651"/>
</EVENT_MENTION>
<EVENT_MENTION m_id="7" factuality="" modality="" pred="" pos="" aspect="" certainty="" comment="" class="EMOTIONS-EVALUATIONS" tense="" polarity=""  >
<token_anchor t_id="108"/>
<token_anchor t_id="109"/>
<token_anchor t_id="110"/>
<token_anchor t_id="111"/>
<token_anchor t_id="112"/>
</EVENT_MENTION>
<EVENT_MENTION m_id="103" factuality="" modality="" pred="" pos="" aspect="" certainty="" comment="" class="EMOTIONS-EVALUATIONS" tense="" polarity=""  >
<token_anchor t_id="885"/>
</EVENT_MENTION>
<EVENT_MENTION m_id="104" factuality="" modality="" pred="" pos="" aspect="" certainty="" comment="" class="EMOTIONS-EVALUATIONS" tense="" polarity=""  >
<token_anchor t_id="889"/>
</EVENT_MENTION>
<EVENT_MENTION m_id="40" factuality="" modality="" pred="" pos="" aspect="" certainty="" comment="" class="LIFE-HEALTH" tense="" polarity=""  >
<token_anchor t_id="322"/>
<token_anchor t_id="323"/>
<token_anchor t_id="324"/>
<token_anchor t_id="325"/>
<token_anchor t_id="326"/>
<token_anchor t_id="327"/>
</EVENT_MENTION>
<EVENT_MENTION m_id="136" factuality="" modality="" pred="" pos="" aspect="" certainty="" comment="" class="COMMUNICATION" tense="" polarity=""  >
<token_anchor t_id="1089"/>
</EVENT_MENTION>
<EVENT_MENTION m_id="72" factuality="" modality="" pred="" pos="" aspect="" certainty="" comment="" class="PHYSICAL SENSATIONS" tense="" polarity=""  >
<token_anchor t_id="674"/>
</EVENT_MENTION>
<EVENT_MENTION m_id="8" factuality="" modality="" pred="" pos="" aspect="" certainty="" comment="" class="PHYSICAL SENSATIONS" tense="" polarity=""  >
<token_anchor t_id="136"/>
</EVENT_MENTION>
<EVENT_MENTION m_id="105" factuality="" modality="" pred="" pos="" aspect="" certainty="" comment="" class="GENERAL" tense="" polarity=""  >
<token_anchor t_id="891"/>
</EVENT_MENTION>
<EVENT_MENTION m_id="41" factuality="" modality="" pred="" pos="" aspect="" certainty="" comment="" class="SPACE-MOVEMENT" tense="" polarity=""  >
<token_anchor t_id="406"/>
<token_anchor t_id="408"/>
</EVENT_MENTION>
<EVENT_MENTION m_id="137" factuality="" modality="" pred="" pos="" aspect="" certainty="" comment="" class="GENERAL" tense="" polarity=""  >
<token_anchor t_id="1104"/>
</EVENT_MENTION>
<EVENT_MENTION m_id="73" factuality="" modality="" pred="" pos="" aspect="" certainty="" comment="" class="ENTERTAINMENT-ART" tense="" polarity=""  >
<token_anchor t_id="680"/>
</EVENT_MENTION>
<EVENT_MENTION m_id="9" factuality="" modality="" pred="" pos="" aspect="" certainty="" comment="" class="PHYSICAL SENSATIONS" tense="" polarity=""  >
<token_anchor t_id="148"/>
</EVENT_MENTION>
<EVENT_MENTION m_id="106" factuality="" modality="" pred="" pos="" aspect="" certainty="" comment="" class="SPACE-MOVEMENT" tense="" polarity=""  >
<token_anchor t_id="896"/>
</EVENT_MENTION>
<EVENT_MENTION m_id="42" factuality="" modality="" pred="" pos="" aspect="" certainty="" comment="" class="SPACE-MOVEMENT" tense="" polarity=""  >
<token_anchor t_id="421"/>
</EVENT_MENTION>
<EVENT_MENTION m_id="138" factuality="" modality="" pred="" pos="" aspect="" certainty="" comment="" class="GENERAL" tense="" polarity=""  >
<token_anchor t_id="1107"/>
</EVENT_MENTION>
<EVENT_MENTION m_id="74" factuality="" modality="" pred="" pos="" aspect="" certainty="" comment="" class="GENERAL" tense="" polarity=""  >
<token_anchor t_id="687"/>
</EVENT_MENTION>
<EVENT_MENTION m_id="10" factuality="" modality="" pred="" pos="" aspect="" certainty="" comment="" class="SPACE-MOVEMENT" tense="" polarity=""  >
<token_anchor t_id="157"/>
</EVENT_MENTION>
<EVENT_MENTION m_id="107" factuality="" modality="" pred="" pos="" aspect="" certainty="" comment="" class="POSSESSION" tense="" polarity=""  >
<token_anchor t_id="866"/>
</EVENT_MENTION>
<EVENT_MENTION m_id="43" factuality="" modality="" pred="" pos="" aspect="" certainty="" comment="" class="SPACE-MOVEMENT" tense="" polarity=""  >
<token_anchor t_id="423"/>
</EVENT_MENTION>
<EVENT_MENTION m_id="139" factuality="" modality="" pred="" pos="" aspect="" certainty="" comment="" class="GENERAL" tense="" polarity=""  >
<token_anchor t_id="1109"/>
</EVENT_MENTION>
<EVENT_MENTION m_id="75" factuality="" modality="" pred="" pos="" aspect="" certainty="" comment="" class="LIFE-HEALTH" tense="" polarity=""  >
<token_anchor t_id="692"/>
</EVENT_MENTION>
<EVENT_MENTION m_id="11" factuality="" modality="" pred="" pos="" aspect="" certainty="" comment="" class="MATTER" tense="" polarity=""  >
<token_anchor t_id="164"/>
</EVENT_MENTION>
<EVENT_MENTION m_id="108" factuality="" modality="" pred="" pos="" aspect="" certainty="" comment="" class="MENTAL" tense="" polarity=""  >
<token_anchor t_id="901"/>
<token_anchor t_id="902"/>
</EVENT_MENTION>
<EVENT_MENTION m_id="44" factuality="" modality="" pred="" pos="" aspect="" certainty="" comment="" class="EMOTIONS-EVALUATIONS" tense="" polarity=""  >
<token_anchor t_id="431"/>
</EVENT_MENTION>
<EVENT_MENTION m_id="140" factuality="" modality="" pred="" pos="" aspect="" certainty="" comment="" class="EMOTIONS-EVALUATIONS" tense="" polarity=""  >
<token_anchor t_id="1119"/>
</EVENT_MENTION>
<EVENT_MENTION m_id="76" factuality="" modality="" pred="" pos="" aspect="" certainty="" comment="" class="GENERAL" tense="" polarity=""  >
<token_anchor t_id="696"/>
</EVENT_MENTION>
<EVENT_MENTION m_id="12" factuality="" modality="" pred="" pos="" aspect="" certainty="" comment="" class="LIFE-HEALTH" tense="" polarity=""  >
<token_anchor t_id="180"/>
<token_anchor t_id="186"/>
<token_anchor t_id="187"/>
<token_anchor t_id="188"/>
</EVENT_MENTION>
<EVENT_MENTION m_id="109" factuality="" modality="" pred="" pos="" aspect="" certainty="" comment="" class="MENTAL" tense="" polarity=""  >
<token_anchor t_id="904"/>
</EVENT_MENTION>
<EVENT_MENTION m_id="45" factuality="" modality="" pred="" pos="" aspect="" certainty="" comment="" class="EXISTENCE-CAUSATION" tense="" polarity=""  >
<token_anchor t_id="447"/>
</EVENT_MENTION>
<EVENT_MENTION m_id="141" factuality="" modality="" pred="" pos="" aspect="" certainty="" comment="" class="EMOTIONS-EVALUATIONS" tense="" polarity=""  >
<token_anchor t_id="1115"/>
</EVENT_MENTION>
<EVENT_MENTION m_id="77" factuality="" modality="" pred="" pos="" aspect="" certainty="" comment="" class="TIME" tense="" polarity=""  >
<token_anchor t_id="708"/>
</EVENT_MENTION>
<EVENT_MENTION m_id="13" factuality="" modality="" pred="" pos="" aspect="" certainty="" comment="" class="GENERAL" tense="" polarity=""  >
<token_anchor t_id="193"/>
</EVENT_MENTION>
<EVENT_MENTION m_id="110" factuality="" modality="" pred="" pos="" aspect="" certainty="" comment="" class="EMOTIONS-EVALUATIONS" tense="" polarity=""  >
<token_anchor t_id="909"/>
<token_anchor t_id="911"/>
</EVENT_MENTION>
<EVENT_MENTION m_id="46" factuality="" modality="" pred="" pos="" aspect="" certainty="" comment="" class="SPACE-MOVEMENT" tense="" polarity=""  >
<token_anchor t_id="452"/>
</EVENT_MENTION>
<EVENT_MENTION m_id="142" factuality="" modality="" pred="" pos="" aspect="" certainty="" comment="" class="COMMUNICATION" tense="" polarity=""  >
<token_anchor t_id="1128"/>
</EVENT_MENTION>
<EVENT_MENTION m_id="78" factuality="" modality="" pred="" pos="" aspect="" certainty="" comment="" class="ENTERTAINMENT-ART" tense="" polarity=""  >
<token_anchor t_id="713"/>
</EVENT_MENTION>
<EVENT_MENTION m_id="14" factuality="" modality="" pred="" pos="" aspect="" certainty="" comment="" class="GENERAL" tense="" polarity=""  >
<token_anchor t_id="200"/>
</EVENT_MENTION>
<EVENT_MENTION m_id="111" factuality="" modality="" pred="" pos="" aspect="" certainty="" comment="" class="COMMUNICATION" tense="" polarity=""  >
<token_anchor t_id="915"/>
</EVENT_MENTION>
<EVENT_MENTION m_id="47" factuality="" modality="" pred="" pos="" aspect="" certainty="" comment="" class="SPACE-MOVEMENT" tense="" polarity=""  >
<token_anchor t_id="464"/>
</EVENT_MENTION>
<EVENT_MENTION m_id="143" factuality="" modality="" pred="" pos="" aspect="" certainty="" comment="" class="ENVIRONMENT" tense="" polarity=""  >
<token_anchor t_id="1154"/>
</EVENT_MENTION>
<EVENT_MENTION m_id="79" factuality="" modality="" pred="" pos="" aspect="" certainty="" comment="" class="SPACE-MOVEMENT" tense="" polarity=""  >
<token_anchor t_id="721"/>
</EVENT_MENTION>
<EVENT_MENTION m_id="15" factuality="" modality="" pred="" pos="" aspect="" certainty="" comment="" class="COMMUNICATION" tense="" polarity=""  >
<token_anchor t_id="214"/>
</EVENT_MENTION>
<EVENT_MENTION m_id="112" factuality="" modality="" pred="" pos="" aspect="" certainty="" comment="" class="EMOTIONS-EVALUATIONS" tense="" polarity=""  >
<token_anchor t_id="920"/>
<token_anchor t_id="922"/>
</EVENT_MENTION>
<EVENT_MENTION m_id="48" factuality="" modality="" pred="" pos="" aspect="" certainty="" comment="" class="MENTAL" tense="" polarity=""  >
<token_anchor t_id="476"/>
</EVENT_MENTION>
<EVENT_MENTION m_id="144" factuality="" modality="" pred="" pos="" aspect="" certainty="" comment="" class="EMOTIONS-EVALUATIONS" tense="" polarity=""  >
<token_anchor t_id="1139"/>
</EVENT_MENTION>
<EVENT_MENTION m_id="80" factuality="" modality="" pred="" pos="" aspect="" certainty="" comment="" class="TIME" tense="" polarity=""  >
<token_anchor t_id="729"/>
<token_anchor t_id="730"/>
<token_anchor t_id="731"/>
<token_anchor t_id="732"/>
</EVENT_MENTION>
<EVENT_MENTION m_id="16" factuality="" modality="" pred="" pos="" aspect="" certainty="" comment="" class="EMOTIONS-EVALUATIONS" tense="" polarity=""  >
<token_anchor t_id="216"/>
</EVENT_MENTION>
<EVENT_MENTION m_id="113" factuality="" modality="" pred="" pos="" aspect="" certainty="" comment="" class="MENTAL" tense="" polarity=""  >
<token_anchor t_id="933"/>
</EVENT_MENTION>
<EVENT_MENTION m_id="49" factuality="" modality="" pred="" pos="" aspect="" certainty="" comment="" class="EXISTENCE-CAUSATION" tense="" polarity=""  >
<token_anchor t_id="478"/>
</EVENT_MENTION>
<EVENT_MENTION m_id="145" factuality="" modality="" pred="" pos="" aspect="" certainty="" comment="" class="MATTER" tense="" polarity=""  >
<token_anchor t_id="1147"/>
</EVENT_MENTION>
<EVENT_MENTION m_id="81" factuality="" modality="" pred="" pos="" aspect="" certainty="" comment="" class="TRADE-WORK" tense="" polarity=""  >
<token_anchor t_id="736"/>
</EVENT_MENTION>
<EVENT_MENTION m_id="17" factuality="" modality="" pred="" pos="" aspect="" certainty="" comment="proverb" class="COMMUNICATION" tense="" polarity=""  >
<token_anchor t_id="231"/>
</EVENT_MENTION>
<EVENT_MENTION m_id="114" factuality="" modality="" pred="" pos="" aspect="" certainty="" comment="" class="EMOTIONS-EVALUATIONS" tense="" polarity=""  >
<token_anchor t_id="943"/>
<token_anchor t_id="944"/>
<token_anchor t_id="945"/>
</EVENT_MENTION>
<EVENT_MENTION m_id="50" factuality="" modality="" pred="" pos="" aspect="" certainty="" comment="" class="PHYSICAL SENSATIONS" tense="" polarity=""  >
<token_anchor t_id="481"/>
</EVENT_MENTION>
<EVENT_MENTION m_id="146" factuality="" modality="" pred="" pos="" aspect="" certainty="" comment="" class="LIFE-HEALTH" tense="" polarity=""  >
<token_anchor t_id="130"/>
</EVENT_MENTION>
<EVENT_MENTION m_id="82" factuality="" modality="" pred="" pos="" aspect="" certainty="" comment="" class="GENERAL" tense="" polarity=""  >
<token_anchor t_id="739"/>
</EVENT_MENTION>
<EVENT_MENTION m_id="18" factuality="" modality="" pred="" pos="" aspect="" certainty="" comment="" class="MEASURE" tense="" polarity=""  >
<token_anchor t_id="236"/>
</EVENT_MENTION>
<EVENT_MENTION m_id="115" factuality="" modality="" pred="" pos="" aspect="" certainty="" comment="" class="COMMUNICATION" tense="" polarity=""  >
<token_anchor t_id="952"/>
</EVENT_MENTION>
<EVENT_MENTION m_id="51" factuality="" modality="" pred="" pos="" aspect="" certainty="" comment="" class="GENERAL" tense="" polarity=""  >
<token_anchor t_id="489"/>
<token_anchor t_id="490"/>
<token_anchor t_id="491"/>
</EVENT_MENTION>
<EVENT_MENTION m_id="147" factuality="" modality="" pred="" pos="" aspect="" certainty="" comment="" class="LIFE-HEALTH" tense="" polarity=""  >
<token_anchor t_id="379"/>
</EVENT_MENTION>
<EVENT_MENTION m_id="83" factuality="" modality="" pred="" pos="" aspect="" certainty="" comment="" class="EMOTIONS-EVALUATIONS" tense="" polarity=""  >
<token_anchor t_id="746"/>
<token_anchor t_id="747"/>
</EVENT_MENTION>
<EVENT_MENTION m_id="19" factuality="" modality="" pred="" pos="" aspect="" certainty="" comment="" class="MENTAL" tense="" polarity=""  >
<token_anchor t_id="241"/>
</EVENT_MENTION>
<EVENT_MENTION m_id="20" factuality="" modality="" pred="" pos="" aspect="" certainty="" comment="" class="TRADE-WORK" tense="" polarity=""  >
<token_anchor t_id="249"/>
<token_anchor t_id="250"/>
</EVENT_MENTION>
<EVENT_MENTION m_id="116" factuality="" modality="" pred="" pos="" aspect="" certainty="" comment="" class="SOCIAL" tense="" polarity=""  >
<token_anchor t_id="956"/>
</EVENT_MENTION>
<EVENT_MENTION m_id="52" factuality="" modality="" pred="" pos="" aspect="" certainty="" comment="" class="SPACE-MOVEMENT" tense="" polarity=""  >
<token_anchor t_id="493"/>
<token_anchor t_id="494"/>
</EVENT_MENTION>
<EVENT_MENTION m_id="148" factuality="" modality="" pred="" pos="" aspect="" certainty="" comment="" class="LIFE-HEALTH" tense="" polarity=""  >
<token_anchor t_id="441"/>
</EVENT_MENTION>
<EVENT_MENTION m_id="84" factuality="" modality="" pred="" pos="" aspect="" certainty="" comment="" class="SPACE-MOVEMENT" tense="" polarity=""  >
<token_anchor t_id="753"/>
</EVENT_MENTION>
<EVENT_MENTION m_id="21" factuality="" modality="" pred="" pos="" aspect="" certainty="" comment="" class="MEASURE" tense="" polarity=""  >
<token_anchor t_id="254"/>
<token_anchor t_id="255"/>
</EVENT_MENTION>
<EVENT_MENTION m_id="117" factuality="" modality="" pred="" pos="" aspect="" certainty="" comment="" class="COMMUNICATION" tense="" polarity=""  >
<token_anchor t_id="961"/>
</EVENT_MENTION>
<EVENT_MENTION m_id="53" factuality="" modality="" pred="" pos="" aspect="" certainty="" comment="" class="ENVIRONMENT" tense="" polarity=""  >
<token_anchor t_id="498"/>
</EVENT_MENTION>
<EVENT_MENTION m_id="149" factuality="" modality="" pred="" pos="" aspect="" certainty="" comment="" class="SPACE-MOVEMENT" tense="" polarity=""  >
<token_anchor t_id="33"/>
</EVENT_MENTION>
<EVENT_MENTION m_id="85" factuality="" modality="" pred="" pos="" aspect="" certainty="" comment="" class="SPACE-MOVEMENT" tense="" polarity=""  >
<token_anchor t_id="774"/>
</EVENT_MENTION>
<EVENT_MENTION m_id="22" factuality="" modality="" pred="" pos="" aspect="" certainty="" comment="" class="LIFE-HEALTH" tense="" polarity=""  >
<token_anchor t_id="258"/>
</EVENT_MENTION>
<EVENT_MENTION m_id="118" factuality="" modality="" pred="" pos="" aspect="" certainty="" comment="" class="EMOTIONS-EVALUATIONS" tense="" polarity=""  >
<token_anchor t_id="970"/>
<token_anchor t_id="971"/>
<token_anchor t_id="972"/>
</EVENT_MENTION>
<EVENT_MENTION m_id="54" factuality="" modality="" pred="" pos="" aspect="" certainty="" comment="" class="TIME" tense="" polarity=""  >
<token_anchor t_id="506"/>
<token_anchor t_id="507"/>
<token_anchor t_id="508"/>
</EVENT_MENTION>
<EVENT_MENTION m_id="150" factuality="" modality="" pred="" pos="" aspect="" certainty="" comment="" class="COMMUNICATION" tense="" polarity=""  >
<token_anchor t_id="211"/>
</EVENT_MENTION>
<EVENT_MENTION m_id="86" factuality="" modality="" pred="" pos="" aspect="" certainty="" comment="" class="MENTAL" tense="" polarity=""  >
<token_anchor t_id="780"/>
</EVENT_MENTION>
<EVENT_MENTION m_id="23" factuality="" modality="" pred="" pos="" aspect="" certainty="" comment="" class="POSSESSION" tense="" polarity=""  >
<token_anchor t_id="278"/>
</EVENT_MENTION>
<EVENT_MENTION m_id="119" factuality="" modality="" pred="" pos="" aspect="" certainty="" comment="" class="SPACE-MOVEMENT" tense="" polarity=""  >
<token_anchor t_id="978"/>
<token_anchor t_id="979"/>
</EVENT_MENTION>
<EVENT_MENTION m_id="55" factuality="" modality="" pred="" pos="" aspect="" certainty="" comment="" class="SPACE-MOVEMENT" tense="" polarity=""  >
<token_anchor t_id="510"/>
</EVENT_MENTION>
<EVENT_MENTION m_id="151" factuality="" modality="" pred="" pos="" aspect="" certainty="" comment="" class="EMOTIONS-EVALUATIONS" tense="" polarity=""  >
<token_anchor t_id="213"/>
</EVENT_MENTION>
<EVENT_MENTION m_id="87" factuality="" modality="" pred="" pos="" aspect="" certainty="" comment="" class="SOCIAL" tense="" polarity=""  >
<token_anchor t_id="782"/>
</EVENT_MENTION>
<EVENT_MENTION m_id="24" factuality="" modality="" pred="" pos="" aspect="" certainty="" comment="" class="LIFE-HEALTH" tense="" polarity=""  >
<token_anchor t_id="279"/>
</EVENT_MENTION>
<EVENT_MENTION m_id="120" factuality="" modality="" pred="" pos="" aspect="" certainty="" comment="" class="MATTER" tense="" polarity=""  >
<token_anchor t_id="987"/>
</EVENT_MENTION>
<EVENT_MENTION m_id="56" factuality="" modality="" pred="" pos="" aspect="" certainty="" comment="" class="MENTAL" tense="" polarity=""  >
<token_anchor t_id="521"/>
</EVENT_MENTION>
<EVENT_MENTION m_id="152" factuality="" modality="" pred="" pos="" aspect="" certainty="" comment="" class="POSSESSION" tense="" polarity=""  >
<token_anchor t_id="269"/>
<token_anchor t_id="270"/>
</EVENT_MENTION>
<EVENT_MENTION m_id="88" factuality="" modality="" pred="" pos="" aspect="" certainty="" comment="" class="MENTAL" tense="" polarity=""  >
<token_anchor t_id="794"/>
</EVENT_MENTION>
<EVENT_MENTION m_id="25" factuality="" modality="" pred="" pos="" aspect="" certainty="" comment="" class="LIFE-HEALTH" tense="" polarity=""  >
<token_anchor t_id="281"/>
</EVENT_MENTION>
<EVENT_MENTION m_id="121" factuality="" modality="" pred="" pos="" aspect="" certainty="" comment="" class="SPACE-MOVEMENT" tense="" polarity=""  >
<token_anchor t_id="991"/>
</EVENT_MENTION>
<EVENT_MENTION m_id="57" factuality="" modality="" pred="" pos="" aspect="" certainty="" comment="" class="MENTAL" tense="" polarity=""  >
<token_anchor t_id="522"/>
</EVENT_MENTION>
<EVENT_MENTION m_id="153" factuality="" modality="" pred="" pos="" aspect="" certainty="" comment="" class="SPACE-MOVEMENT" tense="" polarity=""  >
<token_anchor t_id="121"/>
</EVENT_MENTION>
<EVENT_MENTION m_id="89" factuality="" modality="" pred="" pos="" aspect="" certainty="" comment="" class="TIME" tense="" polarity=""  >
<token_anchor t_id="797"/>
</EVENT_MENTION>
<EVENT_MENTION m_id="26" factuality="" modality="" pred="" pos="" aspect="" certainty="" comment="" class="EXISTENCE-CAUSATION" tense="" polarity=""  >
<token_anchor t_id="285"/>
</EVENT_MENTION>
<EVENT_MENTION m_id="122" factuality="" modality="" pred="" pos="" aspect="" certainty="" comment="" class="EMOTIONS-EVALUATIONS" tense="" polarity=""  >
<token_anchor t_id="1000"/>
</EVENT_MENTION>
<EVENT_MENTION m_id="58" factuality="" modality="" pred="" pos="" aspect="" certainty="" comment="" class="EXISTENCE-CAUSATION" tense="" polarity=""  >
<token_anchor t_id="524"/>
</EVENT_MENTION>
<EVENT_MENTION m_id="154" factuality="" modality="" pred="" pos="" aspect="" certainty="" comment="" class="SPACE-MOVEMENT" tense="" polarity=""  >
<token_anchor t_id="206"/>
</EVENT_MENTION>
<EVENT_MENTION m_id="90" factuality="" modality="" pred="" pos="" aspect="" certainty="" comment="" class="EXISTENCE-CAUSATION" tense="" polarity=""  >
<token_anchor t_id="801"/>
</EVENT_MENTION>
<EVENT_MENTION m_id="27" factuality="" modality="" pred="" pos="" aspect="" certainty="" comment="" class="EMOTIONS-EVALUATIONS" tense="" polarity=""  >
<token_anchor t_id="289"/>
</EVENT_MENTION>
<EVENT_MENTION m_id="123" factuality="" modality="" pred="" pos="" aspect="" certainty="" comment="" class="EMOTIONS-EVALUATIONS" tense="" polarity=""  >
<token_anchor t_id="1002"/>
</EVENT_MENTION>
<EVENT_MENTION m_id="59" factuality="" modality="" pred="" pos="" aspect="" certainty="" comment="" class="EXISTENCE-CAUSATION" tense="" polarity=""  >
<token_anchor t_id="539"/>
</EVENT_MENTION>
<EVENT_MENTION m_id="155" factuality="" modality="" pred="" pos="" aspect="" certainty="" comment="" class="EMOTIONS-EVALUATIONS" tense="" polarity=""  >
<token_anchor t_id="390"/>
</EVENT_MENTION>
<EVENT_MENTION m_id="91" factuality="" modality="" pred="" pos="" aspect="" certainty="" comment="" class="SPACE-MOVEMENT" tense="" polarity=""  >
<token_anchor t_id="807"/>
<token_anchor t_id="808"/>
<token_anchor t_id="809"/>
<token_anchor t_id="810"/>
</EVENT_MENTION>
<EVENT_MENTION m_id="28" factuality="" modality="" pred="" pos="" aspect="" certainty="" comment="" class="COMMUNICATION" tense="" polarity=""  >
<token_anchor t_id="300"/>
</EVENT_MENTION>
<EVENT_MENTION m_id="124" factuality="" modality="" pred="" pos="" aspect="" certainty="" comment="" class="COMMUNICATION" tense="" polarity=""  >
<token_anchor t_id="1004"/>
</EVENT_MENTION>
<EVENT_MENTION m_id="60" factuality="" modality="" pred="" pos="" aspect="" certainty="" comment="" class="SPACE-MOVEMENT" tense="" polarity=""  >
<token_anchor t_id="556"/>
</EVENT_MENTION>
<EVENT_MENTION m_id="156" factuality="" modality="" pred="" pos="" aspect="" certainty="" comment="" class="SPACE-MOVEMENT" tense="" polarity=""  >
<token_anchor t_id="594"/>
</EVENT_MENTION>
<EVENT_MENTION m_id="92" factuality="" modality="" pred="" pos="" aspect="" certainty="" comment="" class="COMMUNICATION" tense="" polarity=""  >
<token_anchor t_id="819"/>
</EVENT_MENTION>
<EVENT_MENTION m_id="29" factuality="" modality="" pred="" pos="" aspect="" certainty="" comment="" class="LIFE-HEALTH" tense="" polarity=""  >
<token_anchor t_id="306"/>
<token_anchor t_id="307"/>
<token_anchor t_id="308"/>
</EVENT_MENTION>
<EVENT_MENTION m_id="125" factuality="" modality="" pred="" pos="" aspect="" certainty="" comment="" class="COMMUNICATION" tense="" polarity=""  >
<token_anchor t_id="1016"/>
</EVENT_MENTION>
<EVENT_MENTION m_id="61" factuality="" modality="" pred="" pos="" aspect="" certainty="" comment="" class="PHYSICAL SENSATIONS" tense="" polarity=""  >
<token_anchor t_id="567"/>
<token_anchor t_id="568"/>
<token_anchor t_id="569"/>
<token_anchor t_id="570"/>
</EVENT_MENTION>
<EVENT_MENTION m_id="157" factuality="" modality="" pred="" pos="" aspect="" certainty="" comment="" class="SPACE-MOVEMENT" tense="" polarity=""  >
<token_anchor t_id="964"/>
</EVENT_MENTION>
<EVENT_MENTION m_id="93" factuality="" modality="" pred="" pos="" aspect="" certainty="" comment="" class="EMOTIONS-EVALUATIONS" tense="" polarity=""  >
<token_anchor t_id="821"/>
<token_anchor t_id="822"/>
<token_anchor t_id="823"/>
<token_anchor t_id="824"/>
</EVENT_MENTION>
<EVENT_MENTION m_id="30" factuality="" modality="" pred="" pos="" aspect="" certainty="" comment="" class="EMOTIONS-EVALUATIONS" tense="" polarity=""  >
<token_anchor t_id="316"/>
<token_anchor t_id="317"/>
</EVENT_MENTION>
<EVENT_MENTION m_id="126" factuality="" modality="" pred="" pos="" aspect="" certainty="" comment="" class="COMMUNICATION" tense="" polarity=""  >
<token_anchor t_id="1029"/>
</EVENT_MENTION>
<EVENT_MENTION m_id="62" factuality="" modality="" pred="" pos="" aspect="" certainty="" comment="" class="COMMUNICATION" tense="" polarity=""  >
<token_anchor t_id="574"/>
</EVENT_MENTION>
<EVENT_MENTION m_id="158" factuality="" modality="" pred="" pos="" aspect="" certainty="" comment="" class="EMOTIONS-EVALUATIONS" tense="" polarity=""  >
<token_anchor t_id="366"/>
</EVENT_MENTION>
<EVENT_MENTION m_id="94" factuality="" modality="" pred="" pos="" aspect="" certainty="" comment="" class="PHYSICAL SENSATIONS" tense="" polarity=""  >
<token_anchor t_id="827"/>
</EVENT_MENTION>
<EVENT_MENTION m_id="31" factuality="" modality="" pred="" pos="" aspect="" certainty="" comment="" class="MENTAL" tense="" polarity=""  >
<token_anchor t_id="334"/>
</EVENT_MENTION>
<EVENT_MENTION m_id="127" factuality="" modality="" pred="" pos="" aspect="" certainty="" comment="" class="COMMUNICATION" tense="" polarity=""  >
<token_anchor t_id="1038"/>
</EVENT_MENTION>
<EVENT_MENTION m_id="63" factuality="" modality="" pred="" pos="" aspect="" certainty="" comment="" class="EXISTENCE-CAUSATION" tense="" polarity=""  >
<token_anchor t_id="585"/>
</EVENT_MENTION>
<EVENT_MENTION m_id="159" factuality="" modality="" pred="" pos="" aspect="" certainty="" comment="" class="COMMUNICATION" tense="" polarity=""  >
<token_anchor t_id="710"/>
</EVENT_MENTION>
<EVENT_MENTION m_id="95" factuality="" modality="" pred="" pos="" aspect="" certainty="" comment="" class="SPACE-MOVEMENT" tense="" polarity=""  >
<token_anchor t_id="834"/>
</EVENT_MENTION>
<EVENT_MENTION m_id="32" factuality="" modality="" pred="" pos="" aspect="" certainty="" comment="" class="COMMUNICATION" tense="" polarity=""  >
<token_anchor t_id="336"/>
</EVENT_MENTION>
<EVENT_MENTION m_id="128" factuality="" modality="" pred="" pos="" aspect="" certainty="" comment="" class="LIFE-HEALTH" tense="" polarity=""  >
<token_anchor t_id="1033"/>
</EVENT_MENTION>
<EVENT_MENTION m_id="64" factuality="" modality="" pred="" pos="" aspect="" certainty="" comment="" class="SPACE-MOVEMENT" tense="" polarity=""  >
<token_anchor t_id="591"/>
</EVENT_MENTION>
<EVENT_MENTION m_id="160" class="" pred="" pos="" factuality="" certainty="" tense="" aspect="" polarity="" modality="" comment=""  >
<token_anchor t_id="67"/>
</EVENT_MENTION>
<EVENT_MENTION m_id="96" factuality="" modality="" pred="" pos="" aspect="" certainty="" comment="" class="PHYSICAL SENSATIONS" tense="" polarity=""  >
<token_anchor t_id="844"/>
</EVENT_MENTION>


</Markables>

<Relations>
</Relations>
</Document>
