<Document doc_name="8)NAPLES, March 4th.txt">
<token t_id="1" sentence="0" number="0">NAPLES</token>
<token t_id="2" sentence="0" number="1">,</token>
<token t_id="3" sentence="0" number="2">March</token>
<token t_id="4" sentence="0" number="3">4th</token>
<token t_id="5" sentence="0" number="4">.</token>
<token t_id="6" sentence="1" number="5">We</token>
<token t_id="7" sentence="1" number="6">have</token>
<token t_id="8" sentence="1" number="7">spent</token>
<token t_id="9" sentence="1" number="8">the</token>
<token t_id="10" sentence="1" number="9">morning</token>
<token t_id="11" sentence="1" number="10">at</token>
<token t_id="12" sentence="1" number="11">the</token>
<token t_id="13" sentence="1" number="12">National</token>
<token t_id="14" sentence="1" number="13">Museum</token>
<token t_id="15" sentence="1" number="14">,</token>
<token t_id="16" sentence="1" number="15">where</token>
<token t_id="17" sentence="1" number="16">are</token>
<token t_id="18" sentence="1" number="17">so</token>
<token t_id="19" sentence="1" number="18">many</token>
<token t_id="20" sentence="1" number="19">of</token>
<token t_id="21" sentence="1" number="20">the</token>
<token t_id="22" sentence="1" number="21">world-famous</token>
<token t_id="23" sentence="1" number="22">sculptures</token>
<token t_id="24" sentence="1" number="23">,</token>
<token t_id="25" sentence="1" number="24">the</token>
<token t_id="26" sentence="1" number="25">Hercules</token>
<token t_id="27" sentence="1" number="26">,</token>
<token t_id="28" sentence="1" number="27">a</token>
<token t_id="29" sentence="1" number="28">magnificent</token>
<token t_id="30" sentence="1" number="29">,</token>
<token t_id="31" sentence="1" number="30">strong</token>
<token t_id="32" sentence="1" number="31">figure</token>
<token t_id="33" sentence="1" number="32">in</token>
<token t_id="34" sentence="1" number="33">perfect</token>
<token t_id="35" sentence="1" number="34">repose</token>
<token t_id="36" sentence="1" number="35">,</token>
<token t_id="37" sentence="1" number="36">a</token>
<token t_id="38" sentence="1" number="37">giant</token>
<token t_id="39" sentence="1" number="38">taking</token>
<token t_id="40" sentence="1" number="39">his</token>
<token t_id="41" sentence="1" number="40">ease</token>
<token t_id="42" sentence="1" number="41">,</token>
<token t_id="43" sentence="1" number="42">and</token>
<token t_id="44" sentence="1" number="43">the</token>
<token t_id="45" sentence="1" number="44">Farnese</token>
<token t_id="46" sentence="1" number="45">Bull</token>
<token t_id="47" sentence="1" number="46">,</token>
<token t_id="48" sentence="1" number="47">both</token>
<token t_id="49" sentence="1" number="48">of</token>
<token t_id="50" sentence="1" number="49">them</token>
<token t_id="51" sentence="1" number="50">from</token>
<token t_id="52" sentence="1" number="51">the</token>
<token t_id="53" sentence="1" number="52">Baths</token>
<token t_id="54" sentence="1" number="53">of</token>
<token t_id="55" sentence="1" number="54">Caracalla</token>
<token t_id="56" sentence="1" number="55">in</token>
<token t_id="57" sentence="1" number="56">Rome</token>
<token t_id="58" sentence="1" number="57">,</token>
<token t_id="59" sentence="1" number="58">and</token>
<token t_id="60" sentence="1" number="59">a</token>
<token t_id="61" sentence="1" number="60">huge</token>
<token t_id="62" sentence="1" number="61">bronze</token>
<token t_id="63" sentence="1" number="62">horse</token>
<token t_id="64" sentence="1" number="63">from</token>
<token t_id="65" sentence="1" number="64">Herculaneum</token>
<token t_id="66" sentence="1" number="65">.</token>
<token t_id="67" sentence="2" number="66">Most</token>
<token t_id="68" sentence="2" number="67">impressive</token>
<token t_id="69" sentence="2" number="68">and</token>
<token t_id="70" sentence="2" number="69">interesting</token>
<token t_id="71" sentence="2" number="70">to</token>
<token t_id="72" sentence="2" number="71">us</token>
<token t_id="73" sentence="2" number="72">is</token>
<token t_id="74" sentence="2" number="73">the</token>
<token t_id="75" sentence="2" number="74">statue</token>
<token t_id="76" sentence="2" number="75">of</token>
<token t_id="77" sentence="2" number="76">Diana</token>
<token t_id="78" sentence="2" number="77">of</token>
<token t_id="79" sentence="2" number="78">the</token>
<token t_id="80" sentence="2" number="79">Ephesians</token>
<token t_id="81" sentence="2" number="80">,</token>
<token t_id="82" sentence="2" number="81">against</token>
<token t_id="83" sentence="2" number="82">whose</token>
<token t_id="84" sentence="2" number="83">worship</token>
<token t_id="85" sentence="2" number="84">Paul</token>
<token t_id="86" sentence="2" number="85">preached</token>
<token t_id="87" sentence="2" number="86">at</token>
<token t_id="88" sentence="2" number="87">Ephesus</token>
<token t_id="89" sentence="2" number="88">.</token>
<token t_id="90" sentence="3" number="89">A</token>
<token t_id="91" sentence="3" number="90">curious</token>
<token t_id="92" sentence="3" number="91">statue</token>
<token t_id="93" sentence="3" number="92">is</token>
<token t_id="94" sentence="3" number="93">this</token>
<token t_id="95" sentence="3" number="94">,</token>
<token t_id="96" sentence="3" number="95">odd</token>
<token t_id="97" sentence="3" number="96">enough</token>
<token t_id="98" sentence="3" number="97">to</token>
<token t_id="99" sentence="3" number="98">have</token>
<token t_id="100" sentence="3" number="99">fallen</token>
<token t_id="101" sentence="3" number="100">down</token>
<token t_id="102" sentence="3" number="101">from</token>
<token t_id="103" sentence="3" number="102">Jupiter</token>
<token t_id="104" sentence="3" number="103">,</token>
<token t_id="105" sentence="3" number="104">according</token>
<token t_id="106" sentence="3" number="105">to</token>
<token t_id="107" sentence="3" number="106">the</token>
<token t_id="108" sentence="3" number="107">tradition</token>
<token t_id="109" sentence="3" number="108">,</token>
<token t_id="110" sentence="3" number="109">or</token>
<token t_id="111" sentence="3" number="110">from</token>
<token t_id="112" sentence="3" number="111">any</token>
<token t_id="113" sentence="3" number="112">other</token>
<token t_id="114" sentence="3" number="113">heathen</token>
<token t_id="115" sentence="3" number="114">god</token>
<token t_id="116" sentence="3" number="115">!</token>
<token t_id="117" sentence="4" number="116">The</token>
<token t_id="118" sentence="4" number="117">torso</token>
<token t_id="119" sentence="4" number="118">is</token>
<token t_id="120" sentence="4" number="119">of</token>
<token t_id="121" sentence="4" number="120">fine</token>
<token t_id="122" sentence="4" number="121">,</token>
<token t_id="123" sentence="4" number="122">variegated</token>
<token t_id="124" sentence="4" number="123">marble</token>
<token t_id="125" sentence="4" number="124">,</token>
<token t_id="126" sentence="4" number="125">and</token>
<token t_id="127" sentence="4" number="126">the</token>
<token t_id="128" sentence="4" number="127">head</token>
<token t_id="129" sentence="4" number="128">,</token>
<token t_id="130" sentence="4" number="129">hands</token>
<token t_id="131" sentence="4" number="130">,</token>
<token t_id="132" sentence="4" number="131">and</token>
<token t_id="133" sentence="4" number="132">feet</token>
<token t_id="134" sentence="4" number="133">,</token>
<token t_id="135" sentence="4" number="134">the</token>
<token t_id="136" sentence="4" number="135">latter</token>
<token t_id="137" sentence="4" number="136">slender</token>
<token t_id="138" sentence="4" number="137">and</token>
<token t_id="139" sentence="4" number="138">delicate</token>
<token t_id="140" sentence="4" number="139">,</token>
<token t_id="141" sentence="4" number="140">are</token>
<token t_id="142" sentence="4" number="141">of</token>
<token t_id="143" sentence="4" number="142">bronze</token>
<token t_id="144" sentence="4" number="143">.</token>
<token t_id="145" sentence="5" number="144">This</token>
<token t_id="146" sentence="5" number="145">Diana</token>
<token t_id="147" sentence="5" number="146">is</token>
<token t_id="148" sentence="5" number="147">not</token>
<token t_id="149" sentence="5" number="148">a</token>
<token t_id="150" sentence="5" number="149">huntress</token>
<token t_id="151" sentence="5" number="150">,</token>
<token t_id="152" sentence="5" number="151">like</token>
<token t_id="153" sentence="5" number="152">the</token>
<token t_id="154" sentence="5" number="153">Greek</token>
<token t_id="155" sentence="5" number="154">Artemis</token>
<token t_id="156" sentence="5" number="155">with</token>
<token t_id="157" sentence="5" number="156">the</token>
<token t_id="158" sentence="5" number="157">crescent</token>
<token t_id="159" sentence="5" number="158">above</token>
<token t_id="160" sentence="5" number="159">her</token>
<token t_id="161" sentence="5" number="160">brow</token>
<token t_id="162" sentence="5" number="161">,</token>
<token t_id="163" sentence="5" number="162">but</token>
<token t_id="164" sentence="5" number="163">bears</token>
<token t_id="165" sentence="5" number="164">about</token>
<token t_id="166" sentence="5" number="165">her</token>
<token t_id="167" sentence="5" number="166">the</token>
<token t_id="168" sentence="5" number="167">symbols</token>
<token t_id="169" sentence="5" number="168">of</token>
<token t_id="170" sentence="5" number="169">abundance</token>
<token t_id="171" sentence="5" number="170">.</token>
<token t_id="172" sentence="6" number="171">We</token>
<token t_id="173" sentence="6" number="172">lingered</token>
<token t_id="174" sentence="6" number="173">long</token>
<token t_id="175" sentence="6" number="174">near</token>
<token t_id="176" sentence="6" number="175">this</token>
<token t_id="177" sentence="6" number="176">statue</token>
<token t_id="178" sentence="6" number="177">of</token>
<token t_id="179" sentence="6" number="178">the</token>
<token t_id="180" sentence="6" number="179">great</token>
<token t_id="181" sentence="6" number="180">goddess</token>
<token t_id="182" sentence="6" number="181">of</token>
<token t_id="183" sentence="6" number="182">the</token>
<token t_id="184" sentence="6" number="183">Ephesians</token>
<token t_id="185" sentence="6" number="184">,</token>
<token t_id="186" sentence="6" number="185">marvelling</token>
<token t_id="187" sentence="6" number="186">wherein</token>
<token t_id="188" sentence="6" number="187">lay</token>
<token t_id="189" sentence="6" number="188">the</token>
<token t_id="190" sentence="6" number="189">secret</token>
<token t_id="191" sentence="6" number="190">of</token>
<token t_id="192" sentence="6" number="191">her</token>
<token t_id="193" sentence="6" number="192">power</token>
<token t_id="194" sentence="6" number="193">.</token>
<token t_id="195" sentence="7" number="194">To</token>
<token t_id="196" sentence="7" number="195">Demetrius</token>
<token t_id="197" sentence="7" number="196">and</token>
<token t_id="198" sentence="7" number="197">the</token>
<token t_id="199" sentence="7" number="198">other</token>
<token t_id="200" sentence="7" number="199">silversmiths</token>
<token t_id="201" sentence="7" number="200">who</token>
<token t_id="202" sentence="7" number="201">made</token>
<token t_id="203" sentence="7" number="202">her</token>
<token t_id="204" sentence="7" number="203">shrines</token>
<token t_id="205" sentence="7" number="204">she</token>
<token t_id="206" sentence="7" number="205">was</token>
<token t_id="207" sentence="7" number="206">valuable</token>
<token t_id="208" sentence="7" number="207">,</token>
<token t_id="209" sentence="7" number="208">as</token>
<token t_id="210" sentence="7" number="209">she</token>
<token t_id="211" sentence="7" number="210">brought</token>
<token t_id="212" sentence="7" number="211">them</token>
<token t_id="213" sentence="7" number="212">great</token>
<token t_id="214" sentence="7" number="213">gain</token>
<token t_id="215" sentence="7" number="214">;</token>
<token t_id="216" sentence="7" number="215">but</token>
<token t_id="217" sentence="7" number="216">for</token>
<token t_id="218" sentence="7" number="217">beauty</token>
<token t_id="219" sentence="7" number="218">or</token>
<token t_id="220" sentence="7" number="219">grace</token>
<token t_id="221" sentence="7" number="220">there</token>
<token t_id="222" sentence="7" number="221">was</token>
<token t_id="223" sentence="7" number="222">no</token>
<token t_id="224" sentence="7" number="223">reason</token>
<token t_id="225" sentence="7" number="224">why</token>
<token t_id="226" sentence="7" number="225">this</token>
<token t_id="227" sentence="7" number="226">Diana</token>
<token t_id="228" sentence="7" number="227">should</token>
<token t_id="229" sentence="7" number="228">have</token>
<token t_id="230" sentence="7" number="229">been</token>
<token t_id="231" sentence="7" number="230">worshipped</token>
<token t_id="232" sentence="7" number="231">by</token>
<token t_id="233" sentence="7" number="232">"</token>
<token t_id="234" sentence="7" number="233">Asia</token>
<token t_id="235" sentence="7" number="234">and</token>
<token t_id="236" sentence="7" number="235">all</token>
<token t_id="237" sentence="7" number="236">the</token>
<token t_id="238" sentence="7" number="237">world</token>
<token t_id="239" sentence="7" number="238">.</token>
<token t_id="240" sentence="7" number="239">"</token>
<token t_id="241" sentence="8" number="240">Among</token>
<token t_id="242" sentence="8" number="241">the</token>
<token t_id="243" sentence="8" number="242">bronzes</token>
<token t_id="244" sentence="8" number="243">from</token>
<token t_id="245" sentence="8" number="244">Pompeii</token>
<token t_id="246" sentence="8" number="245">and</token>
<token t_id="247" sentence="8" number="246">Herculaneum</token>
<token t_id="248" sentence="8" number="247">we</token>
<token t_id="249" sentence="8" number="248">found</token>
<token t_id="250" sentence="8" number="249">the</token>
<token t_id="251" sentence="8" number="250">originals</token>
<token t_id="252" sentence="8" number="251">of</token>
<token t_id="253" sentence="8" number="252">many</token>
<token t_id="254" sentence="8" number="253">of</token>
<token t_id="255" sentence="8" number="254">the</token>
<token t_id="256" sentence="8" number="255">exquisitely</token>
<token t_id="257" sentence="8" number="256">graceful</token>
<token t_id="258" sentence="8" number="257">figures</token>
<token t_id="259" sentence="8" number="258">with</token>
<token t_id="260" sentence="8" number="259">which</token>
<token t_id="261" sentence="8" number="260">we</token>
<token t_id="262" sentence="8" number="261">are</token>
<token t_id="263" sentence="8" number="262">all</token>
<token t_id="264" sentence="8" number="263">familiar</token>
<token t_id="265" sentence="8" number="264">.</token>
<token t_id="266" sentence="9" number="265">We</token>
<token t_id="267" sentence="9" number="266">greeted</token>
<token t_id="268" sentence="9" number="267">as</token>
<token t_id="269" sentence="9" number="268">old</token>
<token t_id="270" sentence="9" number="269">friends</token>
<token t_id="271" sentence="9" number="270">the</token>
<token t_id="272" sentence="9" number="271">Dancing</token>
<token t_id="273" sentence="9" number="272">Faun</token>
<token t_id="274" sentence="9" number="273">,</token>
<token t_id="275" sentence="9" number="274">the</token>
<token t_id="276" sentence="9" number="275">Mercury</token>
<token t_id="277" sentence="9" number="276">,</token>
<token t_id="278" sentence="9" number="277">the</token>
<token t_id="279" sentence="9" number="278">Flying</token>
<token t_id="280" sentence="9" number="279">Victory</token>
<token t_id="281" sentence="9" number="280">,</token>
<token t_id="282" sentence="9" number="281">the</token>
<token t_id="283" sentence="9" number="282">Wrestlers</token>
<token t_id="284" sentence="9" number="283">,</token>
<token t_id="285" sentence="9" number="284">Silenus</token>
<token t_id="286" sentence="9" number="285">,</token>
<token t_id="287" sentence="9" number="286">the</token>
<token t_id="288" sentence="9" number="287">Boy</token>
<token t_id="289" sentence="9" number="288">with</token>
<token t_id="290" sentence="9" number="289">the</token>
<token t_id="291" sentence="9" number="290">Dolphin</token>
<token t_id="292" sentence="9" number="291">,</token>
<token t_id="293" sentence="9" number="292">and</token>
<token t_id="294" sentence="9" number="293">,</token>
<token t_id="295" sentence="9" number="294">above</token>
<token t_id="296" sentence="9" number="295">all</token>
<token t_id="297" sentence="9" number="296">,</token>
<token t_id="298" sentence="9" number="297">the</token>
<token t_id="299" sentence="9" number="298">lovely</token>
<token t_id="300" sentence="9" number="299">Narcissus</token>
<token t_id="301" sentence="9" number="300">,</token>
<token t_id="302" sentence="9" number="301">which</token>
<token t_id="303" sentence="9" number="302">they</token>
<token t_id="304" sentence="9" number="303">now</token>
<token t_id="305" sentence="9" number="304">call</token>
<token t_id="306" sentence="9" number="305">by</token>
<token t_id="307" sentence="9" number="306">another</token>
<token t_id="308" sentence="9" number="307">name</token>
<token t_id="309" sentence="9" number="308">.</token>
<token t_id="310" sentence="10" number="309">Zelphine</token>
<token t_id="311" sentence="10" number="310">and</token>
<token t_id="312" sentence="10" number="311">I</token>
<token t_id="313" sentence="10" number="312">have</token>
<token t_id="314" sentence="10" number="313">decided</token>
<token t_id="315" sentence="10" number="314">that</token>
<token t_id="316" sentence="10" number="315">we</token>
<token t_id="317" sentence="10" number="316">will</token>
<token t_id="318" sentence="10" number="317">never</token>
<token t_id="319" sentence="10" number="318">acknowledge</token>
<token t_id="320" sentence="10" number="319">this</token>
<token t_id="321" sentence="10" number="320">to</token>
<token t_id="322" sentence="10" number="321">be</token>
<token t_id="323" sentence="10" number="322">a</token>
<token t_id="324" sentence="10" number="323">Dionysus</token>
<token t_id="325" sentence="10" number="324">or</token>
<token t_id="326" sentence="10" number="325">anything</token>
<token t_id="327" sentence="10" number="326">less</token>
<token t_id="328" sentence="10" number="327">poetic</token>
<token t_id="329" sentence="10" number="328">than</token>
<token t_id="330" sentence="10" number="329">the</token>
<token t_id="331" sentence="10" number="330">Narcissus</token>
<token t_id="332" sentence="10" number="331">.</token>
<token t_id="333" sentence="11" number="332">This</token>
<token t_id="334" sentence="11" number="333">charming</token>
<token t_id="335" sentence="11" number="334">,</token>
<token t_id="336" sentence="11" number="335">youthful</token>
<token t_id="337" sentence="11" number="336">figure</token>
<token t_id="338" sentence="11" number="337">with</token>
<token t_id="339" sentence="11" number="338">the</token>
<token t_id="340" sentence="11" number="339">bent</token>
<token t_id="341" sentence="11" number="340">head</token>
<token t_id="342" sentence="11" number="341">and</token>
<token t_id="343" sentence="11" number="342">listening</token>
<token t_id="344" sentence="11" number="343">ear</token>
<token t_id="345" sentence="11" number="344">is</token>
<token t_id="346" sentence="11" number="345">quite</token>
<token t_id="347" sentence="11" number="346">small</token>
<token t_id="348" sentence="11" number="347">,</token>
<token t_id="349" sentence="11" number="348">not</token>
<token t_id="350" sentence="11" number="349">nearly</token>
<token t_id="351" sentence="11" number="350">life-size</token>
<token t_id="352" sentence="11" number="351">,</token>
<token t_id="353" sentence="11" number="352">and</token>
<token t_id="354" sentence="11" number="353">for</token>
<token t_id="355" sentence="11" number="354">that</token>
<token t_id="356" sentence="11" number="355">reason</token>
<token t_id="357" sentence="11" number="356">,</token>
<token t_id="358" sentence="11" number="357">perhaps</token>
<token t_id="359" sentence="11" number="358">,</token>
<token t_id="360" sentence="11" number="359">its</token>
<token t_id="361" sentence="11" number="360">beauty</token>
<token t_id="362" sentence="11" number="361">is</token>
<token t_id="363" sentence="11" number="362">more</token>
<token t_id="364" sentence="11" number="363">delicate</token>
<token t_id="365" sentence="11" number="364">and</token>
<token t_id="366" sentence="11" number="365">spiritual</token>
<token t_id="367" sentence="11" number="366">.</token>
<token t_id="368" sentence="12" number="367">If</token>
<token t_id="369" sentence="12" number="368">that</token>
<token t_id="370" sentence="12" number="369">little</token>
<token t_id="371" sentence="12" number="370">figure</token>
<token t_id="372" sentence="12" number="371">could</token>
<token t_id="373" sentence="12" number="372">speak</token>
<token t_id="374" sentence="12" number="373">,</token>
<token t_id="375" sentence="12" number="374">what</token>
<token t_id="376" sentence="12" number="375">could</token>
<token t_id="377" sentence="12" number="376">it</token>
<token t_id="378" sentence="12" number="377">not</token>
<token t_id="379" sentence="12" number="378">tell</token>
<token t_id="380" sentence="12" number="379">of</token>
<token t_id="381" sentence="12" number="380">pomp</token>
<token t_id="382" sentence="12" number="381">,</token>
<token t_id="383" sentence="12" number="382">luxury</token>
<token t_id="384" sentence="12" number="383">,</token>
<token t_id="385" sentence="12" number="384">love</token>
<token t_id="386" sentence="12" number="385">,</token>
<token t_id="387" sentence="12" number="386">and</token>
<token t_id="388" sentence="12" number="387">delight</token>
<token t_id="389" sentence="12" number="388">,</token>
<token t_id="390" sentence="12" number="389">all</token>
<token t_id="391" sentence="12" number="390">overtaken</token>
<token t_id="392" sentence="12" number="391">and</token>
<token t_id="393" sentence="12" number="392">overwhelmed</token>
<token t_id="394" sentence="12" number="393">by</token>
<token t_id="395" sentence="12" number="394">sudden</token>
<token t_id="396" sentence="12" number="395">destruction</token>
<token t_id="397" sentence="12" number="396">in</token>
<token t_id="398" sentence="12" number="397">the</token>
<token t_id="399" sentence="12" number="398">buried</token>
<token t_id="400" sentence="12" number="399">city</token>
<token t_id="401" sentence="12" number="400">where</token>
<token t_id="402" sentence="12" number="401">it</token>
<token t_id="403" sentence="12" number="402">was</token>
<token t_id="404" sentence="12" number="403">found</token>
<token t_id="405" sentence="12" number="404">!</token>
<token t_id="406" sentence="13" number="405">Now</token>
<token t_id="407" sentence="13" number="406">,</token>
<token t_id="408" sentence="13" number="407">indeed</token>
<token t_id="409" sentence="13" number="408">,</token>
<token t_id="410" sentence="13" number="409">if</token>
<token t_id="411" sentence="13" number="410">it</token>
<token t_id="412" sentence="13" number="411">were</token>
<token t_id="413" sentence="13" number="412">in</token>
<token t_id="414" sentence="13" number="413">my</token>
<token t_id="415" sentence="13" number="414">power</token>
<token t_id="416" sentence="13" number="415">to</token>
<token t_id="417" sentence="13" number="416">rhyme</token>
<token t_id="418" sentence="13" number="417">four</token>
<token t_id="419" sentence="13" number="418">lines</token>
<token t_id="420" sentence="13" number="419">and</token>
<token t_id="421" sentence="13" number="420">make</token>
<token t_id="422" sentence="13" number="421">sense</token>
<token t_id="423" sentence="13" number="422">at</token>
<token t_id="424" sentence="13" number="423">the</token>
<token t_id="425" sentence="13" number="424">same</token>
<token t_id="426" sentence="13" number="425">time</token>
<token t_id="427" sentence="13" number="426">,</token>
<token t_id="428" sentence="13" number="427">which</token>
<token t_id="429" sentence="13" number="428">was</token>
<token t_id="430" sentence="13" number="429">my</token>
<token t_id="431" sentence="13" number="430">school-girl</token>
<token t_id="432" sentence="13" number="431">idea</token>
<token t_id="433" sentence="13" number="432">of</token>
<token t_id="434" sentence="13" number="433">poetry-making</token>
<token t_id="435" sentence="13" number="434">,</token>
<token t_id="436" sentence="13" number="435">I</token>
<token t_id="437" sentence="13" number="436">should</token>
<token t_id="438" sentence="13" number="437">certainly</token>
<token t_id="439" sentence="13" number="438">be</token>
<token t_id="440" sentence="13" number="439">sending</token>
<token t_id="441" sentence="13" number="440">you</token>
<token t_id="442" sentence="13" number="441">a</token>
<token t_id="443" sentence="13" number="442">poem</token>
<token t_id="444" sentence="13" number="443">about</token>
<token t_id="445" sentence="13" number="444">the</token>
<token t_id="446" sentence="13" number="445">Narcissus</token>
<token t_id="447" sentence="13" number="446">;</token>
<token t_id="448" sentence="13" number="447">but</token>
<token t_id="449" sentence="13" number="448">why</token>
<token t_id="450" sentence="13" number="449">cudgel</token>
<token t_id="451" sentence="13" number="450">my</token>
<token t_id="452" sentence="13" number="451">brains</token>
<token t_id="453" sentence="13" number="452">when</token>
<token t_id="454" sentence="13" number="453">Keats</token>
<token t_id="455" sentence="13" number="454">has</token>
<token t_id="456" sentence="13" number="455">,</token>
<token t_id="457" sentence="13" number="456">with</token>
<token t_id="458" sentence="13" number="457">his</token>
<token t_id="459" sentence="13" number="458">own</token>
<token t_id="460" sentence="13" number="459">sympathetic</token>
<token t_id="461" sentence="13" number="460">charm</token>
<token t_id="462" sentence="13" number="461">,</token>
<token t_id="463" sentence="13" number="462">told</token>
<token t_id="464" sentence="13" number="463">the</token>
<token t_id="465" sentence="13" number="464">pathetic</token>
<token t_id="466" sentence="13" number="465">story</token>
<token t_id="467" sentence="13" number="466">of</token>
<token t_id="468" sentence="13" number="467">the</token>
<token t_id="469" sentence="13" number="468">beautiful</token>
<token t_id="470" sentence="13" number="469">youth</token>
<token t_id="471" sentence="13" number="470">?</token>
<token t_id="472" sentence="14" number="471">-</token>
<token t_id="473" sentence="14" number="472">"</token>
<token t_id="474" sentence="14" number="473">Who</token>
<token t_id="475" sentence="14" number="474">gazed</token>
<token t_id="476" sentence="14" number="475">into</token>
<token t_id="477" sentence="14" number="476">the</token>
<token t_id="478" sentence="14" number="477">stream</token>
<token t_id="479" sentence="14" number="478">'s</token>
<token t_id="480" sentence="14" number="479">deep</token>
<token t_id="481" sentence="14" number="480">recess</token>
<token t_id="482" sentence="14" number="481">And</token>
<token t_id="483" sentence="14" number="482">died</token>
<token t_id="484" sentence="14" number="483">of</token>
<token t_id="485" sentence="14" number="484">his</token>
<token t_id="486" sentence="14" number="485">own</token>
<token t_id="487" sentence="14" number="486">dear</token>
<token t_id="488" sentence="14" number="487">loveliness</token>
<token t_id="489" sentence="14" number="488">.</token>
<token t_id="490" sentence="14" number="489">"</token>
<token t_id="491" sentence="15" number="490">On</token>
<token t_id="492" sentence="15" number="491">our</token>
<token t_id="493" sentence="15" number="492">way</token>
<token t_id="494" sentence="15" number="493">home</token>
<token t_id="495" sentence="15" number="494">from</token>
<token t_id="496" sentence="15" number="495">the</token>
<token t_id="497" sentence="15" number="496">museum</token>
<token t_id="498" sentence="15" number="497">our</token>
<token t_id="499" sentence="15" number="498">vetturino</token>
<token t_id="500" sentence="15" number="499">beat</token>
<token t_id="501" sentence="15" number="500">his</token>
<token t_id="502" sentence="15" number="501">horse</token>
<token t_id="503" sentence="15" number="502">so</token>
<token t_id="504" sentence="15" number="503">unmercifully</token>
<token t_id="505" sentence="15" number="504">,</token>
<token t_id="506" sentence="15" number="505">although</token>
<token t_id="507" sentence="15" number="506">the</token>
<token t_id="508" sentence="15" number="507">poor</token>
<token t_id="509" sentence="15" number="508">nag</token>
<token t_id="510" sentence="15" number="509">was</token>
<token t_id="511" sentence="15" number="510">going</token>
<token t_id="512" sentence="15" number="511">as</token>
<token t_id="513" sentence="15" number="512">fast</token>
<token t_id="514" sentence="15" number="513">as</token>
<token t_id="515" sentence="15" number="514">a</token>
<token t_id="516" sentence="15" number="515">horse</token>
<token t_id="517" sentence="15" number="516">could</token>
<token t_id="518" sentence="15" number="517">be</token>
<token t_id="519" sentence="15" number="518">expected</token>
<token t_id="520" sentence="15" number="519">to</token>
<token t_id="521" sentence="15" number="520">go</token>
<token t_id="522" sentence="15" number="521">up</token>
<token t_id="523" sentence="15" number="522">hill</token>
<token t_id="524" sentence="15" number="523">,</token>
<token t_id="525" sentence="15" number="524">that</token>
<token t_id="526" sentence="15" number="525">Zelphine</token>
<token t_id="527" sentence="15" number="526">remonstrated</token>
<token t_id="528" sentence="15" number="527">with</token>
<token t_id="529" sentence="15" number="528">him</token>
<token t_id="530" sentence="15" number="529">,</token>
<token t_id="531" sentence="15" number="530">very</token>
<token t_id="532" sentence="15" number="531">tactfully</token>
<token t_id="533" sentence="15" number="532">,</token>
<token t_id="534" sentence="15" number="533">as</token>
<token t_id="535" sentence="15" number="534">I</token>
<token t_id="536" sentence="15" number="535">thought</token>
<token t_id="537" sentence="15" number="536">,</token>
<token t_id="538" sentence="15" number="537">paying</token>
<token t_id="539" sentence="15" number="538">his</token>
<token t_id="540" sentence="15" number="539">sorry</token>
<token t_id="541" sentence="15" number="540">Rosinante</token>
<token t_id="542" sentence="15" number="541">compliments</token>
<token t_id="543" sentence="15" number="542">and</token>
<token t_id="544" sentence="15" number="543">calling</token>
<token t_id="545" sentence="15" number="544">the</token>
<token t_id="546" sentence="15" number="545">wretched</token>
<token t_id="547" sentence="15" number="546">beast</token>
<token t_id="548" sentence="15" number="547">il</token>
<token t_id="549" sentence="15" number="548">buono</token>
<token t_id="550" sentence="15" number="549">cavallo</token>
<token t_id="551" sentence="15" number="550">.</token>
<token t_id="552" sentence="16" number="551">The</token>
<token t_id="553" sentence="16" number="552">idea</token>
<token t_id="554" sentence="16" number="553">of</token>
<token t_id="555" sentence="16" number="554">any</token>
<token t_id="556" sentence="16" number="555">one</token>
<token t_id="557" sentence="16" number="556">feeling</token>
<token t_id="558" sentence="16" number="557">compassion</token>
<token t_id="559" sentence="16" number="558">for</token>
<token t_id="560" sentence="16" number="559">a</token>
<token t_id="561" sentence="16" number="560">horse</token>
<token t_id="562" sentence="16" number="561">evidently</token>
<token t_id="563" sentence="16" number="562">touched</token>
<token t_id="564" sentence="16" number="563">the</token>
<token t_id="565" sentence="16" number="564">driver</token>
<token t_id="566" sentence="16" number="565">'s</token>
<token t_id="567" sentence="16" number="566">sense</token>
<token t_id="568" sentence="16" number="567">of</token>
<token t_id="569" sentence="16" number="568">humor</token>
<token t_id="570" sentence="16" number="569">,</token>
<token t_id="571" sentence="16" number="570">and</token>
<token t_id="572" sentence="16" number="571">,</token>
<token t_id="573" sentence="16" number="572">regarding</token>
<token t_id="574" sentence="16" number="573">it</token>
<token t_id="575" sentence="16" number="574">as</token>
<token t_id="576" sentence="16" number="575">a</token>
<token t_id="577" sentence="16" number="576">huge</token>
<token t_id="578" sentence="16" number="577">joke</token>
<token t_id="579" sentence="16" number="578">,</token>
<token t_id="580" sentence="16" number="579">he</token>
<token t_id="581" sentence="16" number="580">laughed</token>
<token t_id="582" sentence="16" number="581">and</token>
<token t_id="583" sentence="16" number="582">whipped</token>
<token t_id="584" sentence="16" number="583">the</token>
<token t_id="585" sentence="16" number="584">poor</token>
<token t_id="586" sentence="16" number="585">animal</token>
<token t_id="587" sentence="16" number="586">still</token>
<token t_id="588" sentence="16" number="587">more</token>
<token t_id="589" sentence="16" number="588">unmercifully</token>
<token t_id="590" sentence="16" number="589">,</token>
<token t_id="591" sentence="16" number="590">making</token>
<token t_id="592" sentence="16" number="591">us</token>
<token t_id="593" sentence="16" number="592">understand</token>
<token t_id="594" sentence="16" number="593">,</token>
<token t_id="595" sentence="16" number="594">in</token>
<token t_id="596" sentence="16" number="595">the</token>
<token t_id="597" sentence="16" number="596">gibberish</token>
<token t_id="598" sentence="16" number="597">of</token>
<token t_id="599" sentence="16" number="598">French</token>
<token t_id="600" sentence="16" number="599">and</token>
<token t_id="601" sentence="16" number="600">Italian</token>
<token t_id="602" sentence="16" number="601">peculiar</token>
<token t_id="603" sentence="16" number="602">to</token>
<token t_id="604" sentence="16" number="603">the</token>
<token t_id="605" sentence="16" number="604">cabmen</token>
<token t_id="606" sentence="16" number="605">here</token>
<token t_id="607" sentence="16" number="606">,</token>
<token t_id="608" sentence="16" number="607">that</token>
<token t_id="609" sentence="16" number="608">there</token>
<token t_id="610" sentence="16" number="609">was</token>
<token t_id="611" sentence="16" number="610">no</token>
<token t_id="612" sentence="16" number="611">need</token>
<token t_id="613" sentence="16" number="612">to</token>
<token t_id="614" sentence="16" number="613">be</token>
<token t_id="615" sentence="16" number="614">merciful</token>
<token t_id="616" sentence="16" number="615">to</token>
<token t_id="617" sentence="16" number="616">a</token>
<token t_id="618" sentence="16" number="617">creature</token>
<token t_id="619" sentence="16" number="618">without</token>
<token t_id="620" sentence="16" number="619">a</token>
<token t_id="621" sentence="16" number="620">soul</token>
<token t_id="622" sentence="16" number="621">.</token>
<token t_id="623" sentence="17" number="622">We</token>
<token t_id="624" sentence="17" number="623">longed</token>
<token t_id="625" sentence="17" number="624">for</token>
<token t_id="626" sentence="17" number="625">greater</token>
<token t_id="627" sentence="17" number="626">facility</token>
<token t_id="628" sentence="17" number="627">in</token>
<token t_id="629" sentence="17" number="628">some</token>
<token t_id="630" sentence="17" number="629">language</token>
<token t_id="631" sentence="17" number="630">that</token>
<token t_id="632" sentence="17" number="631">he</token>
<token t_id="633" sentence="17" number="632">could</token>
<token t_id="634" sentence="17" number="633">understand</token>
<token t_id="635" sentence="17" number="634">,</token>
<token t_id="636" sentence="17" number="635">to</token>
<token t_id="637" sentence="17" number="636">inquire</token>
<token t_id="638" sentence="17" number="637">into</token>
<token t_id="639" sentence="17" number="638">his</token>
<token t_id="640" sentence="17" number="639">own</token>
<token t_id="641" sentence="17" number="640">spiritual</token>
<token t_id="642" sentence="17" number="641">condition</token>
<token t_id="643" sentence="17" number="642">.</token>
<token t_id="644" sentence="18" number="643">As</token>
<token t_id="645" sentence="18" number="644">,</token>
<token t_id="646" sentence="18" number="645">however</token>
<token t_id="647" sentence="18" number="646">,</token>
<token t_id="648" sentence="18" number="647">words</token>
<token t_id="649" sentence="18" number="648">were</token>
<token t_id="650" sentence="18" number="649">wanting</token>
<token t_id="651" sentence="18" number="650">,</token>
<token t_id="652" sentence="18" number="651">we</token>
<token t_id="653" sentence="18" number="652">fell</token>
<token t_id="654" sentence="18" number="653">to</token>
<token t_id="655" sentence="18" number="654">wondering</token>
<token t_id="656" sentence="18" number="655">wherein</token>
<token t_id="657" sentence="18" number="656">such</token>
<token t_id="658" sentence="18" number="657">a</token>
<token t_id="659" sentence="18" number="658">being</token>
<token t_id="660" sentence="18" number="659">as</token>
<token t_id="661" sentence="18" number="660">this</token>
<token t_id="662" sentence="18" number="661">differs</token>
<token t_id="663" sentence="18" number="662">from</token>
<token t_id="664" sentence="18" number="663">the</token>
<token t_id="665" sentence="18" number="664">beasts</token>
<token t_id="666" sentence="18" number="665">of</token>
<token t_id="667" sentence="18" number="666">the</token>
<token t_id="668" sentence="18" number="667">field</token>
<token t_id="669" sentence="18" number="668">.</token>
<token t_id="670" sentence="19" number="669">The</token>
<token t_id="671" sentence="19" number="670">cabmen</token>
<token t_id="672" sentence="19" number="671">of</token>
<token t_id="673" sentence="19" number="672">Naples</token>
<token t_id="674" sentence="19" number="673">would</token>
<token t_id="675" sentence="19" number="674">certainly</token>
<token t_id="676" sentence="19" number="675">afford</token>
<token t_id="677" sentence="19" number="676">our</token>
<token t_id="678" sentence="19" number="677">friend</token>
<token t_id="679" sentence="19" number="678">Dr.</token>
<token t_id="680" sentence="19" number="679">C.</token>
<token t_id="681" sentence="19" number="680">an</token>
<token t_id="682" sentence="19" number="681">additional</token>
<token t_id="683" sentence="19" number="682">argument</token>
<token t_id="684" sentence="19" number="683">in</token>
<token t_id="685" sentence="19" number="684">favor</token>
<token t_id="686" sentence="19" number="685">of</token>
<token t_id="687" sentence="19" number="686">his</token>
<token t_id="688" sentence="19" number="687">pet</token>
<token t_id="689" sentence="19" number="688">doctrine</token>
<token t_id="690" sentence="19" number="689">of</token>
<token t_id="691" sentence="19" number="690">conditional</token>
<token t_id="692" sentence="19" number="691">immortality</token>
<token t_id="693" sentence="19" number="692">.</token>
<token t_id="694" sentence="20" number="693">Our</token>
<token t_id="695" sentence="20" number="694">driver</token>
<token t_id="696" sentence="20" number="695">'s</token>
<token t_id="697" sentence="20" number="696">attitude</token>
<token t_id="698" sentence="20" number="697">toward</token>
<token t_id="699" sentence="20" number="698">the</token>
<token t_id="700" sentence="20" number="699">animal</token>
<token t_id="701" sentence="20" number="700">creation</token>
<token t_id="702" sentence="20" number="701">is</token>
<token t_id="703" sentence="20" number="702">,</token>
<token t_id="704" sentence="20" number="703">we</token>
<token t_id="705" sentence="20" number="704">are</token>
<token t_id="706" sentence="20" number="705">told</token>
<token t_id="707" sentence="20" number="706">,</token>
<token t_id="708" sentence="20" number="707">that</token>
<token t_id="709" sentence="20" number="708">of</token>
<token t_id="710" sentence="20" number="709">most</token>
<token t_id="711" sentence="20" number="710">Neapolitans</token>
<token t_id="712" sentence="20" number="711">.</token>
<token t_id="713" sentence="21" number="712">Even</token>
<token t_id="714" sentence="21" number="713">persons</token>
<token t_id="715" sentence="21" number="714">of</token>
<token t_id="716" sentence="21" number="715">more</token>
<token t_id="717" sentence="21" number="716">intelligence</token>
<token t_id="718" sentence="21" number="717">question</token>
<token t_id="719" sentence="21" number="718">the</token>
<token t_id="720" sentence="21" number="719">advisability</token>
<token t_id="721" sentence="21" number="720">of</token>
<token t_id="722" sentence="21" number="721">caring</token>
<token t_id="723" sentence="21" number="722">for</token>
<token t_id="724" sentence="21" number="723">the</token>
<token t_id="725" sentence="21" number="724">comfort</token>
<token t_id="726" sentence="21" number="725">of</token>
<token t_id="727" sentence="21" number="726">dumb</token>
<token t_id="728" sentence="21" number="727">creatures</token>
<token t_id="729" sentence="21" number="728">,</token>
<token t_id="730" sentence="21" number="729">yet</token>
<token t_id="731" sentence="21" number="730">these</token>
<token t_id="732" sentence="21" number="731">apparently</token>
<token t_id="733" sentence="21" number="732">cruel</token>
<token t_id="734" sentence="21" number="733">people</token>
<token t_id="735" sentence="21" number="734">have</token>
<token t_id="736" sentence="21" number="735">a</token>
<token t_id="737" sentence="21" number="736">most</token>
<token t_id="738" sentence="21" number="737">kindly</token>
<token t_id="739" sentence="21" number="738">custom</token>
<token t_id="740" sentence="21" number="739">.</token>
<token t_id="741" sentence="22" number="740">If</token>
<token t_id="742" sentence="22" number="741">parents</token>
<token t_id="743" sentence="22" number="742">lose</token>
<token t_id="744" sentence="22" number="743">a</token>
<token t_id="745" sentence="22" number="744">child</token>
<token t_id="746" sentence="22" number="745">,</token>
<token t_id="747" sentence="22" number="746">and</token>
<token t_id="748" sentence="22" number="747">children</token>
<token t_id="749" sentence="22" number="748">are</token>
<token t_id="750" sentence="22" number="749">generally</token>
<token t_id="751" sentence="22" number="750">so</token>
<token t_id="752" sentence="22" number="751">numerous</token>
<token t_id="753" sentence="22" number="752">that</token>
<token t_id="754" sentence="22" number="753">it</token>
<token t_id="755" sentence="22" number="754">seems</token>
<token t_id="756" sentence="22" number="755">as</token>
<token t_id="757" sentence="22" number="756">if</token>
<token t_id="758" sentence="22" number="757">one</token>
<token t_id="759" sentence="22" number="758">could</token>
<token t_id="760" sentence="22" number="759">scarcely</token>
<token t_id="761" sentence="22" number="760">be</token>
<token t_id="762" sentence="22" number="761">missed</token>
<token t_id="763" sentence="22" number="762">,</token>
<token t_id="764" sentence="22" number="763">they</token>
<token t_id="765" sentence="22" number="764">adopt</token>
<token t_id="766" sentence="22" number="765">an</token>
<token t_id="767" sentence="22" number="766">orphan</token>
<token t_id="768" sentence="22" number="767">,</token>
<token t_id="769" sentence="22" number="768">call</token>
<token t_id="770" sentence="22" number="769">it</token>
<token t_id="771" sentence="22" number="770">God</token>
<token t_id="772" sentence="22" number="771">'s</token>
<token t_id="773" sentence="22" number="772">child</token>
<token t_id="774" sentence="22" number="773">,</token>
<token t_id="775" sentence="22" number="774">and</token>
<token t_id="776" sentence="22" number="775">treat</token>
<token t_id="777" sentence="22" number="776">it</token>
<token t_id="778" sentence="22" number="777">as</token>
<token t_id="779" sentence="22" number="778">their</token>
<token t_id="780" sentence="22" number="779">own</token>
<token t_id="781" sentence="22" number="780">.</token>


<Markables>
<EVENT_MENTION m_id="33" factuality="" modality="" pred="" pos="" aspect="" certainty="" comment="" class="EXISTENCE-CAUSATION" tense="" polarity=""  >
<token_anchor t_id="393"/>
</EVENT_MENTION>
<EVENT_MENTION m_id="65" factuality="" modality="" pred="" pos="" aspect="" certainty="" comment="" class="EXISTENCE-CAUSATION" tense="" polarity=""  >
<token_anchor t_id="610"/>
</EVENT_MENTION>
<EVENT_MENTION m_id="1" factuality="" modality="" pred="" pos="" aspect="" certainty="" comment="" class="TIME" tense="" polarity=""  >
<token_anchor t_id="8"/>
</EVENT_MENTION>
<EVENT_MENTION m_id="34" factuality="" modality="" pred="" pos="" aspect="" certainty="" comment="" class="EXISTENCE-CAUSATION" tense="" polarity=""  >
<token_anchor t_id="396"/>
</EVENT_MENTION>
<EVENT_MENTION m_id="66" factuality="" modality="" pred="" pos="" aspect="" certainty="" comment="" class="MENTAL" tense="" polarity=""  >
<token_anchor t_id="612"/>
</EVENT_MENTION>
<EVENT_MENTION m_id="2" factuality="" modality="" pred="" pos="" aspect="" certainty="" comment="" class="EXISTENCE-CAUSATION" tense="" polarity=""  >
<token_anchor t_id="17"/>
</EVENT_MENTION>
<EVENT_MENTION m_id="35" factuality="" modality="" pred="" pos="" aspect="" certainty="" comment="" class="GENERAL" tense="" polarity=""  >
<token_anchor t_id="404"/>
</EVENT_MENTION>
<EVENT_MENTION m_id="67" factuality="" modality="" pred="" pos="" aspect="" certainty="" comment="" class="MENTAL" tense="" polarity=""  >
<token_anchor t_id="624"/>
</EVENT_MENTION>
<EVENT_MENTION m_id="3" factuality="" modality="" pred="" pos="" aspect="" certainty="" comment="" class="EMOTIONS-EVALUATIONS" tense="" polarity=""  >
<token_anchor t_id="70"/>
<token_anchor t_id="73"/>
</EVENT_MENTION>
<EVENT_MENTION m_id="36" factuality="" modality="" pred="" pos="" aspect="" certainty="" comment="" class="EMOTIONS-EVALUATIONS" tense="" polarity=""  >
<token_anchor t_id="381"/>
</EVENT_MENTION>
<EVENT_MENTION m_id="68" factuality="" modality="" pred="" pos="" aspect="" certainty="" comment="" class="MENTAL" tense="" polarity=""  >
<token_anchor t_id="634"/>
</EVENT_MENTION>
<EVENT_MENTION m_id="4" factuality="" modality="" pred="" pos="" aspect="" certainty="" comment="" class="FAITH" tense="" polarity=""  >
<token_anchor t_id="84"/>
</EVENT_MENTION>
<EVENT_MENTION m_id="37" factuality="" modality="" pred="" pos="" aspect="" certainty="" comment="" class="EMOTIONS-EVALUATIONS" tense="" polarity=""  >
<token_anchor t_id="383"/>
</EVENT_MENTION>
<EVENT_MENTION m_id="69" factuality="" modality="" pred="" pos="" aspect="" certainty="" comment="" class="MENTAL" tense="" polarity=""  >
<token_anchor t_id="637"/>
</EVENT_MENTION>
<EVENT_MENTION m_id="5" factuality="" modality="" pred="" pos="" aspect="" certainty="" comment="" class="FAITH" tense="" polarity=""  >
<token_anchor t_id="86"/>
</EVENT_MENTION>
<EVENT_MENTION m_id="38" factuality="" modality="" pred="" pos="" aspect="" certainty="" comment="" class="EMOTIONS-EVALUATIONS" tense="" polarity=""  >
<token_anchor t_id="385"/>
</EVENT_MENTION>
<EVENT_MENTION m_id="70" factuality="" modality="" pred="" pos="" aspect="" certainty="" comment="" class="GENERAL" tense="" polarity=""  >
<token_anchor t_id="642"/>
</EVENT_MENTION>
<EVENT_MENTION m_id="6" factuality="" modality="" pred="" pos="" aspect="" certainty="" comment="" class="ENTERTAINMENT-ART" tense="" polarity=""  >
<token_anchor t_id="90"/>
<token_anchor t_id="91"/>
<token_anchor t_id="92"/>
<token_anchor t_id="93"/>
</EVENT_MENTION>
<EVENT_MENTION m_id="39" factuality="" modality="" pred="" pos="" aspect="" certainty="" comment="" class="EMOTIONS-EVALUATIONS" tense="" polarity=""  >
<token_anchor t_id="388"/>
</EVENT_MENTION>
<EVENT_MENTION m_id="71" factuality="" modality="" pred="" pos="" aspect="" certainty="" comment="" class="MENTAL" tense="" polarity=""  >
<token_anchor t_id="650"/>
</EVENT_MENTION>
<EVENT_MENTION m_id="7" factuality="" modality="" pred="" pos="" aspect="" certainty="" comment="" class="SPACE-MOVEMENT" tense="" polarity=""  >
<token_anchor t_id="100"/>
<token_anchor t_id="101"/>
</EVENT_MENTION>
<EVENT_MENTION m_id="40" factuality="" modality="" pred="" pos="" aspect="" certainty="" comment="" class="AUTHORITY-LAW" tense="" polarity=""  >
<token_anchor t_id="412"/>
<token_anchor t_id="413"/>
<token_anchor t_id="414"/>
<token_anchor t_id="415"/>
</EVENT_MENTION>
<EVENT_MENTION m_id="72" factuality="" modality="" pred="" pos="" aspect="" certainty="" comment="" class="MENTAL" tense="" polarity=""  >
<token_anchor t_id="653"/>
</EVENT_MENTION>
<EVENT_MENTION m_id="8" factuality="" modality="" pred="" pos="" aspect="" certainty="" comment="" class="MATTER" tense="" polarity=""  >
<token_anchor t_id="119"/>
<token_anchor t_id="120"/>
<token_anchor t_id="121"/>
<token_anchor t_id="122"/>
<token_anchor t_id="123"/>
<token_anchor t_id="124"/>
</EVENT_MENTION>
<EVENT_MENTION m_id="41" factuality="" modality="" pred="" pos="" aspect="" certainty="" comment="" class="ENTERTAINMENT-ART" tense="" polarity=""  >
<token_anchor t_id="417"/>
</EVENT_MENTION>
<EVENT_MENTION m_id="73" factuality="" modality="" pred="" pos="" aspect="" certainty="" comment="" class="MENTAL" tense="" polarity=""  >
<token_anchor t_id="655"/>
</EVENT_MENTION>
<EVENT_MENTION m_id="9" factuality="" modality="" pred="" pos="" aspect="" certainty="" comment="" class="MATTER" tense="" polarity=""  >
<token_anchor t_id="141"/>
<token_anchor t_id="142"/>
<token_anchor t_id="143"/>
</EVENT_MENTION>
<EVENT_MENTION m_id="42" factuality="" modality="" pred="" pos="" aspect="" certainty="" comment="" class="MENTAL" tense="" polarity=""  >
<token_anchor t_id="421"/>
<token_anchor t_id="422"/>
</EVENT_MENTION>
<EVENT_MENTION m_id="74" factuality="" modality="" pred="" pos="" aspect="" certainty="" comment="" class="GENERAL" tense="" polarity=""  >
<token_anchor t_id="662"/>
</EVENT_MENTION>
<EVENT_MENTION m_id="10" factuality="" modality="" pred="" pos="" aspect="" certainty="" comment="" class="FOOD-FARMING" tense="" polarity=""  >
<token_anchor t_id="147"/>
<token_anchor t_id="148"/>
<token_anchor t_id="149"/>
<token_anchor t_id="150"/>
</EVENT_MENTION>
<EVENT_MENTION m_id="43" factuality="" modality="" pred="" pos="" aspect="" certainty="" comment="" class="SPACE-MOVEMENT" tense="" polarity=""  >
<token_anchor t_id="440"/>
</EVENT_MENTION>
<EVENT_MENTION m_id="75" factuality="" modality="" pred="" pos="" aspect="" certainty="" comment="" class="POSSESSION" tense="" polarity=""  >
<token_anchor t_id="676"/>
</EVENT_MENTION>
<EVENT_MENTION m_id="11" factuality="" modality="" pred="" pos="" aspect="" certainty="" comment="" class="SPACE-MOVEMENT" tense="" polarity=""  >
<token_anchor t_id="164"/>
</EVENT_MENTION>
<EVENT_MENTION m_id="44" factuality="" modality="" pred="" pos="" aspect="" certainty="" comment="" class="ENTERTAINMENT-ART" tense="" polarity=""  >
<token_anchor t_id="434"/>
</EVENT_MENTION>
<EVENT_MENTION m_id="76" factuality="" modality="" pred="" pos="" aspect="" certainty="" comment="" class="LIFE-HEALTH" tense="" polarity=""  >
<token_anchor t_id="701"/>
</EVENT_MENTION>
<EVENT_MENTION m_id="12" factuality="" modality="" pred="" pos="" aspect="" certainty="" comment="" class="MEASURE" tense="" polarity=""  >
<token_anchor t_id="170"/>
</EVENT_MENTION>
<EVENT_MENTION m_id="45" factuality="" modality="" pred="" pos="" aspect="" certainty="" comment="" class="MENTAL" tense="" polarity=""  >
<token_anchor t_id="429"/>
<token_anchor t_id="430"/>
<token_anchor t_id="431"/>
<token_anchor t_id="432"/>
</EVENT_MENTION>
<EVENT_MENTION m_id="77" factuality="" modality="" pred="" pos="" aspect="" certainty="" comment="" class="COMMUNICATION" tense="" polarity=""  >
<token_anchor t_id="706"/>
</EVENT_MENTION>
<EVENT_MENTION m_id="13" factuality="" modality="" pred="" pos="" aspect="" certainty="" comment="" class="SPACE-MOVEMENT" tense="" polarity=""  >
<token_anchor t_id="173"/>
</EVENT_MENTION>
<EVENT_MENTION m_id="46" factuality="" modality="" pred="" pos="" aspect="" certainty="" comment="" class="HOSTILITY" tense="" polarity=""  >
<token_anchor t_id="450"/>
</EVENT_MENTION>
<EVENT_MENTION m_id="78" factuality="" modality="" pred="" pos="" aspect="" certainty="" comment="" class="MENTAL" tense="" polarity=""  >
<token_anchor t_id="718"/>
</EVENT_MENTION>
<EVENT_MENTION m_id="14" factuality="" modality="" pred="" pos="" aspect="" certainty="" comment="" class="MENTAL" tense="" polarity=""  >
<token_anchor t_id="186"/>
</EVENT_MENTION>
<EVENT_MENTION m_id="47" factuality="" modality="" pred="" pos="" aspect="" certainty="" comment="" class="COMMUNICATION" tense="" polarity=""  >
<token_anchor t_id="463"/>
</EVENT_MENTION>
<EVENT_MENTION m_id="79" factuality="" modality="" pred="" pos="" aspect="" certainty="" comment="" class="MENTAL" tense="" polarity=""  >
<token_anchor t_id="722"/>
</EVENT_MENTION>
<EVENT_MENTION m_id="15" factuality="" modality="" pred="" pos="" aspect="" certainty="" comment="" class="SPACE-MOVEMENT" tense="" polarity=""  >
<token_anchor t_id="188"/>
</EVENT_MENTION>
<EVENT_MENTION m_id="48" factuality="" modality="" pred="" pos="" aspect="" certainty="" comment="" class="PHYSICAL SENSATIONS" tense="" polarity=""  >
<token_anchor t_id="475"/>
</EVENT_MENTION>
<EVENT_MENTION m_id="80" factuality="" modality="" pred="" pos="" aspect="" certainty="" comment="" class="POSSESSION" tense="" polarity=""  >
<token_anchor t_id="735"/>
</EVENT_MENTION>
<EVENT_MENTION m_id="16" factuality="" modality="" pred="" pos="" aspect="" certainty="" comment="" class="EMOTIONS-EVALUATIONS" tense="" polarity=""  >
<token_anchor t_id="206"/>
<token_anchor t_id="207"/>
</EVENT_MENTION>
<EVENT_MENTION m_id="49" factuality="" modality="" pred="" pos="" aspect="" certainty="" comment="" class="LIFE-HEALTH" tense="" polarity=""  >
<token_anchor t_id="483"/>
</EVENT_MENTION>
<EVENT_MENTION m_id="81" factuality="" modality="" pred="" pos="" aspect="" certainty="" comment="" class="POSSESSION" tense="" polarity=""  >
<token_anchor t_id="743"/>
</EVENT_MENTION>
<EVENT_MENTION m_id="17" factuality="" modality="" pred="" pos="" aspect="" certainty="" comment="" class="EXISTENCE-CAUSATION" tense="" polarity=""  >
<token_anchor t_id="202"/>
</EVENT_MENTION>
<EVENT_MENTION m_id="50" factuality="" modality="" pred="" pos="" aspect="" certainty="" comment="" class="SPACE-MOVEMENT" tense="" polarity=""  >
<token_anchor t_id="500"/>
</EVENT_MENTION>
<EVENT_MENTION m_id="82" factuality="" modality="" pred="" pos="" aspect="" certainty="" comment="" class="MEASURE" tense="" polarity=""  >
<token_anchor t_id="749"/>
<token_anchor t_id="750"/>
<token_anchor t_id="751"/>
<token_anchor t_id="752"/>
</EVENT_MENTION>
<EVENT_MENTION m_id="18" factuality="" modality="" pred="" pos="" aspect="" certainty="" comment="" class="SPACE-MOVEMENT" tense="" polarity=""  >
<token_anchor t_id="211"/>
</EVENT_MENTION>
<EVENT_MENTION m_id="51" factuality="" modality="" pred="" pos="" aspect="" certainty="" comment="" class="SPACE-MOVEMENT" tense="" polarity=""  >
<token_anchor t_id="511"/>
</EVENT_MENTION>
<EVENT_MENTION m_id="83" factuality="" modality="" pred="" pos="" aspect="" certainty="" comment="" class="MENTAL" tense="" polarity=""  >
<token_anchor t_id="755"/>
</EVENT_MENTION>
<EVENT_MENTION m_id="19" factuality="" modality="" pred="" pos="" aspect="" certainty="" comment="" class="FAITH" tense="" polarity=""  >
<token_anchor t_id="231"/>
</EVENT_MENTION>
<EVENT_MENTION m_id="20" factuality="" modality="" pred="" pos="" aspect="" certainty="" comment="" class="EXISTENCE-CAUSATION" tense="" polarity=""  >
<token_anchor t_id="222"/>
</EVENT_MENTION>
<EVENT_MENTION m_id="52" factuality="" modality="" pred="" pos="" aspect="" certainty="" comment="" class="SPACE-MOVEMENT" tense="" polarity=""  >
<token_anchor t_id="513"/>
<token_anchor t_id="518"/>
</EVENT_MENTION>
<EVENT_MENTION m_id="84" factuality="" modality="" pred="" pos="" aspect="" certainty="" comment="" class="POSSESSION" tense="" polarity=""  >
<token_anchor t_id="762"/>
</EVENT_MENTION>
<EVENT_MENTION m_id="21" factuality="" modality="" pred="" pos="" aspect="" certainty="" comment="" class="GENERAL" tense="" polarity=""  >
<token_anchor t_id="249"/>
</EVENT_MENTION>
<EVENT_MENTION m_id="53" factuality="" modality="" pred="" pos="" aspect="" certainty="" comment="" class="MENTAL" tense="" polarity=""  >
<token_anchor t_id="519"/>
</EVENT_MENTION>
<EVENT_MENTION m_id="85" factuality="" modality="" pred="" pos="" aspect="" certainty="" comment="" class="POSSESSION" tense="" polarity=""  >
<token_anchor t_id="765"/>
</EVENT_MENTION>
<EVENT_MENTION m_id="22" factuality="" modality="" pred="" pos="" aspect="" certainty="" comment="" class="EMOTIONS-EVALUATIONS" tense="" polarity=""  >
<token_anchor t_id="262"/>
<token_anchor t_id="263"/>
<token_anchor t_id="264"/>
</EVENT_MENTION>
<EVENT_MENTION m_id="54" factuality="" modality="" pred="" pos="" aspect="" certainty="" comment="" class="SPACE-MOVEMENT" tense="" polarity=""  >
<token_anchor t_id="521"/>
<token_anchor t_id="522"/>
</EVENT_MENTION>
<EVENT_MENTION m_id="86" factuality="" modality="" pred="" pos="" aspect="" certainty="" comment="" class="COMMUNICATION" tense="" polarity=""  >
<token_anchor t_id="769"/>
</EVENT_MENTION>
<EVENT_MENTION m_id="23" factuality="" modality="" pred="" pos="" aspect="" certainty="" comment="" class="EMOTIONS-EVALUATIONS" tense="" polarity=""  >
<token_anchor t_id="267"/>
</EVENT_MENTION>
<EVENT_MENTION m_id="55" factuality="" modality="" pred="" pos="" aspect="" certainty="" comment="" class="COMMUNICATION" tense="" polarity=""  >
<token_anchor t_id="527"/>
</EVENT_MENTION>
<EVENT_MENTION m_id="87" factuality="" modality="" pred="" pos="" aspect="" certainty="" comment="" class="GENERAL" tense="" polarity=""  >
<token_anchor t_id="776"/>
</EVENT_MENTION>
<EVENT_MENTION m_id="24" factuality="" modality="" pred="" pos="" aspect="" certainty="" comment="" class="COMMUNICATION" tense="" polarity=""  >
<token_anchor t_id="305"/>
</EVENT_MENTION>
<EVENT_MENTION m_id="56" factuality="" modality="" pred="" pos="" aspect="" certainty="" comment="" class="MENTAL" tense="" polarity=""  >
<token_anchor t_id="536"/>
</EVENT_MENTION>
<EVENT_MENTION m_id="88" factuality="" modality="" pred="" pos="" aspect="" certainty="" comment="" class="EMOTIONS-EVALUATIONS" tense="" polarity=""  >
<token_anchor t_id="39"/>
<token_anchor t_id="40"/>
<token_anchor t_id="41"/>
</EVENT_MENTION>
<EVENT_MENTION m_id="25" factuality="" modality="" pred="" pos="" aspect="" certainty="" comment="" class="MENTAL" tense="" polarity=""  >
<token_anchor t_id="314"/>
</EVENT_MENTION>
<EVENT_MENTION m_id="57" factuality="" modality="" pred="" pos="" aspect="" certainty="" comment="" class="COMMUNICATION" tense="" polarity=""  >
<token_anchor t_id="538"/>
<token_anchor t_id="542"/>
</EVENT_MENTION>
<EVENT_MENTION m_id="89" factuality="" modality="" pred="" pos="" aspect="" certainty="" comment="" class="ENTERTAINMENT-ART" tense="" polarity=""  >
<token_anchor t_id="272"/>
</EVENT_MENTION>
<EVENT_MENTION m_id="26" factuality="" modality="" pred="" pos="" aspect="" certainty="" comment="" class="MENTAL" tense="" polarity=""  >
<token_anchor t_id="319"/>
</EVENT_MENTION>
<EVENT_MENTION m_id="58" factuality="" modality="" pred="" pos="" aspect="" certainty="" comment="" class="COMMUNICATION" tense="" polarity=""  >
<token_anchor t_id="544"/>
</EVENT_MENTION>
<EVENT_MENTION m_id="90" factuality="" modality="" pred="" pos="" aspect="" certainty="" comment="" class="SPACE-MOVEMENT" tense="" polarity=""  >
<token_anchor t_id="279"/>
</EVENT_MENTION>
<EVENT_MENTION m_id="27" factuality="" modality="" pred="" pos="" aspect="" certainty="" comment="" class="EXISTENCE-CAUSATION" tense="" polarity=""  >
<token_anchor t_id="322"/>
</EVENT_MENTION>
<EVENT_MENTION m_id="59" factuality="" modality="" pred="" pos="" aspect="" certainty="" comment="" class="EMOTIONS-EVALUATIONS" tense="" polarity=""  >
<token_anchor t_id="557"/>
<token_anchor t_id="558"/>
</EVENT_MENTION>
<EVENT_MENTION m_id="91" factuality="" modality="" pred="" pos="" aspect="" certainty="" comment="" class="PHYSICAL SENSATIONS" tense="" polarity=""  >
<token_anchor t_id="343"/>
</EVENT_MENTION>
<EVENT_MENTION m_id="28" factuality="" modality="" pred="" pos="" aspect="" certainty="" comment="" class="MEASURE" tense="" polarity=""  >
<token_anchor t_id="345"/>
<token_anchor t_id="346"/>
<token_anchor t_id="347"/>
</EVENT_MENTION>
<EVENT_MENTION m_id="60" factuality="" modality="" pred="" pos="" aspect="" certainty="" comment="" class="PHYSICAL SENSATIONS" tense="" polarity=""  >
<token_anchor t_id="563"/>
</EVENT_MENTION>
<EVENT_MENTION m_id="92" factuality="" modality="" pred="" pos="" aspect="" certainty="" comment="" class="SPACE-MOVEMENT" tense="" polarity=""  >
<token_anchor t_id="399"/>
</EVENT_MENTION>
<EVENT_MENTION m_id="29" factuality="" modality="" pred="" pos="" aspect="" certainty="" comment="" class="EMOTIONS-EVALUATIONS" tense="" polarity=""  >
<token_anchor t_id="362"/>
<token_anchor t_id="363"/>
<token_anchor t_id="364"/>
<token_anchor t_id="365"/>
<token_anchor t_id="366"/>
</EVENT_MENTION>
<EVENT_MENTION m_id="61" factuality="" modality="" pred="" pos="" aspect="" certainty="" comment="" class="EMOTIONS-EVALUATIONS" tense="" polarity=""  >
<token_anchor t_id="581"/>
</EVENT_MENTION>
<EVENT_MENTION m_id="93" factuality="" modality="" pred="" pos="" aspect="" certainty="" comment="" class="EXISTENCE-CAUSATION" tense="" polarity=""  >
<token_anchor t_id="591"/>
</EVENT_MENTION>
<EVENT_MENTION m_id="30" factuality="" modality="" pred="" pos="" aspect="" certainty="" comment="" class="COMMUNICATION" tense="" polarity=""  >
<token_anchor t_id="373"/>
</EVENT_MENTION>
<EVENT_MENTION m_id="62" factuality="" modality="" pred="" pos="" aspect="" certainty="" comment="" class="LIFE-HEALTH" tense="" polarity=""  >
<token_anchor t_id="583"/>
</EVENT_MENTION>
<EVENT_MENTION m_id="31" factuality="" modality="" pred="" pos="" aspect="" certainty="" comment="" class="COMMUNICATION" tense="" polarity=""  >
<token_anchor t_id="379"/>
</EVENT_MENTION>
<EVENT_MENTION m_id="63" factuality="" modality="" pred="" pos="" aspect="" certainty="" comment="" class="MENTAL" tense="" polarity=""  >
<token_anchor t_id="593"/>
</EVENT_MENTION>
<EVENT_MENTION m_id="32" factuality="" modality="" pred="" pos="" aspect="" certainty="" comment="" class="EXISTENCE-CAUSATION" tense="" polarity=""  >
<token_anchor t_id="391"/>
</EVENT_MENTION>
<EVENT_MENTION m_id="64" factuality="" modality="" pred="" pos="" aspect="" certainty="" comment="" class="EMOTIONS-EVALUATIONS" tense="" polarity=""  >
<token_anchor t_id="614"/>
<token_anchor t_id="615"/>
</EVENT_MENTION>


</Markables>

<Relations>
</Relations>
</Document>
