<Document doc_name="VESUVIUS_From_sketch-book_and_diary.txt">
<token t_id="1" sentence="0" number="0">VESUVIUS</token>
<token t_id="2" sentence="1" number="1">COMMEND</token>
<token t_id="3" sentence="1" number="2">me</token>
<token t_id="4" sentence="1" number="3">to</token>
<token t_id="5" sentence="1" number="4">a</token>
<token t_id="6" sentence="1" number="5">darkening</token>
<token t_id="7" sentence="1" number="6">winter</token>
<token t_id="8" sentence="1" number="7">afternoon</token>
<token t_id="9" sentence="1" number="8">amidst</token>
<token t_id="10" sentence="1" number="9">the</token>
<token t_id="11" sentence="1" number="10">fires</token>
<token t_id="12" sentence="1" number="11">of</token>
<token t_id="13" sentence="1" number="12">Vesuvius</token>
<token t_id="14" sentence="1" number="13">for</token>
<token t_id="15" sentence="1" number="14">bringing</token>
<token t_id="16" sentence="1" number="15">the</token>
<token t_id="17" sentence="1" number="16">mind</token>
<token t_id="18" sentence="1" number="17">down</token>
<token t_id="19" sentence="1" number="18">to</token>
<token t_id="20" sentence="1" number="19">first</token>
<token t_id="21" sentence="1" number="20">principles</token>
<token t_id="22" sentence="1" number="21">!</token>
<token t_id="23" sentence="2" number="22">This</token>
<token t_id="24" sentence="2" number="23">is</token>
<token t_id="25" sentence="2" number="24">what</token>
<token t_id="26" sentence="2" number="25">we</token>
<token t_id="27" sentence="2" number="26">poetise</token>
<token t_id="28" sentence="2" number="27">,</token>
<token t_id="29" sentence="2" number="28">and</token>
<token t_id="30" sentence="2" number="29">paint</token>
<token t_id="31" sentence="2" number="30">,</token>
<token t_id="32" sentence="2" number="31">and</token>
<token t_id="33" sentence="2" number="32">dance</token>
<token t_id="34" sentence="2" number="33">on</token>
<token t_id="35" sentence="2" number="34">-</token>
<token t_id="36" sentence="2" number="35">this</token>
<token t_id="37" sentence="2" number="36">Thing</token>
<token t_id="38" sentence="2" number="37">that</token>
<token t_id="39" sentence="2" number="38">we</token>
<token t_id="40" sentence="2" number="39">are</token>
<token t_id="41" sentence="2" number="40">come</token>
<token t_id="42" sentence="2" number="41">to</token>
<token t_id="43" sentence="2" number="42">gaze</token>
<token t_id="44" sentence="2" number="43">at</token>
<token t_id="45" sentence="2" number="44">here</token>
<token t_id="46" sentence="2" number="45">in</token>
<token t_id="47" sentence="2" number="46">silence</token>
<token t_id="48" sentence="2" number="47">,</token>
<token t_id="49" sentence="2" number="48">as</token>
<token t_id="50" sentence="2" number="49">it</token>
<token t_id="51" sentence="2" number="50">shows</token>
<token t_id="52" sentence="2" number="51">through</token>
<token t_id="53" sentence="2" number="52">certain</token>
<token t_id="54" sentence="2" number="53">cracks</token>
<token t_id="55" sentence="2" number="54">in</token>
<token t_id="56" sentence="2" number="55">this</token>
<token t_id="57" sentence="2" number="56">shell</token>
<token t_id="58" sentence="2" number="57">we</token>
<token t_id="59" sentence="2" number="58">call</token>
<token t_id="60" sentence="2" number="59">the</token>
<token t_id="61" sentence="2" number="60">solid</token>
<token t_id="62" sentence="2" number="61">earth</token>
<token t_id="63" sentence="2" number="62">!</token>
<token t_id="64" sentence="3" number="63">“</token>
<token t_id="65" sentence="3" number="64">You</token>
<token t_id="66" sentence="3" number="65">are</token>
<token t_id="67" sentence="3" number="66">here</token>
<token t_id="68" sentence="3" number="67">on</token>
<token t_id="69" sentence="3" number="68">sufferance</token>
<token t_id="70" sentence="3" number="69">,</token>
<token t_id="71" sentence="3" number="70">”</token>
<token t_id="72" sentence="3" number="71">the</token>
<token t_id="73" sentence="3" number="72">Thing</token>
<token t_id="74" sentence="3" number="73">says</token>
<token t_id="75" sentence="3" number="74">to</token>
<token t_id="76" sentence="3" number="75">us</token>
<token t_id="77" sentence="3" number="76">,</token>
<token t_id="78" sentence="3" number="77">“</token>
<token t_id="79" sentence="3" number="78">and</token>
<token t_id="80" sentence="3" number="79">you</token>
<token t_id="81" sentence="3" number="80">do</token>
<token t_id="82" sentence="3" number="81">well</token>
<token t_id="83" sentence="3" number="82">to</token>
<token t_id="84" sentence="3" number="83">come</token>
<token t_id="85" sentence="3" number="84">and</token>
<token t_id="86" sentence="3" number="85">see</token>
<token t_id="87" sentence="3" number="86">where</token>
<token t_id="88" sentence="3" number="87">I</token>
<token t_id="89" sentence="3" number="88">show</token>
<token t_id="90" sentence="3" number="89">a</token>
<token t_id="91" sentence="3" number="90">little</token>
<token t_id="92" sentence="3" number="91">bit</token>
<token t_id="93" sentence="3" number="92">of</token>
<token t_id="94" sentence="3" number="93">myself</token>
<token t_id="95" sentence="3" number="94">.</token>
<token t_id="96" sentence="4" number="95">May</token>
<token t_id="97" sentence="4" number="96">it</token>
<token t_id="98" sentence="4" number="97">do</token>
<token t_id="99" sentence="4" number="98">you</token>
<token t_id="100" sentence="4" number="99">good</token>
<token t_id="101" sentence="4" number="100">.</token>
<token t_id="102" sentence="5" number="101">Remember</token>
<token t_id="103" sentence="5" number="102">,</token>
<token t_id="104" sentence="5" number="103">I</token>
<token t_id="105" sentence="5" number="104">am</token>
<token t_id="106" sentence="5" number="105">under</token>
<token t_id="107" sentence="5" number="106">your</token>
<token t_id="108" sentence="5" number="107">feet</token>
<token t_id="109" sentence="5" number="108">wherever</token>
<token t_id="110" sentence="5" number="109">you</token>
<token t_id="111" sentence="5" number="110">go</token>
<token t_id="112" sentence="5" number="111">!</token>
<token t_id="113" sentence="5" number="112">”</token>
<token t_id="114" sentence="6" number="113">Jan.</token>
<token t_id="115" sentence="6" number="114">‘</token>
<token t_id="116" sentence="6" number="115">96</token>
<token t_id="117" sentence="6" number="116">-</token>
<token t_id="118" sentence="6" number="117">“</token>
<token t_id="119" sentence="6" number="118">To-day</token>
<token t_id="120" sentence="6" number="119">the</token>
<token t_id="121" sentence="6" number="120">fumes</token>
<token t_id="122" sentence="6" number="121">from</token>
<token t_id="123" sentence="6" number="122">the</token>
<token t_id="124" sentence="6" number="123">nether</token>
<token t_id="125" sentence="6" number="124">fires</token>
<token t_id="126" sentence="6" number="125">came</token>
<token t_id="127" sentence="6" number="126">in</token>
<token t_id="128" sentence="6" number="127">gusts</token>
<token t_id="129" sentence="6" number="128">through</token>
<token t_id="130" sentence="6" number="129">the</token>
<token t_id="131" sentence="6" number="130">snorting</token>
<token t_id="132" sentence="6" number="131">crater</token>
<token t_id="133" sentence="6" number="132">,</token>
<token t_id="134" sentence="6" number="133">sending</token>
<token t_id="135" sentence="6" number="134">sulphurous</token>
<token t_id="136" sentence="6" number="135">smoke</token>
<token t_id="137" sentence="6" number="136">rolling</token>
<token t_id="138" sentence="6" number="137">down</token>
<token t_id="139" sentence="6" number="138">on</token>
<token t_id="140" sentence="6" number="139">the</token>
<token t_id="141" sentence="6" number="140">keen</token>
<token t_id="142" sentence="6" number="141">north</token>
<token t_id="143" sentence="6" number="142">wind</token>
<token t_id="144" sentence="6" number="143">straight</token>
<token t_id="145" sentence="6" number="144">into</token>
<token t_id="146" sentence="6" number="145">our</token>
<token t_id="147" sentence="6" number="146">labouring</token>
<token t_id="148" sentence="6" number="147">lungs</token>
<token t_id="149" sentence="6" number="148">as</token>
<token t_id="150" sentence="6" number="149">we</token>
<token t_id="151" sentence="6" number="150">pounded</token>
<token t_id="152" sentence="6" number="151">through</token>
<token t_id="153" sentence="6" number="152">the</token>
<token t_id="154" sentence="6" number="153">ashes</token>
<token t_id="155" sentence="6" number="154">on</token>
<token t_id="156" sentence="6" number="155">our</token>
<token t_id="157" sentence="6" number="156">way</token>
<token t_id="158" sentence="6" number="157">up</token>
<token t_id="159" sentence="6" number="158">the</token>
<token t_id="160" sentence="6" number="159">‘</token>
<token t_id="161" sentence="6" number="160">cone</token>
<token t_id="162" sentence="6" number="161">.</token>
<token t_id="163" sentence="6" number="162">’</token>
<token t_id="164" sentence="7" number="163">There</token>
<token t_id="165" sentence="7" number="164">is</token>
<token t_id="166" sentence="7" number="165">no</token>
<token t_id="167" sentence="7" number="166">getting</token>
<token t_id="168" sentence="7" number="167">at</token>
<token t_id="169" sentence="7" number="168">all</token>
<token t_id="170" sentence="7" number="169">near</token>
<token t_id="171" sentence="7" number="170">the</token>
<token t_id="172" sentence="7" number="171">hideous</token>
<token t_id="173" sentence="7" number="172">mouth</token>
<token t_id="174" sentence="7" number="173">;</token>
<token t_id="175" sentence="7" number="174">in</token>
<token t_id="176" sentence="7" number="175">attempting</token>
<token t_id="177" sentence="7" number="176">any</token>
<token t_id="178" sentence="7" number="177">such</token>
<token t_id="179" sentence="7" number="178">thing</token>
<token t_id="180" sentence="7" number="179">one</token>
<token t_id="181" sentence="7" number="180">would</token>
<token t_id="182" sentence="7" number="181">very</token>
<token t_id="183" sentence="7" number="182">soon</token>
<token t_id="184" sentence="7" number="183">be</token>
<token t_id="185" sentence="7" number="184">over</token>
<token t_id="186" sentence="7" number="185">head</token>
<token t_id="187" sentence="7" number="186">and</token>
<token t_id="188" sentence="7" number="187">ears</token>
<token t_id="189" sentence="7" number="188">in</token>
<token t_id="190" sentence="7" number="189">the</token>
<token t_id="191" sentence="7" number="190">yellow</token>
<token t_id="192" sentence="7" number="191">sulphur</token>
<token t_id="193" sentence="7" number="192">and</token>
<token t_id="194" sentence="7" number="193">lost</token>
<token t_id="195" sentence="7" number="194">beyond</token>
<token t_id="196" sentence="7" number="195">recall</token>
<token t_id="197" sentence="7" number="196">.</token>
<token t_id="198" sentence="8" number="197">I</token>
<token t_id="199" sentence="8" number="198">thought</token>
<token t_id="200" sentence="8" number="199">of</token>
<token t_id="201" sentence="8" number="200">the</token>
<token t_id="202" sentence="8" number="201">fate</token>
<token t_id="203" sentence="8" number="202">of</token>
<token t_id="204" sentence="8" number="203">a</token>
<token t_id="205" sentence="8" number="204">‘</token>
<token t_id="206" sentence="8" number="205">mad</token>
<token t_id="207" sentence="8" number="206">Englishman</token>
<token t_id="208" sentence="8" number="207">,</token>
<token t_id="209" sentence="8" number="208">’</token>
<token t_id="210" sentence="8" number="209">who</token>
<token t_id="211" sentence="8" number="210">,</token>
<token t_id="212" sentence="8" number="211">in</token>
<token t_id="213" sentence="8" number="212">spite</token>
<token t_id="214" sentence="8" number="213">of</token>
<token t_id="215" sentence="8" number="214">the</token>
<token t_id="216" sentence="8" number="215">warning</token>
<token t_id="217" sentence="8" number="216">cries</token>
<token t_id="218" sentence="8" number="217">of</token>
<token t_id="219" sentence="8" number="218">the</token>
<token t_id="220" sentence="8" number="219">native</token>
<token t_id="221" sentence="8" number="220">guides</token>
<token t_id="222" sentence="8" number="221">,</token>
<token t_id="223" sentence="8" number="222">made</token>
<token t_id="224" sentence="8" number="223">a</token>
<token t_id="225" sentence="8" number="224">dart</token>
<token t_id="226" sentence="8" number="225">for</token>
<token t_id="227" sentence="8" number="226">some</token>
<token t_id="228" sentence="8" number="227">outlying</token>
<token t_id="229" sentence="8" number="228">lesser</token>
<token t_id="230" sentence="8" number="229">crater</token>
<token t_id="231" sentence="8" number="230">,</token>
<token t_id="232" sentence="8" number="231">declaring</token>
<token t_id="233" sentence="8" number="232">he</token>
<token t_id="234" sentence="8" number="233">saw</token>
<token t_id="235" sentence="8" number="234">a</token>
<token t_id="236" sentence="8" number="235">shoe</token>
<token t_id="237" sentence="8" number="236">floating</token>
<token t_id="238" sentence="8" number="237">in</token>
<token t_id="239" sentence="8" number="238">it</token>
<token t_id="240" sentence="8" number="239">.</token>
<token t_id="241" sentence="9" number="240">Trying</token>
<token t_id="242" sentence="9" number="241">to</token>
<token t_id="243" sentence="9" number="242">hook</token>
<token t_id="244" sentence="9" number="243">out</token>
<token t_id="245" sentence="9" number="244">this</token>
<token t_id="246" sentence="9" number="245">precious</token>
<token t_id="247" sentence="9" number="246">‘</token>
<token t_id="248" sentence="9" number="247">shoe</token>
<token t_id="249" sentence="9" number="248">’</token>
<token t_id="250" sentence="9" number="249">with</token>
<token t_id="251" sentence="9" number="250">his</token>
<token t_id="252" sentence="9" number="251">walking-stick</token>
<token t_id="253" sentence="9" number="252">,</token>
<token t_id="254" sentence="9" number="253">he</token>
<token t_id="255" sentence="9" number="254">fell</token>
<token t_id="256" sentence="9" number="255">in</token>
<token t_id="257" sentence="9" number="256">and</token>
<token t_id="258" sentence="9" number="257">withered</token>
<token t_id="259" sentence="9" number="258">away</token>
<token t_id="260" sentence="9" number="259">like</token>
<token t_id="261" sentence="9" number="260">a</token>
<token t_id="262" sentence="9" number="261">moth</token>
<token t_id="263" sentence="9" number="262">in</token>
<token t_id="264" sentence="9" number="263">a</token>
<token t_id="265" sentence="9" number="264">candle-flame</token>
<token t_id="266" sentence="9" number="265">.</token>
<token t_id="267" sentence="10" number="266">“</token>
<token t_id="268" sentence="10" number="267">I</token>
<token t_id="269" sentence="10" number="268">was</token>
<token t_id="270" sentence="10" number="269">cheered</token>
<token t_id="271" sentence="10" number="270">on</token>
<token t_id="272" sentence="10" number="271">to</token>
<token t_id="273" sentence="10" number="272">fresh</token>
<token t_id="274" sentence="10" number="273">exertions</token>
<token t_id="275" sentence="10" number="274">by</token>
<token t_id="276" sentence="10" number="275">W.</token>
<token t_id="277" sentence="10" number="276">’s</token>
<token t_id="278" sentence="10" number="277">encouraging</token>
<token t_id="279" sentence="10" number="278">words</token>
<token t_id="280" sentence="10" number="279">,</token>
<token t_id="281" sentence="10" number="280">otherwise</token>
<token t_id="282" sentence="10" number="281">I</token>
<token t_id="283" sentence="10" number="282">think</token>
<token t_id="284" sentence="10" number="283">I</token>
<token t_id="285" sentence="10" number="284">would</token>
<token t_id="286" sentence="10" number="285">have</token>
<token t_id="287" sentence="10" number="286">reposed</token>
<token t_id="288" sentence="10" number="287">by</token>
<token t_id="289" sentence="10" number="288">the</token>
<token t_id="290" sentence="10" number="289">wayside</token>
<token t_id="291" sentence="10" number="290">at</token>
<token t_id="292" sentence="10" number="291">an</token>
<token t_id="293" sentence="10" number="292">early</token>
<token t_id="294" sentence="10" number="293">stage</token>
<token t_id="295" sentence="10" number="294">of</token>
<token t_id="296" sentence="10" number="295">the</token>
<token t_id="297" sentence="10" number="296">ascent</token>
<token t_id="298" sentence="10" number="297">,</token>
<token t_id="299" sentence="10" number="298">yet</token>
<token t_id="300" sentence="10" number="299">too</token>
<token t_id="301" sentence="10" number="300">proud</token>
<token t_id="302" sentence="10" number="301">for</token>
<token t_id="303" sentence="10" number="302">a</token>
<token t_id="304" sentence="10" number="303">litter</token>
<token t_id="305" sentence="10" number="304">.</token>
<token t_id="306" sentence="11" number="305">Many</token>
<token t_id="307" sentence="11" number="306">of</token>
<token t_id="308" sentence="11" number="307">the</token>
<token t_id="309" sentence="11" number="308">party</token>
<token t_id="310" sentence="11" number="309">went</token>
<token t_id="311" sentence="11" number="310">up</token>
<token t_id="312" sentence="11" number="311">in</token>
<token t_id="313" sentence="11" number="312">litters</token>
<token t_id="314" sentence="11" number="313">ignominiously</token>
<token t_id="315" sentence="11" number="314">carried</token>
<token t_id="316" sentence="11" number="315">on</token>
<token t_id="317" sentence="11" number="316">men</token>
<token t_id="318" sentence="11" number="317">’s</token>
<token t_id="319" sentence="11" number="318">shoulders</token>
<token t_id="320" sentence="11" number="319">,</token>
<token t_id="321" sentence="11" number="320">but</token>
<token t_id="322" sentence="11" number="321">I</token>
<token t_id="323" sentence="11" number="322">went</token>
<token t_id="324" sentence="11" number="323">through</token>
<token t_id="325" sentence="11" number="324">the</token>
<token t_id="326" sentence="11" number="325">whole</token>
<token t_id="327" sentence="11" number="326">routine</token>
<token t_id="328" sentence="11" number="327">on</token>
<token t_id="329" sentence="11" number="328">foot</token>
<token t_id="330" sentence="11" number="329">,</token>
<token t_id="331" sentence="11" number="330">as</token>
<token t_id="332" sentence="11" number="331">I</token>
<token t_id="333" sentence="11" number="332">began</token>
<token t_id="334" sentence="11" number="333">;</token>
<token t_id="335" sentence="11" number="334">only</token>
<token t_id="336" sentence="11" number="335">I</token>
<token t_id="337" sentence="11" number="336">was</token>
<token t_id="338" sentence="11" number="337">inclined</token>
<token t_id="339" sentence="11" number="338">to</token>
<token t_id="340" sentence="11" number="339">halt</token>
<token t_id="341" sentence="11" number="340">at</token>
<token t_id="342" sentence="11" number="341">retardingly</token>
<token t_id="343" sentence="11" number="342">frequent</token>
<token t_id="344" sentence="11" number="343">intervals</token>
<token t_id="345" sentence="11" number="344">.</token>
<token t_id="346" sentence="12" number="345">The</token>
<token t_id="347" sentence="12" number="346">growls</token>
<token t_id="348" sentence="12" number="347">of</token>
<token t_id="349" sentence="12" number="348">the</token>
<token t_id="350" sentence="12" number="349">mountain</token>
<token t_id="351" sentence="12" number="350">every</token>
<token t_id="352" sentence="12" number="351">now</token>
<token t_id="353" sentence="12" number="352">and</token>
<token t_id="354" sentence="12" number="353">then</token>
<token t_id="355" sentence="12" number="354">warned</token>
<token t_id="356" sentence="12" number="355">us</token>
<token t_id="357" sentence="12" number="356">that</token>
<token t_id="358" sentence="12" number="357">a</token>
<token t_id="359" sentence="12" number="358">volley</token>
<token t_id="360" sentence="12" number="359">of</token>
<token t_id="361" sentence="12" number="360">rocks</token>
<token t_id="362" sentence="12" number="361">and</token>
<token t_id="363" sentence="12" number="362">stones</token>
<token t_id="364" sentence="12" number="363">was</token>
<token t_id="365" sentence="12" number="364">coming</token>
<token t_id="366" sentence="12" number="365">,</token>
<token t_id="367" sentence="12" number="366">and</token>
<token t_id="368" sentence="12" number="367">,</token>
<token t_id="369" sentence="12" number="368">behold</token>
<token t_id="370" sentence="12" number="369">!</token>
<token t_id="371" sentence="13" number="370">the</token>
<token t_id="372" sentence="13" number="371">bunch</token>
<token t_id="373" sentence="13" number="372">of</token>
<token t_id="374" sentence="13" number="373">them</token>
<token t_id="375" sentence="13" number="374">shot</token>
<token t_id="376" sentence="13" number="375">up</token>
<token t_id="377" sentence="13" number="376">in</token>
<token t_id="378" sentence="13" number="377">a</token>
<token t_id="379" sentence="13" number="378">wide</token>
<token t_id="380" sentence="13" number="379">arc</token>
<token t_id="381" sentence="13" number="380">over</token>
<token t_id="382" sentence="13" number="381">our</token>
<token t_id="383" sentence="13" number="382">heads</token>
<token t_id="384" sentence="13" number="383">.</token>
<token t_id="385" sentence="14" number="384">The</token>
<token t_id="386" sentence="14" number="385">crater</token>
<token t_id="387" sentence="14" number="386">is</token>
<token t_id="388" sentence="14" number="387">a</token>
<token t_id="389" sentence="14" number="388">spectacle</token>
<token t_id="390" sentence="14" number="389">that</token>
<token t_id="391" sentence="14" number="390">gives</token>
<token t_id="392" sentence="14" number="391">the</token>
<token t_id="393" sentence="14" number="392">mind</token>
<token t_id="394" sentence="14" number="393">such</token>
<token t_id="395" sentence="14" number="394">occupation</token>
<token t_id="396" sentence="14" number="395">as</token>
<token t_id="397" sentence="14" number="396">it</token>
<token t_id="398" sentence="14" number="397">has</token>
<token t_id="399" sentence="14" number="398">not</token>
<token t_id="400" sentence="14" number="399">had</token>
<token t_id="401" sentence="14" number="400">before</token>
<token t_id="402" sentence="14" number="401">.</token>
<token t_id="403" sentence="15" number="402">Talk</token>
<token t_id="404" sentence="15" number="403">of</token>
<token t_id="405" sentence="15" number="404">the</token>
<token t_id="406" sentence="15" number="405">Pyramids</token>
<token t_id="407" sentence="15" number="406">and</token>
<token t_id="408" sentence="15" number="407">the</token>
<token t_id="409" sentence="15" number="408">Sphinx</token>
<token t_id="410" sentence="15" number="409">that</token>
<token t_id="411" sentence="15" number="410">so</token>
<token t_id="412" sentence="15" number="411">overpowered</token>
<token t_id="413" sentence="15" number="412">me</token>
<token t_id="414" sentence="15" number="413">at</token>
<token t_id="415" sentence="15" number="414">Gizeh</token>
<token t_id="416" sentence="15" number="415">!</token>
<token t_id="417" sentence="16" number="416">That</token>
<token t_id="418" sentence="16" number="417">crater</token>
<token t_id="419" sentence="16" number="418">would</token>
<token t_id="420" sentence="16" number="419">think</token>
<token t_id="421" sentence="16" number="420">it</token>
<token t_id="422" sentence="16" number="421">a</token>
<token t_id="423" sentence="16" number="422">good</token>
<token t_id="424" sentence="16" number="423">joke</token>
<token t_id="425" sentence="16" number="424">to</token>
<token t_id="426" sentence="16" number="425">chuck</token>
<token t_id="427" sentence="16" number="426">them</token>
<token t_id="428" sentence="16" number="427">up</token>
<token t_id="429" sentence="16" number="428">in</token>
<token t_id="430" sentence="16" number="429">the</token>
<token t_id="431" sentence="16" number="430">air</token>
<token t_id="432" sentence="16" number="431">.</token>
<token t_id="433" sentence="17" number="432">“</token>
<token t_id="434" sentence="17" number="433">But</token>
<token t_id="435" sentence="17" number="434">nothing</token>
<token t_id="436" sentence="17" number="435">impressed</token>
<token t_id="437" sentence="17" number="436">me</token>
<token t_id="438" sentence="17" number="437">into</token>
<token t_id="439" sentence="17" number="438">silence</token>
<token t_id="440" sentence="17" number="439">so</token>
<token t_id="441" sentence="17" number="440">heavily</token>
<token t_id="442" sentence="17" number="441">as</token>
<token t_id="443" sentence="17" number="442">the</token>
<token t_id="444" sentence="17" number="443">sight</token>
<token t_id="445" sentence="17" number="444">,</token>
<token t_id="446" sentence="17" number="445">later</token>
<token t_id="447" sentence="17" number="446">on</token>
<token t_id="448" sentence="17" number="447">,</token>
<token t_id="449" sentence="17" number="448">of</token>
<token t_id="450" sentence="17" number="449">a</token>
<token t_id="451" sentence="17" number="450">lava</token>
<token t_id="452" sentence="17" number="451">stream</token>
<token t_id="453" sentence="17" number="452">,</token>
<token t_id="454" sentence="17" number="453">lower</token>
<token t_id="455" sentence="17" number="454">down</token>
<token t_id="456" sentence="17" number="455">the</token>
<token t_id="457" sentence="17" number="456">mountain-side</token>
<token t_id="458" sentence="17" number="457">,</token>
<token t_id="459" sentence="17" number="458">issuing</token>
<token t_id="460" sentence="17" number="459">in</token>
<token t_id="461" sentence="17" number="460">thick</token>
<token t_id="462" sentence="17" number="461">ooze</token>
<token t_id="463" sentence="17" number="462">,</token>
<token t_id="464" sentence="17" number="463">and</token>
<token t_id="465" sentence="17" number="464">crawling</token>
<token t_id="466" sentence="17" number="465">slowly</token>
<token t_id="467" sentence="17" number="466">from</token>
<token t_id="468" sentence="17" number="467">out</token>
<token t_id="469" sentence="17" number="468">a</token>
<token t_id="470" sentence="17" number="469">gaping</token>
<token t_id="471" sentence="17" number="470">cavern</token>
<token t_id="472" sentence="17" number="471">.</token>
<token t_id="473" sentence="18" number="472">Liquid</token>
<token t_id="474" sentence="18" number="473">,</token>
<token t_id="475" sentence="18" number="474">deep</token>
<token t_id="476" sentence="18" number="475">scarlet</token>
<token t_id="477" sentence="18" number="476">fire</token>
<token t_id="478" sentence="18" number="477">was</token>
<token t_id="479" sentence="18" number="478">this</token>
<token t_id="480" sentence="18" number="479">,</token>
<token t_id="481" sentence="18" number="480">of</token>
<token t_id="482" sentence="18" number="481">the</token>
<token t_id="483" sentence="18" number="482">density</token>
<token t_id="484" sentence="18" number="483">,</token>
<token t_id="485" sentence="18" number="484">apparently</token>
<token t_id="486" sentence="18" number="485">,</token>
<token t_id="487" sentence="18" number="486">of</token>
<token t_id="488" sentence="18" number="487">oil</token>
<token t_id="489" sentence="18" number="488">,</token>
<token t_id="490" sentence="18" number="489">advancing</token>
<token t_id="491" sentence="18" number="490">like</token>
<token t_id="492" sentence="18" number="491">a</token>
<token t_id="493" sentence="18" number="492">fiery</token>
<token t_id="494" sentence="18" number="493">death</token>
<token t_id="495" sentence="18" number="494">to</token>
<token t_id="496" sentence="18" number="495">scorch</token>
<token t_id="497" sentence="18" number="496">and</token>
<token t_id="498" sentence="18" number="497">consume</token>
<token t_id="499" sentence="18" number="498">with</token>
<token t_id="500" sentence="18" number="499">slow</token>
<token t_id="501" sentence="18" number="500">and</token>
<token t_id="502" sentence="18" number="501">even</token>
<token t_id="503" sentence="18" number="502">flow</token>
<token t_id="504" sentence="18" number="503">-</token>
<token t_id="505" sentence="18" number="504">inexorable</token>
<token t_id="506" sentence="18" number="505">.</token>
<token t_id="507" sentence="19" number="506">No</token>
<token t_id="508" sentence="19" number="507">possibility</token>
<token t_id="509" sentence="19" number="508">of</token>
<token t_id="510" sentence="19" number="509">approaching</token>
<token t_id="511" sentence="19" number="510">its</token>
<token t_id="512" sentence="19" number="511">borders</token>
<token t_id="513" sentence="19" number="512">;</token>
<token t_id="514" sentence="19" number="513">even</token>
<token t_id="515" sentence="19" number="514">where</token>
<token t_id="516" sentence="19" number="515">we</token>
<token t_id="517" sentence="19" number="516">stood</token>
<token t_id="518" sentence="19" number="517">the</token>
<token t_id="519" sentence="19" number="518">rocks</token>
<token t_id="520" sentence="19" number="519">began</token>
<token t_id="521" sentence="19" number="520">to</token>
<token t_id="522" sentence="19" number="521">burn</token>
<token t_id="523" sentence="19" number="522">our</token>
<token t_id="524" sentence="19" number="523">feet</token>
<token t_id="525" sentence="19" number="524">.</token>
<token t_id="526" sentence="20" number="525">A</token>
<token t_id="527" sentence="20" number="526">guide</token>
<token t_id="528" sentence="20" number="527">flung</token>
<token t_id="529" sentence="20" number="528">a</token>
<token t_id="530" sentence="20" number="529">log</token>
<token t_id="531" sentence="20" number="530">of</token>
<token t_id="532" sentence="20" number="531">wood</token>
<token t_id="533" sentence="20" number="532">on</token>
<token t_id="534" sentence="20" number="533">the</token>
<token t_id="535" sentence="20" number="534">river</token>
<token t_id="536" sentence="20" number="535">,</token>
<token t_id="537" sentence="20" number="536">and</token>
<token t_id="538" sentence="20" number="537">it</token>
<token t_id="539" sentence="20" number="538">spontaneously</token>
<token t_id="540" sentence="20" number="539">burst</token>
<token t_id="541" sentence="20" number="540">into</token>
<token t_id="542" sentence="20" number="541">vivid</token>
<token t_id="543" sentence="20" number="542">flame</token>
<token t_id="544" sentence="20" number="543">,</token>
<token t_id="545" sentence="20" number="544">shrivelled</token>
<token t_id="546" sentence="20" number="545">up</token>
<token t_id="547" sentence="20" number="546">,</token>
<token t_id="548" sentence="20" number="547">and</token>
<token t_id="549" sentence="20" number="548">was</token>
<token t_id="550" sentence="20" number="549">gone</token>
<token t_id="551" sentence="20" number="550">in</token>
<token t_id="552" sentence="20" number="551">a</token>
<token t_id="553" sentence="20" number="552">puff</token>
<token t_id="554" sentence="20" number="553">of</token>
<token t_id="555" sentence="20" number="554">smoke</token>
<token t_id="556" sentence="20" number="555">.</token>
<token t_id="557" sentence="21" number="556">Turning</token>
<token t_id="558" sentence="21" number="557">for</token>
<token t_id="559" sentence="21" number="558">rest</token>
<token t_id="560" sentence="21" number="559">and</token>
<token t_id="561" sentence="21" number="560">solace</token>
<token t_id="562" sentence="21" number="561">from</token>
<token t_id="563" sentence="21" number="562">the</token>
<token t_id="564" sentence="21" number="563">lurid</token>
<token t_id="565" sentence="21" number="564">spectacle</token>
<token t_id="566" sentence="21" number="565">,</token>
<token t_id="567" sentence="21" number="566">the</token>
<token t_id="568" sentence="21" number="567">factitious</token>
<token t_id="569" sentence="21" number="568">horrors</token>
<token t_id="570" sentence="21" number="569">of</token>
<token t_id="571" sentence="21" number="570">the</token>
<token t_id="572" sentence="21" number="571">congealed</token>
<token t_id="573" sentence="21" number="572">lava</token>
<token t_id="574" sentence="21" number="573">all</token>
<token t_id="575" sentence="21" number="574">around</token>
<token t_id="576" sentence="21" number="575">one</token>
<token t_id="577" sentence="21" number="576">only</token>
<token t_id="578" sentence="21" number="577">deepened</token>
<token t_id="579" sentence="21" number="578">the</token>
<token t_id="580" sentence="21" number="579">sense</token>
<token t_id="581" sentence="21" number="580">of</token>
<token t_id="582" sentence="21" number="581">gloom</token>
<token t_id="583" sentence="21" number="582">.</token>
<token t_id="584" sentence="22" number="583">Curling</token>
<token t_id="585" sentence="22" number="584">and</token>
<token t_id="586" sentence="22" number="585">curdling</token>
<token t_id="587" sentence="22" number="586">as</token>
<token t_id="588" sentence="22" number="587">they</token>
<token t_id="589" sentence="22" number="588">cooled</token>
<token t_id="590" sentence="22" number="589">,</token>
<token t_id="591" sentence="22" number="590">the</token>
<token t_id="592" sentence="22" number="591">lava</token>
<token t_id="593" sentence="22" number="592">streams</token>
<token t_id="594" sentence="22" number="593">of</token>
<token t_id="595" sentence="22" number="594">bygone</token>
<token t_id="596" sentence="22" number="595">times</token>
<token t_id="597" sentence="22" number="596">have</token>
<token t_id="598" sentence="22" number="597">hardened</token>
<token t_id="599" sentence="22" number="598">into</token>
<token t_id="600" sentence="22" number="599">the</token>
<token t_id="601" sentence="22" number="600">most</token>
<token t_id="602" sentence="22" number="601">weird</token>
<token t_id="603" sentence="22" number="602">shapes</token>
<token t_id="604" sentence="22" number="603">the</token>
<token t_id="605" sentence="22" number="604">imagination</token>
<token t_id="606" sentence="22" number="605">could</token>
<token t_id="607" sentence="22" number="606">conceive</token>
<token t_id="608" sentence="22" number="607">.</token>
<token t_id="609" sentence="23" number="608">We</token>
<token t_id="610" sentence="23" number="609">seemed</token>
<token t_id="611" sentence="23" number="610">to</token>
<token t_id="612" sentence="23" number="611">be</token>
<token t_id="613" sentence="23" number="612">on</token>
<token t_id="614" sentence="23" number="613">a</token>
<token t_id="615" sentence="23" number="614">battlefield</token>
<token t_id="616" sentence="23" number="615">where</token>
<token t_id="617" sentence="23" number="616">Titan</token>
<token t_id="618" sentence="23" number="617">warriors</token>
<token t_id="619" sentence="23" number="618">lay</token>
<token t_id="620" sentence="23" number="619">distorted</token>
<token t_id="621" sentence="23" number="620">in</token>
<token t_id="622" sentence="23" number="621">their</token>
<token t_id="623" sentence="23" number="622">death</token>
<token t_id="624" sentence="23" number="623">agony</token>
<token t_id="625" sentence="23" number="624">;</token>
<token t_id="626" sentence="23" number="625">enormous</token>
<token t_id="627" sentence="23" number="626">mothers</token>
<token t_id="628" sentence="23" number="627">clasped</token>
<token t_id="629" sentence="23" number="628">their</token>
<token t_id="630" sentence="23" number="629">babies</token>
<token t_id="631" sentence="23" number="630">in</token>
<token t_id="632" sentence="23" number="631">the</token>
<token t_id="633" sentence="23" number="632">embrace</token>
<token t_id="634" sentence="23" number="633">of</token>
<token t_id="635" sentence="23" number="634">death</token>
<token t_id="636" sentence="23" number="635">,</token>
<token t_id="637" sentence="23" number="636">and</token>
<token t_id="638" sentence="23" number="637">the</token>
<token t_id="639" sentence="23" number="638">war-horses</token>
<token t_id="640" sentence="23" number="639">were</token>
<token t_id="641" sentence="23" number="640">monsters</token>
<token t_id="642" sentence="23" number="641">of</token>
<token t_id="643" sentence="23" number="642">pre-historic</token>
<token t_id="644" sentence="23" number="643">stature</token>
<token t_id="645" sentence="23" number="644">,</token>
<token t_id="646" sentence="23" number="645">petrified</token>
<token t_id="647" sentence="23" number="646">in</token>
<token t_id="648" sentence="23" number="647">the</token>
<token t_id="649" sentence="23" number="648">last</token>
<token t_id="650" sentence="23" number="649">throes</token>
<token t_id="651" sentence="23" number="650">.</token>
<token t_id="652" sentence="24" number="651">“</token>
<token t_id="653" sentence="24" number="652">We</token>
<token t_id="654" sentence="24" number="653">could</token>
<token t_id="655" sentence="24" number="654">see</token>
<token t_id="656" sentence="24" number="655">far</token>
<token t_id="657" sentence="24" number="656">,</token>
<token t_id="658" sentence="24" number="657">far</token>
<token t_id="659" sentence="24" number="658">down</token>
<token t_id="660" sentence="24" number="659">on</token>
<token t_id="661" sentence="24" number="660">the</token>
<token t_id="662" sentence="24" number="661">plain</token>
<token t_id="663" sentence="24" number="662">the</token>
<token t_id="664" sentence="24" number="663">skeleton</token>
<token t_id="665" sentence="24" number="664">of</token>
<token t_id="666" sentence="24" number="665">poor</token>
<token t_id="667" sentence="24" number="666">little</token>
<token t_id="668" sentence="24" number="667">Pompeii</token>
<token t_id="669" sentence="24" number="668">like</token>
<token t_id="670" sentence="24" number="669">a</token>
<token t_id="671" sentence="24" number="670">minute</token>
<token t_id="672" sentence="24" number="671">raised</token>
<token t_id="673" sentence="24" number="672">plan</token>
<token t_id="674" sentence="24" number="673">delicately</token>
<token t_id="675" sentence="24" number="674">modelled</token>
<token t_id="676" sentence="24" number="675">in</token>
<token t_id="677" sentence="24" number="676">plaster</token>
<token t_id="678" sentence="24" number="677">.</token>
<token t_id="679" sentence="25" number="678">“</token>
<token t_id="680" sentence="25" number="679">The</token>
<token t_id="681" sentence="25" number="680">thunders</token>
<token t_id="682" sentence="25" number="681">of</token>
<token t_id="683" sentence="25" number="682">the</token>
<token t_id="684" sentence="25" number="683">Bible</token>
<token t_id="685" sentence="25" number="684">will</token>
<token t_id="686" sentence="25" number="685">reverberate</token>
<token t_id="687" sentence="25" number="686">in</token>
<token t_id="688" sentence="25" number="687">my</token>
<token t_id="689" sentence="25" number="688">mind</token>
<token t_id="690" sentence="25" number="689">with</token>
<token t_id="691" sentence="25" number="690">more</token>
<token t_id="692" sentence="25" number="691">vitality</token>
<token t_id="693" sentence="25" number="692">since</token>
<token t_id="694" sentence="25" number="693">our</token>
<token t_id="695" sentence="25" number="694">excursion</token>
<token t_id="696" sentence="25" number="695">to</token>
<token t_id="697" sentence="25" number="696">Vesuvius</token>
<token t_id="698" sentence="25" number="697">.</token>
<token t_id="699" sentence="25" number="698">”</token>
<token t_id="700" sentence="26" number="699">I</token>
<token t_id="701" sentence="26" number="700">found</token>
<token t_id="702" sentence="26" number="701">balm</token>
<token t_id="703" sentence="26" number="702">in</token>
<token t_id="704" sentence="26" number="703">Capri</token>
<token t_id="705" sentence="26" number="704">,</token>
<token t_id="706" sentence="26" number="705">Amalfi</token>
<token t_id="707" sentence="26" number="706">,</token>
<token t_id="708" sentence="26" number="707">and</token>
<token t_id="709" sentence="26" number="708">all</token>
<token t_id="710" sentence="26" number="709">the</token>
<token t_id="711" sentence="26" number="710">supreme</token>
<token t_id="712" sentence="26" number="711">lovelinesses</token>
<token t_id="713" sentence="26" number="712">of</token>
<token t_id="714" sentence="26" number="713">the</token>
<token t_id="715" sentence="26" number="714">Neapolitan</token>
<token t_id="716" sentence="26" number="715">Riviera</token>
<token t_id="717" sentence="26" number="716">to</token>
<token t_id="718" sentence="26" number="717">soothe</token>
<token t_id="719" sentence="26" number="718">the</token>
<token t_id="720" sentence="26" number="719">blisters</token>
<token t_id="721" sentence="26" number="720">of</token>
<token t_id="722" sentence="26" number="721">the</token>
<token t_id="723" sentence="26" number="722">volcano</token>
<token t_id="724" sentence="26" number="723">;</token>
<token t_id="725" sentence="26" number="724">and</token>
<token t_id="726" sentence="26" number="725">if</token>
<token t_id="727" sentence="26" number="726">I</token>
<token t_id="728" sentence="26" number="727">had</token>
<token t_id="729" sentence="26" number="728">trembled</token>
<token t_id="730" sentence="26" number="729">at</token>
<token t_id="731" sentence="26" number="730">the</token>
<token t_id="732" sentence="26" number="731">thunders</token>
<token t_id="733" sentence="26" number="732">of</token>
<token t_id="734" sentence="26" number="733">the</token>
<token t_id="735" sentence="26" number="734">Bible</token>
<token t_id="736" sentence="26" number="735">I</token>
<token t_id="737" sentence="26" number="736">was</token>
<token t_id="738" sentence="26" number="737">reassured</token>
<token t_id="739" sentence="26" number="738">by</token>
<token t_id="740" sentence="26" number="739">its</token>
<token t_id="741" sentence="26" number="740">blessings</token>
<token t_id="742" sentence="26" number="741">,</token>
<token t_id="743" sentence="26" number="742">which</token>
<token t_id="744" sentence="26" number="743">seemed</token>
<token t_id="745" sentence="26" number="744">embodied</token>
<token t_id="746" sentence="26" number="745">in</token>
<token t_id="747" sentence="26" number="746">those</token>
<token t_id="748" sentence="26" number="747">scenes</token>
<token t_id="749" sentence="26" number="748">of</token>
<token t_id="750" sentence="26" number="749">Eden</token>
<token t_id="751" sentence="26" number="750">.</token>


<Markables>
<EVENT_MENTION m_id="33" factuality="" modality="" pred="" pos="" aspect="" certainty="" comment="" class="SPACE-MOVEMENT" tense="" polarity=""  >
<token_anchor t_id="237"/>
</EVENT_MENTION>
<EVENT_MENTION m_id="65" factuality="" modality="" pred="" pos="" aspect="" certainty="" comment="" class="SPACE-MOVEMENT" tense="" polarity=""  >
<token_anchor t_id="465"/>
</EVENT_MENTION>
<EVENT_MENTION m_id="1" factuality="" modality="" pred="" pos="" aspect="" certainty="" comment="" class="SPACE-MOVEMENT" tense="" polarity=""  >
<token_anchor t_id="2"/>
</EVENT_MENTION>
<EVENT_MENTION m_id="97" factuality="" modality="" pred="" pos="" aspect="" certainty="" comment="" class="MATTER" tense="" polarity=""  >
<token_anchor t_id="675"/>
</EVENT_MENTION>
<EVENT_MENTION m_id="34" factuality="" modality="" pred="" pos="" aspect="" certainty="" comment="" class="SPACE-MOVEMENT" tense="" polarity=""  >
<token_anchor t_id="223"/>
<token_anchor t_id="224"/>
<token_anchor t_id="225"/>
</EVENT_MENTION>
<EVENT_MENTION m_id="66" factuality="" modality="" pred="" pos="" aspect="" certainty="" comment="" class="EXISTENCE-CAUSATION" tense="" polarity=""  >
<token_anchor t_id="478"/>
</EVENT_MENTION>
<EVENT_MENTION m_id="2" factuality="" modality="" pred="" pos="" aspect="" certainty="" comment="" class="SPACE-MOVEMENT" tense="" polarity=""  >
<token_anchor t_id="15"/>
<token_anchor t_id="18"/>
</EVENT_MENTION>
<EVENT_MENTION m_id="98" factuality="" modality="" pred="" pos="" aspect="" certainty="" comment="" class="MENTAL" tense="" polarity=""  >
<token_anchor t_id="686"/>
</EVENT_MENTION>
<EVENT_MENTION m_id="35" factuality="" modality="" pred="" pos="" aspect="" certainty="" comment="" class="MENTAL" tense="" polarity=""  >
<token_anchor t_id="241"/>
</EVENT_MENTION>
<EVENT_MENTION m_id="67" factuality="" modality="" pred="" pos="" aspect="" certainty="" comment="" class="SPACE-MOVEMENT" tense="" polarity=""  >
<token_anchor t_id="490"/>
</EVENT_MENTION>
<EVENT_MENTION m_id="3" factuality="" modality="" pred="" pos="" aspect="" certainty="" comment="" class="ENTERTAINMENT-ART" tense="" polarity=""  >
<token_anchor t_id="27"/>
</EVENT_MENTION>
<EVENT_MENTION m_id="99" factuality="" modality="" pred="" pos="" aspect="" certainty="" comment="" class="SPACE-MOVEMENT" tense="" polarity=""  >
<token_anchor t_id="695"/>
</EVENT_MENTION>
<EVENT_MENTION m_id="36" factuality="" modality="" pred="" pos="" aspect="" certainty="" comment="" class="POSSESSION" tense="" polarity=""  >
<token_anchor t_id="243"/>
</EVENT_MENTION>
<EVENT_MENTION m_id="68" factuality="" modality="" pred="" pos="" aspect="" certainty="" comment="" class="LIFE-HEALTH" tense="" polarity=""  >
<token_anchor t_id="494"/>
</EVENT_MENTION>
<EVENT_MENTION m_id="4" factuality="" modality="" pred="" pos="" aspect="" certainty="" comment="" class="ENTERTAINMENT-ART" tense="" polarity=""  >
<token_anchor t_id="30"/>
</EVENT_MENTION>
<EVENT_MENTION m_id="100" factuality="" modality="" pred="" pos="" aspect="" certainty="" comment="" class="EMOTIONS-EVALUATIONS" tense="" polarity=""  >
<token_anchor t_id="701"/>
<token_anchor t_id="702"/>
</EVENT_MENTION>
<EVENT_MENTION m_id="37" factuality="" modality="" pred="" pos="" aspect="" certainty="" comment="" class="SPACE-MOVEMENT" tense="" polarity=""  >
<token_anchor t_id="255"/>
<token_anchor t_id="256"/>
</EVENT_MENTION>
<EVENT_MENTION m_id="69" factuality="" modality="" pred="" pos="" aspect="" certainty="" comment="" class="MATTER" tense="" polarity=""  >
<token_anchor t_id="496"/>
</EVENT_MENTION>
<EVENT_MENTION m_id="5" factuality="" modality="" pred="" pos="" aspect="" certainty="" comment="" class="ENTERTAINMENT-ART" tense="" polarity=""  >
<token_anchor t_id="33"/>
</EVENT_MENTION>
<EVENT_MENTION m_id="101" factuality="" modality="" pred="" pos="" aspect="" certainty="" comment="" class="EMOTIONS-EVALUATIONS" tense="" polarity=""  >
<token_anchor t_id="718"/>
</EVENT_MENTION>
<EVENT_MENTION m_id="38" factuality="" modality="" pred="" pos="" aspect="" certainty="" comment="" class="MATTER" tense="" polarity=""  >
<token_anchor t_id="258"/>
<token_anchor t_id="259"/>
</EVENT_MENTION>
<EVENT_MENTION m_id="70" factuality="" modality="" pred="" pos="" aspect="" certainty="" comment="" class="MATTER" tense="" polarity=""  >
<token_anchor t_id="498"/>
</EVENT_MENTION>
<EVENT_MENTION m_id="6" factuality="" modality="" pred="" pos="" aspect="" certainty="" comment="" class="EXISTENCE-CAUSATION" tense="" polarity=""  >
<token_anchor t_id="40"/>
</EVENT_MENTION>
<EVENT_MENTION m_id="102" factuality="" modality="" pred="" pos="" aspect="" certainty="" comment="" class="SPACE-MOVEMENT" tense="" polarity=""  >
<token_anchor t_id="729"/>
</EVENT_MENTION>
<EVENT_MENTION m_id="39" factuality="" modality="" pred="" pos="" aspect="" certainty="" comment="" class="EMOTIONS-EVALUATIONS" tense="" polarity=""  >
<token_anchor t_id="270"/>
</EVENT_MENTION>
<EVENT_MENTION m_id="71" factuality="" modality="" pred="" pos="" aspect="" certainty="" comment="" class="SPACE-MOVEMENT" tense="" polarity=""  >
<token_anchor t_id="510"/>
</EVENT_MENTION>
<EVENT_MENTION m_id="7" factuality="" modality="" pred="" pos="" aspect="" certainty="" comment="" class="SPACE-MOVEMENT" tense="" polarity=""  >
<token_anchor t_id="41"/>
</EVENT_MENTION>
<EVENT_MENTION m_id="103" factuality="" modality="" pred="" pos="" aspect="" certainty="" comment="" class="EMOTIONS-EVALUATIONS" tense="" polarity=""  >
<token_anchor t_id="738"/>
</EVENT_MENTION>
<EVENT_MENTION m_id="104" factuality="" modality="" pred="" pos="" aspect="" certainty="" comment="" class="MATTER" tense="" polarity=""  >
<token_anchor t_id="744"/>
<token_anchor t_id="745"/>
</EVENT_MENTION>
<EVENT_MENTION m_id="40" factuality="" modality="" pred="" pos="" aspect="" certainty="" comment="" class="MENTAL" tense="" polarity=""  >
<token_anchor t_id="283"/>
</EVENT_MENTION>
<EVENT_MENTION m_id="72" factuality="" modality="" pred="" pos="" aspect="" certainty="" comment="" class="SPACE-MOVEMENT" tense="" polarity=""  >
<token_anchor t_id="517"/>
</EVENT_MENTION>
<EVENT_MENTION m_id="8" factuality="" modality="" pred="" pos="" aspect="" certainty="" comment="" class="PHYSICAL SENSATIONS" tense="" polarity=""  >
<token_anchor t_id="43"/>
</EVENT_MENTION>
<EVENT_MENTION m_id="105" factuality="" modality="" pred="" pos="" aspect="" certainty="" comment="" class="GENERAL" tense="" polarity=""  >
<token_anchor t_id="327"/>
</EVENT_MENTION>
<EVENT_MENTION m_id="41" factuality="" modality="" pred="" pos="" aspect="" certainty="" comment="" class="PHYSICAL SENSATIONS" tense="" polarity=""  >
<token_anchor t_id="287"/>
</EVENT_MENTION>
<EVENT_MENTION m_id="73" factuality="" modality="" pred="" pos="" aspect="" certainty="" comment="" class="TIME" tense="" polarity=""  >
<token_anchor t_id="520"/>
</EVENT_MENTION>
<EVENT_MENTION m_id="9" factuality="" modality="" pred="" pos="" aspect="" certainty="" comment="" class="PHYSICAL SENSATIONS" tense="" polarity=""  >
<token_anchor t_id="47"/>
</EVENT_MENTION>
<EVENT_MENTION m_id="106" factuality="" modality="" pred="" pos="" aspect="" certainty="" comment="" class="SPACE-MOVEMENT" tense="" polarity=""  >
<token_anchor t_id="454"/>
</EVENT_MENTION>
<EVENT_MENTION m_id="42" factuality="" modality="" pred="" pos="" aspect="" certainty="" comment="" class="SPACE-MOVEMENT" tense="" polarity=""  >
<token_anchor t_id="297"/>
</EVENT_MENTION>
<EVENT_MENTION m_id="74" factuality="" modality="" pred="" pos="" aspect="" certainty="" comment="" class="MATTER" tense="" polarity=""  >
<token_anchor t_id="522"/>
</EVENT_MENTION>
<EVENT_MENTION m_id="10" factuality="" modality="" pred="" pos="" aspect="" certainty="" comment="" class="PHYSICAL SENSATIONS" tense="" polarity=""  >
<token_anchor t_id="51"/>
</EVENT_MENTION>
<EVENT_MENTION m_id="107" factuality="" modality="" pred="" pos="" aspect="" certainty="" comment="" class="PHYSICAL SENSATIONS" tense="" polarity=""  >
<token_anchor t_id="131"/>
</EVENT_MENTION>
<EVENT_MENTION m_id="43" factuality="" modality="" pred="" pos="" aspect="" certainty="" comment="" class="SPACE-MOVEMENT" tense="" polarity=""  >
<token_anchor t_id="310"/>
<token_anchor t_id="311"/>
</EVENT_MENTION>
<EVENT_MENTION m_id="75" factuality="" modality="" pred="" pos="" aspect="" certainty="" comment="" class="SPACE-MOVEMENT" tense="" polarity=""  >
<token_anchor t_id="528"/>
</EVENT_MENTION>
<EVENT_MENTION m_id="11" factuality="" modality="" pred="" pos="" aspect="" certainty="" comment="" class="COMMUNICATION" tense="" polarity=""  >
<token_anchor t_id="59"/>
</EVENT_MENTION>
<EVENT_MENTION m_id="108" factuality="" modality="" pred="" pos="" aspect="" certainty="" comment="" class="SPACE-MOVEMENT" tense="" polarity=""  >
<token_anchor t_id="228"/>
</EVENT_MENTION>
<EVENT_MENTION m_id="44" factuality="" modality="" pred="" pos="" aspect="" certainty="" comment="" class="SPACE-MOVEMENT" tense="" polarity=""  >
<token_anchor t_id="315"/>
</EVENT_MENTION>
<EVENT_MENTION m_id="76" factuality="" modality="" pred="" pos="" aspect="" certainty="" comment="" class="MATTER" tense="" polarity=""  >
<token_anchor t_id="540"/>
</EVENT_MENTION>
<EVENT_MENTION m_id="12" factuality="" modality="" pred="" pos="" aspect="" certainty="" comment="" class="EXISTENCE-CAUSATION" tense="" polarity=""  >
<token_anchor t_id="66"/>
</EVENT_MENTION>
<EVENT_MENTION m_id="109" factuality="" modality="" pred="" pos="" aspect="" certainty="" comment="" class="MATTER" tense="" polarity=""  >
<token_anchor t_id="6"/>
</EVENT_MENTION>
<EVENT_MENTION m_id="45" factuality="" modality="" pred="" pos="" aspect="" certainty="" comment="" class="TIME" tense="" polarity=""  >
<token_anchor t_id="333"/>
</EVENT_MENTION>
<EVENT_MENTION m_id="77" factuality="" modality="" pred="" pos="" aspect="" certainty="" comment="" class="MATTER" tense="" polarity=""  >
<token_anchor t_id="545"/>
<token_anchor t_id="546"/>
</EVENT_MENTION>
<EVENT_MENTION m_id="13" factuality="" modality="" pred="" pos="" aspect="" certainty="" comment="" class="COMMUNICATION" tense="" polarity=""  >
<token_anchor t_id="74"/>
</EVENT_MENTION>
<EVENT_MENTION m_id="110" factuality="" modality="" pred="" pos="" aspect="" certainty="" comment="" class="MATTER" tense="" polarity=""  >
<token_anchor t_id="572"/>
</EVENT_MENTION>
<EVENT_MENTION m_id="46" factuality="" modality="" pred="" pos="" aspect="" certainty="" comment="" class="MENTAL" tense="" polarity=""  >
<token_anchor t_id="338"/>
</EVENT_MENTION>
<EVENT_MENTION m_id="78" factuality="" modality="" pred="" pos="" aspect="" certainty="" comment="" class="SPACE-MOVEMENT" tense="" polarity=""  >
<token_anchor t_id="550"/>
</EVENT_MENTION>
<EVENT_MENTION m_id="14" factuality="" modality="" pred="" pos="" aspect="" certainty="" comment="" class="GENERAL" tense="" polarity=""  >
<token_anchor t_id="81"/>
<token_anchor t_id="82"/>
</EVENT_MENTION>
<EVENT_MENTION m_id="111" factuality="" modality="" pred="" pos="" aspect="" certainty="" comment="" class="MATTER" tense="" polarity=""  >
<token_anchor t_id="646"/>
</EVENT_MENTION>
<EVENT_MENTION m_id="47" factuality="" modality="" pred="" pos="" aspect="" certainty="" comment="" class="SPACE-MOVEMENT" tense="" polarity=""  >
<token_anchor t_id="340"/>
</EVENT_MENTION>
<EVENT_MENTION m_id="79" factuality="" modality="" pred="" pos="" aspect="" certainty="" comment="" class="SPACE-MOVEMENT" tense="" polarity=""  >
<token_anchor t_id="557"/>
</EVENT_MENTION>
<EVENT_MENTION m_id="15" factuality="" modality="" pred="" pos="" aspect="" certainty="" comment="" class="SPACE-MOVEMENT" tense="" polarity=""  >
<token_anchor t_id="84"/>
</EVENT_MENTION>
<EVENT_MENTION m_id="112" factuality="" modality="" pred="" pos="" aspect="" certainty="" comment="" class="SPACE-MOVEMENT" tense="" polarity=""  >
<token_anchor t_id="672"/>
</EVENT_MENTION>
<EVENT_MENTION m_id="48" factuality="" modality="" pred="" pos="" aspect="" certainty="" comment="" class="SPACE-MOVEMENT" tense="" polarity=""  >
<token_anchor t_id="323"/>
<token_anchor t_id="324"/>
</EVENT_MENTION>
<EVENT_MENTION m_id="80" factuality="" modality="" pred="" pos="" aspect="" certainty="" comment="" class="PHYSICAL SENSATIONS" tense="" polarity=""  >
<token_anchor t_id="559"/>
</EVENT_MENTION>
<EVENT_MENTION m_id="16" factuality="" modality="" pred="" pos="" aspect="" certainty="" comment="" class="PHYSICAL SENSATIONS" tense="" polarity=""  >
<token_anchor t_id="86"/>
</EVENT_MENTION>
<EVENT_MENTION m_id="113" factuality="" modality="" pred="" pos="" aspect="" certainty="" comment="" class="MENTAL" tense="" polarity=""  >
<token_anchor t_id="176"/>
</EVENT_MENTION>
<EVENT_MENTION m_id="49" factuality="" modality="" pred="" pos="" aspect="" certainty="" comment="" class="COMMUNICATION" tense="" polarity=""  >
<token_anchor t_id="355"/>
</EVENT_MENTION>
<EVENT_MENTION m_id="81" factuality="" modality="" pred="" pos="" aspect="" certainty="" comment="" class="EMOTIONS-EVALUATIONS" tense="" polarity=""  >
<token_anchor t_id="561"/>
</EVENT_MENTION>
<EVENT_MENTION m_id="17" factuality="" modality="" pred="" pos="" aspect="" certainty="" comment="" class="PHYSICAL SENSATIONS" tense="" polarity=""  >
<token_anchor t_id="89"/>
</EVENT_MENTION>
<EVENT_MENTION m_id="50" factuality="" modality="" pred="" pos="" aspect="" certainty="" comment="" class="SPACE-MOVEMENT" tense="" polarity=""  >
<token_anchor t_id="365"/>
</EVENT_MENTION>
<EVENT_MENTION m_id="82" factuality="" modality="" pred="" pos="" aspect="" certainty="" comment="" class="GENERAL" tense="" polarity=""  >
<token_anchor t_id="565"/>
</EVENT_MENTION>
<EVENT_MENTION m_id="18" factuality="" modality="" pred="" pos="" aspect="" certainty="" comment="" class="EMOTIONS-EVALUATIONS" tense="" polarity=""  >
<token_anchor t_id="69"/>
</EVENT_MENTION>
<EVENT_MENTION m_id="51" factuality="" modality="" pred="" pos="" aspect="" certainty="" comment="" class="PHYSICAL SENSATIONS" tense="" polarity=""  >
<token_anchor t_id="369"/>
</EVENT_MENTION>
<EVENT_MENTION m_id="83" factuality="" modality="" pred="" pos="" aspect="" certainty="" comment="" class="MEASURE" tense="" polarity=""  >
<token_anchor t_id="578"/>
</EVENT_MENTION>
<EVENT_MENTION m_id="19" factuality="" modality="" pred="" pos="" aspect="" certainty="" comment="" class="GENERAL" tense="" polarity=""  >
<token_anchor t_id="98"/>
<token_anchor t_id="100"/>
</EVENT_MENTION>
<EVENT_MENTION m_id="20" factuality="" modality="" pred="" pos="" aspect="" certainty="" comment="" class="MENTAL" tense="" polarity=""  >
<token_anchor t_id="102"/>
</EVENT_MENTION>
<EVENT_MENTION m_id="52" factuality="" modality="" pred="" pos="" aspect="" certainty="" comment="" class="SPACE-MOVEMENT" tense="" polarity=""  >
<token_anchor t_id="375"/>
<token_anchor t_id="376"/>
</EVENT_MENTION>
<EVENT_MENTION m_id="84" factuality="" modality="" pred="" pos="" aspect="" certainty="" comment="" class="SPACE-MOVEMENT" tense="" polarity=""  >
<token_anchor t_id="584"/>
</EVENT_MENTION>
<EVENT_MENTION m_id="21" factuality="" modality="" pred="" pos="" aspect="" certainty="" comment="" class="EXISTENCE-CAUSATION" tense="" polarity=""  >
<token_anchor t_id="105"/>
</EVENT_MENTION>
<EVENT_MENTION m_id="53" factuality="" modality="" pred="" pos="" aspect="" certainty="" comment="" class="GENERAL" tense="" polarity=""  >
<token_anchor t_id="387"/>
<token_anchor t_id="388"/>
<token_anchor t_id="389"/>
</EVENT_MENTION>
<EVENT_MENTION m_id="85" factuality="" modality="" pred="" pos="" aspect="" certainty="" comment="" class="SPACE-MOVEMENT" tense="" polarity=""  >
<token_anchor t_id="586"/>
</EVENT_MENTION>
<EVENT_MENTION m_id="22" factuality="" modality="" pred="" pos="" aspect="" certainty="" comment="" class="SPACE-MOVEMENT" tense="" polarity=""  >
<token_anchor t_id="111"/>
</EVENT_MENTION>
<EVENT_MENTION m_id="54" factuality="" modality="" pred="" pos="" aspect="" certainty="" comment="" class="POSSESSION" tense="" polarity=""  >
<token_anchor t_id="391"/>
</EVENT_MENTION>
<EVENT_MENTION m_id="86" factuality="" modality="" pred="" pos="" aspect="" certainty="" comment="" class="MATTER" tense="" polarity=""  >
<token_anchor t_id="589"/>
</EVENT_MENTION>
<EVENT_MENTION m_id="23" factuality="" modality="" pred="" pos="" aspect="" certainty="" comment="" class="SPACE-MOVEMENT" tense="" polarity=""  >
<token_anchor t_id="126"/>
</EVENT_MENTION>
<EVENT_MENTION m_id="55" factuality="" modality="" pred="" pos="" aspect="" certainty="" comment="" class="GENERAL" tense="" polarity=""  >
<token_anchor t_id="395"/>
</EVENT_MENTION>
<EVENT_MENTION m_id="87" factuality="" modality="" pred="" pos="" aspect="" certainty="" comment="" class="MATTER" tense="" polarity=""  >
<token_anchor t_id="598"/>
</EVENT_MENTION>
<EVENT_MENTION m_id="24" factuality="" modality="" pred="" pos="" aspect="" certainty="" comment="" class="SPACE-MOVEMENT" tense="" polarity=""  >
<token_anchor t_id="134"/>
</EVENT_MENTION>
<EVENT_MENTION m_id="56" factuality="" modality="" pred="" pos="" aspect="" certainty="" comment="" class="POSSESSION" tense="" polarity=""  >
<token_anchor t_id="400"/>
</EVENT_MENTION>
<EVENT_MENTION m_id="88" factuality="" modality="" pred="" pos="" aspect="" certainty="" comment="" class="MENTAL" tense="" polarity=""  >
<token_anchor t_id="607"/>
</EVENT_MENTION>
<EVENT_MENTION m_id="25" factuality="" modality="" pred="" pos="" aspect="" certainty="" comment="" class="SPACE-MOVEMENT" tense="" polarity=""  >
<token_anchor t_id="137"/>
<token_anchor t_id="138"/>
</EVENT_MENTION>
<EVENT_MENTION m_id="57" factuality="" modality="" pred="" pos="" aspect="" certainty="" comment="" class="COMMUNICATION" tense="" polarity=""  >
<token_anchor t_id="403"/>
</EVENT_MENTION>
<EVENT_MENTION m_id="89" factuality="" modality="" pred="" pos="" aspect="" certainty="" comment="" class="MENTAL" tense="" polarity=""  >
<token_anchor t_id="610"/>
</EVENT_MENTION>
<EVENT_MENTION m_id="26" factuality="" modality="" pred="" pos="" aspect="" certainty="" comment="" class="SPACE-MOVEMENT" tense="" polarity=""  >
<token_anchor t_id="151"/>
</EVENT_MENTION>
<EVENT_MENTION m_id="58" factuality="" modality="" pred="" pos="" aspect="" certainty="" comment="" class="GENERAL" tense="" polarity=""  >
<token_anchor t_id="412"/>
</EVENT_MENTION>
<EVENT_MENTION m_id="90" factuality="" modality="" pred="" pos="" aspect="" certainty="" comment="" class="EXISTENCE-CAUSATION" tense="" polarity=""  >
<token_anchor t_id="612"/>
</EVENT_MENTION>
<EVENT_MENTION m_id="27" factuality="" modality="" pred="" pos="" aspect="" certainty="" comment="" class="SPACE-MOVEMENT" tense="" polarity=""  >
<token_anchor t_id="167"/>
</EVENT_MENTION>
<EVENT_MENTION m_id="59" factuality="" modality="" pred="" pos="" aspect="" certainty="" comment="" class="MENTAL" tense="" polarity=""  >
<token_anchor t_id="420"/>
</EVENT_MENTION>
<EVENT_MENTION m_id="91" factuality="" modality="" pred="" pos="" aspect="" certainty="" comment="" class="MATTER" tense="" polarity=""  >
<token_anchor t_id="619"/>
<token_anchor t_id="620"/>
</EVENT_MENTION>
<EVENT_MENTION m_id="28" factuality="" modality="" pred="" pos="" aspect="" certainty="" comment="" class="SPACE-MOVEMENT" tense="" polarity=""  >
<token_anchor t_id="184"/>
<token_anchor t_id="185"/>
<token_anchor t_id="186"/>
</EVENT_MENTION>
<EVENT_MENTION m_id="60" factuality="" modality="" pred="" pos="" aspect="" certainty="" comment="" class="SPACE-MOVEMENT" tense="" polarity=""  >
<token_anchor t_id="426"/>
</EVENT_MENTION>
<EVENT_MENTION m_id="92" factuality="" modality="" pred="" pos="" aspect="" certainty="" comment="" class="LIFE-HEALTH" tense="" polarity=""  >
<token_anchor t_id="624"/>
</EVENT_MENTION>
<EVENT_MENTION m_id="29" factuality="" modality="" pred="" pos="" aspect="" certainty="" comment="" class="SPACE-MOVEMENT" tense="" polarity=""  >
<token_anchor t_id="184"/>
<token_anchor t_id="194"/>
</EVENT_MENTION>
<EVENT_MENTION m_id="61" factuality="" modality="" pred="" pos="" aspect="" certainty="" comment="" class="EMOTIONS-EVALUATIONS" tense="" polarity=""  >
<token_anchor t_id="436"/>
</EVENT_MENTION>
<EVENT_MENTION m_id="93" factuality="" modality="" pred="" pos="" aspect="" certainty="" comment="" class="SPACE-MOVEMENT" tense="" polarity=""  >
<token_anchor t_id="628"/>
</EVENT_MENTION>
<EVENT_MENTION m_id="30" factuality="" modality="" pred="" pos="" aspect="" certainty="" comment="" class="MENTAL" tense="" polarity=""  >
<token_anchor t_id="199"/>
</EVENT_MENTION>
<EVENT_MENTION m_id="62" factuality="" modality="" pred="" pos="" aspect="" certainty="" comment="" class="PHYSICAL SENSATIONS" tense="" polarity=""  >
<token_anchor t_id="439"/>
</EVENT_MENTION>
<EVENT_MENTION m_id="94" factuality="" modality="" pred="" pos="" aspect="" certainty="" comment="" class="LIFE-HEALTH" tense="" polarity=""  >
<token_anchor t_id="635"/>
</EVENT_MENTION>
<EVENT_MENTION m_id="31" factuality="" modality="" pred="" pos="" aspect="" certainty="" comment="" class="COMMUNICATION" tense="" polarity=""  >
<token_anchor t_id="232"/>
</EVENT_MENTION>
<EVENT_MENTION m_id="63" factuality="" modality="" pred="" pos="" aspect="" certainty="" comment="" class="PHYSICAL SENSATIONS" tense="" polarity=""  >
<token_anchor t_id="444"/>
</EVENT_MENTION>
<EVENT_MENTION m_id="95" factuality="" modality="" pred="" pos="" aspect="" certainty="" comment="" class="FAITH" tense="" polarity=""  >
<token_anchor t_id="640"/>
<token_anchor t_id="641"/>
</EVENT_MENTION>
<EVENT_MENTION m_id="32" factuality="" modality="" pred="" pos="" aspect="" certainty="" comment="" class="PHYSICAL SENSATIONS" tense="" polarity=""  >
<token_anchor t_id="234"/>
</EVENT_MENTION>
<EVENT_MENTION m_id="64" factuality="" modality="" pred="" pos="" aspect="" certainty="" comment="" class="SPACE-MOVEMENT" tense="" polarity=""  >
<token_anchor t_id="459"/>
</EVENT_MENTION>
<EVENT_MENTION m_id="96" factuality="" modality="" pred="" pos="" aspect="" certainty="" comment="" class="PHYSICAL SENSATIONS" tense="" polarity=""  >
<token_anchor t_id="655"/>
</EVENT_MENTION>


</Markables>

<Relations>
</Relations>
</Document>
